BHMC Worker Log
20 workers × 750 steps
xTB method        : GFN2-xTB
Temperature        : 600 K
Adaptive operators : True
Operators          : ['twist', 'large_displacement', 'mirror', 'roto_reflection', 'exchange', 'random_so3', 'principal_axis_rotation', 'com_com_approach', 'com_com_separation', 'random_displacement', 'random_rotation', 'local_twist', 'correlated_displacement', 'small_principal_axis_rotation']
Simulation box     : <modules.box.SimulationBox object at 0x7fea99e7c850>

Worker 1: Starting energy = -10.836362 Hartree
Worker 0: Starting energy = -10.836199 Hartree
Worker 1: Step 1 accepted, E=-10.836333 Ha
Worker 2: Starting energy = -10.836361 Hartree
Worker 2: Step 1 accepted, E=-10.836256 Ha
Worker 3: Starting energy = -10.836199 Hartree
Worker 4: Starting energy = -10.836199 Hartree
Worker 5: Starting energy = -10.836362 Hartree
Worker 5: Step 1 accepted, E=-10.835752 Ha
Worker 7: Starting energy = -10.836361 Hartree
Worker 7: Step 1 accepted, E=-10.836359 Ha
Worker 7: Step 2 accepted, E=-10.836309 Ha
Worker 6: Starting energy = -10.836362 Hartree
Worker 8: Starting energy = -10.836362 Hartree
Worker 8: Step 1 accepted, E=-10.836263 Ha
Worker 10: Starting energy = -10.836362 Hartree
Worker 9: Starting energy = -10.836361 Hartree
Worker 10: Step 1 accepted, E=-10.836357 Ha
Worker 9: Step 1 accepted, E=-10.836358 Ha
Worker 10: Step 2 accepted, E=-10.836357 Ha
Worker 9: Step 2 accepted, E=-10.836323 Ha
Worker 10: Step 3 accepted, E=-10.836020 Ha
Worker 9: Step 3 accepted, E=-10.836296 Ha
Worker 15: Starting energy = -10.836178 Hartree
Worker 14: Starting energy = -10.836178 Hartree
Worker 13: Starting energy = -10.836362 Hartree
Worker 12: Starting energy = -10.836362 Hartree
Worker 12: Step 1 accepted, E=-10.836318 Ha
Worker 17: Starting energy = -10.836362 Hartree
Worker 16: Starting energy = -10.836178 Hartree
Worker 18: Starting energy = -10.836178 Hartree
Worker 16: Step 1 accepted, E=-10.836174 Ha
Worker 17: Step 1 accepted, E=-10.836340 Ha
Worker 17: Step 2 accepted, E=-10.836348 Ha
Worker 18: Step 1 accepted, E=-10.836164 Ha
Worker 11: Starting energy = -10.836199 Hartree
Worker 11: Step 3 accepted, E=-10.836149 Ha
Worker 3: Step 1 accepted, E=-10.836199 Ha
Worker 3: Step 2 accepted, E=-10.836192 Ha
Worker 3: Step 3 accepted, E=-10.836188 Ha
Worker 3: Step 4 accepted, E=-10.836188 Ha
Worker 3: Step 5 accepted, E=-10.836192 Ha
Worker 3: Step 6 accepted, E=-10.836197 Ha
Worker 3: Step 7 accepted, E=-10.836191 Ha
Worker 0: Step 1 accepted, E=-10.836199 Ha
Worker 0: Step 2 accepted, E=-10.836196 Ha
Worker 3: Step 9 accepted, E=-10.836192 Ha
Worker 3: Step 10, op=random_displacement, ΔE=0.0000 eV, accept=True
Worker 3: Step 10 accepted, E=-10.836191 Ha
Worker 3: Step 11 accepted, E=-10.835998 Ha
Worker 19: Starting energy = -10.836362 Hartree
Worker 4: Step 1 accepted, E=-10.836193 Ha
Worker 4: Step 2 accepted, E=-10.836193 Ha
Worker 7: Step 3 accepted, E=-10.836310 Ha
Worker 6: Step 1 accepted, E=-10.836361 Ha
Worker 9: Step 4 accepted, E=-10.836298 Ha
Worker 10: Step 4 accepted, E=-10.836010 Ha
Worker 10: Step 5 accepted, E=-10.836075 Ha
Worker 10: Step 6 accepted, E=-10.836072 Ha
Worker 5: Step 2 accepted, E=-10.835711 Ha
Worker 10: Step 7 accepted, E=-10.836060 Ha
Worker 5: Step 3 accepted, E=-10.835736 Ha
Worker 10: Step 8 accepted, E=-10.836061 Ha
Worker 10: Step 9 accepted, E=-10.834958 Ha
Worker 5: Step 4 accepted, E=-10.835758 Ha
Worker 10: Step 10, op=large_displacement, ΔE=0.0119 eV, accept=True
Worker 10: Step 10 accepted, E=-10.834520 Ha
Worker 5: Step 5 accepted, E=-10.835739 Ha
Worker 5: Step 7 accepted, E=-10.835783 Ha
Worker 5: Step 8 accepted, E=-10.835802 Ha
Worker 1: No change from 'roto_reflection', skipping.
Worker 1: Step 3 accepted, E=-10.836319 Ha
Worker 1: Step 4 accepted, E=-10.836320 Ha
Worker 1: Step 5 accepted, E=-10.836332 Ha
Worker 1: No change from 'twist', skipping.
Worker 1: Step 7 accepted, E=-10.836331 Ha
Worker 1: Step 8 accepted, E=-10.836283 Ha
Worker 1: Step 10, op=local_twist, ΔE=0.0002 eV, accept=True
Worker 1: Step 10 accepted, E=-10.836276 Ha
Worker 1: Step 11 accepted, E=-10.836278 Ha
Worker 1: Step 12 accepted, E=-10.836266 Ha
Worker 1: No change from 'mirror', skipping.
Worker 1: Step 14 accepted, E=-10.836305 Ha
Worker 1: Step 15 accepted, E=-10.836295 Ha
Worker 1: Step 16 accepted, E=-10.836295 Ha
Worker 1: Step 17 accepted, E=-10.836285 Ha
Worker 1: Step 18 accepted, E=-10.836253 Ha
Worker 1: Step 19 accepted, E=-10.836250 Ha
Worker 14: Step 1 accepted, E=-10.836177 Ha
Worker 15: Step 1 accepted, E=-10.836178 Ha
Worker 14: Step 2 accepted, E=-10.836169 Ha
Worker 2: Step 2 accepted, E=-10.836241 Ha
Worker 15: Step 2 accepted, E=-10.836171 Ha
Worker 14: Step 3 accepted, E=-10.836168 Ha
Worker 2: Step 3 accepted, E=-10.836247 Ha
Worker 15: Step 3 accepted, E=-10.836163 Ha
Worker 14: Step 4 accepted, E=-10.836157 Ha
Worker 14: Step 5 accepted, E=-10.836061 Ha
Worker 14: Step 6 accepted, E=-10.836049 Ha
Worker 14: Step 7 accepted, E=-10.836005 Ha
Worker 14: Step 8 accepted, E=-10.836040 Ha
Worker 14: Step 9 accepted, E=-10.835348 Ha
Worker 16: Step 2 accepted, E=-10.836173 Ha
Worker 17: Step 3 accepted, E=-10.836357 Ha
Worker 16: Step 3 accepted, E=-10.836172 Ha
Worker 17: Step 4 accepted, E=-10.836356 Ha
Worker 16: Step 4 accepted, E=-10.836166 Ha
Worker 16: Step 5 accepted, E=-10.836159 Ha
Worker 16: Step 6 accepted, E=-10.836128 Ha
Worker 16: Step 7 accepted, E=-10.836154 Ha
Worker 16: Step 8 accepted, E=-10.836150 Ha
Worker 16: Step 9 accepted, E=-10.836024 Ha
Worker 16: Step 10, op=local_twist, ΔE=0.0001 eV, accept=True
Worker 16: Step 10 accepted, E=-10.836021 Ha
Worker 16: Step 11 accepted, E=-10.836003 Ha
Worker 16: Step 12 accepted, E=-10.836036 Ha
Worker 16: Step 13 accepted, E=-10.835975 Ha
Worker 16: Step 14 accepted, E=-10.835971 Ha
Worker 16: Step 15 accepted, E=-10.835960 Ha
Worker 16: Step 16 accepted, E=-10.835961 Ha
Worker 18: Step 2 accepted, E=-10.836162 Ha
Worker 18: Step 3 accepted, E=-10.836162 Ha
Worker 18: Step 4 accepted, E=-10.836150 Ha
Worker 18: Step 5 accepted, E=-10.836028 Ha
Worker 18: Step 6 accepted, E=-10.836028 Ha
Worker 18: Step 7 accepted, E=-10.836028 Ha
Worker 18: Step 8 accepted, E=-10.836027 Ha
Worker 12: Step 2 accepted, E=-10.836319 Ha
Worker 12: Step 3 accepted, E=-10.836293 Ha
Worker 12: Step 4 accepted, E=-10.836291 Ha
Worker 12: Step 5 accepted, E=-10.836343 Ha
Worker 0: Step 4 accepted, E=-10.836196 Ha
Worker 12: Step 6 accepted, E=-10.836349 Ha
Worker 0: Step 5 accepted, E=-10.836195 Ha
Worker 12: Step 7 accepted, E=-10.836352 Ha
Worker 0: Step 6 accepted, E=-10.836156 Ha
Worker 0: Step 7 accepted, E=-10.836157 Ha
Worker 0: Step 8 accepted, E=-10.836163 Ha
Worker 0: Step 9 accepted, E=-10.836153 Ha
Worker 0: Step 10, op=local_twist, ΔE=0.0002 eV, accept=True
Worker 0: Step 10 accepted, E=-10.836146 Ha
Worker 0: No change from 'roto_reflection', skipping.
Worker 0: Step 12 accepted, E=-10.836150 Ha
Worker 0: Step 13 accepted, E=-10.836042 Ha
Worker 0: Step 14 accepted, E=-10.836122 Ha
Worker 0: Step 15 accepted, E=-10.833536 Ha
Worker 0: Step 16 accepted, E=-10.833547 Ha
Worker 0: Step 17 accepted, E=-10.833422 Ha
Worker 1: Step 20, op=small_principal_axis_rotation, ΔE=0.0009 eV, accept=True
Worker 1: Step 20 accepted, E=-10.836217 Ha
Worker 1: Step 21 accepted, E=-10.836298 Ha
Worker 1: Step 23 accepted, E=-10.836243 Ha
Worker 1: Step 24 accepted, E=-10.836271 Ha
Worker 1: Step 25 accepted, E=-10.836255 Ha
Worker 1: Step 26 accepted, E=-10.836274 Ha
Worker 1: Step 27 accepted, E=-10.836266 Ha
Worker 1: Step 28 accepted, E=-10.836255 Ha
Worker 1: Step 29 accepted, E=-10.836156 Ha
Worker 1: Step 30 accepted, E=-10.836195 Ha
Worker 19: Step 1 accepted, E=-10.836356 Ha
Worker 1: Step 31 accepted, E=-10.836169 Ha
Worker 2: Step 4 accepted, E=-10.836248 Ha
Worker 19: Step 2 accepted, E=-10.836260 Ha
Worker 2: Step 5 accepted, E=-10.836292 Ha
Worker 1: Step 32 accepted, E=-10.836142 Ha
Worker 2: Step 6 accepted, E=-10.836340 Ha
Worker 1: Step 33 accepted, E=-10.836152 Ha
Worker 2: Step 7 accepted, E=-10.836245 Ha
Worker 2: Step 8 accepted, E=-10.836216 Ha
Worker 1: Step 35 accepted, E=-10.836138 Ha
Worker 2: No change from 'small_principal_axis_rotation', skipping.
Worker 5: Step 9 accepted, E=-10.835802 Ha
Worker 1: Step 36 accepted, E=-10.836128 Ha
Worker 2: Step 10, op=random_displacement, ΔE=0.0096 eV, accept=True
Worker 2: Step 10 accepted, E=-10.835865 Ha
Worker 5: Step 10 accepted, E=-10.835844 Ha
Worker 1: Step 37 accepted, E=-10.836182 Ha
Worker 2: Step 11 accepted, E=-10.835852 Ha
Worker 5: Step 11 accepted, E=-10.835922 Ha
Worker 1: Step 38 accepted, E=-10.836132 Ha
Worker 1: No change from 'small_principal_axis_rotation', skipping.
Worker 2: Step 12 accepted, E=-10.836122 Ha
Worker 5: Step 12 accepted, E=-10.835992 Ha
Worker 1: Step 40, op=random_rotation, ΔE=0.0018 eV, accept=True
Worker 2: Step 13 accepted, E=-10.835963 Ha
Worker 1: Step 40 accepted, E=-10.836066 Ha
Worker 5: Step 13 accepted, E=-10.835989 Ha
Worker 1: Step 41 accepted, E=-10.835997 Ha
Worker 5: Step 14 accepted, E=-10.835883 Ha
Worker 2: Step 15 accepted, E=-10.835475 Ha
Worker 1: Step 42 accepted, E=-10.836056 Ha
Worker 5: Step 15 accepted, E=-10.835881 Ha
Worker 2: Step 16 accepted, E=-10.835476 Ha
Worker 1: Step 43 accepted, E=-10.836203 Ha
Worker 5: Step 16 accepted, E=-10.835905 Ha
Worker 2: Step 17 accepted, E=-10.835473 Ha
Worker 1: Step 44 accepted, E=-10.836247 Ha
Worker 5: Step 17 accepted, E=-10.835712 Ha
Worker 1: Step 45 accepted, E=-10.836299 Ha
Worker 2: Step 18 accepted, E=-10.835481 Ha
Worker 5: Step 18 accepted, E=-10.835880 Ha
Worker 1: Step 46 accepted, E=-10.836298 Ha
Worker 2: Step 19 accepted, E=-10.833990 Ha
Worker 1: Step 47 accepted, E=-10.836310 Ha
Worker 2: Step 20 accepted, E=-10.834721 Ha
Worker 1: Step 48 accepted, E=-10.836322 Ha
Worker 2: Step 21 accepted, E=-10.835238 Ha
Worker 1: Step 49 accepted, E=-10.836322 Ha
Worker 2: Step 22 accepted, E=-10.835318 Ha
Worker 1: No change from 'principal_axis_rotation', skipping.
Worker 1: Step 51 accepted, E=-10.836310 Ha
Worker 1: No change from 'roto_reflection', skipping.
Worker 2: Step 24 accepted, E=-10.835467 Ha
Worker 1: Step 53 accepted, E=-10.836325 Ha
Worker 1: Step 54 accepted, E=-10.836320 Ha
Worker 2: Step 26 accepted, E=-10.835463 Ha
Worker 1: Step 55 accepted, E=-10.836337 Ha
Worker 2: Step 27 accepted, E=-10.836016 Ha
Worker 1: Step 56 accepted, E=-10.836291 Ha
Worker 2: Step 28 accepted, E=-10.836084 Ha
Worker 1: Step 57 accepted, E=-10.836298 Ha
Worker 2: Step 29 accepted, E=-10.836077 Ha
Worker 1: Step 58 accepted, E=-10.836273 Ha
Worker 2: Step 30, op=random_rotation, ΔE=0.0000 eV, accept=True
Worker 2: Step 30 accepted, E=-10.836076 Ha
Worker 1: Step 59 accepted, E=-10.836274 Ha
Worker 2: Step 31 accepted, E=-10.836085 Ha
Worker 1: Step 60 accepted, E=-10.836275 Ha
Worker 2: Step 32 accepted, E=-10.835636 Ha
Worker 1: Step 61 accepted, E=-10.836204 Ha
Worker 2: Step 33 accepted, E=-10.835633 Ha
Worker 1: Step 62 accepted, E=-10.836204 Ha
Worker 2: Step 34 accepted, E=-10.835554 Ha
Worker 2: Step 35 accepted, E=-10.835549 Ha
Worker 1: Step 63 accepted, E=-10.836199 Ha
Worker 2: Step 36 accepted, E=-10.835594 Ha
Worker 1: Step 64 accepted, E=-10.836199 Ha
Worker 2: Step 37 accepted, E=-10.835601 Ha
Worker 1: Step 65 accepted, E=-10.836245 Ha
Worker 2: Step 38 accepted, E=-10.835664 Ha
Worker 1: Step 66 accepted, E=-10.836248 Ha
Worker 2: Step 39 accepted, E=-10.835641 Ha
Worker 1: Step 67 accepted, E=-10.836146 Ha
Worker 2: Step 40 accepted, E=-10.835652 Ha
Worker 1: Step 68 accepted, E=-10.836156 Ha
Worker 2: Step 41 accepted, E=-10.835652 Ha
Worker 2: Step 42 accepted, E=-10.835652 Ha
Worker 2: No change from 'small_principal_axis_rotation', skipping.
Worker 1: Step 70, op=random_so3, ΔE=0.0487 eV, accept=False
Worker 8: Step 2 accepted, E=-10.836265 Ha
Worker 2: Step 44 accepted, E=-10.835532 Ha
Worker 8: Step 3 accepted, E=-10.836332 Ha
Worker 2: Step 45 accepted, E=-10.835518 Ha
Worker 8: Step 4 accepted, E=-10.836335 Ha
Worker 1: Step 72 accepted, E=-10.836157 Ha
Worker 8: No change from 'small_principal_axis_rotation', skipping.
Worker 2: Step 46 accepted, E=-10.835497 Ha
Worker 1: Step 73 accepted, E=-10.836182 Ha
Worker 8: Step 6 accepted, E=-10.836331 Ha
Worker 2: Step 47 accepted, E=-10.835552 Ha
Worker 8: Step 7 accepted, E=-10.836277 Ha
Worker 2: Step 48 accepted, E=-10.835560 Ha
Worker 1: Step 75 accepted, E=-10.836181 Ha
Worker 8: Step 8 accepted, E=-10.836307 Ha
Worker 2: Step 49 accepted, E=-10.835609 Ha
Worker 1: Step 76 accepted, E=-10.836172 Ha
Worker 2: Step 50 accepted, E=-10.835782 Ha
Worker 1: Step 77 accepted, E=-10.836194 Ha
Worker 17: No change from 'mirror', skipping.
Worker 1: No change from 'small_principal_axis_rotation', skipping.
Worker 2: Step 51 accepted, E=-10.835940 Ha
Worker 1: Step 79 accepted, E=-10.835957 Ha
Worker 17: Step 6 accepted, E=-10.836356 Ha
Worker 2: Step 52 accepted, E=-10.836026 Ha
Worker 1: Step 80, op=random_rotation, ΔE=0.0001 eV, accept=True
Worker 1: Step 80 accepted, E=-10.835953 Ha
Worker 17: Step 7 accepted, E=-10.836189 Ha
Worker 2: Step 53 accepted, E=-10.836061 Ha
Worker 1: Step 81 accepted, E=-10.836192 Ha
Worker 17: Step 8 accepted, E=-10.836282 Ha
Worker 2: Step 54 accepted, E=-10.836068 Ha
Worker 1: Step 82 accepted, E=-10.836156 Ha
Worker 2: Step 55 accepted, E=-10.836067 Ha
Worker 13: Step 1 accepted, E=-10.836362 Ha
Worker 1: Step 83 accepted, E=-10.836150 Ha
Worker 17: Step 10, op=random_displacement, ΔE=0.0081 eV, accept=True
Worker 17: Step 10 accepted, E=-10.835986 Ha
Worker 2: Step 56 accepted, E=-10.836088 Ha
Worker 1: Step 84 accepted, E=-10.836158 Ha
Worker 17: Step 11 accepted, E=-10.836009 Ha
Worker 2: Step 57 accepted, E=-10.836105 Ha
Worker 1: Step 85 accepted, E=-10.836184 Ha
Worker 1: Step 86 accepted, E=-10.836135 Ha
Worker 2: Step 60 accepted, E=-10.836149 Ha
Worker 17: Step 14 accepted, E=-10.836321 Ha
Worker 2: Step 61 accepted, E=-10.836153 Ha
Worker 1: Step 88 accepted, E=-10.836106 Ha
Worker 2: Step 62 accepted, E=-10.836234 Ha
Worker 17: Step 16 accepted, E=-10.836325 Ha
Worker 1: Step 89 accepted, E=-10.836109 Ha
Worker 2: Step 63 accepted, E=-10.836230 Ha
Worker 17: Step 17 accepted, E=-10.836306 Ha
Worker 1: Step 90, op=small_principal_axis_rotation, ΔE=0.0008 eV, accept=True
Worker 1: Step 90 accepted, E=-10.836078 Ha
Worker 2: Step 64 accepted, E=-10.836176 Ha
Worker 17: Step 18 accepted, E=-10.836306 Ha
Worker 1: Step 91 accepted, E=-10.836062 Ha
Worker 2: Step 65 accepted, E=-10.836167 Ha
Worker 17: Step 19 accepted, E=-10.836240 Ha
Worker 1: Step 92 accepted, E=-10.836055 Ha
Worker 2: Step 66 accepted, E=-10.836158 Ha
Worker 17: Step 20, op=random_rotation, ΔE=0.0004 eV, accept=True
Worker 1: Step 93 accepted, E=-10.836050 Ha
Worker 17: Step 20 accepted, E=-10.836225 Ha
Worker 2: Step 67 accepted, E=-10.836151 Ha
Worker 1: Step 94 accepted, E=-10.836031 Ha
Worker 17: Step 21 accepted, E=-10.834580 Ha
Worker 2: Step 68 accepted, E=-10.836131 Ha
Worker 17: Step 22 accepted, E=-10.834506 Ha
Worker 1: Step 95 accepted, E=-10.836083 Ha
Worker 17: Step 23 accepted, E=-10.834414 Ha
Worker 1: Step 96 accepted, E=-10.834772 Ha
Worker 2: Step 70 accepted, E=-10.836134 Ha
Worker 1: Step 97 accepted, E=-10.835456 Ha
Worker 17: Step 24 accepted, E=-10.832874 Ha
Worker 2: Step 71 accepted, E=-10.836154 Ha
Worker 2: No change from 'small_principal_axis_rotation', skipping.
Worker 1: Step 98 accepted, E=-10.835749 Ha
Worker 17: Step 25 accepted, E=-10.832816 Ha
Worker 2: Step 73 accepted, E=-10.836132 Ha
Worker 1: Step 99 accepted, E=-10.835537 Ha
Worker 3: Step 13 accepted, E=-10.835999 Ha
Worker 2: Step 74 accepted, E=-10.836116 Ha
Worker 1: Step 100 accepted, E=-10.835594 Ha
Worker 3: Step 14 accepted, E=-10.835920 Ha
Worker 2: Step 75 accepted, E=-10.836077 Ha
Worker 1: Step 101 accepted, E=-10.835941 Ha
Worker 3: Step 15 accepted, E=-10.835613 Ha
Worker 2: Step 76 accepted, E=-10.836092 Ha
Worker 1: Step 102 accepted, E=-10.835894 Ha
Worker 11: Step 4 accepted, E=-10.836055 Ha
Worker 3: Step 16 accepted, E=-10.835602 Ha
Worker 2: Step 77 accepted, E=-10.836084 Ha
Worker 1: Step 103 accepted, E=-10.835862 Ha
Worker 11: Step 5 accepted, E=-10.835930 Ha
Worker 3: Step 17 accepted, E=-10.832983 Ha
Worker 2: Step 78 accepted, E=-10.836068 Ha
Worker 1: Step 104 accepted, E=-10.833934 Ha
Worker 11: Step 6 accepted, E=-10.836072 Ha
Worker 3: Step 18 accepted, E=-10.832991 Ha
Worker 1: No change from 'small_principal_axis_rotation', skipping.
Worker 11: No change from 'mirror', skipping.
Worker 2: Step 79 accepted, E=-10.836080 Ha
Worker 3: Step 19 accepted, E=-10.833109 Ha
Worker 1: Step 106 accepted, E=-10.833869 Ha
Worker 11: Step 8 accepted, E=-10.836008 Ha
Worker 2: Step 80 accepted, E=-10.836105 Ha
Worker 3: Step 20 accepted, E=-10.833167 Ha
Worker 1: Step 107 accepted, E=-10.833970 Ha
Worker 11: Step 9 accepted, E=-10.835966 Ha
Worker 2: Step 81 accepted, E=-10.836049 Ha
Worker 3: Step 21 accepted, E=-10.835548 Ha
Worker 1: Step 108 accepted, E=-10.834009 Ha
Worker 2: Step 82 accepted, E=-10.836044 Ha
Worker 1: No change from 'roto_reflection', skipping.
Worker 2: Step 83 accepted, E=-10.835939 Ha
Worker 1: Step 110 accepted, E=-10.834009 Ha
Worker 3: Step 23 accepted, E=-10.836068 Ha
Worker 2: Step 84 accepted, E=-10.835941 Ha
Worker 1: Step 111 accepted, E=-10.834088 Ha
Worker 3: Step 24 accepted, E=-10.835887 Ha
Worker 2: Step 85 accepted, E=-10.835918 Ha
Worker 1: Step 112 accepted, E=-10.834083 Ha
Worker 2: No change from 'principal_axis_rotation', skipping.
Worker 3: Step 25 accepted, E=-10.835827 Ha
Worker 1: Step 113 accepted, E=-10.834061 Ha
Worker 2: Step 87 accepted, E=-10.835884 Ha
Worker 3: Step 26 accepted, E=-10.836065 Ha
Worker 1: Step 114 accepted, E=-10.834040 Ha
Worker 2: Step 88 accepted, E=-10.835811 Ha
Worker 3: Step 27 accepted, E=-10.836077 Ha
Worker 1: Step 115 accepted, E=-10.833677 Ha
Worker 2: Step 89 accepted, E=-10.835887 Ha
Worker 3: Step 28 accepted, E=-10.836065 Ha
Worker 1: Step 116 accepted, E=-10.833685 Ha
Worker 1: No change from 'small_principal_axis_rotation', skipping.
Worker 2: Step 90, op=large_displacement, ΔE=0.0701 eV, accept=True
Worker 2: Step 90 accepted, E=-10.833312 Ha
Worker 3: Step 29 accepted, E=-10.836100 Ha
Worker 1: Step 118 accepted, E=-10.833718 Ha
Worker 2: Step 91 accepted, E=-10.833323 Ha
Worker 3: Step 30, op=random_rotation, ΔE=0.0002 eV, accept=True
Worker 3: Step 30 accepted, E=-10.836094 Ha
Worker 1: Step 119 accepted, E=-10.833710 Ha
Worker 2: Step 92 accepted, E=-10.833844 Ha
Worker 3: Step 31 accepted, E=-10.836095 Ha
Worker 1: Step 120, op=com_com_approach, ΔE=0.0026 eV, accept=True
Worker 1: Step 120 accepted, E=-10.833616 Ha
Worker 3: Step 32 accepted, E=-10.836095 Ha
Worker 2: Step 93 accepted, E=-10.833811 Ha
Worker 0: Step 19 accepted, E=-10.833417 Ha
Worker 1: Step 121 accepted, E=-10.833630 Ha
Worker 3: Step 33 accepted, E=-10.836097 Ha
Worker 2: Step 94 accepted, E=-10.834183 Ha
Worker 0: Step 20 accepted, E=-10.833557 Ha
Worker 1: Step 122 accepted, E=-10.833675 Ha
Worker 3: Step 34 accepted, E=-10.836064 Ha
Worker 0: Step 21 accepted, E=-10.833546 Ha
Worker 1: Step 123 accepted, E=-10.833703 Ha
Worker 1: No change from 'small_principal_axis_rotation', skipping.
Worker 3: Step 35 accepted, E=-10.836115 Ha
Worker 2: Step 96 accepted, E=-10.834162 Ha
Worker 0: Step 22 accepted, E=-10.833549 Ha
Worker 1: Step 125 accepted, E=-10.833286 Ha
Worker 3: Step 36 accepted, E=-10.836120 Ha
Worker 2: Step 97 accepted, E=-10.834134 Ha
Worker 0: Step 23 accepted, E=-10.833505 Ha
Worker 1: Step 126 accepted, E=-10.833421 Ha
Worker 3: Step 37 accepted, E=-10.836135 Ha
Worker 2: Step 98 accepted, E=-10.834154 Ha
Worker 0: Step 24 accepted, E=-10.833380 Ha
Worker 1: Step 127 accepted, E=-10.833471 Ha
Worker 3: Step 38 accepted, E=-10.836083 Ha
Worker 2: Step 99 accepted, E=-10.834686 Ha
Worker 0: Step 25 accepted, E=-10.833564 Ha
Worker 1: Step 128 accepted, E=-10.833796 Ha
Worker 3: Step 39 accepted, E=-10.836092 Ha
Worker 2: Step 100 accepted, E=-10.835221 Ha
Worker 0: Step 26 accepted, E=-10.833545 Ha
Worker 1: Step 129 accepted, E=-10.833416 Ha
Worker 3: Step 40, op=correlated_displacement, ΔE=0.0022 eV, accept=True
Worker 3: Step 40 accepted, E=-10.836010 Ha
Worker 2: Step 101 accepted, E=-10.835227 Ha
Worker 0: Step 27 accepted, E=-10.833582 Ha
Worker 1: Step 130 accepted, E=-10.833492 Ha
Worker 3: Step 41 accepted, E=-10.836077 Ha
Worker 2: Step 102 accepted, E=-10.835239 Ha
Worker 0: Step 28 accepted, E=-10.833542 Ha
Worker 1: Step 131 accepted, E=-10.833355 Ha
Worker 3: Step 42 accepted, E=-10.836039 Ha
Worker 2: Step 103 accepted, E=-10.835227 Ha
Worker 0: Step 29 accepted, E=-10.833587 Ha
Worker 1: Step 132 accepted, E=-10.833440 Ha
Worker 3: Step 43 accepted, E=-10.836090 Ha
Worker 9: No change from 'principal_axis_rotation', skipping.
Worker 0: Step 30 accepted, E=-10.834417 Ha
Worker 1: Step 133 accepted, E=-10.833521 Ha
Worker 3: Step 44 accepted, E=-10.836067 Ha
Worker 6: Step 3 accepted, E=-10.835646 Ha
Worker 0: Step 31 accepted, E=-10.834428 Ha
Worker 9: Step 6 accepted, E=-10.836304 Ha
Worker 2: Step 105 accepted, E=-10.835218 Ha
Worker 1: Step 134 accepted, E=-10.833589 Ha
Worker 6: Step 4 accepted, E=-10.835657 Ha
Worker 3: Step 45 accepted, E=-10.836064 Ha
Worker 0: Step 32 accepted, E=-10.834419 Ha
Worker 9: Step 7 accepted, E=-10.836261 Ha
Worker 2: Step 106 accepted, E=-10.835081 Ha
Worker 1: Step 135 accepted, E=-10.833603 Ha
Worker 6: Step 5 accepted, E=-10.835661 Ha
Worker 0: Step 33 accepted, E=-10.834436 Ha
Worker 9: Step 8 accepted, E=-10.836257 Ha
Worker 1: Step 136 accepted, E=-10.833524 Ha
Worker 6: Step 6 accepted, E=-10.835723 Ha
Worker 3: Step 47 accepted, E=-10.836000 Ha
Worker 0: Step 34 accepted, E=-10.834446 Ha
Worker 2: Step 107 accepted, E=-10.835088 Ha
Worker 9: Step 9 accepted, E=-10.836257 Ha
Worker 1: Step 137 accepted, E=-10.833332 Ha
Worker 12: Step 8 accepted, E=-10.836352 Ha
Worker 0: Step 35 accepted, E=-10.834437 Ha
Worker 3: Step 48 accepted, E=-10.836094 Ha
Worker 6: Step 7 accepted, E=-10.835041 Ha
Worker 9: Step 10, op=large_displacement, ΔE=0.0274 eV, accept=True
Worker 9: Step 10 accepted, E=-10.835251 Ha
Worker 1: Step 138 accepted, E=-10.832928 Ha
Worker 2: Step 108 accepted, E=-10.835101 Ha
Worker 9: No change from 'mirror', skipping.
Worker 12: Step 9 accepted, E=-10.836355 Ha
Worker 0: Step 36 accepted, E=-10.834439 Ha
Worker 6: Step 8 accepted, E=-10.835303 Ha
Worker 3: Step 49 accepted, E=-10.835988 Ha
Worker 9: No change from 'roto_reflection', skipping.
Worker 1: Step 139 accepted, E=-10.832878 Ha
Worker 0: Step 37 accepted, E=-10.834462 Ha
Worker 6: Step 9 accepted, E=-10.835279 Ha
Worker 3: Step 50, op=random_displacement, ΔE=0.0061 eV, accept=True
Worker 3: Step 50 accepted, E=-10.835763 Ha
Worker 9: Step 13 accepted, E=-10.835226 Ha
Worker 2: Step 109 accepted, E=-10.835208 Ha
Worker 1: Step 140 accepted, E=-10.833065 Ha
Worker 0: Step 38 accepted, E=-10.834462 Ha
Worker 6: Step 10 accepted, E=-10.835298 Ha
Worker 9: Step 14 accepted, E=-10.835203 Ha
Worker 3: Step 51 accepted, E=-10.835809 Ha
Worker 1: Step 141 accepted, E=-10.832582 Ha
Worker 0: Step 39 accepted, E=-10.834460 Ha
Worker 2: Step 110, op=com_com_approach, ΔE=0.0104 eV, accept=False
Worker 6: Step 11 accepted, E=-10.835388 Ha
Worker 9: Step 15 accepted, E=-10.835227 Ha
Worker 3: Step 52 accepted, E=-10.836023 Ha
Worker 4: Step 3 accepted, E=-10.836193 Ha
Worker 1: Step 142 accepted, E=-10.832656 Ha
Worker 0: Step 40 accepted, E=-10.834466 Ha
Worker 9: Step 16 accepted, E=-10.835290 Ha
Worker 3: Step 53 accepted, E=-10.835991 Ha
Worker 6: Step 12 accepted, E=-10.835210 Ha
Worker 4: Step 4 accepted, E=-10.836194 Ha
Worker 1: Step 143 accepted, E=-10.833687 Ha
Worker 7: Step 5 accepted, E=-10.836331 Ha
Worker 0: Step 41 accepted, E=-10.834427 Ha
Worker 4: No change from 'roto_reflection', skipping.
Worker 9: Step 17 accepted, E=-10.835276 Ha
Worker 3: Step 54 accepted, E=-10.836021 Ha
Worker 6: Step 13 accepted, E=-10.835186 Ha
Worker 1: Step 144 accepted, E=-10.833713 Ha
Worker 7: Step 6 accepted, E=-10.836331 Ha
Worker 0: Step 42 accepted, E=-10.834424 Ha
Worker 4: Step 6 accepted, E=-10.836195 Ha
Worker 9: Step 18 accepted, E=-10.835277 Ha
Worker 6: Step 14 accepted, E=-10.835188 Ha
Worker 3: Step 55 accepted, E=-10.836076 Ha
Worker 9: No change from 'small_principal_axis_rotation', skipping.
Worker 2: Step 112 accepted, E=-10.835252 Ha
Worker 10: Step 11 accepted, E=-10.835340 Ha
Worker 1: Step 145 accepted, E=-10.833735 Ha
Worker 0: Step 43 accepted, E=-10.834413 Ha
Worker 7: Step 7 accepted, E=-10.836330 Ha
Worker 4: Step 7 accepted, E=-10.836193 Ha
Worker 9: Step 20, op=random_so3, ΔE=0.0272 eV, accept=True
Worker 9: Step 20 accepted, E=-10.834278 Ha
Worker 3: Step 56 accepted, E=-10.836082 Ha
Worker 10: Step 12 accepted, E=-10.835298 Ha
Worker 1: Step 146 accepted, E=-10.833864 Ha
Worker 0: Step 44 accepted, E=-10.834386 Ha
Worker 4: Step 8 accepted, E=-10.836181 Ha
Worker 6: Step 16 accepted, E=-10.835214 Ha
Worker 7: Step 8 accepted, E=-10.836239 Ha
Worker 2: Step 113 accepted, E=-10.834097 Ha
Worker 9: Step 21 accepted, E=-10.834273 Ha
Worker 3: Step 57 accepted, E=-10.836086 Ha
Worker 10: Step 13 accepted, E=-10.835298 Ha
Worker 1: Step 147 accepted, E=-10.833876 Ha
Worker 0: Step 45 accepted, E=-10.834433 Ha
Worker 4: Step 9 accepted, E=-10.836181 Ha
Worker 7: Step 9 accepted, E=-10.836207 Ha
Worker 9: Step 22 accepted, E=-10.835094 Ha
Worker 6: Step 17 accepted, E=-10.835285 Ha
Worker 3: Step 58 accepted, E=-10.836092 Ha
Worker 10: Step 14 accepted, E=-10.835370 Ha
Worker 1: Step 148 accepted, E=-10.833883 Ha
Worker 2: Step 114 accepted, E=-10.834117 Ha
Worker 4: Step 10, op=random_displacement, ΔE=0.0000 eV, accept=True
Worker 0: Step 46 accepted, E=-10.834433 Ha
Worker 4: Step 10 accepted, E=-10.836181 Ha
Worker 7: Step 10, op=random_displacement, ΔE=0.0032 eV, accept=True
Worker 9: Step 23 accepted, E=-10.835095 Ha
Worker 7: Step 10 accepted, E=-10.836089 Ha
Worker 6: Step 18 accepted, E=-10.835289 Ha
Worker 3: Step 59 accepted, E=-10.835930 Ha
Worker 1: Step 149 accepted, E=-10.834264 Ha
Worker 10: Step 15 accepted, E=-10.835244 Ha
Worker 0: Step 47 accepted, E=-10.834448 Ha
Worker 9: Step 24 accepted, E=-10.835094 Ha
Worker 4: Step 11 accepted, E=-10.834889 Ha
Worker 7: Step 11 accepted, E=-10.836105 Ha
Worker 6: Step 19 accepted, E=-10.835202 Ha
Worker 3: Step 60, op=random_displacement, ΔE=0.0025 eV, accept=True
Worker 3: Step 60 accepted, E=-10.835837 Ha
Worker 2: Step 115 accepted, E=-10.834133 Ha
Worker 1: Step 150 accepted, E=-10.834318 Ha
Worker 10: Step 16 accepted, E=-10.835213 Ha
Worker 9: Step 25 accepted, E=-10.835079 Ha
Worker 0: Step 48 accepted, E=-10.834461 Ha
Worker 4: Step 12 accepted, E=-10.835682 Ha
Worker 7: Step 12 accepted, E=-10.836107 Ha
Worker 6: Step 20 accepted, E=-10.835365 Ha
Worker 3: Step 61 accepted, E=-10.835816 Ha
Worker 1: Step 151 accepted, E=-10.834305 Ha
Worker 9: Step 26 accepted, E=-10.835087 Ha
Worker 10: Step 17 accepted, E=-10.835235 Ha
Worker 0: Step 49 accepted, E=-10.834494 Ha
Worker 2: Step 116 accepted, E=-10.834428 Ha
Worker 4: Step 13 accepted, E=-10.835823 Ha
Worker 7: Step 13 accepted, E=-10.836158 Ha
Worker 6: Step 21 accepted, E=-10.835356 Ha
Worker 7: No change from 'small_principal_axis_rotation', skipping.
Worker 3: Step 62 accepted, E=-10.836041 Ha
Worker 9: Step 27 accepted, E=-10.835080 Ha
Worker 1: Step 152 accepted, E=-10.834395 Ha
Worker 0: Step 50 accepted, E=-10.834541 Ha
Worker 10: Step 18 accepted, E=-10.835252 Ha
Worker 4: Step 14 accepted, E=-10.835842 Ha
Worker 6: Step 22 accepted, E=-10.835302 Ha
Worker 1: No change from 'random_displacement', skipping.
Worker 3: Step 63 accepted, E=-10.835712 Ha
Worker 2: Step 117 accepted, E=-10.834432 Ha
Worker 9: Step 28 accepted, E=-10.835081 Ha
Worker 0: Step 51 accepted, E=-10.834605 Ha
Worker 10: Step 19 accepted, E=-10.835267 Ha
Worker 4: Step 15 accepted, E=-10.835829 Ha
Worker 6: Step 23 accepted, E=-10.835361 Ha
Worker 1: Step 154 accepted, E=-10.834374 Ha
Worker 3: Step 64 accepted, E=-10.836047 Ha
Worker 9: Step 29 accepted, E=-10.835056 Ha
Worker 7: Step 16 accepted, E=-10.836213 Ha
Worker 0: Step 52 accepted, E=-10.834556 Ha
Worker 10: Step 20, op=correlated_displacement, ΔE=0.0002 eV, accept=True
Worker 10: Step 20 accepted, E=-10.835261 Ha
Worker 4: Step 16 accepted, E=-10.835822 Ha
Worker 2: Step 118 accepted, E=-10.834429 Ha
Worker 6: Step 24 accepted, E=-10.835720 Ha
Worker 1: Step 155 accepted, E=-10.834584 Ha
Worker 4: No change from 'small_principal_axis_rotation', skipping.
Worker 3: Step 65 accepted, E=-10.836050 Ha
Worker 9: Step 30 accepted, E=-10.835063 Ha
Worker 0: Step 53 accepted, E=-10.834555 Ha
Worker 7: Step 17 accepted, E=-10.836231 Ha
Worker 10: Step 21 accepted, E=-10.835294 Ha
Worker 6: Step 25 accepted, E=-10.835720 Ha
Worker 1: Step 156 accepted, E=-10.834651 Ha
Worker 4: Step 18 accepted, E=-10.835796 Ha
Worker 9: Step 31 accepted, E=-10.835072 Ha
Worker 0: Step 54 accepted, E=-10.834579 Ha
Worker 1: No change from 'twist', skipping.
Worker 2: Step 119 accepted, E=-10.834442 Ha
Worker 7: Step 18 accepted, E=-10.836251 Ha
Worker 0: No change from 'random_rotation', skipping.
Worker 10: Step 22 accepted, E=-10.835267 Ha
Worker 6: Step 26 accepted, E=-10.835567 Ha
Worker 9: Step 32 accepted, E=-10.835066 Ha
Worker 3: Step 67 accepted, E=-10.835977 Ha
Worker 4: Step 19 accepted, E=-10.835744 Ha
Worker 1: Step 158 accepted, E=-10.834561 Ha
Worker 0: Step 56 accepted, E=-10.834572 Ha
Worker 10: Step 23 accepted, E=-10.835247 Ha
Worker 9: Step 33 accepted, E=-10.835047 Ha
Worker 6: Step 27 accepted, E=-10.835572 Ha
Worker 7: Step 19 accepted, E=-10.835126 Ha
Worker 3: Step 68 accepted, E=-10.836092 Ha
Worker 4: Step 20 accepted, E=-10.835767 Ha
Worker 2: Step 120 accepted, E=-10.834960 Ha
Worker 1: Step 159 accepted, E=-10.834477 Ha
Worker 0: Step 57 accepted, E=-10.834572 Ha
Worker 9: Step 34 accepted, E=-10.835051 Ha
Worker 10: Step 24 accepted, E=-10.835202 Ha
Worker 7: Step 20, op=random_displacement, ΔE=0.0008 eV, accept=True
Worker 6: Step 28 accepted, E=-10.835605 Ha
Worker 7: Step 20 accepted, E=-10.835095 Ha
Worker 3: Step 69 accepted, E=-10.836085 Ha
Worker 1: No change from 'correlated_displacement', skipping.
Worker 4: Step 21 accepted, E=-10.835779 Ha
Worker 0: Step 58 accepted, E=-10.834594 Ha
Worker 9: Step 35 accepted, E=-10.834972 Ha
Worker 2: Step 121 accepted, E=-10.834967 Ha
Worker 6: Step 29 accepted, E=-10.835626 Ha
Worker 10: Step 25 accepted, E=-10.835240 Ha
Worker 3: Step 70, op=random_rotation, ΔE=0.0003 eV, accept=True
Worker 1: Step 161 accepted, E=-10.834457 Ha
Worker 3: Step 70 accepted, E=-10.836075 Ha
Worker 7: Step 21 accepted, E=-10.835105 Ha
Worker 0: Step 59 accepted, E=-10.834750 Ha
Worker 6: Step 30, op=small_principal_axis_rotation, ΔE=0.0001 eV, accept=True
Worker 6: Step 30 accepted, E=-10.835622 Ha
Worker 5: Step 19 accepted, E=-10.835959 Ha
Worker 10: Step 26 accepted, E=-10.835291 Ha
Worker 1: Step 162 accepted, E=-10.834148 Ha
Worker 3: Step 71 accepted, E=-10.836115 Ha
Worker 7: Step 22 accepted, E=-10.835089 Ha
Worker 2: Step 122 accepted, E=-10.834983 Ha
Worker 6: No change from 'roto_reflection', skipping.
Worker 0: Step 60 accepted, E=-10.834753 Ha
Worker 9: Step 37 accepted, E=-10.834950 Ha
Worker 1: Step 163 accepted, E=-10.834148 Ha
Worker 5: Step 20 accepted, E=-10.835975 Ha
Worker 10: Step 27 accepted, E=-10.835176 Ha
Worker 4: Step 23 accepted, E=-10.835761 Ha
Worker 3: Step 72 accepted, E=-10.836116 Ha
Worker 7: Step 23 accepted, E=-10.835165 Ha
Worker 1: No change from 'small_principal_axis_rotation', skipping.
Worker 6: Step 32 accepted, E=-10.835603 Ha
Worker 0: Step 61 accepted, E=-10.834738 Ha
Worker 9: Step 38 accepted, E=-10.834937 Ha
Worker 2: Step 123 accepted, E=-10.835033 Ha
Worker 5: Step 21 accepted, E=-10.836041 Ha
Worker 10: Step 28 accepted, E=-10.835224 Ha
Worker 3: Step 73 accepted, E=-10.836135 Ha
Worker 4: Step 24 accepted, E=-10.835779 Ha
Worker 7: Step 24 accepted, E=-10.835138 Ha
Worker 6: Step 33 accepted, E=-10.835651 Ha
Worker 1: Step 165 accepted, E=-10.834090 Ha
Worker 0: Step 62 accepted, E=-10.834672 Ha
Worker 9: Step 39 accepted, E=-10.834943 Ha
Worker 5: Step 22 accepted, E=-10.835915 Ha
Worker 10: Step 29 accepted, E=-10.835267 Ha
Worker 3: Step 74 accepted, E=-10.836134 Ha
Worker 4: Step 25 accepted, E=-10.835761 Ha
Worker 2: Step 124 accepted, E=-10.835027 Ha
Worker 7: Step 25 accepted, E=-10.835140 Ha
Worker 0: Step 63 accepted, E=-10.834695 Ha
Worker 6: Step 34 accepted, E=-10.835654 Ha
Worker 1: Step 166 accepted, E=-10.833964 Ha
Worker 9: Step 40 accepted, E=-10.834959 Ha
Worker 5: Step 23 accepted, E=-10.835932 Ha
Worker 10: Step 30, op=random_rotation, ΔE=0.0005 eV, accept=True
Worker 10: Step 30 accepted, E=-10.835249 Ha
Worker 3: Step 75 accepted, E=-10.836072 Ha
Worker 0: Step 64 accepted, E=-10.834695 Ha
Worker 1: Step 167 accepted, E=-10.833590 Ha
Worker 6: Step 35 accepted, E=-10.835649 Ha
Worker 7: Step 26 accepted, E=-10.835207 Ha
Worker 9: Step 41 accepted, E=-10.834983 Ha
Worker 5: Step 24 accepted, E=-10.836007 Ha
Worker 2: Step 125 accepted, E=-10.835047 Ha
Worker 10: Step 31 accepted, E=-10.835104 Ha
Worker 3: Step 76 accepted, E=-10.836072 Ha
Worker 0: Step 65 accepted, E=-10.834695 Ha
Worker 6: Step 36 accepted, E=-10.835675 Ha
Worker 9: Step 42 accepted, E=-10.834982 Ha
Worker 6: No change from 'small_principal_axis_rotation', skipping.
Worker 10: Step 32 accepted, E=-10.835011 Ha
Worker 7: Step 27 accepted, E=-10.835208 Ha
Worker 5: Step 25 accepted, E=-10.835966 Ha
Worker 3: Step 77 accepted, E=-10.836054 Ha
Worker 1: Step 169 accepted, E=-10.833203 Ha
Worker 4: Step 27 accepted, E=-10.835761 Ha
Worker 9: Step 43 accepted, E=-10.834992 Ha
Worker 0: Step 66 accepted, E=-10.834686 Ha
Worker 2: Step 126 accepted, E=-10.835052 Ha
Worker 6: Step 38 accepted, E=-10.835671 Ha
Worker 10: Step 33 accepted, E=-10.835002 Ha
Worker 5: Step 26 accepted, E=-10.836020 Ha
Worker 1: Step 170, op=random_displacement, ΔE=0.0059 eV, accept=False
Worker 3: Step 78 accepted, E=-10.836054 Ha
Worker 9: Step 44 accepted, E=-10.834985 Ha
Worker 0: Step 67 accepted, E=-10.834613 Ha
Worker 6: Step 39 accepted, E=-10.835724 Ha
Worker 7: Step 28 accepted, E=-10.835183 Ha
Worker 10: Step 34 accepted, E=-10.835001 Ha
Worker 4: Step 28 accepted, E=-10.835705 Ha
Worker 2: Step 127 accepted, E=-10.835013 Ha
Worker 5: Step 27 accepted, E=-10.836011 Ha
Worker 1: Step 171 accepted, E=-10.833331 Ha
Worker 9: Step 45 accepted, E=-10.835043 Ha
Worker 3: Step 79 accepted, E=-10.836053 Ha
Worker 6: Step 40 accepted, E=-10.835726 Ha
Worker 0: Step 68 accepted, E=-10.834659 Ha
Worker 7: Step 29 accepted, E=-10.835139 Ha
Worker 10: Step 35 accepted, E=-10.834978 Ha
Worker 5: Step 28 accepted, E=-10.836081 Ha
Worker 9: Step 46 accepted, E=-10.835051 Ha
Worker 1: Step 172 accepted, E=-10.833281 Ha
Worker 3: Step 80, op=correlated_displacement, ΔE=0.0015 eV, accept=True
Worker 10: No change from 'correlated_displacement', skipping.
Worker 3: Step 80 accepted, E=-10.835996 Ha
Worker 6: Step 41 accepted, E=-10.835752 Ha
Worker 2: Step 128 accepted, E=-10.835002 Ha
Worker 4: Step 29 accepted, E=-10.835702 Ha
Worker 7: Step 30 accepted, E=-10.835177 Ha
Worker 10: No change from 'roto_reflection', skipping.
Worker 0: Step 69 accepted, E=-10.834648 Ha
Worker 5: Step 29 accepted, E=-10.836054 Ha
Worker 9: Step 47 accepted, E=-10.835054 Ha
Worker 1: Step 173 accepted, E=-10.833432 Ha
Worker 6: Step 42 accepted, E=-10.834664 Ha
Worker 3: Step 81 accepted, E=-10.836088 Ha
Worker 7: Step 31 accepted, E=-10.835102 Ha
Worker 2: Step 129 accepted, E=-10.835013 Ha
Worker 10: Step 38 accepted, E=-10.834971 Ha
Worker 5: Step 30 accepted, E=-10.836070 Ha
Worker 9: Step 48 accepted, E=-10.835044 Ha
Worker 0: Step 70, op=random_rotation, ΔE=0.0019 eV, accept=True
Worker 4: Step 30 accepted, E=-10.835776 Ha
Worker 1: Step 174 accepted, E=-10.833540 Ha
Worker 0: Step 70 accepted, E=-10.834579 Ha
Worker 6: Step 43 accepted, E=-10.834719 Ha
Worker 3: Step 82 accepted, E=-10.836079 Ha
Worker 0: No change from 'small_principal_axis_rotation', skipping.
Worker 7: Step 32 accepted, E=-10.835107 Ha
Worker 2: Step 130 accepted, E=-10.835017 Ha
Worker 10: Step 39 accepted, E=-10.834944 Ha
Worker 9: Step 49 accepted, E=-10.835003 Ha
Worker 6: Step 44 accepted, E=-10.834719 Ha
Worker 3: Step 83 accepted, E=-10.835897 Ha
Worker 1: Step 175 accepted, E=-10.833598 Ha
Worker 0: Step 72 accepted, E=-10.834572 Ha
Worker 7: Step 33 accepted, E=-10.835155 Ha
Worker 10: Step 40 accepted, E=-10.835040 Ha
Worker 4: Step 31 accepted, E=-10.835840 Ha
Worker 9: Step 50, op=small_principal_axis_rotation, ΔE=0.0006 eV, accept=True
Worker 9: Step 50 accepted, E=-10.834982 Ha
Worker 2: Step 131 accepted, E=-10.835001 Ha
Worker 6: Step 45 accepted, E=-10.834689 Ha
Worker 5: Step 32 accepted, E=-10.836071 Ha
Worker 7: Step 34 accepted, E=-10.835155 Ha
Worker 10: Step 41 accepted, E=-10.835090 Ha
Worker 0: Step 73 accepted, E=-10.834528 Ha
Worker 9: Step 51 accepted, E=-10.834941 Ha
Worker 6: Step 46 accepted, E=-10.834694 Ha
Worker 3: Step 85 accepted, E=-10.835898 Ha
Worker 5: Step 33 accepted, E=-10.836066 Ha
Worker 4: Step 32 accepted, E=-10.835809 Ha
Worker 7: Step 35 accepted, E=-10.835164 Ha
Worker 1: Step 177 accepted, E=-10.832942 Ha
Worker 2: Step 132 accepted, E=-10.834989 Ha
Worker 10: Step 42 accepted, E=-10.835075 Ha
Worker 9: Step 52 accepted, E=-10.834925 Ha
Worker 6: Step 47 accepted, E=-10.834648 Ha
Worker 3: Step 86 accepted, E=-10.835918 Ha
Worker 7: Step 36 accepted, E=-10.835260 Ha
Worker 5: Step 34 accepted, E=-10.836011 Ha
Worker 0: Step 74 accepted, E=-10.834502 Ha
Worker 10: Step 43 accepted, E=-10.835076 Ha
Worker 1: Step 178 accepted, E=-10.833599 Ha
Worker 9: Step 53 accepted, E=-10.834949 Ha
Worker 6: Step 48 accepted, E=-10.834632 Ha
Worker 2: Step 133 accepted, E=-10.834977 Ha
Worker 4: Step 33 accepted, E=-10.835836 Ha
Worker 3: Step 87 accepted, E=-10.836064 Ha
Worker 0: No change from 'mirror', skipping.
Worker 5: Step 35 accepted, E=-10.835964 Ha
Worker 7: Step 37 accepted, E=-10.835291 Ha
Worker 1: Step 179 accepted, E=-10.833874 Ha
Worker 10: Step 44 accepted, E=-10.835085 Ha
Worker 6: Step 49 accepted, E=-10.834632 Ha
Worker 9: Step 54 accepted, E=-10.834958 Ha
Worker 3: Step 88 accepted, E=-10.835981 Ha
Worker 5: Step 36 accepted, E=-10.832730 Ha
Worker 7: Step 38 accepted, E=-10.835304 Ha
Worker 1: Step 180, op=small_principal_axis_rotation, ΔE=0.0035 eV, accept=True
Worker 10: Step 45 accepted, E=-10.834990 Ha
Worker 1: Step 180 accepted, E=-10.833745 Ha
Worker 2: Step 134 accepted, E=-10.834977 Ha
Worker 4: Step 34 accepted, E=-10.835854 Ha
Worker 6: Step 50, op=random_displacement, ΔE=0.0001 eV, accept=True
Worker 0: Step 76 accepted, E=-10.834498 Ha
Worker 6: Step 50 accepted, E=-10.834629 Ha
Worker 9: Step 55 accepted, E=-10.834970 Ha
Worker 3: Step 89 accepted, E=-10.835859 Ha
Worker 1: No change from 'exchange', skipping.
Worker 5: Step 37 accepted, E=-10.833564 Ha
Worker 7: Step 39 accepted, E=-10.835335 Ha
Worker 10: Step 46 accepted, E=-10.835055 Ha
Worker 6: Step 51 accepted, E=-10.834601 Ha
Worker 9: Step 56 accepted, E=-10.834972 Ha
Worker 0: Step 77 accepted, E=-10.834458 Ha
Worker 3: Step 90 accepted, E=-10.835860 Ha
Worker 2: Step 135 accepted, E=-10.834985 Ha
Worker 4: Step 35 accepted, E=-10.835840 Ha
Worker 1: Step 182 accepted, E=-10.834098 Ha
Worker 7: Step 40, op=correlated_displacement, ΔE=0.0007 eV, accept=True
Worker 7: Step 40 accepted, E=-10.835309 Ha
Worker 10: Step 47 accepted, E=-10.835041 Ha
Worker 6: Step 52 accepted, E=-10.834596 Ha
Worker 0: Step 78 accepted, E=-10.834489 Ha
Worker 9: Step 57 accepted, E=-10.834934 Ha
Worker 3: Step 91 accepted, E=-10.835859 Ha
Worker 5: Step 39 accepted, E=-10.835357 Ha
Worker 7: Step 41 accepted, E=-10.835309 Ha
Worker 3: No change from 'principal_axis_rotation', skipping.
Worker 1: Step 183 accepted, E=-10.834131 Ha
Worker 10: Step 48 accepted, E=-10.835056 Ha
Worker 6: Step 53 accepted, E=-10.835002 Ha
Worker 2: Step 136 accepted, E=-10.834966 Ha
Worker 0: Step 79 accepted, E=-10.834491 Ha
Worker 4: Step 36 accepted, E=-10.835767 Ha
Worker 9: Step 58 accepted, E=-10.834961 Ha
Worker 6: No change from 'mirror', skipping.
Worker 5: Step 40 accepted, E=-10.835615 Ha
Worker 7: Step 42 accepted, E=-10.835244 Ha
Worker 3: Step 93 accepted, E=-10.835835 Ha
Worker 10: Step 49 accepted, E=-10.835059 Ha
Worker 1: Step 184 accepted, E=-10.834779 Ha
Worker 9: Step 59 accepted, E=-10.834928 Ha
Worker 0: Step 80, op=small_principal_axis_rotation, ΔE=0.0005 eV, accept=True
Worker 0: Step 80 accepted, E=-10.834475 Ha
Worker 6: Step 55 accepted, E=-10.834984 Ha
Worker 5: Step 41 accepted, E=-10.836230 Ha
Worker 2: Step 137 accepted, E=-10.834938 Ha
Worker 7: Step 43 accepted, E=-10.835253 Ha
Worker 10: Step 50, op=random_displacement, ΔE=0.0014 eV, accept=True
Worker 4: Step 37 accepted, E=-10.835765 Ha
Worker 10: Step 50 accepted, E=-10.835008 Ha
Worker 3: Step 94 accepted, E=-10.835859 Ha
Worker 1: Step 185 accepted, E=-10.834749 Ha
Worker 9: Step 60 accepted, E=-10.834930 Ha
Worker 0: Step 81 accepted, E=-10.834512 Ha
Worker 6: Step 56 accepted, E=-10.834983 Ha
Worker 3: No change from 'mirror', skipping.
Worker 5: Step 42 accepted, E=-10.836334 Ha
Worker 7: Step 44 accepted, E=-10.835265 Ha
Worker 10: Step 51 accepted, E=-10.835050 Ha
Worker 1: Step 186 accepted, E=-10.834727 Ha
Worker 9: Step 61 accepted, E=-10.834588 Ha
Worker 2: Step 138 accepted, E=-10.834941 Ha
Worker 1: No change from 'small_principal_axis_rotation', skipping.
Worker 6: Step 57 accepted, E=-10.834983 Ha
Worker 0: Step 82 accepted, E=-10.834507 Ha
Worker 4: Step 38 accepted, E=-10.835762 Ha
Worker 5: Step 43 accepted, E=-10.836336 Ha
Worker 3: Step 96 accepted, E=-10.835828 Ha
Worker 7: Step 45 accepted, E=-10.835284 Ha
Worker 6: No change from 'roto_reflection', skipping.
Worker 10: Step 52 accepted, E=-10.835055 Ha
Worker 9: Step 62 accepted, E=-10.834585 Ha
Worker 0: Step 83 accepted, E=-10.834506 Ha
Worker 1: Step 188 accepted, E=-10.834373 Ha
Worker 5: Step 44 accepted, E=-10.836336 Ha
Worker 2: Step 139 accepted, E=-10.834942 Ha
Worker 3: Step 97 accepted, E=-10.834214 Ha
Worker 7: Step 46 accepted, E=-10.835245 Ha
Worker 6: Step 59 accepted, E=-10.834982 Ha
Worker 10: Step 53 accepted, E=-10.835074 Ha
Worker 9: Step 63 accepted, E=-10.834559 Ha
Worker 4: Step 39 accepted, E=-10.835897 Ha
Worker 0: Step 84 accepted, E=-10.834507 Ha
Worker 1: Step 189 accepted, E=-10.834588 Ha
Worker 5: Step 45 accepted, E=-10.836336 Ha
Worker 6: Step 60, op=random_rotation, ΔE=0.0002 eV, accept=True
Worker 3: Step 98 accepted, E=-10.834158 Ha
Worker 6: Step 60 accepted, E=-10.834975 Ha
Worker 2: Step 140, op=random_displacement, ΔE=0.0002 eV, accept=True
Worker 10: Step 54 accepted, E=-10.835031 Ha
Worker 2: Step 140 accepted, E=-10.834935 Ha
Worker 9: Step 64 accepted, E=-10.834528 Ha
Worker 14: Step 10 accepted, E=-10.835375 Ha
Worker 0: Step 85 accepted, E=-10.834520 Ha
Worker 1: Step 190, op=local_twist, ΔE=0.0003 eV, accept=True
Worker 5: Step 46 accepted, E=-10.836336 Ha
Worker 1: Step 190 accepted, E=-10.834578 Ha
Worker 4: Step 40, op=local_twist, ΔE=0.0001 eV, accept=True
Worker 7: Step 48 accepted, E=-10.835209 Ha
Worker 6: Step 61 accepted, E=-10.834973 Ha
Worker 4: Step 40 accepted, E=-10.835892 Ha
Worker 9: Step 65 accepted, E=-10.834508 Ha
Worker 10: Step 55 accepted, E=-10.835021 Ha
Worker 8: No change from 'roto_reflection', skipping.
Worker 14: Step 11 accepted, E=-10.835403 Ha
Worker 0: Step 86 accepted, E=-10.834529 Ha
Worker 4: No change from 'principal_axis_rotation', skipping.
Worker 5: Step 47 accepted, E=-10.836336 Ha
Worker 1: Step 191 accepted, E=-10.834973 Ha
Worker 2: Step 141 accepted, E=-10.834951 Ha
Worker 3: Step 100 accepted, E=-10.834183 Ha
Worker 7: Step 49 accepted, E=-10.834830 Ha
Worker 1: No change from 'principal_axis_rotation', skipping.
Worker 6: Step 62 accepted, E=-10.834715 Ha
Worker 9: Step 66 accepted, E=-10.834497 Ha
Worker 10: Step 56 accepted, E=-10.835019 Ha
Worker 0: Step 87 accepted, E=-10.834485 Ha
Worker 8: Step 10, op=exchange, ΔE=0.0634 eV, accept=False
Worker 14: Step 12 accepted, E=-10.835412 Ha
Worker 5: Step 48 accepted, E=-10.836325 Ha
Worker 5: No change from 'small_principal_axis_rotation', skipping.
Worker 8: No change from 'random_displacement', skipping.
Worker 3: Step 101 accepted, E=-10.834214 Ha
Worker 7: Step 50, op=local_twist, ΔE=0.0028 eV, accept=True
Worker 1: Step 193 accepted, E=-10.834090 Ha
Worker 4: Step 42 accepted, E=-10.835794 Ha
Worker 6: Step 63 accepted, E=-10.834711 Ha
Worker 7: Step 50 accepted, E=-10.834726 Ha
Worker 10: Step 57 accepted, E=-10.834937 Ha
Worker 9: Step 67 accepted, E=-10.834491 Ha
Worker 0: Step 88 accepted, E=-10.834491 Ha
Worker 2: Step 142 accepted, E=-10.835034 Ha
Worker 14: Step 13 accepted, E=-10.835416 Ha
Worker 5: Step 50, op=random_rotation, ΔE=0.0001 eV, accept=True
Worker 5: Step 50 accepted, E=-10.836321 Ha
Worker 8: Step 12 accepted, E=-10.836217 Ha
Worker 3: Step 102 accepted, E=-10.834192 Ha
Worker 1: Step 194 accepted, E=-10.833711 Ha
Worker 6: Step 64 accepted, E=-10.834715 Ha
Worker 9: Step 68 accepted, E=-10.834373 Ha
Worker 10: Step 58 accepted, E=-10.835013 Ha
Worker 7: Step 51 accepted, E=-10.834670 Ha
Worker 8: No change from 'large_displacement', skipping.
Worker 0: Step 89 accepted, E=-10.834424 Ha
Worker 14: Step 14 accepted, E=-10.835318 Ha
Worker 4: Step 43 accepted, E=-10.835685 Ha
Worker 5: Step 51 accepted, E=-10.836320 Ha
Worker 3: Step 103 accepted, E=-10.834241 Ha
Worker 2: Step 143 accepted, E=-10.835047 Ha
Worker 6: Step 65 accepted, E=-10.834746 Ha
Worker 1: Step 195 accepted, E=-10.833545 Ha
Worker 9: Step 69 accepted, E=-10.834296 Ha
Worker 10: Step 59 accepted, E=-10.834449 Ha
Worker 0: Step 90, op=random_displacement, ΔE=0.0007 eV, accept=True
Worker 7: Step 52 accepted, E=-10.834837 Ha
Worker 8: Step 14 accepted, E=-10.836284 Ha
Worker 0: Step 90 accepted, E=-10.834397 Ha
Worker 2: No change from 'small_principal_axis_rotation', skipping.
Worker 14: Step 15 accepted, E=-10.835325 Ha
Worker 4: Step 44 accepted, E=-10.835690 Ha
Worker 5: Step 52 accepted, E=-10.836325 Ha
Worker 10: No change from 'mirror', skipping.
Worker 3: Step 104 accepted, E=-10.834250 Ha
Worker 15: Step 4 accepted, E=-10.836160 Ha
Worker 10: No change from 'principal_axis_rotation', skipping.
Worker 6: Step 66 accepted, E=-10.834722 Ha
Worker 1: Step 196 accepted, E=-10.833270 Ha
Worker 19: No change from 'large_displacement', skipping.
Worker 9: Step 70 accepted, E=-10.834298 Ha
Worker 7: Step 53 accepted, E=-10.834791 Ha
Worker 8: Step 15 accepted, E=-10.836236 Ha
Worker 0: Step 91 accepted, E=-10.834431 Ha
Worker 14: Step 16 accepted, E=-10.835290 Ha
Worker 4: Step 45 accepted, E=-10.835700 Ha
Worker 5: Step 53 accepted, E=-10.836322 Ha
Worker 2: Step 145 accepted, E=-10.835037 Ha
Worker 8: No change from 'random_displacement', skipping.
Worker 10: Step 62 accepted, E=-10.834449 Ha
Worker 6: Step 67 accepted, E=-10.834723 Ha
Worker 3: Step 105 accepted, E=-10.834269 Ha
Worker 1: Step 197 accepted, E=-10.833261 Ha
Worker 8: No change from 'small_principal_axis_rotation', skipping.
Worker 9: Step 71 accepted, E=-10.834288 Ha
Worker 0: Step 92 accepted, E=-10.834455 Ha
Worker 7: Step 54 accepted, E=-10.834788 Ha
Worker 14: Step 17 accepted, E=-10.835355 Ha
Worker 4: Step 46 accepted, E=-10.835692 Ha
Worker 15: Step 5 accepted, E=-10.836143 Ha
Worker 5: Step 54 accepted, E=-10.836317 Ha
Worker 10: Step 63 accepted, E=-10.834444 Ha
Worker 6: Step 68 accepted, E=-10.834723 Ha
Worker 8: Step 18 accepted, E=-10.836216 Ha
Worker 9: Step 72 accepted, E=-10.834258 Ha
Worker 3: Step 106 accepted, E=-10.834335 Ha
Worker 0: Step 93 accepted, E=-10.834459 Ha
Worker 2: Step 146 accepted, E=-10.835037 Ha
Worker 1: Step 198 accepted, E=-10.833290 Ha
Worker 4: Step 47 accepted, E=-10.835691 Ha
Worker 14: Step 18 accepted, E=-10.835302 Ha
Worker 3: No change from 'random_displacement', skipping.
Worker 10: Step 64 accepted, E=-10.834432 Ha
Worker 6: Step 69 accepted, E=-10.834725 Ha
Worker 8: Step 19 accepted, E=-10.836211 Ha
Worker 9: Step 73 accepted, E=-10.834280 Ha
Worker 15: Step 6 accepted, E=-10.836143 Ha
Worker 0: Step 94 accepted, E=-10.834429 Ha
Worker 1: Step 199 accepted, E=-10.833047 Ha
Worker 7: Step 56 accepted, E=-10.834866 Ha
Worker 4: Step 48 accepted, E=-10.835711 Ha
Worker 14: Step 19 accepted, E=-10.835214 Ha
Worker 3: Step 108 accepted, E=-10.834355 Ha
Worker 2: Step 147 accepted, E=-10.834622 Ha
Worker 10: Step 65 accepted, E=-10.834441 Ha
Worker 6: Step 70 accepted, E=-10.834754 Ha
Worker 8: Step 20 accepted, E=-10.836219 Ha
Worker 9: Step 74 accepted, E=-10.834256 Ha
Worker 0: Step 95 accepted, E=-10.834429 Ha
Worker 1: Step 200, op=twist, ΔE=0.0073 eV, accept=True
Worker 7: Step 57 accepted, E=-10.834906 Ha
Worker 1: Step 200 accepted, E=-10.832780 Ha
Worker 4: Step 49 accepted, E=-10.835733 Ha
Worker 5: Step 57 accepted, E=-10.836329 Ha
Worker 14: Step 20 accepted, E=-10.835241 Ha
Worker 15: Step 7 accepted, E=-10.836132 Ha
Worker 6: Step 71 accepted, E=-10.834752 Ha
Worker 3: Step 109 accepted, E=-10.834342 Ha
Worker 9: Step 75 accepted, E=-10.834231 Ha
Worker 10: Step 66 accepted, E=-10.834631 Ha
Worker 8: Step 21 accepted, E=-10.836218 Ha
Worker 0: Step 96 accepted, E=-10.834415 Ha
Worker 7: Step 58 accepted, E=-10.834914 Ha
Worker 1: Step 201 accepted, E=-10.833172 Ha
Worker 2: Step 148 accepted, E=-10.834600 Ha
Worker 4: Step 50 accepted, E=-10.835737 Ha
Worker 8: No change from 'roto_reflection', skipping.
Worker 14: Step 21 accepted, E=-10.835217 Ha
Worker 3: Step 110, op=random_displacement, ΔE=0.0000 eV, accept=True
Worker 6: Step 72 accepted, E=-10.834754 Ha
Worker 3: Step 110 accepted, E=-10.834342 Ha
Worker 9: Step 76 accepted, E=-10.834269 Ha
Worker 10: Step 67 accepted, E=-10.834650 Ha
Worker 0: Step 97 accepted, E=-10.834287 Ha
Worker 7: Step 59 accepted, E=-10.834718 Ha
Worker 1: Step 202 accepted, E=-10.833179 Ha
Worker 15: Step 8 accepted, E=-10.836127 Ha
Worker 4: Step 51 accepted, E=-10.835726 Ha
Worker 13: Step 2 accepted, E=-10.836361 Ha
Worker 5: Step 59 accepted, E=-10.836317 Ha
Worker 8: Step 23 accepted, E=-10.836139 Ha
Worker 14: Step 22 accepted, E=-10.835231 Ha
Worker 3: Step 111 accepted, E=-10.834245 Ha
Worker 6: Step 73 accepted, E=-10.834753 Ha
Worker 2: Step 149 accepted, E=-10.834615 Ha
Worker 9: Step 77 accepted, E=-10.834212 Ha
Worker 10: Step 68 accepted, E=-10.834678 Ha
Worker 0: Step 98 accepted, E=-10.834278 Ha
Worker 7: Step 60, op=exchange, ΔE=0.0089 eV, accept=True
Worker 16: No change from 'small_principal_axis_rotation', skipping.
Worker 7: Step 60 accepted, E=-10.834391 Ha
Worker 1: Step 203 accepted, E=-10.833369 Ha
Worker 5: Step 60, op=correlated_displacement, ΔE=0.0001 eV, accept=True
Worker 5: Step 60 accepted, E=-10.836313 Ha
Worker 4: Step 52 accepted, E=-10.835698 Ha
Worker 13: Step 3 accepted, E=-10.836361 Ha
Worker 8: Step 24 accepted, E=-10.835948 Ha
Worker 14: Step 23 accepted, E=-10.835205 Ha
Worker 3: Step 112 accepted, E=-10.834249 Ha
Worker 6: Step 74 accepted, E=-10.834753 Ha
Worker 9: Step 78 accepted, E=-10.834675 Ha
Worker 0: Step 99 accepted, E=-10.834191 Ha
Worker 10: Step 69 accepted, E=-10.834752 Ha
Worker 7: Step 61 accepted, E=-10.834311 Ha
Worker 2: Step 150 accepted, E=-10.834621 Ha
Worker 1: Step 204 accepted, E=-10.833425 Ha
Worker 4: Step 53 accepted, E=-10.835683 Ha
Worker 5: Step 61 accepted, E=-10.836309 Ha
Worker 13: Step 4 accepted, E=-10.836361 Ha
Worker 8: Step 25 accepted, E=-10.835971 Ha
Worker 16: Step 18 accepted, E=-10.835953 Ha
Worker 5: No change from 'small_principal_axis_rotation', skipping.
Worker 3: Step 113 accepted, E=-10.834200 Ha
Worker 6: Step 75 accepted, E=-10.834763 Ha
Worker 9: Step 79 accepted, E=-10.834667 Ha
Worker 14: Step 24 accepted, E=-10.835205 Ha
Worker 10: Step 70, op=random_displacement, ΔE=0.0001 eV, accept=True
Worker 10: Step 70 accepted, E=-10.834747 Ha
Worker 0: Step 100, op=local_twist, ΔE=0.0003 eV, accept=True
Worker 0: Step 100 accepted, E=-10.834179 Ha
Worker 7: Step 62 accepted, E=-10.834501 Ha
Worker 1: Step 205 accepted, E=-10.833850 Ha
Worker 4: Step 54 accepted, E=-10.835749 Ha
Worker 13: Step 5 accepted, E=-10.836355 Ha
Worker 8: Step 26 accepted, E=-10.835950 Ha
Worker 5: Step 63 accepted, E=-10.836280 Ha
Worker 3: Step 114 accepted, E=-10.834321 Ha
Worker 16: Step 19 accepted, E=-10.835965 Ha
Worker 6: Step 76 accepted, E=-10.834765 Ha
Worker 9: Step 80 accepted, E=-10.834681 Ha
Worker 2: Step 151 accepted, E=-10.834652 Ha
Worker 15: Step 10 accepted, E=-10.836129 Ha
Worker 14: Step 25 accepted, E=-10.835217 Ha
Worker 10: Step 71 accepted, E=-10.834774 Ha
Worker 0: Step 101 accepted, E=-10.834232 Ha
Worker 7: Step 63 accepted, E=-10.834662 Ha
Worker 4: Step 55 accepted, E=-10.835748 Ha
Worker 13: Step 6 accepted, E=-10.833910 Ha
Worker 1: Step 206 accepted, E=-10.834730 Ha
Worker 8: Step 27 accepted, E=-10.835979 Ha
Worker 16: Step 20, op=random_displacement, ΔE=0.0024 eV, accept=True
Worker 5: Step 64 accepted, E=-10.836280 Ha
Worker 16: Step 20 accepted, E=-10.835878 Ha
Worker 6: Step 77 accepted, E=-10.834754 Ha
Worker 3: Step 115 accepted, E=-10.834308 Ha
Worker 9: Step 81 accepted, E=-10.834678 Ha
Worker 14: Step 26 accepted, E=-10.835217 Ha
Worker 10: Step 72 accepted, E=-10.834745 Ha
Worker 0: Step 102 accepted, E=-10.834272 Ha
Worker 7: Step 64 accepted, E=-10.834696 Ha
Worker 2: Step 152 accepted, E=-10.834631 Ha
Worker 13: Step 7 accepted, E=-10.833885 Ha
Worker 15: Step 11 accepted, E=-10.836117 Ha
Worker 4: Step 56 accepted, E=-10.835743 Ha
Worker 8: Step 28 accepted, E=-10.835774 Ha
Worker 1: Step 207 accepted, E=-10.834229 Ha
Worker 6: Step 78 accepted, E=-10.835145 Ha
Worker 5: Step 65 accepted, E=-10.836273 Ha
Worker 16: Step 21 accepted, E=-10.835939 Ha
Worker 9: Step 82 accepted, E=-10.834682 Ha
Worker 3: Step 116 accepted, E=-10.834207 Ha
Worker 14: Step 27 accepted, E=-10.835192 Ha
Worker 0: Step 103 accepted, E=-10.834325 Ha
Worker 10: Step 73 accepted, E=-10.835432 Ha
Worker 7: Step 65 accepted, E=-10.834698 Ha
Worker 13: Step 8 accepted, E=-10.833763 Ha
Worker 2: Step 153 accepted, E=-10.834651 Ha
Worker 15: Step 12 accepted, E=-10.836002 Ha
Worker 4: Step 57 accepted, E=-10.835741 Ha
Worker 1: Step 208 accepted, E=-10.834503 Ha
Worker 5: Step 66 accepted, E=-10.836257 Ha
Worker 16: Step 22 accepted, E=-10.835948 Ha
Worker 6: Step 79 accepted, E=-10.835105 Ha
Worker 9: Step 83 accepted, E=-10.834669 Ha
Worker 3: Step 117 accepted, E=-10.834209 Ha
Worker 1: No change from 'small_principal_axis_rotation', skipping.
Worker 14: Step 28 accepted, E=-10.835211 Ha
Worker 0: Step 104 accepted, E=-10.834374 Ha
Worker 7: Step 66 accepted, E=-10.834679 Ha
Worker 10: Step 74 accepted, E=-10.835394 Ha
Worker 2: No change from 'mirror', skipping.
Worker 8: No change from 'mirror', skipping.
Worker 13: Step 9 accepted, E=-10.833882 Ha
Worker 4: Step 58 accepted, E=-10.835741 Ha
Worker 8: No change from 'mirror', skipping.
Worker 16: Step 23 accepted, E=-10.835950 Ha
Worker 5: Step 67 accepted, E=-10.836244 Ha
Worker 3: Step 118 accepted, E=-10.834199 Ha
Worker 6: Step 80 accepted, E=-10.835113 Ha
Worker 9: Step 84 accepted, E=-10.834706 Ha
Worker 1: Step 210, op=large_displacement, ΔE=0.0147 eV, accept=True
Worker 1: Step 210 accepted, E=-10.833964 Ha
Worker 14: Step 29 accepted, E=-10.835210 Ha
Worker 0: Step 105 accepted, E=-10.834390 Ha
Worker 2: Step 155 accepted, E=-10.834672 Ha
Worker 10: Step 75 accepted, E=-10.835356 Ha
Worker 7: Step 67 accepted, E=-10.835683 Ha
Worker 13: Step 10, op=random_displacement, ΔE=0.0044 eV, accept=True
Worker 13: Step 10 accepted, E=-10.833722 Ha
Worker 15: Step 14 accepted, E=-10.835995 Ha
Worker 4: Step 59 accepted, E=-10.835732 Ha
Worker 8: Step 32 accepted, E=-10.833986 Ha
Worker 3: Step 119 accepted, E=-10.834152 Ha
Worker 5: Step 68 accepted, E=-10.836251 Ha
Worker 16: Step 24 accepted, E=-10.835949 Ha
Worker 14: Step 30, op=local_twist, ΔE=0.0004 eV, accept=True
Worker 0: Step 106 accepted, E=-10.834381 Ha
Worker 1: Step 211 accepted, E=-10.833949 Ha
Worker 14: Step 30 accepted, E=-10.835195 Ha
Worker 2: Step 156 accepted, E=-10.834665 Ha
Worker 10: Step 76 accepted, E=-10.835356 Ha
Worker 7: Step 68 accepted, E=-10.835683 Ha
Worker 9: Step 85 accepted, E=-10.834700 Ha
Worker 13: Step 11 accepted, E=-10.833718 Ha
Worker 15: Step 15 accepted, E=-10.836052 Ha
Worker 4: Step 60, op=random_rotation, ΔE=0.0001 eV, accept=True
Worker 4: Step 60 accepted, E=-10.835728 Ha
Worker 8: Step 33 accepted, E=-10.834017 Ha
Worker 6: Step 82 accepted, E=-10.835100 Ha
Worker 3: Step 120 accepted, E=-10.834195 Ha
Worker 5: Step 69 accepted, E=-10.836218 Ha
Worker 16: Step 25 accepted, E=-10.835936 Ha
Worker 2: Step 157 accepted, E=-10.834681 Ha
Worker 1: Step 212 accepted, E=-10.834155 Ha
Worker 14: Step 31 accepted, E=-10.834117 Ha
Worker 10: Step 77 accepted, E=-10.835355 Ha
Worker 9: Step 86 accepted, E=-10.834673 Ha
Worker 5: No change from 'roto_reflection', skipping.
Worker 7: Step 69 accepted, E=-10.835682 Ha
Worker 13: Step 12 accepted, E=-10.833737 Ha
Worker 15: Step 16 accepted, E=-10.836054 Ha
Worker 4: Step 61 accepted, E=-10.835849 Ha
Worker 8: Step 34 accepted, E=-10.835155 Ha
Worker 6: Step 83 accepted, E=-10.835169 Ha
Worker 3: Step 121 accepted, E=-10.834199 Ha
Worker 0: Step 108 accepted, E=-10.834449 Ha
Worker 2: Step 158 accepted, E=-10.834684 Ha
Worker 16: Step 26 accepted, E=-10.835978 Ha
Worker 1: Step 213 accepted, E=-10.834126 Ha
Worker 10: Step 78 accepted, E=-10.835349 Ha
Worker 9: Step 87 accepted, E=-10.834663 Ha
Worker 14: Step 32 accepted, E=-10.834121 Ha
Worker 7: Step 70, op=random_rotation, ΔE=0.0000 eV, accept=True
Worker 5: Step 71 accepted, E=-10.836221 Ha
Worker 7: Step 70 accepted, E=-10.835682 Ha
Worker 13: Step 13 accepted, E=-10.833775 Ha
Worker 15: Step 17 accepted, E=-10.836024 Ha
Worker 6: Step 84 accepted, E=-10.835202 Ha
Worker 8: Step 35 accepted, E=-10.835153 Ha
Worker 4: Step 62 accepted, E=-10.835867 Ha
Worker 3: Step 122 accepted, E=-10.834300 Ha
Worker 0: Step 109 accepted, E=-10.834460 Ha
Worker 2: Step 159 accepted, E=-10.834697 Ha
Worker 16: Step 27 accepted, E=-10.835958 Ha
Worker 1: Step 214 accepted, E=-10.834192 Ha
Worker 10: Step 79 accepted, E=-10.835431 Ha
Worker 9: Step 88 accepted, E=-10.834713 Ha
Worker 7: Step 71 accepted, E=-10.835681 Ha
Worker 14: Step 33 accepted, E=-10.834101 Ha
Worker 5: Step 72 accepted, E=-10.834086 Ha
Worker 13: Step 14 accepted, E=-10.833848 Ha
Worker 15: Step 18 accepted, E=-10.836050 Ha
Worker 6: Step 85 accepted, E=-10.835245 Ha
Worker 8: Step 36 accepted, E=-10.835172 Ha
Worker 4: Step 63 accepted, E=-10.835909 Ha
Worker 3: Step 123 accepted, E=-10.834302 Ha
Worker 0: Step 110, op=random_rotation, ΔE=0.0001 eV, accept=True
Worker 0: Step 110 accepted, E=-10.834455 Ha
Worker 2: Step 160 accepted, E=-10.834723 Ha
Worker 16: Step 28 accepted, E=-10.835966 Ha
Worker 1: Step 215 accepted, E=-10.834997 Ha
Worker 9: Step 89 accepted, E=-10.834753 Ha
Worker 10: Step 80, op=random_rotation, ΔE=0.0001 eV, accept=True
Worker 7: Step 72 accepted, E=-10.835650 Ha
Worker 10: Step 80 accepted, E=-10.835427 Ha
Worker 5: Step 73 accepted, E=-10.834040 Ha
Worker 14: Step 34 accepted, E=-10.833960 Ha
Worker 13: Step 15 accepted, E=-10.833865 Ha
Worker 15: Step 19 accepted, E=-10.835745 Ha
Worker 1: No change from 'large_displacement', skipping.
Worker 6: Step 86 accepted, E=-10.835247 Ha
Worker 4: Step 64 accepted, E=-10.835910 Ha
Worker 8: Step 37 accepted, E=-10.835187 Ha
Worker 3: Step 124 accepted, E=-10.834296 Ha
Worker 0: Step 111 accepted, E=-10.834479 Ha
Worker 2: Step 161 accepted, E=-10.834727 Ha
Worker 16: Step 29 accepted, E=-10.835878 Ha
Worker 9: Step 90, op=local_twist, ΔE=0.0005 eV, accept=True
Worker 9: Step 90 accepted, E=-10.834734 Ha
Worker 7: Step 73 accepted, E=-10.835621 Ha
Worker 5: Step 74 accepted, E=-10.834048 Ha
Worker 13: Step 16 accepted, E=-10.833899 Ha
Worker 14: Step 35 accepted, E=-10.834173 Ha
Worker 15: Step 20, op=local_twist, ΔE=0.0000 eV, accept=True
Worker 6: Step 87 accepted, E=-10.835246 Ha
Worker 1: Step 217 accepted, E=-10.834814 Ha
Worker 15: Step 20 accepted, E=-10.835744 Ha
Worker 4: Step 65 accepted, E=-10.835947 Ha
Worker 10: No change from 'large_displacement', skipping.
Worker 8: Step 38 accepted, E=-10.835159 Ha
Worker 3: Step 125 accepted, E=-10.834272 Ha
Worker 0: Step 112 accepted, E=-10.834548 Ha
Worker 16: Step 30 accepted, E=-10.835881 Ha
Worker 2: Step 162 accepted, E=-10.834741 Ha
Worker 7: Step 74 accepted, E=-10.835621 Ha
Worker 9: Step 91 accepted, E=-10.834764 Ha
Worker 5: Step 75 accepted, E=-10.834025 Ha
Worker 13: Step 17 accepted, E=-10.833843 Ha
Worker 16: No change from 'mirror', skipping.
Worker 14: Step 36 accepted, E=-10.834206 Ha
Worker 6: Step 88 accepted, E=-10.835243 Ha
Worker 15: Step 21 accepted, E=-10.835712 Ha
Worker 1: Step 218 accepted, E=-10.834839 Ha
Worker 8: Step 39 accepted, E=-10.835093 Ha
Worker 4: Step 66 accepted, E=-10.835891 Ha
Worker 2: Step 163 accepted, E=-10.834739 Ha
Worker 3: Step 126 accepted, E=-10.834214 Ha
Worker 0: Step 113 accepted, E=-10.834578 Ha
Worker 10: Step 83 accepted, E=-10.834651 Ha
Worker 7: Step 75 accepted, E=-10.835621 Ha
Worker 9: Step 92 accepted, E=-10.834778 Ha
Worker 5: Step 76 accepted, E=-10.834015 Ha
Worker 13: Step 18 accepted, E=-10.833817 Ha
Worker 14: Step 37 accepted, E=-10.834234 Ha
Worker 6: Step 89 accepted, E=-10.835216 Ha
Worker 15: Step 22 accepted, E=-10.835919 Ha
Worker 16: Step 32 accepted, E=-10.835883 Ha
Worker 8: Step 40, op=random_rotation, ΔE=0.0001 eV, accept=True
Worker 1: Step 219 accepted, E=-10.834856 Ha
Worker 8: Step 40 accepted, E=-10.835091 Ha
Worker 2: Step 164 accepted, E=-10.834727 Ha
Worker 0: Step 114 accepted, E=-10.834543 Ha
Worker 4: Step 67 accepted, E=-10.835920 Ha
Worker 3: Step 127 accepted, E=-10.834474 Ha
Worker 10: Step 84 accepted, E=-10.835415 Ha
Worker 7: Step 76 accepted, E=-10.835601 Ha
Worker 9: Step 93 accepted, E=-10.834771 Ha
Worker 16: No change from 'roto_reflection', skipping.
Worker 5: Step 77 accepted, E=-10.833838 Ha
Worker 3: No change from 'small_principal_axis_rotation', skipping.
Worker 13: Step 19 accepted, E=-10.833855 Ha
Worker 6: Step 90, op=com_com_separation, ΔE=0.0005 eV, accept=True
Worker 6: Step 90 accepted, E=-10.835199 Ha
Worker 14: Step 38 accepted, E=-10.833982 Ha
Worker 15: Step 23 accepted, E=-10.835568 Ha
Worker 2: Step 165 accepted, E=-10.834727 Ha
Worker 1: Step 220, op=small_principal_axis_rotation, ΔE=0.0006 eV, accept=True
Worker 8: Step 41 accepted, E=-10.835095 Ha
Worker 1: Step 220 accepted, E=-10.834834 Ha
Worker 0: Step 115 accepted, E=-10.834551 Ha
Worker 7: Step 77 accepted, E=-10.835635 Ha
Worker 9: Step 94 accepted, E=-10.834770 Ha
Worker 10: Step 85 accepted, E=-10.835218 Ha
Worker 4: Step 68 accepted, E=-10.835920 Ha
Worker 16: Step 34 accepted, E=-10.835888 Ha
Worker 5: Step 78 accepted, E=-10.833889 Ha
Worker 17: Step 26 accepted, E=-10.832852 Ha
Worker 13: Step 20, op=small_principal_axis_rotation, ΔE=0.0004 eV, accept=True
Worker 3: Step 129 accepted, E=-10.834784 Ha
Worker 13: Step 20 accepted, E=-10.833840 Ha
Worker 6: Step 91 accepted, E=-10.835199 Ha
Worker 14: Step 39 accepted, E=-10.834485 Ha
Worker 15: Step 24 accepted, E=-10.835546 Ha
Worker 2: Step 166 accepted, E=-10.834656 Ha
Worker 11: Step 10 accepted, E=-10.835966 Ha
Worker 8: Step 42 accepted, E=-10.835053 Ha
Worker 1: Step 221 accepted, E=-10.834842 Ha
Worker 0: Step 116 accepted, E=-10.834565 Ha
Worker 7: Step 78 accepted, E=-10.835630 Ha
Worker 16: Step 35 accepted, E=-10.836019 Ha
Worker 9: Step 95 accepted, E=-10.834805 Ha
Worker 5: Step 79 accepted, E=-10.833922 Ha
Worker 4: Step 69 accepted, E=-10.835813 Ha
Worker 10: Step 86 accepted, E=-10.835201 Ha
Worker 3: Step 130, op=random_rotation, ΔE=0.0002 eV, accept=True
Worker 3: Step 130 accepted, E=-10.834776 Ha
Worker 6: Step 92 accepted, E=-10.835179 Ha
Worker 14: Step 40, op=random_displacement, ΔE=0.0007 eV, accept=True
Worker 17: Step 27 accepted, E=-10.832899 Ha
Worker 13: Step 21 accepted, E=-10.833840 Ha
Worker 14: Step 40 accepted, E=-10.834459 Ha
Worker 2: Step 167 accepted, E=-10.834632 Ha
Worker 15: Step 25 accepted, E=-10.835549 Ha
Worker 16: No change from 'roto_reflection', skipping.
Worker 11: Step 11 accepted, E=-10.835997 Ha
Worker 8: Step 43 accepted, E=-10.835064 Ha
Worker 0: Step 117 accepted, E=-10.834570 Ha
Worker 1: Step 222 accepted, E=-10.834843 Ha
Worker 7: Step 79 accepted, E=-10.835639 Ha
Worker 5: Step 80 accepted, E=-10.833927 Ha
Worker 9: Step 96 accepted, E=-10.834520 Ha
Worker 10: Step 87 accepted, E=-10.835195 Ha
Worker 4: Step 70 accepted, E=-10.835817 Ha
Worker 7: No change from 'small_principal_axis_rotation', skipping.
Worker 6: Step 93 accepted, E=-10.835197 Ha
Worker 2: Step 168 accepted, E=-10.834653 Ha
Worker 3: Step 131 accepted, E=-10.834797 Ha
Worker 13: Step 22 accepted, E=-10.833888 Ha
Worker 15: Step 26 accepted, E=-10.835047 Ha
Worker 14: Step 41 accepted, E=-10.834455 Ha
Worker 16: Step 37 accepted, E=-10.835962 Ha
Worker 8: Step 44 accepted, E=-10.835066 Ha
Worker 11: Step 12 accepted, E=-10.836002 Ha
Worker 0: Step 118 accepted, E=-10.834553 Ha
Worker 1: Step 223 accepted, E=-10.834825 Ha
Worker 5: Step 81 accepted, E=-10.833927 Ha
Worker 9: Step 97 accepted, E=-10.834511 Ha
Worker 10: Step 88 accepted, E=-10.835180 Ha
Worker 4: Step 71 accepted, E=-10.835813 Ha
Worker 7: Step 81 accepted, E=-10.835629 Ha
Worker 3: Step 132 accepted, E=-10.834838 Ha
Worker 2: Step 169 accepted, E=-10.834669 Ha
Worker 13: Step 23 accepted, E=-10.835225 Ha
Worker 1: No change from 'correlated_displacement', skipping.
Worker 6: Step 94 accepted, E=-10.835239 Ha
Worker 14: Step 42 accepted, E=-10.834457 Ha
Worker 16: Step 38 accepted, E=-10.835963 Ha
Worker 15: Step 27 accepted, E=-10.834327 Ha
Worker 8: Step 45 accepted, E=-10.835063 Ha
Worker 11: Step 13 accepted, E=-10.836116 Ha
Worker 0: Step 119 accepted, E=-10.834554 Ha
Worker 17: Step 29 accepted, E=-10.833172 Ha
Worker 5: Step 82 accepted, E=-10.833845 Ha
Worker 10: Step 89 accepted, E=-10.835024 Ha
Worker 9: Step 98 accepted, E=-10.834876 Ha
Worker 7: Step 82 accepted, E=-10.835597 Ha
Worker 3: Step 133 accepted, E=-10.834780 Ha
Worker 2: Step 170 accepted, E=-10.834672 Ha
Worker 4: Step 72 accepted, E=-10.834268 Ha
Worker 13: Step 24 accepted, E=-10.835199 Ha
Worker 14: Step 43 accepted, E=-10.834453 Ha
Worker 1: Step 225 accepted, E=-10.835214 Ha
Worker 6: Step 95 accepted, E=-10.835170 Ha
Worker 0: Step 120 accepted, E=-10.834558 Ha
Worker 8: Step 46 accepted, E=-10.834676 Ha
Worker 11: Step 14 accepted, E=-10.836110 Ha
Worker 17: Step 30, op=com_com_approach, ΔE=0.0206 eV, accept=True
Worker 5: Step 83 accepted, E=-10.833797 Ha
Worker 17: Step 30 accepted, E=-10.832417 Ha
Worker 9: Step 99 accepted, E=-10.834870 Ha
Worker 10: Step 90 accepted, E=-10.835029 Ha
Worker 3: Step 134 accepted, E=-10.834730 Ha
Worker 7: Step 83 accepted, E=-10.835734 Ha
Worker 2: Step 171 accepted, E=-10.834670 Ha
Worker 13: Step 25 accepted, E=-10.835194 Ha
Worker 14: Step 44 accepted, E=-10.834456 Ha
Worker 4: Step 73 accepted, E=-10.834273 Ha
Worker 1: Step 226 accepted, E=-10.835075 Ha
Worker 6: Step 96 accepted, E=-10.835166 Ha
Worker 15: Step 29 accepted, E=-10.834480 Ha
Worker 8: Step 47 accepted, E=-10.834636 Ha
Worker 11: Step 15 accepted, E=-10.836091 Ha
Worker 16: Step 40, op=random_rotation, ΔE=0.0003 eV, accept=True
Worker 14: No change from 'exchange', skipping.
Worker 0: Step 121 accepted, E=-10.834582 Ha
Worker 5: Step 84 accepted, E=-10.833759 Ha
Worker 16: Step 40 accepted, E=-10.835950 Ha
Worker 9: Step 100 accepted, E=-10.834875 Ha
Worker 3: Step 135 accepted, E=-10.834706 Ha
Worker 10: Step 91 accepted, E=-10.835037 Ha
Worker 17: Step 31 accepted, E=-10.831397 Ha
Worker 13: Step 26 accepted, E=-10.835513 Ha
Worker 2: Step 172 accepted, E=-10.834586 Ha
Worker 7: Step 84 accepted, E=-10.835730 Ha
Worker 4: Step 74 accepted, E=-10.834313 Ha
Worker 6: Step 97 accepted, E=-10.835165 Ha
Worker 1: Step 227 accepted, E=-10.835022 Ha
Worker 15: Step 30, op=random_displacement, ΔE=0.0122 eV, accept=True
Worker 8: Step 48 accepted, E=-10.834612 Ha
Worker 15: Step 30 accepted, E=-10.834030 Ha
Worker 11: Step 16 accepted, E=-10.836102 Ha
Worker 5: Step 85 accepted, E=-10.833790 Ha
Worker 14: Step 46 accepted, E=-10.834455 Ha
Worker 16: Step 41 accepted, E=-10.835964 Ha
Worker 0: Step 122 accepted, E=-10.834530 Ha
Worker 3: Step 136 accepted, E=-10.834682 Ha
Worker 9: Step 101 accepted, E=-10.834879 Ha
Worker 10: Step 92 accepted, E=-10.835041 Ha
Worker 7: Step 85 accepted, E=-10.835748 Ha
Worker 13: Step 27 accepted, E=-10.835502 Ha
Worker 2: Step 173 accepted, E=-10.834625 Ha
Worker 4: Step 75 accepted, E=-10.834391 Ha
Worker 6: Step 98 accepted, E=-10.835167 Ha
Worker 14: No change from 'mirror', skipping.
Worker 16: No change from 'mirror', skipping.
Worker 1: Step 228 accepted, E=-10.835023 Ha
Worker 17: Step 32 accepted, E=-10.831477 Ha
Worker 8: Step 49 accepted, E=-10.834626 Ha
Worker 15: Step 31 accepted, E=-10.833991 Ha
Worker 11: Step 17 accepted, E=-10.836141 Ha
Worker 5: Step 86 accepted, E=-10.833794 Ha
Worker 0: Step 123 accepted, E=-10.834531 Ha
Worker 9: Step 102 accepted, E=-10.834877 Ha
Worker 7: Step 86 accepted, E=-10.835750 Ha
Worker 2: Step 174 accepted, E=-10.834655 Ha
Worker 10: Step 93 accepted, E=-10.835062 Ha
Worker 13: Step 28 accepted, E=-10.835390 Ha
Worker 4: Step 76 accepted, E=-10.834341 Ha
Worker 14: Step 48 accepted, E=-10.834456 Ha
Worker 6: Step 99 accepted, E=-10.835167 Ha
Worker 8: Step 50, op=random_displacement, ΔE=0.0000 eV, accept=True
Worker 16: Step 43 accepted, E=-10.835921 Ha
Worker 5: No change from 'roto_reflection', skipping.
Worker 8: Step 50 accepted, E=-10.834625 Ha
Worker 15: No change from 'roto_reflection', skipping.
Worker 1: Step 229 accepted, E=-10.835037 Ha
Worker 17: Step 33 accepted, E=-10.831529 Ha
Worker 11: Step 18 accepted, E=-10.836124 Ha
Worker 0: Step 124 accepted, E=-10.834543 Ha
Worker 14: No change from 'mirror', skipping.
Worker 9: Step 103 accepted, E=-10.834842 Ha
Worker 3: Step 138 accepted, E=-10.834684 Ha
Worker 14: No change from 'small_principal_axis_rotation', skipping.
Worker 7: Step 87 accepted, E=-10.835763 Ha
Worker 6: Step 100, op=exchange, ΔE=0.0167 eV, accept=False
Worker 2: Step 175 accepted, E=-10.834694 Ha
Worker 13: Step 29 accepted, E=-10.835327 Ha
Worker 10: Step 94 accepted, E=-10.834979 Ha
Worker 4: Step 77 accepted, E=-10.834380 Ha
Worker 8: Step 51 accepted, E=-10.834650 Ha
Worker 16: Step 44 accepted, E=-10.835974 Ha
Worker 5: Step 88 accepted, E=-10.833813 Ha
Worker 1: Step 230, op=twist, ΔE=0.0012 eV, accept=True
Worker 15: Step 33 accepted, E=-10.834533 Ha
Worker 1: Step 230 accepted, E=-10.834994 Ha
Worker 17: Step 34 accepted, E=-10.831602 Ha
Worker 7: No change from 'roto_reflection', skipping.
Worker 0: Step 125 accepted, E=-10.834537 Ha
Worker 11: Step 19 accepted, E=-10.836101 Ha
Worker 8: No change from 'random_displacement', skipping.
Worker 9: Step 104 accepted, E=-10.834838 Ha
Worker 3: Step 139 accepted, E=-10.834670 Ha
Worker 14: Step 51 accepted, E=-10.834455 Ha
Worker 6: Step 101 accepted, E=-10.835289 Ha
Worker 13: Step 30, op=local_twist, ΔE=0.0000 eV, accept=True
Worker 2: Step 176 accepted, E=-10.834702 Ha
Worker 13: Step 30 accepted, E=-10.835327 Ha
Worker 10: Step 95 accepted, E=-10.834927 Ha
Worker 16: Step 45 accepted, E=-10.835981 Ha
Worker 5: Step 89 accepted, E=-10.833798 Ha
Worker 4: Step 78 accepted, E=-10.834389 Ha
Worker 1: Step 231 accepted, E=-10.834992 Ha
Worker 7: Step 89 accepted, E=-10.835767 Ha
Worker 0: Step 126 accepted, E=-10.834522 Ha
Worker 11: Step 20, op=random_displacement, ΔE=0.0016 eV, accept=True
Worker 8: Step 53 accepted, E=-10.834583 Ha
Worker 9: Step 105 accepted, E=-10.834880 Ha
Worker 11: Step 20 accepted, E=-10.836042 Ha
Worker 17: Step 35 accepted, E=-10.831607 Ha
Worker 3: Step 140, op=random_displacement, ΔE=0.0002 eV, accept=True
Worker 3: Step 140 accepted, E=-10.834662 Ha
Worker 6: Step 102 accepted, E=-10.835302 Ha
Worker 14: Step 52 accepted, E=-10.834469 Ha
Worker 2: Step 177 accepted, E=-10.834694 Ha
Worker 1: No change from 'roto_reflection', skipping.
Worker 13: Step 31 accepted, E=-10.835314 Ha
Worker 5: Step 90, op=correlated_displacement, ΔE=0.0028 eV, accept=True
Worker 16: Step 46 accepted, E=-10.836005 Ha
Worker 10: Step 96 accepted, E=-10.834924 Ha
Worker 4: Step 79 accepted, E=-10.834488 Ha
Worker 5: Step 90 accepted, E=-10.833695 Ha
Worker 7: Step 90, op=random_rotation, ΔE=0.0003 eV, accept=True
Worker 7: Step 90 accepted, E=-10.835755 Ha
Worker 0: Step 127 accepted, E=-10.834525 Ha
Worker 8: Step 54 accepted, E=-10.834583 Ha
Worker 15: Step 35 accepted, E=-10.834564 Ha
Worker 11: Step 21 accepted, E=-10.833134 Ha
Worker 4: No change from 'roto_reflection', skipping.
Worker 9: Step 106 accepted, E=-10.834880 Ha
Worker 6: Step 103 accepted, E=-10.835400 Ha
Worker 3: Step 141 accepted, E=-10.834626 Ha
Worker 14: Step 53 accepted, E=-10.834466 Ha
Worker 17: Step 36 accepted, E=-10.828654 Ha
Worker 1: Step 233 accepted, E=-10.834988 Ha
Worker 13: Step 32 accepted, E=-10.835338 Ha
Worker 2: Step 178 accepted, E=-10.834969 Ha
Worker 5: Step 91 accepted, E=-10.833562 Ha
Worker 10: Step 97 accepted, E=-10.834951 Ha
Worker 3: No change from 'roto_reflection', skipping.
Worker 16: Step 47 accepted, E=-10.835917 Ha
Worker 8: Step 55 accepted, E=-10.834578 Ha
Worker 15: Step 36 accepted, E=-10.834568 Ha
Worker 11: Step 22 accepted, E=-10.833232 Ha
Worker 9: Step 107 accepted, E=-10.834880 Ha
Worker 4: Step 81 accepted, E=-10.834429 Ha
Worker 6: Step 104 accepted, E=-10.835315 Ha
Worker 0: Step 128 accepted, E=-10.834547 Ha
Worker 14: Step 54 accepted, E=-10.834468 Ha
Worker 5: Step 92 accepted, E=-10.833363 Ha
Worker 1: Step 234 accepted, E=-10.835521 Ha
Worker 2: Step 179 accepted, E=-10.834942 Ha
Worker 10: Step 98 accepted, E=-10.834917 Ha
Worker 17: Step 37 accepted, E=-10.831577 Ha
Worker 7: Step 92 accepted, E=-10.835790 Ha
Worker 3: Step 143 accepted, E=-10.834635 Ha
Worker 16: Step 48 accepted, E=-10.835923 Ha
Worker 8: Step 56 accepted, E=-10.834559 Ha
Worker 9: Step 108 accepted, E=-10.834861 Ha
Worker 15: Step 37 accepted, E=-10.834582 Ha
Worker 4: Step 82 accepted, E=-10.834420 Ha
Worker 11: Step 23 accepted, E=-10.835324 Ha
Worker 6: Step 105 accepted, E=-10.835309 Ha
Worker 0: Step 129 accepted, E=-10.835228 Ha
Worker 13: Step 34 accepted, E=-10.835234 Ha
Worker 14: Step 55 accepted, E=-10.834470 Ha
Worker 1: Step 235 accepted, E=-10.835552 Ha
Worker 2: Step 180 accepted, E=-10.834948 Ha
Worker 5: Step 93 accepted, E=-10.834271 Ha
Worker 10: Step 99 accepted, E=-10.834919 Ha
Worker 16: Step 49 accepted, E=-10.835920 Ha
Worker 3: Step 144 accepted, E=-10.834622 Ha
Worker 17: Step 38 accepted, E=-10.834055 Ha
Worker 7: Step 93 accepted, E=-10.835793 Ha
Worker 8: Step 57 accepted, E=-10.834549 Ha
Worker 9: Step 109 accepted, E=-10.834803 Ha
Worker 4: Step 83 accepted, E=-10.834370 Ha
Worker 11: Step 24 accepted, E=-10.835239 Ha
Worker 0: Step 130, op=correlated_displacement, ΔE=0.0002 eV, accept=True
Worker 13: Step 35 accepted, E=-10.835179 Ha
Worker 6: Step 106 accepted, E=-10.835311 Ha
Worker 0: Step 130 accepted, E=-10.835220 Ha
Worker 14: Step 56 accepted, E=-10.834480 Ha
Worker 5: Step 94 accepted, E=-10.834266 Ha
Worker 1: Step 236 accepted, E=-10.835600 Ha
Worker 2: Step 181 accepted, E=-10.834899 Ha
Worker 10: Step 100 accepted, E=-10.834972 Ha
Worker 16: Step 50 accepted, E=-10.835920 Ha
Worker 3: Step 145 accepted, E=-10.834610 Ha
Worker 7: Step 94 accepted, E=-10.835795 Ha
Worker 17: Step 39 accepted, E=-10.834029 Ha
Worker 9: Step 110 accepted, E=-10.834810 Ha
Worker 8: Step 58 accepted, E=-10.834451 Ha
Worker 4: Step 84 accepted, E=-10.834404 Ha
Worker 13: Step 36 accepted, E=-10.835192 Ha
Worker 11: Step 25 accepted, E=-10.835244 Ha
Worker 14: Step 57 accepted, E=-10.834476 Ha
Worker 6: Step 107 accepted, E=-10.835295 Ha
Worker 0: Step 131 accepted, E=-10.835207 Ha
Worker 5: Step 95 accepted, E=-10.834260 Ha
Worker 1: Step 237 accepted, E=-10.835597 Ha
Worker 2: Step 182 accepted, E=-10.834907 Ha
Worker 10: Step 101 accepted, E=-10.834945 Ha
Worker 17: No change from 'roto_reflection', skipping.
Worker 16: Step 51 accepted, E=-10.835940 Ha
Worker 6: No change from 'mirror', skipping.
Worker 3: Step 146 accepted, E=-10.834600 Ha
Worker 7: Step 95 accepted, E=-10.835782 Ha
Worker 9: Step 111 accepted, E=-10.834818 Ha
Worker 8: Step 59 accepted, E=-10.834441 Ha
Worker 13: Step 37 accepted, E=-10.835171 Ha
Worker 11: Step 26 accepted, E=-10.834993 Ha
Worker 14: Step 58 accepted, E=-10.834479 Ha
Worker 0: Step 132 accepted, E=-10.835323 Ha
Worker 15: Step 40 accepted, E=-10.834595 Ha
Worker 4: Step 85 accepted, E=-10.834358 Ha
Worker 5: Step 96 accepted, E=-10.834321 Ha
Worker 2: Step 183 accepted, E=-10.834938 Ha
Worker 1: Step 238 accepted, E=-10.835576 Ha
Worker 10: Step 102 accepted, E=-10.834900 Ha
Worker 16: Step 52 accepted, E=-10.835909 Ha
Worker 6: Step 109 accepted, E=-10.835265 Ha
Worker 3: Step 147 accepted, E=-10.834583 Ha
Worker 7: Step 96 accepted, E=-10.835783 Ha
Worker 17: Step 41 accepted, E=-10.834042 Ha
Worker 9: Step 112 accepted, E=-10.834870 Ha
Worker 8: Step 60, op=random_displacement, ΔE=0.0033 eV, accept=True
Worker 13: Step 38 accepted, E=-10.835152 Ha
Worker 14: Step 59 accepted, E=-10.834482 Ha
Worker 8: Step 60 accepted, E=-10.834321 Ha
Worker 11: Step 27 accepted, E=-10.835044 Ha
Worker 0: Step 133 accepted, E=-10.835483 Ha
Worker 4: Step 86 accepted, E=-10.834348 Ha
Worker 15: Step 41 accepted, E=-10.833829 Ha
Worker 5: Step 97 accepted, E=-10.834327 Ha
Worker 2: Step 184 accepted, E=-10.834970 Ha
Worker 1: Step 239 accepted, E=-10.835587 Ha
Worker 10: Step 103 accepted, E=-10.833919 Ha
Worker 6: Step 110 accepted, E=-10.835296 Ha
Worker 3: Step 148 accepted, E=-10.834591 Ha
Worker 7: Step 97 accepted, E=-10.835789 Ha
Worker 9: Step 113 accepted, E=-10.834871 Ha
Worker 17: Step 42 accepted, E=-10.834232 Ha
Worker 13: Step 39 accepted, E=-10.835113 Ha
Worker 8: Step 61 accepted, E=-10.834318 Ha
Worker 11: Step 28 accepted, E=-10.835037 Ha
Worker 14: Step 60 accepted, E=-10.834482 Ha
Worker 0: Step 134 accepted, E=-10.835487 Ha
Worker 4: Step 87 accepted, E=-10.834275 Ha
Worker 6: No change from 'roto_reflection', skipping.
Worker 5: Step 98 accepted, E=-10.834302 Ha
Worker 15: Step 42 accepted, E=-10.833875 Ha
Worker 2: Step 185 accepted, E=-10.834856 Ha
Worker 1: Step 240, op=random_rotation, ΔE=0.0016 eV, accept=True
Worker 1: Step 240 accepted, E=-10.835526 Ha
Worker 10: Step 104 accepted, E=-10.834061 Ha
Worker 3: Step 149 accepted, E=-10.834578 Ha
Worker 7: Step 98 accepted, E=-10.835795 Ha
Worker 9: Step 114 accepted, E=-10.834883 Ha
Worker 13: Step 40, op=local_twist, ΔE=0.0000 eV, accept=True
Worker 16: Step 54 accepted, E=-10.835535 Ha
Worker 13: Step 40 accepted, E=-10.835113 Ha
Worker 8: Step 62 accepted, E=-10.834318 Ha
Worker 11: Step 29 accepted, E=-10.834987 Ha
Worker 7: No change from 'small_principal_axis_rotation', skipping.
Worker 14: Step 61 accepted, E=-10.835031 Ha
Worker 0: Step 135 accepted, E=-10.835451 Ha
Worker 3: No change from 'mirror', skipping.
Worker 4: Step 88 accepted, E=-10.834345 Ha
Worker 17: Step 43 accepted, E=-10.834177 Ha
Worker 6: Step 112 accepted, E=-10.835304 Ha
Worker 5: Step 99 accepted, E=-10.834226 Ha
Worker 2: Step 186 accepted, E=-10.834876 Ha
Worker 10: Step 105 accepted, E=-10.833987 Ha
Worker 1: Step 241 accepted, E=-10.835534 Ha
Worker 8: No change from 'principal_axis_rotation', skipping.
Worker 9: Step 115 accepted, E=-10.834868 Ha
Worker 16: Step 55 accepted, E=-10.835533 Ha
Worker 7: Step 100 accepted, E=-10.835796 Ha
Worker 3: Step 151 accepted, E=-10.834610 Ha
Worker 14: Step 62 accepted, E=-10.835007 Ha
Worker 0: Step 136 accepted, E=-10.835459 Ha
Worker 13: No change from 'small_principal_axis_rotation', skipping.
Worker 11: Step 30 accepted, E=-10.835000 Ha
Worker 4: Step 89 accepted, E=-10.834325 Ha
Worker 6: Step 113 accepted, E=-10.835315 Ha
Worker 5: Step 100 accepted, E=-10.834233 Ha
Worker 15: Step 44 accepted, E=-10.833873 Ha
Worker 2: Step 187 accepted, E=-10.834883 Ha
Worker 3: No change from 'small_principal_axis_rotation', skipping.
Worker 17: Step 44 accepted, E=-10.834235 Ha
Worker 10: Step 106 accepted, E=-10.834104 Ha
Worker 8: Step 64 accepted, E=-10.834437 Ha
Worker 1: Step 242 accepted, E=-10.835522 Ha
Worker 9: Step 116 accepted, E=-10.834890 Ha
Worker 16: Step 56 accepted, E=-10.835531 Ha
Worker 7: Step 101 accepted, E=-10.835788 Ha
Worker 13: Step 43 accepted, E=-10.835117 Ha
Worker 0: Step 137 accepted, E=-10.835448 Ha
Worker 11: Step 31 accepted, E=-10.834991 Ha
Worker 14: Step 63 accepted, E=-10.834977 Ha
Worker 4: Step 90, op=random_displacement, ΔE=0.0129 eV, accept=True
Worker 2: Step 188 accepted, E=-10.834931 Ha
Worker 5: Step 101 accepted, E=-10.834208 Ha
Worker 6: Step 114 accepted, E=-10.835313 Ha
Worker 4: Step 90 accepted, E=-10.833852 Ha
Worker 15: Step 45 accepted, E=-10.833127 Ha
Worker 3: Step 153 accepted, E=-10.834610 Ha
Worker 10: Step 107 accepted, E=-10.834104 Ha
Worker 1: Step 243 accepted, E=-10.835538 Ha
Worker 8: Step 65 accepted, E=-10.834437 Ha
Worker 9: Step 117 accepted, E=-10.834897 Ha
Worker 16: Step 57 accepted, E=-10.835537 Ha
Worker 7: Step 102 accepted, E=-10.835788 Ha
Worker 0: Step 138 accepted, E=-10.835588 Ha
Worker 11: Step 32 accepted, E=-10.835010 Ha
Worker 13: Step 44 accepted, E=-10.835087 Ha
Worker 14: Step 64 accepted, E=-10.835008 Ha
Worker 2: Step 189 accepted, E=-10.834945 Ha
Worker 6: Step 115 accepted, E=-10.835298 Ha
Worker 5: Step 102 accepted, E=-10.834105 Ha
Worker 4: Step 91 accepted, E=-10.833897 Ha
Worker 15: Step 46 accepted, E=-10.833171 Ha
Worker 10: Step 108 accepted, E=-10.834142 Ha
Worker 3: Step 154 accepted, E=-10.834666 Ha
Worker 8: Step 66 accepted, E=-10.834414 Ha
Worker 1: Step 244 accepted, E=-10.835471 Ha
Worker 17: Step 46 accepted, E=-10.834305 Ha
Worker 9: Step 118 accepted, E=-10.834897 Ha
Worker 16: Step 58 accepted, E=-10.835549 Ha
Worker 7: Step 103 accepted, E=-10.835926 Ha
Worker 0: Step 139 accepted, E=-10.835684 Ha
Worker 13: Step 45 accepted, E=-10.835135 Ha
Worker 8: No change from 'exchange', skipping.
Worker 11: Step 33 accepted, E=-10.835100 Ha
Worker 2: Step 190, op=large_displacement, ΔE=0.0074 eV, accept=True
Worker 14: Step 65 accepted, E=-10.835006 Ha
Worker 2: Step 190 accepted, E=-10.834672 Ha
Worker 6: Step 116 accepted, E=-10.835297 Ha
Worker 5: Step 103 accepted, E=-10.834093 Ha
Worker 4: Step 92 accepted, E=-10.833965 Ha
Worker 10: Step 109 accepted, E=-10.834150 Ha
Worker 3: Step 155 accepted, E=-10.834639 Ha
Worker 15: Step 47 accepted, E=-10.833164 Ha
Worker 1: Step 245 accepted, E=-10.835456 Ha
Worker 11: No change from 'roto_reflection', skipping.
Worker 9: Step 119 accepted, E=-10.834898 Ha
Worker 16: Step 59 accepted, E=-10.835654 Ha
Worker 17: Step 47 accepted, E=-10.834290 Ha
Worker 0: Step 140, op=random_rotation, ΔE=0.0003 eV, accept=True
Worker 7: Step 104 accepted, E=-10.835906 Ha
Worker 0: Step 140 accepted, E=-10.835675 Ha
Worker 13: Step 46 accepted, E=-10.835132 Ha
Worker 8: Step 68 accepted, E=-10.834409 Ha
Worker 14: Step 66 accepted, E=-10.835007 Ha
Worker 6: Step 117 accepted, E=-10.835297 Ha
Worker 2: Step 191 accepted, E=-10.834678 Ha
Worker 18: Step 9 accepted, E=-10.836024 Ha
Worker 3: Step 156 accepted, E=-10.834634 Ha
Worker 5: Step 104 accepted, E=-10.834127 Ha
Worker 10: Step 110, op=twist, ΔE=0.0001 eV, accept=True
Worker 4: Step 93 accepted, E=-10.834013 Ha
Worker 10: Step 110 accepted, E=-10.834147 Ha
Worker 15: Step 48 accepted, E=-10.833164 Ha
Worker 14: No change from 'exchange', skipping.
Worker 9: Step 120 accepted, E=-10.834924 Ha
Worker 1: Step 246 accepted, E=-10.835450 Ha
Worker 8: No change from 'roto_reflection', skipping.
Worker 15: No change from 'small_principal_axis_rotation', skipping.
Worker 16: Step 60, op=correlated_displacement, ΔE=0.0026 eV, accept=True
Worker 16: Step 60 accepted, E=-10.835560 Ha
Worker 7: Step 105 accepted, E=-10.835919 Ha
Worker 0: Step 141 accepted, E=-10.835691 Ha
Worker 13: Step 47 accepted, E=-10.835160 Ha
Worker 17: Step 48 accepted, E=-10.834293 Ha
Worker 6: Step 118 accepted, E=-10.835268 Ha
Worker 1: No change from 'random_displacement', skipping.
Worker 5: Step 105 accepted, E=-10.834287 Ha
Worker 2: Step 192 accepted, E=-10.834680 Ha
Worker 3: Step 157 accepted, E=-10.834648 Ha
Worker 4: Step 94 accepted, E=-10.834243 Ha
Worker 10: Step 111 accepted, E=-10.834452 Ha
Worker 14: Step 68 accepted, E=-10.835068 Ha
Worker 18: Step 10 accepted, E=-10.836156 Ha
Worker 9: Step 121 accepted, E=-10.834923 Ha
Worker 8: Step 70, op=correlated_displacement, ΔE=0.0021 eV, accept=True
Worker 11: Step 36 accepted, E=-10.835100 Ha
Worker 15: Step 50, op=correlated_displacement, ΔE=0.0062 eV, accept=True
Worker 8: Step 70 accepted, E=-10.834330 Ha
Worker 10: No change from 'small_principal_axis_rotation', skipping.
Worker 15: Step 50 accepted, E=-10.832936 Ha
Worker 7: Step 106 accepted, E=-10.835892 Ha
Worker 0: Step 142 accepted, E=-10.835707 Ha
Worker 8: No change from 'small_principal_axis_rotation', skipping.
Worker 10: No change from 'small_principal_axis_rotation', skipping.
Worker 6: Step 119 accepted, E=-10.835270 Ha
Worker 16: Step 61 accepted, E=-10.835553 Ha
Worker 1: Step 248 accepted, E=-10.835452 Ha
Worker 2: Step 193 accepted, E=-10.834670 Ha
Worker 5: Step 106 accepted, E=-10.834809 Ha
Worker 13: Step 48 accepted, E=-10.835174 Ha
Worker 17: Step 49 accepted, E=-10.834339 Ha
Worker 3: Step 158 accepted, E=-10.834738 Ha
Worker 4: Step 95 accepted, E=-10.834316 Ha
Worker 9: Step 122 accepted, E=-10.834968 Ha
Worker 14: Step 69 accepted, E=-10.835070 Ha
Worker 11: Step 37 accepted, E=-10.835090 Ha
Worker 7: Step 107 accepted, E=-10.835973 Ha
Worker 0: Step 143 accepted, E=-10.835720 Ha
Worker 3: No change from 'roto_reflection', skipping.
Worker 10: Step 114 accepted, E=-10.834453 Ha
Worker 8: Step 72 accepted, E=-10.834167 Ha
Worker 6: Step 120, op=exchange, ΔE=0.0199 eV, accept=True
Worker 6: Step 120 accepted, E=-10.834537 Ha
Worker 2: Step 194 accepted, E=-10.834697 Ha
Worker 1: Step 249 accepted, E=-10.835326 Ha
Worker 16: Step 62 accepted, E=-10.835536 Ha
Worker 5: Step 107 accepted, E=-10.834800 Ha
Worker 13: Step 49 accepted, E=-10.835175 Ha
Worker 8: No change from 'exchange', skipping.
Worker 4: Step 96 accepted, E=-10.834398 Ha
Worker 14: Step 70 accepted, E=-10.835133 Ha
Worker 17: Step 50 accepted, E=-10.834372 Ha
Worker 9: Step 123 accepted, E=-10.834946 Ha
Worker 11: Step 38 accepted, E=-10.834943 Ha
Worker 1: No change from 'mirror', skipping.
Worker 18: Step 12 accepted, E=-10.836094 Ha
Worker 10: Step 115 accepted, E=-10.834455 Ha
Worker 7: Step 108 accepted, E=-10.835965 Ha
Worker 0: Step 144 accepted, E=-10.835696 Ha
Worker 3: Step 160 accepted, E=-10.834743 Ha
Worker 6: Step 121 accepted, E=-10.834551 Ha
Worker 16: Step 63 accepted, E=-10.835548 Ha
Worker 2: Step 195 accepted, E=-10.834707 Ha
Worker 5: Step 108 accepted, E=-10.834828 Ha
Worker 13: Step 50, op=correlated_displacement, ΔE=0.0016 eV, accept=True
Worker 13: Step 50 accepted, E=-10.835118 Ha
Worker 8: Step 74 accepted, E=-10.834373 Ha
Worker 4: Step 97 accepted, E=-10.834453 Ha
Worker 14: Step 71 accepted, E=-10.835204 Ha
Worker 11: Step 39 accepted, E=-10.834849 Ha
Worker 9: Step 124 accepted, E=-10.834954 Ha
Worker 4: Clash after 'large_displacement', rejecting.
Worker 1: Step 251 accepted, E=-10.835312 Ha
Worker 10: Step 116 accepted, E=-10.834446 Ha
Worker 7: Step 109 accepted, E=-10.835865 Ha
Worker 18: Step 13 accepted, E=-10.836089 Ha
Worker 0: Step 145 accepted, E=-10.835731 Ha
Worker 3: Step 161 accepted, E=-10.834738 Ha
Worker 6: Step 122 accepted, E=-10.834541 Ha
Worker 16: Step 64 accepted, E=-10.835583 Ha
Worker 9: No change from 'roto_reflection', skipping.
Worker 5: Step 109 accepted, E=-10.834810 Ha
Worker 13: Step 51 accepted, E=-10.835080 Ha
Worker 8: Step 75 accepted, E=-10.834377 Ha
Worker 9: No change from 'small_principal_axis_rotation', skipping.
Worker 11: Step 40 accepted, E=-10.835275 Ha
Worker 4: Step 99 accepted, E=-10.834487 Ha
Worker 10: Step 117 accepted, E=-10.834464 Ha
Worker 1: Step 252 accepted, E=-10.835434 Ha
Worker 7: Step 110, op=exchange, ΔE=0.0394 eV, accept=False
Worker 0: Step 146 accepted, E=-10.835781 Ha
Worker 15: Step 54 accepted, E=-10.833075 Ha
Worker 18: Step 14 accepted, E=-10.836058 Ha
Worker 6: Step 123 accepted, E=-10.834552 Ha
Worker 2: Step 197 accepted, E=-10.834696 Ha
Worker 17: Step 52 accepted, E=-10.834360 Ha
Worker 16: Step 65 accepted, E=-10.835581 Ha
Worker 5: Step 110 accepted, E=-10.834840 Ha
Worker 13: Step 52 accepted, E=-10.835079 Ha
Worker 8: Step 76 accepted, E=-10.834448 Ha
Worker 9: Step 127 accepted, E=-10.834954 Ha
Worker 16: No change from 'small_principal_axis_rotation', skipping.
Worker 14: Step 73 accepted, E=-10.835134 Ha
Worker 11: Step 41 accepted, E=-10.835207 Ha
Worker 4: Step 100, op=correlated_displacement, ΔE=0.0013 eV, accept=True
Worker 2: No change from 'roto_reflection', skipping.
Worker 5: No change from 'mirror', skipping.
Worker 3: Step 163 accepted, E=-10.834735 Ha
Worker 4: Step 100 accepted, E=-10.834439 Ha
Worker 7: Step 111 accepted, E=-10.835868 Ha
Worker 0: Step 147 accepted, E=-10.835626 Ha
Worker 10: Step 118 accepted, E=-10.834661 Ha
Worker 1: Step 253 accepted, E=-10.835485 Ha
Worker 15: Step 55 accepted, E=-10.833318 Ha
Worker 6: Step 124 accepted, E=-10.834541 Ha
Worker 13: Step 53 accepted, E=-10.835091 Ha
Worker 9: Step 128 accepted, E=-10.834892 Ha
Worker 8: Step 77 accepted, E=-10.834377 Ha
Worker 16: Step 67 accepted, E=-10.835553 Ha
Worker 1: No change from 'twist', skipping.
Worker 18: No change from 'mirror', skipping.
Worker 14: Step 74 accepted, E=-10.835220 Ha
Worker 17: Step 53 accepted, E=-10.834373 Ha
Worker 15: No change from 'roto_reflection', skipping.
Worker 11: Step 42 accepted, E=-10.835207 Ha
Worker 5: Step 112 accepted, E=-10.834655 Ha
Worker 7: Step 112 accepted, E=-10.835868 Ha
Worker 3: Step 164 accepted, E=-10.834724 Ha
Worker 4: Step 101 accepted, E=-10.834461 Ha
Worker 0: Step 148 accepted, E=-10.835041 Ha
Worker 10: Step 119 accepted, E=-10.834661 Ha
Worker 2: Step 199 accepted, E=-10.834696 Ha
Worker 6: Step 125 accepted, E=-10.834596 Ha
Worker 9: Step 129 accepted, E=-10.834900 Ha
Worker 8: Step 78 accepted, E=-10.834362 Ha
Worker 1: Step 255 accepted, E=-10.835471 Ha
Worker 14: Step 75 accepted, E=-10.835218 Ha
Worker 13: Step 54 accepted, E=-10.835089 Ha
Worker 16: Step 68 accepted, E=-10.835863 Ha
Worker 15: Step 57 accepted, E=-10.833319 Ha
Worker 5: Step 113 accepted, E=-10.834667 Ha
Worker 3: Step 165 accepted, E=-10.834726 Ha
Worker 11: Step 43 accepted, E=-10.835262 Ha
Worker 18: Step 17 accepted, E=-10.836053 Ha
Worker 17: Step 54 accepted, E=-10.834373 Ha
Worker 7: Step 113 accepted, E=-10.834417 Ha
Worker 10: Step 120 accepted, E=-10.834668 Ha
Worker 2: Step 200 accepted, E=-10.834714 Ha
Worker 4: Step 102 accepted, E=-10.834178 Ha
Worker 11: No change from 'small_principal_axis_rotation', skipping.
Worker 0: Step 149 accepted, E=-10.834938 Ha
Worker 6: Step 126 accepted, E=-10.834634 Ha
Worker 9: Step 130, op=local_twist, ΔE=0.0000 eV, accept=True
Worker 8: Step 79 accepted, E=-10.834322 Ha
Worker 12: Step 10, op=small_principal_axis_rotation, ΔE=0.0003 eV, accept=True
Worker 9: Step 130 accepted, E=-10.834899 Ha
Worker 1: Step 256 accepted, E=-10.835430 Ha
Worker 12: Step 10 accepted, E=-10.836345 Ha
Worker 14: Step 76 accepted, E=-10.835210 Ha
Worker 5: Step 114 accepted, E=-10.834650 Ha
Worker 3: Step 166 accepted, E=-10.834714 Ha
Worker 16: Step 69 accepted, E=-10.835954 Ha
Worker 15: Step 58 accepted, E=-10.833319 Ha
Worker 7: Step 114 accepted, E=-10.834463 Ha
Worker 18: Step 18 accepted, E=-10.836069 Ha
Worker 10: Step 121 accepted, E=-10.834673 Ha
Worker 11: Step 45 accepted, E=-10.835247 Ha
Worker 4: Step 103 accepted, E=-10.834279 Ha
Worker 2: Step 201 accepted, E=-10.834686 Ha
Worker 0: Step 150 accepted, E=-10.834961 Ha
Worker 13: Step 55 accepted, E=-10.835106 Ha
Worker 6: Step 127 accepted, E=-10.834622 Ha
Worker 1: Step 257 accepted, E=-10.835419 Ha
Worker 8: Step 80 accepted, E=-10.834359 Ha
Worker 9: Step 131 accepted, E=-10.834921 Ha
Worker 14: Step 77 accepted, E=-10.835214 Ha
Worker 12: Step 11 accepted, E=-10.836348 Ha
Worker 5: Step 115 accepted, E=-10.834695 Ha
Worker 3: Step 167 accepted, E=-10.834696 Ha
Worker 16: Step 70 accepted, E=-10.835957 Ha
Worker 15: Step 59 accepted, E=-10.834231 Ha
Worker 10: Step 122 accepted, E=-10.834693 Ha
Worker 7: Step 115 accepted, E=-10.834501 Ha
Worker 18: Step 19 accepted, E=-10.836038 Ha
Worker 11: Step 46 accepted, E=-10.835295 Ha
Worker 4: Step 104 accepted, E=-10.834600 Ha
Worker 14: No change from 'large_displacement', skipping.
Worker 1: No change from 'roto_reflection', skipping.
Worker 0: Step 151 accepted, E=-10.835017 Ha
Worker 17: Step 56 accepted, E=-10.834281 Ha
Worker 6: Step 128 accepted, E=-10.834644 Ha
Worker 15: No change from 'large_displacement', skipping.
Worker 8: Step 81 accepted, E=-10.834471 Ha
Worker 9: Step 132 accepted, E=-10.834921 Ha
Worker 2: Step 202 accepted, E=-10.834687 Ha
Worker 5: Step 116 accepted, E=-10.834680 Ha
Worker 3: Step 168 accepted, E=-10.834683 Ha
Worker 12: Step 12 accepted, E=-10.836348 Ha
Worker 16: Step 71 accepted, E=-10.835954 Ha
Worker 13: Step 56 accepted, E=-10.835026 Ha
Worker 10: Step 123 accepted, E=-10.834700 Ha
Worker 7: Step 116 accepted, E=-10.834489 Ha
Worker 1: Step 259 accepted, E=-10.835497 Ha
Worker 4: Step 105 accepted, E=-10.834565 Ha
Worker 14: Step 79 accepted, E=-10.835212 Ha
Worker 18: Step 20, op=correlated_displacement, ΔE=0.0006 eV, accept=True
Worker 8: No change from 'principal_axis_rotation', skipping.
Worker 18: Step 20 accepted, E=-10.836017 Ha
Worker 11: Step 47 accepted, E=-10.835316 Ha
Worker 6: Step 129 accepted, E=-10.834645 Ha
Worker 0: Step 152 accepted, E=-10.835044 Ha
Worker 8: No change from 'small_principal_axis_rotation', skipping.
Worker 5: Step 117 accepted, E=-10.834696 Ha
Worker 9: Step 133 accepted, E=-10.834921 Ha
Worker 17: Step 57 accepted, E=-10.834281 Ha
Worker 14: No change from 'mirror', skipping.
Worker 15: Step 61 accepted, E=-10.834540 Ha
Worker 3: Step 169 accepted, E=-10.834686 Ha
Worker 16: Step 72 accepted, E=-10.835987 Ha
Worker 12: Step 13 accepted, E=-10.836322 Ha
Worker 13: Step 57 accepted, E=-10.834959 Ha
Worker 17: No change from 'small_principal_axis_rotation', skipping.
Worker 10: Step 124 accepted, E=-10.834731 Ha
Worker 7: Step 117 accepted, E=-10.834372 Ha
Worker 1: Step 260 accepted, E=-10.835500 Ha
Worker 4: Step 106 accepted, E=-10.834305 Ha
Worker 2: Step 203 accepted, E=-10.834687 Ha
Worker 6: Step 130, op=random_rotation, ΔE=0.0000 eV, accept=True
Worker 18: Step 21 accepted, E=-10.835947 Ha
Worker 11: Step 48 accepted, E=-10.835496 Ha
Worker 0: Step 153 accepted, E=-10.835054 Ha
Worker 6: Step 130 accepted, E=-10.834644 Ha
Worker 5: Step 118 accepted, E=-10.834711 Ha
Worker 9: Step 134 accepted, E=-10.834922 Ha
Worker 8: Step 84 accepted, E=-10.834308 Ha
Worker 14: Step 81 accepted, E=-10.835068 Ha
Worker 16: Step 73 accepted, E=-10.835988 Ha
Worker 3: Step 170 accepted, E=-10.834697 Ha
Worker 12: Step 14 accepted, E=-10.836350 Ha
Worker 10: Step 125 accepted, E=-10.834853 Ha
Worker 13: Step 58 accepted, E=-10.834986 Ha
Worker 15: Step 62 accepted, E=-10.834513 Ha
Worker 17: Step 59 accepted, E=-10.834308 Ha
Worker 7: Step 118 accepted, E=-10.834568 Ha
Worker 1: Step 261 accepted, E=-10.835480 Ha
Worker 4: Step 107 accepted, E=-10.834006 Ha
Worker 0: Step 154 accepted, E=-10.835063 Ha
Worker 11: Step 49 accepted, E=-10.834444 Ha
Worker 18: Step 22 accepted, E=-10.835942 Ha
Worker 6: Step 131 accepted, E=-10.834743 Ha
Worker 9: Step 135 accepted, E=-10.834949 Ha
Worker 5: Step 119 accepted, E=-10.834735 Ha
Worker 14: Step 82 accepted, E=-10.835073 Ha
Worker 7: No change from 'random_displacement', skipping.
Worker 2: Step 204 accepted, E=-10.834669 Ha
Worker 16: Step 74 accepted, E=-10.836057 Ha
Worker 8: Step 85 accepted, E=-10.834306 Ha
Worker 3: Step 171 accepted, E=-10.834666 Ha
Worker 12: Step 15 accepted, E=-10.836351 Ha
Worker 13: Step 59 accepted, E=-10.834994 Ha
Worker 10: Step 126 accepted, E=-10.834855 Ha
Worker 17: Step 60, op=random_displacement, ΔE=0.0004 eV, accept=True
Worker 15: Step 63 accepted, E=-10.834511 Ha
Worker 7: No change from 'principal_axis_rotation', skipping.
Worker 1: Step 262 accepted, E=-10.835505 Ha
Worker 0: Step 155 accepted, E=-10.835097 Ha
Worker 11: Step 50, op=correlated_displacement, ΔE=0.0032 eV, accept=True
Worker 17: Step 60 accepted, E=-10.834295 Ha
Worker 18: Step 23 accepted, E=-10.835966 Ha
Worker 4: Step 108 accepted, E=-10.834011 Ha
Worker 6: Step 132 accepted, E=-10.834772 Ha
Worker 11: Step 50 accepted, E=-10.834325 Ha
Worker 5: Step 120, op=random_displacement, ΔE=0.0008 eV, accept=True
Worker 5: Step 120 accepted, E=-10.834704 Ha
Worker 9: Step 136 accepted, E=-10.834954 Ha
Worker 14: Step 83 accepted, E=-10.835053 Ha
Worker 16: Step 75 accepted, E=-10.836043 Ha
Worker 3: Step 172 accepted, E=-10.834677 Ha
Worker 8: Step 86 accepted, E=-10.834300 Ha
Worker 13: Step 60 accepted, E=-10.835030 Ha
Worker 12: Step 16 accepted, E=-10.836348 Ha
Worker 10: Step 127 accepted, E=-10.834853 Ha
Worker 18: No change from 'roto_reflection', skipping.
Worker 1: Step 263 accepted, E=-10.835510 Ha
Worker 7: Step 121 accepted, E=-10.834584 Ha
Worker 6: Step 133 accepted, E=-10.834755 Ha
Worker 2: Step 205 accepted, E=-10.834671 Ha
Worker 0: Step 156 accepted, E=-10.835100 Ha
Worker 4: Step 109 accepted, E=-10.833259 Ha
Worker 5: Step 121 accepted, E=-10.834711 Ha
Worker 15: Step 64 accepted, E=-10.834512 Ha
Worker 12: No change from 'roto_reflection', skipping.
Worker 17: Step 61 accepted, E=-10.834413 Ha
Worker 14: Step 84 accepted, E=-10.835038 Ha
Worker 9: Step 137 accepted, E=-10.834991 Ha
Worker 13: Step 61 accepted, E=-10.834947 Ha
Worker 3: Step 173 accepted, E=-10.834940 Ha
Worker 8: Step 87 accepted, E=-10.834102 Ha
Worker 10: Step 128 accepted, E=-10.834874 Ha
Worker 16: Step 76 accepted, E=-10.836041 Ha
Worker 18: Step 25 accepted, E=-10.835996 Ha
Worker 1: Step 264 accepted, E=-10.835496 Ha
Worker 6: Step 134 accepted, E=-10.834739 Ha
Worker 5: Step 122 accepted, E=-10.834711 Ha
Worker 0: Step 157 accepted, E=-10.835072 Ha
Worker 11: Step 52 accepted, E=-10.834338 Ha
Worker 16: No change from 'small_principal_axis_rotation', skipping.
Worker 4: Step 110, op=random_rotation, ΔE=0.0013 eV, accept=True
Worker 7: Step 122 accepted, E=-10.834584 Ha
Worker 4: Step 110 accepted, E=-10.833213 Ha
Worker 12: Step 18 accepted, E=-10.836339 Ha
Worker 9: Step 138 accepted, E=-10.834999 Ha
Worker 14: Step 85 accepted, E=-10.835183 Ha
Worker 15: Step 65 accepted, E=-10.834457 Ha
Worker 13: Step 62 accepted, E=-10.834988 Ha
Worker 3: Step 174 accepted, E=-10.834915 Ha
Worker 8: Step 88 accepted, E=-10.834107 Ha
Worker 2: Step 206 accepted, E=-10.834673 Ha
Worker 10: Step 129 accepted, E=-10.834875 Ha
Worker 5: Step 123 accepted, E=-10.834738 Ha
Worker 18: Step 26 accepted, E=-10.835953 Ha
Worker 1: Step 265 accepted, E=-10.835511 Ha
Worker 6: Step 135 accepted, E=-10.834717 Ha
Worker 11: Step 53 accepted, E=-10.833873 Ha
Worker 0: Step 158 accepted, E=-10.835132 Ha
Worker 16: Step 78 accepted, E=-10.836042 Ha
Worker 17: No change from 'roto_reflection', skipping.
Worker 7: Step 123 accepted, E=-10.834580 Ha
Worker 4: Step 111 accepted, E=-10.833509 Ha
Worker 9: Step 139 accepted, E=-10.835030 Ha
Worker 18: No change from 'small_principal_axis_rotation', skipping.
Worker 12: Step 19 accepted, E=-10.836341 Ha
Worker 17: No change from 'small_principal_axis_rotation', skipping.
Worker 14: Step 86 accepted, E=-10.835183 Ha
Worker 4: No change from 'principal_axis_rotation', skipping.
Worker 13: Step 63 accepted, E=-10.834985 Ha
Worker 3: Step 175 accepted, E=-10.834918 Ha
Worker 15: Step 66 accepted, E=-10.834945 Ha
Worker 8: Step 89 accepted, E=-10.834255 Ha
Worker 10: Step 130 accepted, E=-10.834891 Ha
Worker 5: Step 124 accepted, E=-10.834721 Ha
Worker 1: Step 266 accepted, E=-10.835516 Ha
Worker 16: Step 79 accepted, E=-10.836040 Ha
Worker 11: Step 54 accepted, E=-10.834584 Ha
Worker 0: Step 159 accepted, E=-10.835176 Ha
Worker 6: Step 136 accepted, E=-10.834726 Ha
Worker 7: Step 124 accepted, E=-10.834540 Ha
Worker 9: Step 140, op=random_rotation, ΔE=0.0001 eV, accept=True
Worker 2: Step 207 accepted, E=-10.834685 Ha
Worker 9: Step 140 accepted, E=-10.835026 Ha
Worker 12: Step 20, op=random_displacement, ΔE=0.0013 eV, accept=True
Worker 12: Step 20 accepted, E=-10.836292 Ha
Worker 14: Step 87 accepted, E=-10.835175 Ha
Worker 18: Step 28 accepted, E=-10.835948 Ha
Worker 13: Step 64 accepted, E=-10.834985 Ha
Worker 4: Step 113 accepted, E=-10.833414 Ha
Worker 3: Step 176 accepted, E=-10.834917 Ha
Worker 17: Step 65 accepted, E=-10.834379 Ha
Worker 8: Step 90 accepted, E=-10.834408 Ha
Worker 10: Step 131 accepted, E=-10.834889 Ha
Worker 15: Step 67 accepted, E=-10.834956 Ha
Worker 5: Step 125 accepted, E=-10.834714 Ha
Worker 16: Step 80, op=random_rotation, ΔE=0.0000 eV, accept=True
Worker 1: Step 267 accepted, E=-10.835478 Ha
Worker 11: Step 55 accepted, E=-10.834658 Ha
Worker 0: Step 160, op=random_displacement, ΔE=0.0009 eV, accept=True
Worker 6: Step 137 accepted, E=-10.834702 Ha
Worker 16: Step 80 accepted, E=-10.836039 Ha
Worker 0: Step 160 accepted, E=-10.835142 Ha
Worker 7: Step 125 accepted, E=-10.834519 Ha
Worker 9: Step 141 accepted, E=-10.835067 Ha
Worker 12: Step 21 accepted, E=-10.836019 Ha
Worker 14: Step 88 accepted, E=-10.835172 Ha
Worker 13: Step 65 accepted, E=-10.835026 Ha
Worker 3: Step 177 accepted, E=-10.834285 Ha
Worker 4: Step 114 accepted, E=-10.833014 Ha
Worker 2: Step 208 accepted, E=-10.834676 Ha
Worker 6: No change from 'roto_reflection', skipping.
Worker 10: Step 132 accepted, E=-10.834889 Ha
Worker 18: Step 29 accepted, E=-10.835904 Ha
Worker 8: Step 91 accepted, E=-10.834411 Ha
Worker 17: Step 66 accepted, E=-10.834543 Ha
Worker 15: Step 68 accepted, E=-10.834995 Ha
Worker 5: Step 126 accepted, E=-10.834733 Ha
Worker 11: Step 56 accepted, E=-10.834636 Ha
Worker 1: Step 268 accepted, E=-10.835404 Ha
Worker 0: Step 161 accepted, E=-10.835147 Ha
Worker 16: Step 81 accepted, E=-10.836012 Ha
Worker 7: Step 126 accepted, E=-10.834534 Ha
Worker 9: Step 142 accepted, E=-10.835067 Ha
Worker 12: Step 22 accepted, E=-10.835218 Ha
Worker 14: Step 89 accepted, E=-10.835102 Ha
Worker 13: Step 66 accepted, E=-10.835020 Ha
Worker 3: Step 178 accepted, E=-10.834261 Ha
Worker 6: Step 139 accepted, E=-10.834527 Ha
Worker 4: Step 115 accepted, E=-10.833089 Ha
Worker 10: Step 133 accepted, E=-10.834889 Ha
Worker 8: Step 92 accepted, E=-10.834292 Ha
Worker 5: Step 127 accepted, E=-10.834725 Ha
Worker 18: Step 30, op=random_so3, ΔE=0.0036 eV, accept=True
Worker 15: Step 69 accepted, E=-10.834966 Ha
Worker 18: Step 30 accepted, E=-10.835773 Ha
Worker 17: Step 67 accepted, E=-10.834520 Ha
Worker 11: Step 57 accepted, E=-10.834641 Ha
Worker 0: Step 162 accepted, E=-10.835282 Ha
Worker 2: Step 209 accepted, E=-10.834581 Ha
Worker 16: Step 82 accepted, E=-10.836015 Ha
Worker 7: Step 127 accepted, E=-10.834533 Ha
Worker 9: Step 143 accepted, E=-10.835071 Ha
Worker 17: No change from 'small_principal_axis_rotation', skipping.
Worker 13: Step 67 accepted, E=-10.835053 Ha
Worker 14: Step 90 accepted, E=-10.835117 Ha
Worker 12: Step 23 accepted, E=-10.835215 Ha
Worker 3: Step 179 accepted, E=-10.834261 Ha
Worker 6: Step 140, op=random_displacement, ΔE=0.0000 eV, accept=True
Worker 6: Step 140 accepted, E=-10.834527 Ha
Worker 0: No change from 'roto_reflection', skipping.
Worker 10: Step 134 accepted, E=-10.834888 Ha
Worker 5: Step 128 accepted, E=-10.834827 Ha
Worker 4: Step 116 accepted, E=-10.832117 Ha
Worker 15: Step 70, op=com_com_approach, ΔE=0.0093 eV, accept=True
Worker 8: Step 93 accepted, E=-10.835546 Ha
Worker 15: Step 70 accepted, E=-10.834625 Ha
Worker 11: Step 58 accepted, E=-10.835422 Ha
Worker 1: Step 270 accepted, E=-10.835411 Ha
Worker 7: Step 128 accepted, E=-10.834574 Ha
Worker 15: No change from 'small_principal_axis_rotation', skipping.
Worker 9: Step 144 accepted, E=-10.835070 Ha
Worker 12: Step 24 accepted, E=-10.835091 Ha
Worker 14: Step 91 accepted, E=-10.835110 Ha
Worker 18: Step 31 accepted, E=-10.835773 Ha
Worker 3: Step 180 accepted, E=-10.834949 Ha
Worker 6: Step 141 accepted, E=-10.834522 Ha
Worker 17: Step 69 accepted, E=-10.834524 Ha
Worker 16: Step 83 accepted, E=-10.835066 Ha
Worker 13: Step 68 accepted, E=-10.835053 Ha
Worker 0: Step 164 accepted, E=-10.835315 Ha
Worker 5: Step 129 accepted, E=-10.834793 Ha
Worker 10: Step 135 accepted, E=-10.834895 Ha
Worker 4: Step 117 accepted, E=-10.831850 Ha
Worker 2: Step 210 accepted, E=-10.834746 Ha
Worker 11: Step 59 accepted, E=-10.835433 Ha
Worker 8: Step 94 accepted, E=-10.835587 Ha
Worker 17: No change from 'roto_reflection', skipping.
Worker 5: No change from 'mirror', skipping.
Worker 1: Step 271 accepted, E=-10.835424 Ha
Worker 7: Step 129 accepted, E=-10.834552 Ha
Worker 15: Step 72 accepted, E=-10.834627 Ha
Worker 9: Step 145 accepted, E=-10.835055 Ha
Worker 3: Step 181 accepted, E=-10.834986 Ha
Worker 6: Step 142 accepted, E=-10.834531 Ha
Worker 12: Step 25 accepted, E=-10.835290 Ha
Worker 14: Step 92 accepted, E=-10.835052 Ha
Worker 16: Step 84 accepted, E=-10.835184 Ha
Worker 18: Step 32 accepted, E=-10.835824 Ha
Worker 13: Step 69 accepted, E=-10.835005 Ha
Worker 8: No change from 'roto_reflection', skipping.
Worker 10: Step 136 accepted, E=-10.834841 Ha
Worker 0: Step 165 accepted, E=-10.835298 Ha
Worker 4: Step 118 accepted, E=-10.831968 Ha
Worker 11: Step 60, op=local_twist, ΔE=0.0000 eV, accept=True
Worker 11: Step 60 accepted, E=-10.835433 Ha
Worker 5: Step 131 accepted, E=-10.834802 Ha
Worker 1: Step 272 accepted, E=-10.835432 Ha
Worker 18: No change from 'mirror', skipping.
Worker 2: Step 211 accepted, E=-10.834728 Ha
Worker 17: Step 71 accepted, E=-10.834517 Ha
Worker 7: Step 130 accepted, E=-10.834657 Ha
Worker 6: Step 143 accepted, E=-10.834534 Ha
Worker 3: Step 182 accepted, E=-10.834979 Ha
Worker 15: Step 73 accepted, E=-10.834205 Ha
Worker 14: Step 93 accepted, E=-10.835040 Ha
Worker 12: Step 26 accepted, E=-10.835250 Ha
Worker 9: Step 146 accepted, E=-10.835056 Ha
Worker 13: Step 70, op=random_displacement, ΔE=0.0009 eV, accept=True
Worker 16: Step 85 accepted, E=-10.835200 Ha
Worker 10: Step 137 accepted, E=-10.834763 Ha
Worker 13: Step 70 accepted, E=-10.834973 Ha
Worker 0: Step 166 accepted, E=-10.835320 Ha
Worker 8: Step 96 accepted, E=-10.835588 Ha
Worker 16: No change from 'small_principal_axis_rotation', skipping.
Worker 4: Step 119 accepted, E=-10.832501 Ha
Worker 12: No change from 'mirror', skipping.
Worker 5: Step 132 accepted, E=-10.834788 Ha
Worker 11: Step 61 accepted, E=-10.835466 Ha
Worker 12: Clash after 'large_displacement', rejecting.
Worker 0: No change from 'large_displacement', skipping.
Worker 1: Step 273 accepted, E=-10.835429 Ha
Worker 18: Step 34 accepted, E=-10.835852 Ha
Worker 3: Step 183 accepted, E=-10.834975 Ha
Worker 6: Step 144 accepted, E=-10.834530 Ha
Worker 7: Step 131 accepted, E=-10.834641 Ha
Worker 14: Step 94 accepted, E=-10.835072 Ha
Worker 15: Step 74 accepted, E=-10.832138 Ha
Worker 4: No change from 'large_displacement', skipping.
Worker 17: Step 72 accepted, E=-10.834478 Ha
Worker 10: Step 138 accepted, E=-10.834784 Ha
Worker 13: Step 71 accepted, E=-10.835027 Ha
Worker 9: Step 147 accepted, E=-10.835061 Ha
Worker 2: Step 212 accepted, E=-10.834750 Ha
Worker 1: No change from 'mirror', skipping.
Worker 8: Step 97 accepted, E=-10.835623 Ha
Worker 16: Step 87 accepted, E=-10.835217 Ha
Worker 5: Step 133 accepted, E=-10.834799 Ha
Worker 11: Step 62 accepted, E=-10.835262 Ha
Worker 0: Step 168 accepted, E=-10.835261 Ha
Worker 12: Step 29 accepted, E=-10.835256 Ha
Worker 3: Step 184 accepted, E=-10.834928 Ha
Worker 18: Step 35 accepted, E=-10.835831 Ha
Worker 6: Step 145 accepted, E=-10.834532 Ha
Worker 7: Step 132 accepted, E=-10.834720 Ha
Worker 0: No change from 'principal_axis_rotation', skipping.
Worker 14: Step 95 accepted, E=-10.835042 Ha
Worker 12: No change from 'small_principal_axis_rotation', skipping.
Worker 4: Step 121 accepted, E=-10.832511 Ha
Worker 15: Step 75 accepted, E=-10.827930 Ha
Worker 10: Step 139 accepted, E=-10.834788 Ha
Worker 13: Step 72 accepted, E=-10.834941 Ha
Worker 17: Step 73 accepted, E=-10.834473 Ha
Worker 1: Step 275 accepted, E=-10.835419 Ha
Worker 9: Step 148 accepted, E=-10.835002 Ha
Worker 16: Step 88 accepted, E=-10.835319 Ha
Worker 8: Step 98 accepted, E=-10.835650 Ha
Worker 5: Step 134 accepted, E=-10.834784 Ha
Worker 18: No change from 'roto_reflection', skipping.
Worker 11: Step 63 accepted, E=-10.835260 Ha
Worker 3: Step 185 accepted, E=-10.834896 Ha
Worker 0: Step 170, op=random_rotation, ΔE=0.0001 eV, accept=True
Worker 2: Step 213 accepted, E=-10.834775 Ha
Worker 0: Step 170 accepted, E=-10.835257 Ha
Worker 6: Step 146 accepted, E=-10.834535 Ha
Worker 10: Step 140, op=random_displacement, ΔE=0.0005 eV, accept=True
Worker 7: Step 133 accepted, E=-10.834812 Ha
Worker 10: Step 140 accepted, E=-10.834770 Ha
Worker 13: Step 73 accepted, E=-10.834942 Ha
Worker 1: Step 276 accepted, E=-10.835447 Ha
Worker 16: Step 89 accepted, E=-10.835473 Ha
Worker 9: Step 149 accepted, E=-10.834952 Ha
Worker 5: Step 135 accepted, E=-10.834788 Ha
Worker 17: Step 74 accepted, E=-10.834458 Ha
Worker 8: Step 99 accepted, E=-10.835641 Ha
Worker 18: Step 37 accepted, E=-10.835849 Ha
Worker 4: No change from 'roto_reflection', skipping.
Worker 3: Step 186 accepted, E=-10.834898 Ha
Worker 11: Step 64 accepted, E=-10.835361 Ha
Worker 6: Step 147 accepted, E=-10.834513 Ha
Worker 7: Step 134 accepted, E=-10.834845 Ha
Worker 14: Step 97 accepted, E=-10.835119 Ha
Worker 0: Step 171 accepted, E=-10.835270 Ha
Worker 10: Step 141 accepted, E=-10.834766 Ha
Worker 12: Step 32 accepted, E=-10.835232 Ha
Worker 15: Step 77 accepted, E=-10.827936 Ha
Worker 13: Step 74 accepted, E=-10.834938 Ha
Worker 1: Step 277 accepted, E=-10.835452 Ha
Worker 16: Step 90 accepted, E=-10.835477 Ha
Worker 9: Step 150, op=random_rotation, ΔE=0.0002 eV, accept=True
Worker 5: Step 136 accepted, E=-10.834805 Ha
Worker 9: Step 150 accepted, E=-10.834946 Ha
Worker 2: Step 214 accepted, E=-10.834788 Ha
Worker 8: Step 100, op=twist, ΔE=0.0001 eV, accept=True
Worker 8: Step 100 accepted, E=-10.835638 Ha
Worker 17: Step 75 accepted, E=-10.834703 Ha
Worker 4: Step 124 accepted, E=-10.832658 Ha
Worker 3: Step 187 accepted, E=-10.834893 Ha
Worker 11: Step 65 accepted, E=-10.835355 Ha
Worker 18: Step 38 accepted, E=-10.835850 Ha
Worker 6: Step 148 accepted, E=-10.834528 Ha
Worker 7: Step 135 accepted, E=-10.834804 Ha
Worker 0: Step 172 accepted, E=-10.835223 Ha
Worker 10: Step 142 accepted, E=-10.834762 Ha
Worker 15: Step 78 accepted, E=-10.827930 Ha
Worker 5: Step 137 accepted, E=-10.834833 Ha
Worker 6: No change from 'mirror', skipping.
Worker 1: Step 278 accepted, E=-10.835452 Ha
Worker 13: Step 75 accepted, E=-10.835036 Ha
Worker 14: No change from 'exchange', skipping.
Worker 9: Step 151 accepted, E=-10.834997 Ha
Worker 8: Step 101 accepted, E=-10.835564 Ha
Worker 3: Step 188 accepted, E=-10.834880 Ha
Worker 16: Step 91 accepted, E=-10.835521 Ha
Worker 17: Step 76 accepted, E=-10.834774 Ha
Worker 11: Step 66 accepted, E=-10.835283 Ha
Worker 4: Step 125 accepted, E=-10.831055 Ha
Worker 5: No change from 'roto_reflection', skipping.
Worker 2: Step 215 accepted, E=-10.834803 Ha
Worker 18: Step 39 accepted, E=-10.835858 Ha
Worker 10: Step 143 accepted, E=-10.834526 Ha
Worker 7: Step 136 accepted, E=-10.834816 Ha
Worker 0: Step 173 accepted, E=-10.835244 Ha
Worker 18: No change from 'small_principal_axis_rotation', skipping.
Worker 12: Step 34 accepted, E=-10.835001 Ha
Worker 15: Step 79 accepted, E=-10.827938 Ha
Worker 6: Step 150 accepted, E=-10.834605 Ha
Worker 1: Step 279 accepted, E=-10.835440 Ha
Worker 14: Step 100 accepted, E=-10.835138 Ha
Worker 3: Step 189 accepted, E=-10.834879 Ha
Worker 9: Step 152 accepted, E=-10.835002 Ha
Worker 16: Step 92 accepted, E=-10.835477 Ha
Worker 8: Step 102 accepted, E=-10.835574 Ha
Worker 11: Step 67 accepted, E=-10.835367 Ha
Worker 5: Step 139 accepted, E=-10.834883 Ha
Worker 2: Step 216 accepted, E=-10.834792 Ha
Worker 10: Step 144 accepted, E=-10.834518 Ha
Worker 4: Step 126 accepted, E=-10.831064 Ha
Worker 8: No change from 'small_principal_axis_rotation', skipping.
Worker 17: Step 77 accepted, E=-10.834287 Ha
Worker 7: Step 137 accepted, E=-10.834739 Ha
Worker 0: Step 174 accepted, E=-10.835256 Ha
Worker 13: Step 76 accepted, E=-10.835061 Ha
Worker 12: Step 35 accepted, E=-10.835051 Ha
Worker 18: Step 41 accepted, E=-10.835807 Ha
Worker 6: Step 151 accepted, E=-10.834642 Ha
Worker 15: Step 80 accepted, E=-10.831405 Ha
Worker 1: Step 280, op=random_rotation, ΔE=0.0003 eV, accept=True
Worker 5: No change from 'roto_reflection', skipping.
Worker 1: Step 280 accepted, E=-10.835431 Ha
Worker 14: Step 101 accepted, E=-10.835178 Ha
Worker 3: Step 190, op=correlated_displacement, ΔE=0.0011 eV, accept=True
Worker 3: Step 190 accepted, E=-10.834837 Ha
Worker 9: Step 153 accepted, E=-10.835040 Ha
Worker 16: Step 93 accepted, E=-10.835488 Ha
Worker 11: Step 68 accepted, E=-10.835397 Ha
Worker 2: Step 217 accepted, E=-10.834783 Ha
Worker 18: No change from 'mirror', skipping.
Worker 10: Step 145 accepted, E=-10.834513 Ha
Worker 4: Step 127 accepted, E=-10.830852 Ha
Worker 7: Step 138 accepted, E=-10.834731 Ha
Worker 0: Step 175 accepted, E=-10.835335 Ha
Worker 8: Step 104 accepted, E=-10.835145 Ha
Worker 6: Step 152 accepted, E=-10.834641 Ha
Worker 12: Step 36 accepted, E=-10.835091 Ha
Worker 0: No change from 'small_principal_axis_rotation', skipping.
Worker 5: Step 141 accepted, E=-10.834883 Ha
Worker 15: Step 81 accepted, E=-10.831224 Ha
Worker 1: Step 281 accepted, E=-10.835744 Ha
Worker 13: Step 77 accepted, E=-10.835059 Ha
Worker 14: Step 102 accepted, E=-10.835189 Ha
Worker 9: Step 154 accepted, E=-10.835072 Ha
Worker 3: Step 191 accepted, E=-10.834867 Ha
Worker 2: Step 218 accepted, E=-10.834569 Ha
Worker 16: Step 94 accepted, E=-10.835546 Ha
Worker 9: No change from 'small_principal_axis_rotation', skipping.
Worker 11: Step 69 accepted, E=-10.835395 Ha
Worker 10: Step 146 accepted, E=-10.834514 Ha
Worker 18: Step 43 accepted, E=-10.835798 Ha
Worker 7: Step 139 accepted, E=-10.834762 Ha
Worker 13: No change from 'roto_reflection', skipping.
Worker 6: Step 153 accepted, E=-10.834642 Ha
Worker 8: Step 105 accepted, E=-10.835211 Ha
Worker 5: Step 142 accepted, E=-10.834812 Ha
Worker 17: Step 79 accepted, E=-10.834331 Ha
Worker 0: Step 177 accepted, E=-10.835337 Ha
Worker 3: Step 192 accepted, E=-10.834867 Ha
Worker 12: Step 37 accepted, E=-10.834914 Ha
Worker 15: Step 82 accepted, E=-10.831428 Ha
Worker 14: Step 103 accepted, E=-10.835140 Ha
Worker 1: Step 282 accepted, E=-10.833447 Ha
Worker 12: Clash after 'large_displacement', rejecting.
Worker 5: No change from 'roto_reflection', skipping.
Worker 2: Step 219 accepted, E=-10.834448 Ha
Worker 10: Step 147 accepted, E=-10.834517 Ha
Worker 9: Step 156 accepted, E=-10.835075 Ha
Worker 11: Step 70 accepted, E=-10.835444 Ha
Worker 18: Step 44 accepted, E=-10.835799 Ha
Worker 13: Step 79 accepted, E=-10.835060 Ha
Worker 4: Step 129 accepted, E=-10.834988 Ha
Worker 6: Step 154 accepted, E=-10.834634 Ha
Worker 7: Step 140 accepted, E=-10.834768 Ha
Worker 16: Step 95 accepted, E=-10.835543 Ha
Worker 8: Step 106 accepted, E=-10.835263 Ha
Worker 0: Step 178 accepted, E=-10.835353 Ha
Worker 3: Step 193 accepted, E=-10.834830 Ha
Worker 17: Step 80 accepted, E=-10.834509 Ha
Worker 14: Step 104 accepted, E=-10.835154 Ha
Worker 15: Step 83 accepted, E=-10.831410 Ha
Worker 12: Step 39 accepted, E=-10.834978 Ha
Worker 1: Step 283 accepted, E=-10.833362 Ha
Worker 5: Step 144 accepted, E=-10.834823 Ha
Worker 10: Step 148 accepted, E=-10.834515 Ha
Worker 2: Step 220 accepted, E=-10.834450 Ha
Worker 18: Step 45 accepted, E=-10.835810 Ha
Worker 11: Step 71 accepted, E=-10.835337 Ha
Worker 13: Step 80, op=small_principal_axis_rotation, ΔE=0.0016 eV, accept=True
Worker 4: Step 130 accepted, E=-10.835065 Ha
Worker 6: Step 155 accepted, E=-10.834626 Ha
Worker 13: Step 80 accepted, E=-10.835000 Ha
Worker 7: Step 141 accepted, E=-10.834703 Ha
Worker 16: Step 96 accepted, E=-10.835647 Ha
Worker 8: Step 107 accepted, E=-10.835283 Ha
Worker 3: Step 194 accepted, E=-10.834846 Ha
Worker 0: Step 179 accepted, E=-10.835353 Ha
Worker 14: Step 105 accepted, E=-10.835186 Ha
Worker 9: Step 157 accepted, E=-10.835081 Ha
Worker 17: Step 81 accepted, E=-10.834530 Ha
Worker 1: Step 284 accepted, E=-10.833431 Ha
Worker 5: Step 145 accepted, E=-10.834793 Ha
Worker 12: Step 40, op=random_rotation, ΔE=0.0014 eV, accept=True
Worker 10: Step 149 accepted, E=-10.834512 Ha
Worker 12: Step 40 accepted, E=-10.834927 Ha
Worker 2: Step 221 accepted, E=-10.834640 Ha
Worker 7: Step 142 accepted, E=-10.834703 Ha
Worker 4: Step 131 accepted, E=-10.835044 Ha
Worker 18: Step 46 accepted, E=-10.835818 Ha
Worker 13: Step 81 accepted, E=-10.835000 Ha
Worker 3: Step 195 accepted, E=-10.834847 Ha
Worker 8: Step 108 accepted, E=-10.835356 Ha
Worker 0: Step 180, op=exchange, ΔE=0.0238 eV, accept=True
Worker 0: Step 180 accepted, E=-10.834480 Ha
Worker 16: Step 97 accepted, E=-10.835568 Ha
Worker 14: Step 106 accepted, E=-10.835075 Ha
Worker 15: Step 85 accepted, E=-10.833945 Ha
Worker 9: Step 158 accepted, E=-10.835065 Ha
Worker 1: Step 285 accepted, E=-10.833135 Ha
Worker 10: Step 150 accepted, E=-10.834526 Ha
Worker 5: Step 146 accepted, E=-10.834813 Ha
Worker 17: Step 82 accepted, E=-10.834533 Ha
Worker 2: Step 222 accepted, E=-10.834617 Ha
Worker 6: Step 157 accepted, E=-10.834639 Ha
Worker 11: Step 73 accepted, E=-10.835328 Ha
Worker 12: Step 41 accepted, E=-10.834930 Ha
Worker 7: Step 143 accepted, E=-10.834707 Ha
Worker 4: Step 132 accepted, E=-10.835041 Ha
Worker 18: Step 47 accepted, E=-10.835845 Ha
Worker 3: Step 196 accepted, E=-10.834848 Ha
Worker 13: Step 82 accepted, E=-10.834906 Ha
Worker 8: Step 109 accepted, E=-10.835348 Ha
Worker 16: Step 98 accepted, E=-10.835565 Ha
Worker 14: Step 107 accepted, E=-10.835074 Ha
Worker 0: Step 181 accepted, E=-10.834520 Ha
Worker 9: Step 159 accepted, E=-10.835081 Ha
Worker 10: Step 151 accepted, E=-10.834513 Ha
Worker 15: Step 86 accepted, E=-10.833131 Ha
Worker 16: No change from 'small_principal_axis_rotation', skipping.
Worker 2: Step 223 accepted, E=-10.834609 Ha
Worker 5: Step 147 accepted, E=-10.834507 Ha
Worker 6: Step 158 accepted, E=-10.834629 Ha
Worker 17: Step 83 accepted, E=-10.834341 Ha
Worker 11: Step 74 accepted, E=-10.835325 Ha
Worker 12: Step 42 accepted, E=-10.834987 Ha
Worker 7: Step 144 accepted, E=-10.834721 Ha
Worker 4: Step 133 accepted, E=-10.835123 Ha
Worker 18: Step 48 accepted, E=-10.835813 Ha
Worker 13: Step 83 accepted, E=-10.834886 Ha
Worker 3: Step 197 accepted, E=-10.834857 Ha
Worker 14: Step 108 accepted, E=-10.835035 Ha
Worker 9: Step 160, op=random_displacement, ΔE=0.0011 eV, accept=True
Worker 8: Step 110, op=twist, ΔE=0.0003 eV, accept=True
Worker 9: Step 160 accepted, E=-10.835042 Ha
Worker 0: Step 182 accepted, E=-10.834537 Ha
Worker 8: Step 110 accepted, E=-10.835335 Ha
Worker 10: Step 152 accepted, E=-10.834508 Ha
Worker 1: Step 287 accepted, E=-10.832873 Ha
Worker 16: Step 100, op=local_twist, ΔE=0.0001 eV, accept=True
Worker 2: Step 224 accepted, E=-10.834613 Ha
Worker 16: Step 100 accepted, E=-10.835561 Ha
Worker 5: Step 148 accepted, E=-10.834519 Ha
Worker 15: Step 87 accepted, E=-10.832596 Ha
Worker 6: Step 159 accepted, E=-10.834617 Ha
Worker 17: Step 84 accepted, E=-10.834441 Ha
Worker 11: Step 75 accepted, E=-10.835326 Ha
Worker 7: Step 145 accepted, E=-10.834652 Ha
Worker 4: Step 134 accepted, E=-10.835130 Ha
Worker 10: No change from 'roto_reflection', skipping.
Worker 12: Step 43 accepted, E=-10.833252 Ha
Worker 13: Step 84 accepted, E=-10.834895 Ha
Worker 3: Step 198 accepted, E=-10.834855 Ha
Worker 18: Step 49 accepted, E=-10.835728 Ha
Worker 14: Step 109 accepted, E=-10.835041 Ha
Worker 9: Step 161 accepted, E=-10.834848 Ha
Worker 0: Step 183 accepted, E=-10.834547 Ha
Worker 8: Step 111 accepted, E=-10.835282 Ha
Worker 16: Step 101 accepted, E=-10.835615 Ha
Worker 2: Step 225 accepted, E=-10.834616 Ha
Worker 5: Step 149 accepted, E=-10.834505 Ha
Worker 6: Step 160, op=correlated_displacement, ΔE=0.0004 eV, accept=True
Worker 1: Step 288 accepted, E=-10.832873 Ha
Worker 15: Step 88 accepted, E=-10.832618 Ha
Worker 6: Step 160 accepted, E=-10.834603 Ha
Worker 18: No change from 'large_displacement', skipping.
Worker 10: Step 154 accepted, E=-10.834506 Ha
Worker 7: Step 146 accepted, E=-10.834601 Ha
Worker 11: Step 76 accepted, E=-10.835075 Ha
Worker 4: Step 135 accepted, E=-10.835165 Ha
Worker 17: Step 85 accepted, E=-10.834425 Ha
Worker 13: Step 85 accepted, E=-10.834896 Ha
Worker 3: Step 199 accepted, E=-10.834860 Ha
Worker 12: Step 44 accepted, E=-10.833265 Ha
Worker 14: Step 110, op=random_displacement, ΔE=0.0004 eV, accept=True
Worker 14: Step 110 accepted, E=-10.835026 Ha
Worker 9: Step 162 accepted, E=-10.834852 Ha
Worker 0: Step 184 accepted, E=-10.834612 Ha
Worker 16: Step 102 accepted, E=-10.835614 Ha
Worker 2: Step 226 accepted, E=-10.834595 Ha
Worker 5: Step 150 accepted, E=-10.834515 Ha
Worker 6: Step 161 accepted, E=-10.834610 Ha
Worker 1: Step 289 accepted, E=-10.832895 Ha
Worker 15: Step 89 accepted, E=-10.832636 Ha
Worker 18: Step 51 accepted, E=-10.834792 Ha
Worker 10: Step 155 accepted, E=-10.834505 Ha
Worker 3: Step 200, op=random_rotation, ΔE=0.0000 eV, accept=True
Worker 7: Step 147 accepted, E=-10.834591 Ha
Worker 13: Step 86 accepted, E=-10.834886 Ha
Worker 3: Step 200 accepted, E=-10.834859 Ha
Worker 16: No change from 'roto_reflection', skipping.
Worker 11: Step 77 accepted, E=-10.834584 Ha
Worker 12: Step 45 accepted, E=-10.833434 Ha
Worker 14: Step 111 accepted, E=-10.835056 Ha
Worker 9: Step 163 accepted, E=-10.834853 Ha
Worker 17: Step 86 accepted, E=-10.834370 Ha
Worker 0: Step 185 accepted, E=-10.834561 Ha
Worker 2: Step 227 accepted, E=-10.834592 Ha
Worker 4: No change from 'large_displacement', skipping.
Worker 6: Step 162 accepted, E=-10.834610 Ha
Worker 5: Step 151 accepted, E=-10.834511 Ha
Worker 1: Step 290, op=random_displacement, ΔE=0.0004 eV, accept=True
Worker 8: Step 113 accepted, E=-10.835260 Ha
Worker 10: Step 156 accepted, E=-10.834500 Ha
Worker 1: Step 290 accepted, E=-10.832879 Ha
Worker 18: Step 52 accepted, E=-10.835498 Ha
Worker 15: Step 90 accepted, E=-10.832878 Ha
Worker 7: Step 148 accepted, E=-10.834959 Ha
Worker 13: Step 87 accepted, E=-10.834904 Ha
Worker 16: Step 104 accepted, E=-10.835661 Ha
Worker 3: Step 201 accepted, E=-10.834874 Ha
Worker 11: Step 78 accepted, E=-10.835297 Ha
Worker 14: Step 112 accepted, E=-10.835026 Ha
Worker 12: Step 46 accepted, E=-10.833361 Ha
Worker 9: Step 164 accepted, E=-10.834823 Ha
Worker 0: Step 186 accepted, E=-10.834590 Ha
Worker 2: Step 228 accepted, E=-10.834509 Ha
Worker 5: Step 152 accepted, E=-10.834510 Ha
Worker 17: Step 87 accepted, E=-10.834326 Ha
Worker 6: Step 163 accepted, E=-10.834632 Ha
Worker 4: Step 138 accepted, E=-10.834995 Ha
Worker 11: No change from 'roto_reflection', skipping.
Worker 8: Step 114 accepted, E=-10.835112 Ha
Worker 1: Step 291 accepted, E=-10.832878 Ha
Worker 10: Step 157 accepted, E=-10.834793 Ha
Worker 9: No change from 'mirror', skipping.
Worker 15: Step 91 accepted, E=-10.832881 Ha
Worker 3: Step 202 accepted, E=-10.834873 Ha
Worker 1: No change from 'small_principal_axis_rotation', skipping.
Worker 7: Step 149 accepted, E=-10.835105 Ha
Worker 14: Step 113 accepted, E=-10.835053 Ha
Worker 18: Step 53 accepted, E=-10.835088 Ha
Worker 13: Step 88 accepted, E=-10.834897 Ha
Worker 16: Step 105 accepted, E=-10.835658 Ha
Worker 0: Step 187 accepted, E=-10.834598 Ha
Worker 5: Step 153 accepted, E=-10.834522 Ha
Worker 2: Step 229 accepted, E=-10.834510 Ha
Worker 12: Step 47 accepted, E=-10.834421 Ha
Worker 13: No change from 'small_principal_axis_rotation', skipping.
Worker 4: Step 139 accepted, E=-10.834944 Ha
Worker 6: Step 164 accepted, E=-10.834638 Ha
Worker 11: Step 80, op=correlated_displacement, ΔE=0.0054 eV, accept=True
Worker 10: Step 158 accepted, E=-10.834787 Ha
Worker 17: Step 88 accepted, E=-10.834362 Ha
Worker 11: Step 80 accepted, E=-10.835097 Ha
Worker 8: Step 115 accepted, E=-10.835096 Ha
Worker 12: No change from 'exchange', skipping.
Worker 3: Step 203 accepted, E=-10.834295 Ha
Worker 15: Step 92 accepted, E=-10.832895 Ha
Worker 9: Step 166 accepted, E=-10.834804 Ha
Worker 1: Step 293 accepted, E=-10.832742 Ha
Worker 14: Step 114 accepted, E=-10.835051 Ha
Worker 7: Step 150, op=twist, ΔE=0.0021 eV, accept=True
Worker 3: No change from 'small_principal_axis_rotation', skipping.
Worker 18: Step 54 accepted, E=-10.835050 Ha
Worker 7: Step 150 accepted, E=-10.835029 Ha
Worker 2: Step 230, op=random_displacement, ΔE=0.0002 eV, accept=True
Worker 0: Step 188 accepted, E=-10.834602 Ha
Worker 5: Step 154 accepted, E=-10.834517 Ha
Worker 16: Step 106 accepted, E=-10.835582 Ha
Worker 2: Step 230 accepted, E=-10.834502 Ha
Worker 10: No change from 'roto_reflection', skipping.
Worker 6: Step 165 accepted, E=-10.834642 Ha
Worker 4: Step 140 accepted, E=-10.835031 Ha
Worker 11: Step 81 accepted, E=-10.835058 Ha
Worker 12: Step 49 accepted, E=-10.835215 Ha
Worker 8: Step 116 accepted, E=-10.835177 Ha
Worker 17: Step 89 accepted, E=-10.834357 Ha
Worker 15: Step 93 accepted, E=-10.832861 Ha
Worker 3: Step 205 accepted, E=-10.834286 Ha
Worker 9: Step 167 accepted, E=-10.834815 Ha
Worker 14: Step 115 accepted, E=-10.835048 Ha
Worker 13: Step 90 accepted, E=-10.834911 Ha
Worker 1: Step 294 accepted, E=-10.832780 Ha
Worker 7: Step 151 accepted, E=-10.835034 Ha
Worker 18: Step 55 accepted, E=-10.835041 Ha
Worker 0: Step 189 accepted, E=-10.834663 Ha
Worker 2: Step 231 accepted, E=-10.834502 Ha
Worker 5: Step 155 accepted, E=-10.834515 Ha
Worker 10: Step 160 accepted, E=-10.834790 Ha
Worker 6: Step 166 accepted, E=-10.834646 Ha
Worker 4: Step 141 accepted, E=-10.835017 Ha
Worker 11: Step 82 accepted, E=-10.835142 Ha
Worker 12: Step 50, op=correlated_displacement, ΔE=0.0088 eV, accept=True
Worker 12: Step 50 accepted, E=-10.834892 Ha
Worker 8: Step 117 accepted, E=-10.834660 Ha
Worker 3: Step 206 accepted, E=-10.834286 Ha
Worker 15: Step 94 accepted, E=-10.832908 Ha
Worker 9: Step 168 accepted, E=-10.834606 Ha
Worker 14: Step 116 accepted, E=-10.835038 Ha
Worker 17: Step 90, op=local_twist, ΔE=0.0005 eV, accept=True
Worker 0: Step 190 accepted, E=-10.834716 Ha
Worker 1: Step 295 accepted, E=-10.832767 Ha
Worker 17: Step 90 accepted, E=-10.834340 Ha
Worker 7: Step 152 accepted, E=-10.835086 Ha
Worker 5: Step 156 accepted, E=-10.834507 Ha
Worker 18: Step 56 accepted, E=-10.834980 Ha
Worker 16: Step 108 accepted, E=-10.835591 Ha
Worker 8: No change from 'principal_axis_rotation', skipping.
Worker 10: Step 161 accepted, E=-10.834771 Ha
Worker 2: Step 232 accepted, E=-10.834511 Ha
Worker 6: Step 167 accepted, E=-10.834999 Ha
Worker 13: Step 91 accepted, E=-10.834877 Ha
Worker 4: Step 142 accepted, E=-10.834869 Ha
Worker 11: Step 83 accepted, E=-10.835257 Ha
Worker 3: Step 207 accepted, E=-10.834272 Ha
Worker 9: Step 169 accepted, E=-10.834614 Ha
Worker 14: Step 117 accepted, E=-10.835049 Ha
Worker 15: Step 95 accepted, E=-10.832908 Ha
Worker 0: Step 191 accepted, E=-10.834684 Ha
Worker 2: Step 233 accepted, E=-10.834508 Ha
Worker 10: Step 162 accepted, E=-10.834750 Ha
Worker 5: Step 157 accepted, E=-10.834537 Ha
Worker 7: Step 153 accepted, E=-10.835070 Ha
Worker 1: Step 296 accepted, E=-10.832475 Ha
Worker 16: Step 109 accepted, E=-10.835587 Ha
Worker 18: Step 57 accepted, E=-10.834944 Ha
Worker 8: Step 119 accepted, E=-10.834875 Ha
Worker 17: Step 91 accepted, E=-10.834325 Ha
Worker 6: Step 168 accepted, E=-10.834864 Ha
Worker 4: Step 143 accepted, E=-10.834864 Ha
Worker 13: Step 92 accepted, E=-10.834880 Ha
Worker 11: Step 84 accepted, E=-10.835305 Ha
Worker 3: Step 208 accepted, E=-10.834275 Ha
Worker 14: Step 118 accepted, E=-10.835058 Ha
Worker 9: Step 170 accepted, E=-10.834617 Ha
Worker 13: No change from 'small_principal_axis_rotation', skipping.
Worker 10: Step 163 accepted, E=-10.834748 Ha
Worker 2: Step 234 accepted, E=-10.834513 Ha
Worker 15: Step 96 accepted, E=-10.832613 Ha
Worker 0: Step 192 accepted, E=-10.834643 Ha
Worker 16: Step 110, op=correlated_displacement, ΔE=0.0014 eV, accept=True
Worker 1: Step 297 accepted, E=-10.832416 Ha
Worker 12: Step 52 accepted, E=-10.834886 Ha
Worker 5: Step 158 accepted, E=-10.834538 Ha
Worker 7: Step 154 accepted, E=-10.835106 Ha
Worker 16: Step 110 accepted, E=-10.835536 Ha
Worker 18: Step 58 accepted, E=-10.835318 Ha
Worker 8: Step 120 accepted, E=-10.834881 Ha
Worker 17: Step 92 accepted, E=-10.834133 Ha
Worker 6: Step 169 accepted, E=-10.834858 Ha
Worker 5: No change from 'exchange', skipping.
Worker 4: Step 144 accepted, E=-10.834870 Ha
Worker 3: Step 209 accepted, E=-10.834293 Ha
Worker 11: Step 85 accepted, E=-10.835411 Ha
Worker 14: Step 119 accepted, E=-10.835061 Ha
Worker 13: Step 94 accepted, E=-10.834786 Ha
Worker 9: Step 171 accepted, E=-10.834624 Ha
Worker 2: Step 235 accepted, E=-10.834512 Ha
Worker 10: Step 164 accepted, E=-10.834755 Ha
Worker 12: Step 53 accepted, E=-10.834895 Ha
Worker 15: Step 97 accepted, E=-10.831163 Ha
Worker 0: Step 193 accepted, E=-10.834638 Ha
Worker 7: Step 155 accepted, E=-10.835328 Ha
Worker 1: Step 298 accepted, E=-10.828594 Ha
Worker 16: Step 111 accepted, E=-10.835536 Ha
Worker 18: Step 59 accepted, E=-10.835441 Ha
Worker 6: Step 170, op=correlated_displacement, ΔE=0.0004 eV, accept=True
Worker 16: No change from 'small_principal_axis_rotation', skipping.
Worker 5: Step 160, op=random_rotation, ΔE=0.0002 eV, accept=True
Worker 6: Step 170 accepted, E=-10.834844 Ha
Worker 3: Step 210, op=random_displacement, ΔE=0.0001 eV, accept=True
Worker 5: Step 160 accepted, E=-10.834529 Ha
Worker 17: Step 93 accepted, E=-10.834583 Ha
Worker 4: Step 145 accepted, E=-10.834787 Ha
Worker 3: Step 210 accepted, E=-10.834290 Ha
Worker 14: Step 120 accepted, E=-10.835096 Ha
Worker 9: Step 172 accepted, E=-10.834624 Ha
Worker 11: No change from 'small_principal_axis_rotation', skipping.
Worker 10: Step 165 accepted, E=-10.834766 Ha
Worker 2: Step 236 accepted, E=-10.834413 Ha
Worker 0: Step 194 accepted, E=-10.834639 Ha
Worker 7: Step 156 accepted, E=-10.835287 Ha
Worker 13: Step 95 accepted, E=-10.834538 Ha
Worker 15: Step 98 accepted, E=-10.831250 Ha
Worker 1: Step 299 accepted, E=-10.828631 Ha
Worker 6: Step 171 accepted, E=-10.834849 Ha
Worker 12: Step 54 accepted, E=-10.834885 Ha
Worker 5: Step 161 accepted, E=-10.834535 Ha
Worker 3: Step 211 accepted, E=-10.834292 Ha
Worker 18: Step 60, op=correlated_displacement, ΔE=0.0099 eV, accept=True
Worker 14: Step 121 accepted, E=-10.835102 Ha
Worker 18: Step 60 accepted, E=-10.835076 Ha
Worker 17: Step 94 accepted, E=-10.834599 Ha
Worker 4: Step 146 accepted, E=-10.835171 Ha
Worker 9: Step 173 accepted, E=-10.834620 Ha
Worker 2: Step 237 accepted, E=-10.834414 Ha
Worker 18: No change from 'principal_axis_rotation', skipping.
Worker 11: Step 88 accepted, E=-10.835401 Ha
Worker 10: Step 166 accepted, E=-10.834767 Ha
Worker 0: Step 195 accepted, E=-10.834710 Ha
Worker 7: Step 157 accepted, E=-10.835210 Ha
Worker 13: Step 96 accepted, E=-10.834543 Ha
Worker 1: Step 300 accepted, E=-10.831123 Ha
Worker 8: Step 123 accepted, E=-10.835911 Ha
Worker 6: Step 172 accepted, E=-10.834832 Ha
Worker 12: Step 55 accepted, E=-10.834887 Ha
Worker 3: Step 212 accepted, E=-10.834296 Ha
Worker 5: Step 162 accepted, E=-10.834528 Ha
Worker 14: Step 122 accepted, E=-10.835136 Ha
Worker 16: Step 114 accepted, E=-10.835651 Ha
Worker 4: Step 147 accepted, E=-10.835067 Ha
Worker 17: Step 95 accepted, E=-10.834608 Ha
Worker 2: Step 238 accepted, E=-10.834417 Ha
Worker 9: Step 174 accepted, E=-10.834620 Ha
Worker 11: Step 89 accepted, E=-10.835102 Ha
Worker 10: Step 167 accepted, E=-10.834763 Ha
Worker 18: Step 62 accepted, E=-10.835092 Ha
Worker 0: Step 196 accepted, E=-10.834664 Ha
Worker 13: Step 97 accepted, E=-10.834539 Ha
Worker 7: Step 158 accepted, E=-10.835329 Ha
Worker 15: Step 100, op=local_twist, ΔE=0.0006 eV, accept=True
Worker 1: Step 301 accepted, E=-10.831120 Ha
Worker 15: Step 100 accepted, E=-10.831229 Ha
Worker 0: No change from 'principal_axis_rotation', skipping.
Worker 8: Step 124 accepted, E=-10.835925 Ha
Worker 6: Step 173 accepted, E=-10.834825 Ha
Worker 3: Step 213 accepted, E=-10.834878 Ha
Worker 12: Step 56 accepted, E=-10.834346 Ha
Worker 5: Step 163 accepted, E=-10.834503 Ha
Worker 16: Step 115 accepted, E=-10.835555 Ha
Worker 14: Step 123 accepted, E=-10.835134 Ha
Worker 4: Step 148 accepted, E=-10.835168 Ha
Worker 17: Step 96 accepted, E=-10.834534 Ha
Worker 2: Step 239 accepted, E=-10.834417 Ha
Worker 9: Step 175 accepted, E=-10.834612 Ha
Worker 10: Step 168 accepted, E=-10.834763 Ha
Worker 11: Step 90, op=random_rotation, ΔE=0.0002 eV, accept=True
Worker 13: Step 98 accepted, E=-10.834517 Ha
Worker 11: Step 90 accepted, E=-10.835094 Ha
Worker 18: Step 63 accepted, E=-10.835101 Ha
Worker 7: Step 159 accepted, E=-10.835285 Ha
Worker 6: Step 174 accepted, E=-10.834864 Ha
Worker 0: Step 198 accepted, E=-10.834873 Ha
Worker 8: Step 125 accepted, E=-10.836059 Ha
Worker 3: Step 214 accepted, E=-10.834884 Ha
Worker 5: Step 164 accepted, E=-10.834503 Ha
Worker 12: Step 57 accepted, E=-10.834348 Ha
Worker 14: Step 124 accepted, E=-10.835121 Ha
Worker 16: Step 116 accepted, E=-10.835587 Ha
Worker 2: Step 240 accepted, E=-10.834417 Ha
Worker 9: Step 176 accepted, E=-10.834611 Ha
Worker 4: Step 149 accepted, E=-10.835125 Ha
Worker 10: Step 169 accepted, E=-10.834758 Ha
Worker 13: Step 99 accepted, E=-10.834548 Ha
Worker 17: Step 97 accepted, E=-10.834539 Ha
Worker 7: Step 160, op=local_twist, ΔE=0.0023 eV, accept=True
Worker 11: Step 91 accepted, E=-10.835097 Ha
Worker 18: Step 64 accepted, E=-10.835238 Ha
Worker 7: Step 160 accepted, E=-10.835199 Ha
Worker 1: Step 303 accepted, E=-10.831255 Ha
Worker 0: Step 199 accepted, E=-10.834792 Ha
Worker 15: Step 102 accepted, E=-10.831266 Ha
Worker 3: Step 215 accepted, E=-10.834881 Ha
Worker 6: Step 175 accepted, E=-10.834888 Ha
Worker 5: Step 165 accepted, E=-10.834522 Ha
Worker 13: No change from 'twist', skipping.
Worker 14: Step 125 accepted, E=-10.835120 Ha
Worker 12: Step 58 accepted, E=-10.834376 Ha
Worker 16: Step 117 accepted, E=-10.835588 Ha
Worker 8: Step 126 accepted, E=-10.836059 Ha
Worker 2: Step 241 accepted, E=-10.834417 Ha
Worker 9: Step 177 accepted, E=-10.834617 Ha
Worker 6: No change from 'large_displacement', skipping.
Worker 4: Step 150 accepted, E=-10.835174 Ha
Worker 10: Step 170 accepted, E=-10.834762 Ha
Worker 11: Step 92 accepted, E=-10.835014 Ha
Worker 17: Step 98 accepted, E=-10.834538 Ha
Worker 7: Step 161 accepted, E=-10.835230 Ha
Worker 18: Step 65 accepted, E=-10.835236 Ha
Worker 3: Step 216 accepted, E=-10.834908 Ha
Worker 0: Step 200 accepted, E=-10.834798 Ha
Worker 5: Step 166 accepted, E=-10.834528 Ha
Worker 13: Step 101 accepted, E=-10.834547 Ha
Worker 15: Step 103 accepted, E=-10.833099 Ha
Worker 14: Step 126 accepted, E=-10.835120 Ha
Worker 12: Step 59 accepted, E=-10.834602 Ha
Worker 16: Step 118 accepted, E=-10.835785 Ha
Worker 2: Step 242 accepted, E=-10.834417 Ha
Worker 8: Step 127 accepted, E=-10.836069 Ha
Worker 9: Step 178 accepted, E=-10.834522 Ha
Worker 6: Step 177 accepted, E=-10.834922 Ha
Worker 10: Step 171 accepted, E=-10.834735 Ha
Worker 4: Step 151 accepted, E=-10.835328 Ha
Worker 11: Step 93 accepted, E=-10.835023 Ha
Worker 9: No change from 'principal_axis_rotation', skipping.
Worker 7: Step 162 accepted, E=-10.835073 Ha
Worker 3: Step 217 accepted, E=-10.834908 Ha
Worker 17: Step 99 accepted, E=-10.834538 Ha
Worker 0: Step 201 accepted, E=-10.833846 Ha
Worker 5: Step 167 accepted, E=-10.834541 Ha
Worker 13: Step 102 accepted, E=-10.834537 Ha
Worker 18: Step 66 accepted, E=-10.835242 Ha
Worker 14: Step 127 accepted, E=-10.835090 Ha
Worker 12: Step 60, op=random_displacement, ΔE=0.0039 eV, accept=True
Worker 2: Step 243 accepted, E=-10.834417 Ha
Worker 12: Step 60 accepted, E=-10.834460 Ha
Worker 16: Step 119 accepted, E=-10.835785 Ha
Worker 8: Step 128 accepted, E=-10.836067 Ha
Worker 6: Step 178 accepted, E=-10.834943 Ha
Worker 11: Step 94 accepted, E=-10.835055 Ha
Worker 10: Step 172 accepted, E=-10.834653 Ha
Worker 3: Step 218 accepted, E=-10.834908 Ha
Worker 4: Step 152 accepted, E=-10.835136 Ha
Worker 7: Step 163 accepted, E=-10.835316 Ha
Worker 5: Step 168 accepted, E=-10.834590 Ha
Worker 9: Step 180 accepted, E=-10.834522 Ha
Worker 14: Step 128 accepted, E=-10.835079 Ha
Worker 13: Step 103 accepted, E=-10.834466 Ha
Worker 17: Step 100, op=small_principal_axis_rotation, ΔE=0.0001 eV, accept=True
Worker 2: Step 244 accepted, E=-10.834416 Ha
Worker 17: Step 100 accepted, E=-10.834534 Ha
Worker 18: Step 67 accepted, E=-10.835215 Ha
Worker 8: Step 129 accepted, E=-10.836138 Ha
Worker 13: No change from 'mirror', skipping.
Worker 6: Step 179 accepted, E=-10.834946 Ha
Worker 12: Step 61 accepted, E=-10.833889 Ha
Worker 16: Step 120, op=exchange, ΔE=0.0882 eV, accept=False
Worker 11: Step 95 accepted, E=-10.835118 Ha
Worker 10: Step 173 accepted, E=-10.834661 Ha
Worker 3: Step 219 accepted, E=-10.834942 Ha
Worker 1: Step 307 accepted, E=-10.831267 Ha
Worker 17: No change from 'small_principal_axis_rotation', skipping.
Worker 4: Step 153 accepted, E=-10.835258 Ha
Worker 5: Step 169 accepted, E=-10.834585 Ha
Worker 14: Step 129 accepted, E=-10.835593 Ha
Worker 13: No change from 'large_displacement', skipping.
Worker 7: Step 164 accepted, E=-10.835295 Ha
Worker 9: Step 181 accepted, E=-10.834526 Ha
Worker 0: Step 203 accepted, E=-10.834256 Ha
Worker 2: Step 245 accepted, E=-10.834415 Ha
Worker 15: Step 106 accepted, E=-10.833983 Ha
Worker 17: No change from 'mirror', skipping.
Worker 8: Step 130 accepted, E=-10.836149 Ha
Worker 18: Step 68 accepted, E=-10.835174 Ha
Worker 6: Step 180, op=small_principal_axis_rotation, ΔE=0.0003 eV, accept=True
Worker 12: Step 62 accepted, E=-10.833901 Ha
Worker 11: Step 96 accepted, E=-10.835132 Ha
Worker 16: Step 121 accepted, E=-10.835625 Ha
Worker 6: Step 180 accepted, E=-10.834936 Ha
Worker 3: Step 220 accepted, E=-10.834943 Ha
Worker 10: Step 174 accepted, E=-10.834662 Ha
Worker 5: Step 170 accepted, E=-10.834586 Ha
Worker 14: Step 130, op=random_displacement, ΔE=0.0009 eV, accept=True
Worker 13: Step 106 accepted, E=-10.834468 Ha
Worker 14: Step 130 accepted, E=-10.835560 Ha
Worker 4: Step 154 accepted, E=-10.835248 Ha
Worker 9: Step 182 accepted, E=-10.834523 Ha
Worker 7: Step 165 accepted, E=-10.835435 Ha
Worker 2: Step 246 accepted, E=-10.834413 Ha
Worker 0: Step 204 accepted, E=-10.834188 Ha
Worker 15: Step 107 accepted, E=-10.834256 Ha
Worker 18: Step 69 accepted, E=-10.835184 Ha
Worker 2: No change from 'exchange', skipping.
Worker 17: Step 103 accepted, E=-10.834525 Ha
Worker 11: Step 97 accepted, E=-10.835133 Ha
Worker 12: Step 63 accepted, E=-10.833889 Ha
Worker 6: Step 181 accepted, E=-10.834860 Ha
Worker 9: No change from 'roto_reflection', skipping.
Worker 8: Step 131 accepted, E=-10.836151 Ha
Worker 16: Step 122 accepted, E=-10.835622 Ha
Worker 3: Step 221 accepted, E=-10.834941 Ha
Worker 10: Step 175 accepted, E=-10.834659 Ha
Worker 5: Step 171 accepted, E=-10.834579 Ha
Worker 13: Step 107 accepted, E=-10.834471 Ha
Worker 1: Step 309 accepted, E=-10.831529 Ha
Worker 7: Step 166 accepted, E=-10.835462 Ha
Worker 14: Step 131 accepted, E=-10.835572 Ha
Worker 4: Step 155 accepted, E=-10.835249 Ha
Worker 18: No change from 'large_displacement', skipping.
Worker 0: Step 205 accepted, E=-10.834185 Ha
Worker 5: No change from 'exchange', skipping.
Worker 15: Step 108 accepted, E=-10.835533 Ha
Worker 13: No change from 'exchange', skipping.
Worker 2: Step 248 accepted, E=-10.834413 Ha
Worker 11: Step 98 accepted, E=-10.835107 Ha
Worker 6: Step 182 accepted, E=-10.834805 Ha
Worker 12: Step 64 accepted, E=-10.833902 Ha
Worker 3: Step 222 accepted, E=-10.834942 Ha
Worker 10: Step 176 accepted, E=-10.834651 Ha
Worker 16: Step 123 accepted, E=-10.835532 Ha
Worker 9: Step 184 accepted, E=-10.834518 Ha
Worker 8: Step 132 accepted, E=-10.835984 Ha
Worker 17: Step 104 accepted, E=-10.834528 Ha
Worker 7: Step 167 accepted, E=-10.835334 Ha
Worker 1: Step 310 accepted, E=-10.831530 Ha
Worker 14: Step 132 accepted, E=-10.835575 Ha
Worker 1: Box grew at step 310. Size=4.660, acc=0.500
Worker 4: Step 156 accepted, E=-10.835174 Ha
Worker 18: Step 71 accepted, E=-10.835173 Ha
Worker 5: Step 173 accepted, E=-10.834596 Ha
Worker 0: Step 206 accepted, E=-10.834163 Ha
Worker 7: No change from 'small_principal_axis_rotation', skipping.
Worker 12: No change from 'principal_axis_rotation', skipping.
Worker 13: Step 109 accepted, E=-10.834474 Ha
Worker 18: No change from 'small_principal_axis_rotation', skipping.
Worker 2: Step 249 accepted, E=-10.834412 Ha
Worker 17: No change from 'small_principal_axis_rotation', skipping.
Worker 3: Step 223 accepted, E=-10.834945 Ha
Worker 10: Step 177 accepted, E=-10.834911 Ha
Worker 6: Step 183 accepted, E=-10.834807 Ha
Worker 9: Step 185 accepted, E=-10.834487 Ha
Worker 11: Step 99 accepted, E=-10.835152 Ha
Worker 16: Step 124 accepted, E=-10.835457 Ha
Worker 8: Step 133 accepted, E=-10.835919 Ha
Worker 18: No change from 'large_displacement', skipping.
Worker 14: Step 133 accepted, E=-10.835619 Ha
Worker 5: Step 174 accepted, E=-10.834598 Ha
Worker 1: Step 311 accepted, E=-10.830849 Ha
Worker 0: Step 207 accepted, E=-10.834141 Ha
Worker 12: Step 66 accepted, E=-10.833429 Ha
Worker 4: Step 157 accepted, E=-10.835126 Ha
Worker 15: Step 110, op=small_principal_axis_rotation, ΔE=0.0009 eV, accept=True
Worker 13: Step 110 accepted, E=-10.834482 Ha
Worker 15: Step 110 accepted, E=-10.835501 Ha
Worker 2: Step 250, op=principal_axis_rotation, ΔE=0.0001 eV, accept=True
Worker 3: Step 224 accepted, E=-10.834907 Ha
Worker 2: Step 250 accepted, E=-10.834410 Ha
Worker 9: Step 186 accepted, E=-10.834486 Ha
Worker 10: Step 178 accepted, E=-10.834927 Ha
Worker 17: Step 106 accepted, E=-10.834524 Ha
Worker 6: Step 184 accepted, E=-10.834828 Ha
Worker 11: Step 100, op=roto_reflection, ΔE=0.0227 eV, accept=False
Worker 14: Step 134 accepted, E=-10.835555 Ha
Worker 2: No change from 'mirror', skipping.
Worker 18: Step 74 accepted, E=-10.835173 Ha
Worker 7: Step 170 accepted, E=-10.835351 Ha
Worker 5: Step 175 accepted, E=-10.834574 Ha
Worker 1: Step 312 accepted, E=-10.829957 Ha
Worker 12: Step 67 accepted, E=-10.833458 Ha
Worker 0: Step 208 accepted, E=-10.834136 Ha
Worker 13: Step 111 accepted, E=-10.834548 Ha
Worker 4: Step 158 accepted, E=-10.835178 Ha
Worker 15: Step 111 accepted, E=-10.835539 Ha
Worker 3: Step 225 accepted, E=-10.834853 Ha
Worker 9: Step 187 accepted, E=-10.834488 Ha
Worker 19: Step 5 accepted, E=-10.836269 Ha
Worker 10: Step 179 accepted, E=-10.834932 Ha
Worker 6: Step 185 accepted, E=-10.834901 Ha
Worker 17: Step 107 accepted, E=-10.834511 Ha
Worker 11: Step 101 accepted, E=-10.835161 Ha
Worker 8: Step 135 accepted, E=-10.835836 Ha
Worker 2: Step 252 accepted, E=-10.834410 Ha
Worker 16: Step 126 accepted, E=-10.835493 Ha
Worker 14: Step 135 accepted, E=-10.835554 Ha
Worker 13: Step 112 accepted, E=-10.834546 Ha
Worker 7: Step 171 accepted, E=-10.835368 Ha
Worker 5: Step 176 accepted, E=-10.834570 Ha
Worker 12: Step 68 accepted, E=-10.833499 Ha
Worker 0: Step 209 accepted, E=-10.834132 Ha
Worker 3: Step 226 accepted, E=-10.834858 Ha
Worker 10: Step 180 accepted, E=-10.834938 Ha
Worker 17: No change from 'correlated_displacement', skipping.
Worker 15: Step 112 accepted, E=-10.835523 Ha
Worker 11: No change from 'roto_reflection', skipping.
Worker 18: Step 75 accepted, E=-10.835117 Ha
Worker 9: Step 188 accepted, E=-10.834485 Ha
Worker 19: Step 6 accepted, E=-10.836269 Ha
Worker 14: No change from 'roto_reflection', skipping.
Worker 6: Step 186 accepted, E=-10.834880 Ha
Worker 3: No change from 'roto_reflection', skipping.
Worker 8: Step 136 accepted, E=-10.835834 Ha
Worker 13: Step 113 accepted, E=-10.834539 Ha
Worker 2: Step 253 accepted, E=-10.834411 Ha
Worker 5: Step 177 accepted, E=-10.834569 Ha
Worker 16: Step 127 accepted, E=-10.835502 Ha
Worker 7: Step 172 accepted, E=-10.835295 Ha
Worker 12: Step 69 accepted, E=-10.833042 Ha
Worker 11: Step 103 accepted, E=-10.835087 Ha
Worker 4: Step 160, op=small_principal_axis_rotation, ΔE=0.0000 eV, accept=True
Worker 0: Step 210 accepted, E=-10.834231 Ha
Worker 15: Step 113 accepted, E=-10.835505 Ha
Worker 10: Step 181 accepted, E=-10.834936 Ha
Worker 4: Step 160 accepted, E=-10.835178 Ha
Worker 17: Step 109 accepted, E=-10.834521 Ha
Worker 18: Step 76 accepted, E=-10.835277 Ha
Worker 9: Step 189 accepted, E=-10.834515 Ha
Worker 14: Step 137 accepted, E=-10.835575 Ha
Worker 19: Step 7 accepted, E=-10.835373 Ha
Worker 6: Step 187 accepted, E=-10.835114 Ha
Worker 3: Step 228 accepted, E=-10.834855 Ha
Worker 13: Step 114 accepted, E=-10.834541 Ha
Worker 2: Step 254 accepted, E=-10.834409 Ha
Worker 5: Step 178 accepted, E=-10.834573 Ha
Worker 8: Step 137 accepted, E=-10.835492 Ha
Worker 1: Step 315 accepted, E=-10.829968 Ha
Worker 7: Step 173 accepted, E=-10.835288 Ha
Worker 16: Step 128 accepted, E=-10.835499 Ha
Worker 12: Step 70 accepted, E=-10.833656 Ha
Worker 11: Step 104 accepted, E=-10.835085 Ha
Worker 0: Step 211 accepted, E=-10.834217 Ha
Worker 15: Step 114 accepted, E=-10.835061 Ha
Worker 10: Step 182 accepted, E=-10.834937 Ha
Worker 18: Step 77 accepted, E=-10.835584 Ha
Worker 9: Step 190, op=local_twist, ΔE=0.0000 eV, accept=True
Worker 14: Step 138 accepted, E=-10.835609 Ha
Worker 17: Step 110, op=random_rotation, ΔE=0.0009 eV, accept=True
Worker 9: Step 190 accepted, E=-10.834514 Ha
Worker 19: Step 8 accepted, E=-10.835374 Ha
Worker 17: Step 110 accepted, E=-10.834488 Ha
Worker 6: Step 188 accepted, E=-10.835148 Ha
Worker 13: Step 115 accepted, E=-10.834543 Ha
Worker 3: Step 229 accepted, E=-10.834787 Ha
Worker 2: Step 255 accepted, E=-10.834408 Ha
Worker 15: No change from 'roto_reflection', skipping.
Worker 5: Step 179 accepted, E=-10.834552 Ha
Worker 7: Step 174 accepted, E=-10.835308 Ha
Worker 8: Step 138 accepted, E=-10.833870 Ha
Worker 12: Step 71 accepted, E=-10.833695 Ha
Worker 16: Step 129 accepted, E=-10.835410 Ha
Worker 11: Step 105 accepted, E=-10.835087 Ha
Worker 1: Step 316 accepted, E=-10.829968 Ha
Worker 0: Step 212 accepted, E=-10.834444 Ha
Worker 2: No change from 'exchange', skipping.
Worker 4: Step 162 accepted, E=-10.835225 Ha
Worker 10: Step 183 accepted, E=-10.834924 Ha
Worker 5: No change from 'mirror', skipping.
Worker 9: Step 191 accepted, E=-10.834515 Ha
Worker 19: Step 9 accepted, E=-10.835296 Ha
Worker 18: No change from 'small_principal_axis_rotation', skipping.
Worker 13: Step 116 accepted, E=-10.834569 Ha
Worker 6: Step 189 accepted, E=-10.835118 Ha
Worker 3: Step 230 accepted, E=-10.834822 Ha
Worker 17: Step 111 accepted, E=-10.834490 Ha
Worker 15: Step 116 accepted, E=-10.834849 Ha
Worker 6: No change from 'principal_axis_rotation', skipping.
Worker 7: Step 175 accepted, E=-10.835312 Ha
Worker 12: Step 72 accepted, E=-10.834068 Ha
Worker 2: Step 257 accepted, E=-10.834409 Ha
Worker 16: Step 130, op=random_so3, ΔE=0.0101 eV, accept=True
Worker 16: Step 130 accepted, E=-10.835037 Ha
Worker 8: Step 139 accepted, E=-10.833869 Ha
Worker 10: Step 184 accepted, E=-10.834934 Ha
Worker 14: Step 140 accepted, E=-10.835625 Ha
Worker 1: Step 317 accepted, E=-10.829969 Ha
Worker 4: Step 163 accepted, E=-10.835235 Ha
Worker 0: Step 213 accepted, E=-10.834433 Ha
Worker 11: Step 106 accepted, E=-10.835084 Ha
Worker 9: Step 192 accepted, E=-10.834517 Ha
Worker 19: Step 10, op=local_twist, ΔE=0.0000 eV, accept=True
Worker 13: Step 117 accepted, E=-10.834570 Ha
Worker 18: Step 80 accepted, E=-10.835588 Ha
Worker 19: Step 10 accepted, E=-10.835294 Ha
Worker 5: Step 181 accepted, E=-10.834531 Ha
Worker 15: Step 117 accepted, E=-10.834940 Ha
Worker 6: Step 191 accepted, E=-10.835079 Ha
Worker 17: Step 112 accepted, E=-10.834490 Ha
Worker 12: Step 73 accepted, E=-10.834053 Ha
Worker 2: Step 258 accepted, E=-10.834406 Ha
Worker 18: No change from 'mirror', skipping.
Worker 10: Step 185 accepted, E=-10.834935 Ha
Worker 16: Step 131 accepted, E=-10.835055 Ha
Worker 14: Step 141 accepted, E=-10.835711 Ha
Worker 7: Step 176 accepted, E=-10.835275 Ha
Worker 8: Step 140, op=local_twist, ΔE=0.0000 eV, accept=True
Worker 3: Step 231 accepted, E=-10.834806 Ha
Worker 8: Step 140 accepted, E=-10.833868 Ha
Worker 4: Step 164 accepted, E=-10.835683 Ha
Worker 9: Step 193 accepted, E=-10.834517 Ha
Worker 0: Step 214 accepted, E=-10.834445 Ha
Worker 19: Step 11 accepted, E=-10.835255 Ha
Worker 1: Step 318 accepted, E=-10.829871 Ha
Worker 15: Step 118 accepted, E=-10.834057 Ha
Worker 6: Step 192 accepted, E=-10.835117 Ha
Worker 9: No change from 'twist', skipping.
Worker 12: Step 74 accepted, E=-10.834084 Ha
Worker 13: Step 118 accepted, E=-10.834566 Ha
Worker 17: Step 113 accepted, E=-10.834496 Ha
Worker 2: Step 259 accepted, E=-10.834406 Ha
Worker 11: Step 107 accepted, E=-10.835140 Ha
Worker 16: Step 132 accepted, E=-10.835018 Ha
Worker 18: Step 82 accepted, E=-10.835510 Ha
Worker 10: Step 186 accepted, E=-10.834932 Ha
Worker 14: Step 142 accepted, E=-10.835736 Ha
Worker 17: No change from 'principal_axis_rotation', skipping.
Worker 5: Step 182 accepted, E=-10.834500 Ha
Worker 8: Step 141 accepted, E=-10.833955 Ha
Worker 4: Step 165 accepted, E=-10.835681 Ha
Worker 19: Step 12 accepted, E=-10.835246 Ha
Worker 7: Step 177 accepted, E=-10.835557 Ha
Worker 0: Step 215 accepted, E=-10.834452 Ha
Worker 3: Step 232 accepted, E=-10.834806 Ha
Worker 15: Step 119 accepted, E=-10.834483 Ha
Worker 6: Step 193 accepted, E=-10.835071 Ha
Worker 12: Step 75 accepted, E=-10.834004 Ha
Worker 2: Step 260 accepted, E=-10.834406 Ha
Worker 9: Step 195 accepted, E=-10.834521 Ha
Worker 10: Step 187 accepted, E=-10.834932 Ha
Worker 11: Step 108 accepted, E=-10.835124 Ha
Worker 13: Step 119 accepted, E=-10.834566 Ha
Worker 18: Step 83 accepted, E=-10.835683 Ha
Worker 17: Step 115 accepted, E=-10.834486 Ha
Worker 1: Step 319 accepted, E=-10.829740 Ha
Worker 4: Step 166 accepted, E=-10.835659 Ha
Worker 8: Step 142 accepted, E=-10.834528 Ha
Worker 19: Step 13 accepted, E=-10.835284 Ha
Worker 7: Step 178 accepted, E=-10.835513 Ha
Worker 15: Step 120 accepted, E=-10.834799 Ha
Worker 0: Step 216 accepted, E=-10.834451 Ha
Worker 5: Step 183 accepted, E=-10.834499 Ha
Worker 6: Step 194 accepted, E=-10.835075 Ha
Worker 2: Step 261 accepted, E=-10.834559 Ha
Worker 10: Step 188 accepted, E=-10.834928 Ha
Worker 13: No change from 'exchange', skipping.
Worker 11: Step 109 accepted, E=-10.835226 Ha
Worker 9: Step 196 accepted, E=-10.834521 Ha
Worker 17: Step 116 accepted, E=-10.834502 Ha
Worker 14: Step 144 accepted, E=-10.835729 Ha
Worker 3: Step 233 accepted, E=-10.834806 Ha
Worker 16: Step 134 accepted, E=-10.835011 Ha
Worker 18: Step 84 accepted, E=-10.835694 Ha
Worker 4: Step 167 accepted, E=-10.835677 Ha
Worker 8: Step 143 accepted, E=-10.830306 Ha
Worker 19: Step 14 accepted, E=-10.835281 Ha
Worker 7: Step 179 accepted, E=-10.835550 Ha
Worker 6: Step 195 accepted, E=-10.835067 Ha
Worker 15: Step 121 accepted, E=-10.834874 Ha
Worker 12: Step 77 accepted, E=-10.834035 Ha
Worker 0: Step 217 accepted, E=-10.834481 Ha
Worker 2: Step 262 accepted, E=-10.834560 Ha
Worker 10: Step 189 accepted, E=-10.834962 Ha
Worker 11: Step 110, op=random_displacement, ΔE=0.0023 eV, accept=True
Worker 1: Step 320 accepted, E=-10.835670 Ha
Worker 9: Step 197 accepted, E=-10.834519 Ha
Worker 11: Step 110 accepted, E=-10.835140 Ha
Worker 17: Step 117 accepted, E=-10.834476 Ha
Worker 14: Step 145 accepted, E=-10.835873 Ha
Worker 18: Step 85 accepted, E=-10.835741 Ha
Worker 5: Step 184 accepted, E=-10.834509 Ha
Worker 13: Step 121 accepted, E=-10.834571 Ha
Worker 4: Step 168 accepted, E=-10.835679 Ha
Worker 7: Step 180 accepted, E=-10.835555 Ha
Worker 8: Step 144 accepted, E=-10.830321 Ha
Worker 16: Step 135 accepted, E=-10.834848 Ha
Worker 19: Step 15 accepted, E=-10.835322 Ha
Worker 9: No change from 'principal_axis_rotation', skipping.
Worker 3: Step 234 accepted, E=-10.834796 Ha
Worker 12: Step 78 accepted, E=-10.834093 Ha
Worker 0: Step 218 accepted, E=-10.834476 Ha
Worker 2: Step 263 accepted, E=-10.834562 Ha
Worker 8: No change from 'small_principal_axis_rotation', skipping.
Worker 15: Step 122 accepted, E=-10.834735 Ha
Worker 10: Step 190 accepted, E=-10.834971 Ha
Worker 11: Step 111 accepted, E=-10.834445 Ha
Worker 14: Step 146 accepted, E=-10.835866 Ha
Worker 17: Step 118 accepted, E=-10.834463 Ha
Worker 13: No change from 'roto_reflection', skipping.
Worker 4: Step 169 accepted, E=-10.835677 Ha
Worker 16: Step 136 accepted, E=-10.834847 Ha
Worker 9: Step 199 accepted, E=-10.834520 Ha
Worker 18: Step 86 accepted, E=-10.835871 Ha
Worker 19: Step 16 accepted, E=-10.835326 Ha
Worker 7: Step 181 accepted, E=-10.835534 Ha
Worker 6: Step 197 accepted, E=-10.835092 Ha
Worker 2: Step 264 accepted, E=-10.834560 Ha
Worker 12: Step 79 accepted, E=-10.833799 Ha
Worker 0: Step 219 accepted, E=-10.834455 Ha
Worker 15: Step 123 accepted, E=-10.835165 Ha
Worker 8: Step 146 accepted, E=-10.832502 Ha
Worker 5: Step 185 accepted, E=-10.834505 Ha
Worker 10: Step 191 accepted, E=-10.834969 Ha
Worker 3: Step 235 accepted, E=-10.834788 Ha
Worker 11: Step 112 accepted, E=-10.834432 Ha
Worker 14: Step 147 accepted, E=-10.835871 Ha
Worker 17: Step 119 accepted, E=-10.835251 Ha
Worker 9: Step 200 accepted, E=-10.834524 Ha
Worker 4: Step 170 accepted, E=-10.835681 Ha
Worker 19: Step 17 accepted, E=-10.835276 Ha
Worker 16: Step 137 accepted, E=-10.834810 Ha
Worker 6: Step 198 accepted, E=-10.835092 Ha
Worker 9: No change from 'small_principal_axis_rotation', skipping.
Worker 2: Step 265 accepted, E=-10.834560 Ha
Worker 18: Step 87 accepted, E=-10.835800 Ha
Worker 13: Step 123 accepted, E=-10.834569 Ha
Worker 7: Step 182 accepted, E=-10.835553 Ha
Worker 0: Step 220, op=correlated_displacement, ΔE=0.0006 eV, accept=True
Worker 12: Step 80, op=correlated_displacement, ΔE=0.0086 eV, accept=False
Worker 0: Step 220 accepted, E=-10.834433 Ha
Worker 2: No change from 'small_principal_axis_rotation', skipping.
Worker 4: No change from 'large_displacement', skipping.
Worker 10: Step 192 accepted, E=-10.834624 Ha
Worker 9: No change from 'random_rotation', skipping.
Worker 14: Step 148 accepted, E=-10.835839 Ha
Worker 11: Step 113 accepted, E=-10.834423 Ha
Worker 17: Step 120, op=mirror, ΔE=0.0000 eV, accept=True
Worker 5: Step 186 accepted, E=-10.834515 Ha
Worker 1: Step 322 accepted, E=-10.835134 Ha
Worker 17: Step 120 accepted, E=-10.835251 Ha
Worker 19: Step 18 accepted, E=-10.835332 Ha
Worker 6: Step 199 accepted, E=-10.835100 Ha
Worker 16: Step 138 accepted, E=-10.834858 Ha
Worker 3: Step 236 accepted, E=-10.834792 Ha
Worker 7: Step 183 accepted, E=-10.835618 Ha
Worker 18: Step 88 accepted, E=-10.835612 Ha
Worker 2: Step 267 accepted, E=-10.834556 Ha
Worker 15: Step 125 accepted, E=-10.834849 Ha
Worker 0: Step 221 accepted, E=-10.834413 Ha
Worker 10: Step 193 accepted, E=-10.834618 Ha
Worker 4: Step 172 accepted, E=-10.835667 Ha
Worker 9: Step 203 accepted, E=-10.834525 Ha
Worker 13: Step 124 accepted, E=-10.834568 Ha
Worker 8: Step 148 accepted, E=-10.834696 Ha
Worker 11: Step 114 accepted, E=-10.834437 Ha
Worker 14: Step 149 accepted, E=-10.835826 Ha
Worker 17: Step 121 accepted, E=-10.835376 Ha
Worker 19: Step 19 accepted, E=-10.835333 Ha
Worker 6: Step 200, op=twist, ΔE=0.0021 eV, accept=True
Worker 16: Step 139 accepted, E=-10.834914 Ha
Worker 17: No change from 'small_principal_axis_rotation', skipping.
Worker 6: Step 200 accepted, E=-10.835022 Ha
Worker 2: Step 268 accepted, E=-10.834556 Ha
Worker 0: Step 222 accepted, E=-10.834387 Ha
Worker 15: Step 126 accepted, E=-10.834844 Ha
Worker 18: Step 89 accepted, E=-10.835601 Ha
Worker 4: Step 173 accepted, E=-10.835583 Ha
Worker 5: Step 187 accepted, E=-10.834493 Ha
Worker 10: Step 194 accepted, E=-10.834622 Ha
Worker 9: Step 204 accepted, E=-10.834525 Ha
Worker 1: Step 323 accepted, E=-10.835153 Ha
Worker 3: Step 237 accepted, E=-10.834790 Ha
Worker 12: No change from 'correlated_displacement', skipping.
Worker 7: No change from 'random_displacement', skipping.
Worker 14: Step 150, op=random_rotation, ΔE=0.0010 eV, accept=True
Worker 11: Step 115 accepted, E=-10.834442 Ha
Worker 14: Step 150 accepted, E=-10.835790 Ha
Worker 9: No change from 'twist', skipping.
Worker 19: Step 20 accepted, E=-10.835368 Ha
Worker 13: Step 125 accepted, E=-10.834566 Ha
Worker 17: Step 123 accepted, E=-10.835392 Ha
Worker 6: Step 201 accepted, E=-10.835008 Ha
Worker 2: Step 269 accepted, E=-10.834555 Ha
Worker 0: Step 223 accepted, E=-10.834367 Ha
Worker 4: Step 174 accepted, E=-10.835582 Ha
Worker 10: Step 195 accepted, E=-10.834807 Ha
Worker 16: Step 140, op=local_twist, ΔE=0.0009 eV, accept=True
Worker 15: Step 127 accepted, E=-10.834850 Ha
Worker 18: Step 90, op=local_twist, ΔE=0.0000 eV, accept=True
Worker 12: Step 84 accepted, E=-10.833805 Ha
Worker 18: Step 90 accepted, E=-10.835600 Ha
Worker 8: Step 150 accepted, E=-10.835537 Ha
Worker 16: Step 140 accepted, E=-10.834881 Ha
Worker 11: Step 116 accepted, E=-10.834442 Ha
Worker 7: Step 186 accepted, E=-10.835686 Ha
Worker 0: No change from 'mirror', skipping.
Worker 14: Step 151 accepted, E=-10.835788 Ha
Worker 9: Step 206 accepted, E=-10.834522 Ha
Worker 5: Step 188 accepted, E=-10.834490 Ha
Worker 19: Step 21 accepted, E=-10.835354 Ha
Worker 17: Step 124 accepted, E=-10.835384 Ha
Worker 2: Step 270, op=small_principal_axis_rotation, ΔE=0.0000 eV, accept=True
Worker 3: Step 238 accepted, E=-10.834812 Ha
Worker 6: Step 202 accepted, E=-10.835009 Ha
Worker 2: Step 270 accepted, E=-10.834555 Ha
Worker 1: Step 324 accepted, E=-10.835228 Ha
Worker 13: Step 126 accepted, E=-10.834570 Ha
Worker 10: Step 196 accepted, E=-10.834836 Ha
Worker 4: Step 175 accepted, E=-10.835575 Ha
Worker 15: Step 128 accepted, E=-10.834871 Ha
Worker 11: Step 117 accepted, E=-10.834438 Ha
Worker 18: Step 91 accepted, E=-10.835402 Ha
Worker 12: Step 85 accepted, E=-10.833866 Ha
Worker 8: Step 151 accepted, E=-10.835633 Ha
Worker 7: Step 187 accepted, E=-10.835587 Ha
Worker 0: Step 225 accepted, E=-10.834362 Ha
Worker 9: Step 207 accepted, E=-10.834522 Ha
Worker 14: Step 152 accepted, E=-10.835756 Ha
Worker 19: Step 22 accepted, E=-10.835343 Ha
Worker 17: Step 125 accepted, E=-10.835434 Ha
Worker 14: No change from 'small_principal_axis_rotation', skipping.
Worker 2: Step 271 accepted, E=-10.834553 Ha
Worker 6: Step 203 accepted, E=-10.835068 Ha
Worker 16: Step 141 accepted, E=-10.834835 Ha
Worker 10: Step 197 accepted, E=-10.834841 Ha
Worker 5: Step 189 accepted, E=-10.834496 Ha
Worker 4: Step 176 accepted, E=-10.835499 Ha
Worker 15: Step 129 accepted, E=-10.834872 Ha
Worker 11: Step 118 accepted, E=-10.834451 Ha
Worker 12: Step 86 accepted, E=-10.833880 Ha
Worker 7: Step 188 accepted, E=-10.835599 Ha
Worker 3: Step 239 accepted, E=-10.834812 Ha
Worker 0: Step 226 accepted, E=-10.834352 Ha
Worker 9: Step 208 accepted, E=-10.834525 Ha
Worker 18: Step 92 accepted, E=-10.835516 Ha
Worker 8: Step 152 accepted, E=-10.835605 Ha
Worker 13: Step 127 accepted, E=-10.834570 Ha
Worker 19: Step 23 accepted, E=-10.835294 Ha
Worker 17: Step 126 accepted, E=-10.835402 Ha
Worker 1: Step 325 accepted, E=-10.835329 Ha
Worker 14: Step 154 accepted, E=-10.835747 Ha
Worker 2: Step 272 accepted, E=-10.834552 Ha
Worker 6: Step 204 accepted, E=-10.835048 Ha
Worker 16: Step 142 accepted, E=-10.834832 Ha
Worker 10: Step 198 accepted, E=-10.834864 Ha
Worker 18: No change from 'roto_reflection', skipping.
Worker 4: Step 177 accepted, E=-10.835433 Ha
Worker 15: Step 130, op=random_rotation, ΔE=0.0008 eV, accept=True
Worker 15: Step 130 accepted, E=-10.834843 Ha
Worker 11: Step 119 accepted, E=-10.834460 Ha
Worker 12: Step 87 accepted, E=-10.833874 Ha
Worker 7: Step 189 accepted, E=-10.835567 Ha
Worker 9: Step 209 accepted, E=-10.834527 Ha
Worker 0: Step 227 accepted, E=-10.834352 Ha
Worker 8: Step 153 accepted, E=-10.835601 Ha
Worker 5: Step 190 accepted, E=-10.834508 Ha
Worker 17: Step 127 accepted, E=-10.835407 Ha
Worker 19: Step 24 accepted, E=-10.835308 Ha
Worker 2: Step 273 accepted, E=-10.834552 Ha
Worker 14: Step 155 accepted, E=-10.835755 Ha
Worker 3: Step 240 accepted, E=-10.834858 Ha
Worker 16: Step 143 accepted, E=-10.834647 Ha
Worker 10: Step 199 accepted, E=-10.834843 Ha
Worker 6: Step 205 accepted, E=-10.835211 Ha
Worker 13: Step 128 accepted, E=-10.834572 Ha
Worker 18: Step 94 accepted, E=-10.835456 Ha
Worker 4: Step 178 accepted, E=-10.835287 Ha
Worker 19: No change from 'random_displacement', skipping.
Worker 15: Step 131 accepted, E=-10.835081 Ha
Worker 9: Step 210, op=random_rotation, ΔE=0.0001 eV, accept=True
Worker 12: Step 88 accepted, E=-10.833839 Ha
Worker 0: Step 228 accepted, E=-10.834214 Ha
Worker 11: Step 120 accepted, E=-10.834480 Ha
Worker 7: Step 190, op=random_rotation, ΔE=0.0001 eV, accept=True
Worker 9: Step 210 accepted, E=-10.834525 Ha
Worker 7: Step 190 accepted, E=-10.835565 Ha
Worker 8: Step 154 accepted, E=-10.835605 Ha
Worker 17: Step 128 accepted, E=-10.835316 Ha
Worker 12: No change from 'small_principal_axis_rotation', skipping.
Worker 2: Step 274 accepted, E=-10.834554 Ha
Worker 14: Step 156 accepted, E=-10.835808 Ha
Worker 10: Step 200, op=random_displacement, ΔE=0.0037 eV, accept=True
Worker 16: Step 144 accepted, E=-10.834625 Ha
Worker 6: Step 206 accepted, E=-10.835275 Ha
Worker 10: Step 200 accepted, E=-10.834708 Ha
Worker 4: Step 179 accepted, E=-10.835287 Ha
Worker 18: Step 95 accepted, E=-10.835436 Ha
Worker 19: Step 26 accepted, E=-10.835211 Ha
Worker 5: Step 191 accepted, E=-10.834523 Ha
Worker 15: Step 132 accepted, E=-10.835353 Ha
Worker 3: Step 241 accepted, E=-10.834886 Ha
Worker 0: Step 229 accepted, E=-10.834119 Ha
Worker 13: Step 129 accepted, E=-10.834576 Ha
Worker 11: Step 121 accepted, E=-10.834465 Ha
Worker 9: Step 211 accepted, E=-10.834589 Ha
Worker 7: Step 191 accepted, E=-10.835590 Ha
Worker 17: Step 129 accepted, E=-10.835322 Ha
Worker 12: Step 90, op=random_rotation, ΔE=0.0083 eV, accept=True
Worker 8: Step 155 accepted, E=-10.835472 Ha
Worker 12: Step 90 accepted, E=-10.833533 Ha
Worker 2: Step 275 accepted, E=-10.834556 Ha
Worker 14: Step 157 accepted, E=-10.835833 Ha
Worker 0: No change from 'roto_reflection', skipping.
Worker 6: Step 207 accepted, E=-10.835247 Ha
Worker 10: Step 201 accepted, E=-10.834756 Ha
Worker 4: Step 180, op=random_rotation, ΔE=0.0000 eV, accept=True
Worker 16: Step 145 accepted, E=-10.834748 Ha
Worker 19: Step 27 accepted, E=-10.835138 Ha
Worker 4: Step 180 accepted, E=-10.835285 Ha
Worker 6: No change from 'small_principal_axis_rotation', skipping.
Worker 15: Step 133 accepted, E=-10.835118 Ha
Worker 9: Step 212 accepted, E=-10.834588 Ha
Worker 11: Step 122 accepted, E=-10.834454 Ha
Worker 2: No change from 'roto_reflection', skipping.
Worker 17: Step 130, op=random_displacement, ΔE=0.0024 eV, accept=True
Worker 18: Step 96 accepted, E=-10.835438 Ha
Worker 7: Step 192 accepted, E=-10.835649 Ha
Worker 17: Step 130 accepted, E=-10.835233 Ha
Worker 12: Step 91 accepted, E=-10.833537 Ha
Worker 7: No change from 'small_principal_axis_rotation', skipping.
Worker 8: Step 156 accepted, E=-10.835388 Ha
Worker 13: Step 130 accepted, E=-10.834586 Ha
Worker 5: Step 192 accepted, E=-10.834535 Ha
Worker 3: Step 242 accepted, E=-10.834938 Ha
Worker 0: Step 231 accepted, E=-10.834124 Ha
Worker 14: Step 158 accepted, E=-10.835882 Ha
Worker 10: Step 202 accepted, E=-10.834663 Ha
Worker 4: Step 181 accepted, E=-10.835238 Ha
Worker 19: Step 28 accepted, E=-10.835137 Ha
Worker 6: Step 209 accepted, E=-10.835372 Ha
Worker 16: Step 146 accepted, E=-10.834757 Ha
Worker 11: Step 123 accepted, E=-10.834455 Ha
Worker 15: Step 134 accepted, E=-10.835117 Ha
Worker 8: No change from 'correlated_displacement', skipping.
Worker 9: Step 213 accepted, E=-10.834585 Ha
Worker 2: Step 277 accepted, E=-10.834557 Ha
Worker 17: Step 131 accepted, E=-10.835234 Ha
Worker 1: Step 328 accepted, E=-10.835330 Ha
Worker 18: Step 97 accepted, E=-10.835408 Ha
Worker 12: Step 92 accepted, E=-10.833614 Ha
Worker 7: Step 194 accepted, E=-10.835537 Ha
Worker 1: No change from 'principal_axis_rotation', skipping.
Worker 0: Step 232 accepted, E=-10.834065 Ha
Worker 14: Step 159 accepted, E=-10.835979 Ha
Worker 10: Step 203 accepted, E=-10.834913 Ha
Worker 19: Step 29 accepted, E=-10.835165 Ha
Worker 4: Step 182 accepted, E=-10.835238 Ha
Worker 12: No change from 'local_twist', skipping.
Worker 6: Step 210 accepted, E=-10.835427 Ha
Worker 11: Step 124 accepted, E=-10.834453 Ha
Worker 16: Step 147 accepted, E=-10.834801 Ha
Worker 13: Step 131 accepted, E=-10.834582 Ha
Worker 9: Step 214 accepted, E=-10.834580 Ha
Worker 2: Step 278 accepted, E=-10.834557 Ha
Worker 8: Step 158 accepted, E=-10.835438 Ha
Worker 3: Step 243 accepted, E=-10.834984 Ha
Worker 17: Step 132 accepted, E=-10.835220 Ha
Worker 15: Step 135 accepted, E=-10.834945 Ha
Worker 5: Step 193 accepted, E=-10.834546 Ha
Worker 18: Step 98 accepted, E=-10.835577 Ha
Worker 9: No change from 'principal_axis_rotation', skipping.
Worker 7: Step 195 accepted, E=-10.835573 Ha
Worker 0: Step 233 accepted, E=-10.834063 Ha
Worker 14: Step 160, op=correlated_displacement, ΔE=0.0003 eV, accept=True
Worker 14: Step 160 accepted, E=-10.835969 Ha
Worker 8: No change from 'mirror', skipping.
Worker 19: Step 30, op=random_displacement, ΔE=0.0001 eV, accept=True
Worker 10: Step 204 accepted, E=-10.834939 Ha
Worker 19: Step 30 accepted, E=-10.835162 Ha
Worker 4: Step 183 accepted, E=-10.835261 Ha
Worker 11: Step 125 accepted, E=-10.834454 Ha
Worker 6: Step 211 accepted, E=-10.835573 Ha
Worker 16: Step 148 accepted, E=-10.834840 Ha
Worker 2: Step 279 accepted, E=-10.834562 Ha
Worker 1: Step 330, op=random_displacement, ΔE=0.0001 eV, accept=True
Worker 1: Step 330 accepted, E=-10.835327 Ha
Worker 17: Step 133 accepted, E=-10.835319 Ha
Worker 15: Step 136 accepted, E=-10.834947 Ha
Worker 9: Step 216 accepted, E=-10.834580 Ha
Worker 18: Step 99 accepted, E=-10.835585 Ha
Worker 10: No change from 'roto_reflection', skipping.
Worker 7: Step 196 accepted, E=-10.835563 Ha
Worker 13: Step 132 accepted, E=-10.834581 Ha
Worker 0: Step 234 accepted, E=-10.834250 Ha
Worker 3: Step 244 accepted, E=-10.834962 Ha
Worker 14: Step 161 accepted, E=-10.836026 Ha
Worker 5: Step 194 accepted, E=-10.834525 Ha
Worker 8: Step 160, op=correlated_displacement, ΔE=0.0032 eV, accept=True
Worker 8: Step 160 accepted, E=-10.835320 Ha
Worker 19: Step 31 accepted, E=-10.835258 Ha
Worker 12: Step 95 accepted, E=-10.833771 Ha
Worker 4: Step 184 accepted, E=-10.835258 Ha
Worker 6: Step 212 accepted, E=-10.835570 Ha
Worker 11: Step 126 accepted, E=-10.834462 Ha
Worker 16: Step 149 accepted, E=-10.834856 Ha
Worker 2: Step 280 accepted, E=-10.834563 Ha
Worker 17: Step 134 accepted, E=-10.835317 Ha
Worker 9: Step 217 accepted, E=-10.834591 Ha
Worker 15: Step 137 accepted, E=-10.834948 Ha
Worker 10: Step 206 accepted, E=-10.835140 Ha
Worker 12: No change from 'correlated_displacement', skipping.
Worker 18: Step 100 accepted, E=-10.835636 Ha
Worker 7: Step 197 accepted, E=-10.835580 Ha
Worker 0: Step 235 accepted, E=-10.834531 Ha
Worker 14: Step 162 accepted, E=-10.836036 Ha
Worker 4: Step 185 accepted, E=-10.835236 Ha
Worker 1: Step 331 accepted, E=-10.835337 Ha
Worker 13: Step 133 accepted, E=-10.834580 Ha
Worker 8: Step 161 accepted, E=-10.835313 Ha
Worker 19: Step 32 accepted, E=-10.835236 Ha
Worker 0: No change from 'principal_axis_rotation', skipping.
Worker 11: Step 127 accepted, E=-10.834462 Ha
Worker 6: Step 213 accepted, E=-10.835619 Ha
Worker 16: Step 150 accepted, E=-10.834965 Ha
Worker 2: Step 281 accepted, E=-10.834563 Ha
Worker 17: Step 135 accepted, E=-10.835311 Ha
Worker 3: Step 245 accepted, E=-10.834919 Ha
Worker 9: Step 218 accepted, E=-10.834591 Ha
Worker 5: Step 195 accepted, E=-10.834526 Ha
Worker 10: Step 207 accepted, E=-10.835085 Ha
Worker 15: Step 138 accepted, E=-10.835249 Ha
Worker 12: Step 97 accepted, E=-10.833763 Ha
Worker 7: Step 198 accepted, E=-10.835566 Ha
Worker 18: Step 101 accepted, E=-10.835331 Ha
Worker 14: Step 163 accepted, E=-10.836031 Ha
Worker 4: Step 186 accepted, E=-10.835238 Ha
Worker 2: Step 282 accepted, E=-10.834563 Ha
Worker 19: Step 33 accepted, E=-10.835249 Ha
Worker 7: No change from 'correlated_displacement', skipping.
Worker 11: Step 128 accepted, E=-10.834440 Ha
Worker 6: Step 214 accepted, E=-10.835600 Ha
Worker 0: Step 237 accepted, E=-10.834561 Ha
Worker 16: Step 151 accepted, E=-10.835007 Ha
Worker 9: Step 219 accepted, E=-10.834588 Ha
Worker 8: Step 162 accepted, E=-10.835313 Ha
Worker 17: Step 136 accepted, E=-10.835373 Ha
Worker 2: No change from 'principal_axis_rotation', skipping.
Worker 10: Step 208 accepted, E=-10.835092 Ha
Worker 13: Step 134 accepted, E=-10.834582 Ha
Worker 15: Step 139 accepted, E=-10.835305 Ha
Worker 18: Step 102 accepted, E=-10.835426 Ha
Worker 16: No change from 'mirror', skipping.
Worker 1: Step 332 accepted, E=-10.835339 Ha
Worker 8: No change from 'random_displacement', skipping.
Worker 3: Step 246 accepted, E=-10.834963 Ha
Worker 5: Step 196 accepted, E=-10.834563 Ha
Worker 14: Step 164 accepted, E=-10.835987 Ha
Worker 7: Step 200, op=correlated_displacement, ΔE=0.0013 eV, accept=True
Worker 9: Step 220 accepted, E=-10.834593 Ha
Worker 4: Step 187 accepted, E=-10.835389 Ha
Worker 7: Step 200 accepted, E=-10.835518 Ha
Worker 19: Step 34 accepted, E=-10.835253 Ha
Worker 6: Step 215 accepted, E=-10.835596 Ha
Worker 11: Step 129 accepted, E=-10.834453 Ha
Worker 0: Step 238 accepted, E=-10.834392 Ha
Worker 2: Step 284 accepted, E=-10.834402 Ha
Worker 17: Step 137 accepted, E=-10.835382 Ha
Worker 10: Step 209 accepted, E=-10.834941 Ha
Worker 12: Step 99 accepted, E=-10.834054 Ha
Worker 15: Step 140 accepted, E=-10.835308 Ha
Worker 8: Step 164 accepted, E=-10.835323 Ha
Worker 16: Step 153 accepted, E=-10.834923 Ha
Worker 9: Step 221 accepted, E=-10.834593 Ha
Worker 14: Step 165 accepted, E=-10.835988 Ha
Worker 18: Step 103 accepted, E=-10.835395 Ha
Worker 13: Step 135 accepted, E=-10.834581 Ha
Worker 7: Step 201 accepted, E=-10.835557 Ha
Worker 19: Step 35 accepted, E=-10.835251 Ha
Worker 11: Step 130, op=local_twist, ΔE=0.0003 eV, accept=True
Worker 17: Step 138 accepted, E=-10.835420 Ha
Worker 4: Step 188 accepted, E=-10.835375 Ha
Worker 6: Step 216 accepted, E=-10.835602 Ha
Worker 0: Step 239 accepted, E=-10.834411 Ha
Worker 11: Step 130 accepted, E=-10.834444 Ha
Worker 2: Step 285 accepted, E=-10.834403 Ha
Worker 10: Step 210, op=random_displacement, ΔE=0.0007 eV, accept=True
Worker 3: Step 247 accepted, E=-10.835144 Ha
Worker 10: Step 210 accepted, E=-10.834915 Ha
Worker 1: Step 333 accepted, E=-10.834602 Ha
Worker 5: Step 197 accepted, E=-10.834568 Ha
Worker 12: Step 100 accepted, E=-10.834257 Ha
Worker 15: Step 141 accepted, E=-10.835312 Ha
Worker 9: Step 222 accepted, E=-10.834526 Ha
Worker 16: Step 154 accepted, E=-10.832758 Ha
Worker 14: Step 166 accepted, E=-10.835941 Ha
Worker 8: Step 165 accepted, E=-10.835310 Ha
Worker 18: Step 104 accepted, E=-10.835350 Ha
Worker 19: Step 36 accepted, E=-10.835271 Ha
Worker 7: Step 202 accepted, E=-10.835566 Ha
Worker 17: Step 139 accepted, E=-10.835427 Ha
Worker 0: Step 240 accepted, E=-10.834412 Ha
Worker 11: Step 131 accepted, E=-10.834444 Ha
Worker 6: Step 217 accepted, E=-10.835710 Ha
Worker 2: Step 286 accepted, E=-10.834403 Ha
Worker 4: Step 189 accepted, E=-10.835394 Ha
Worker 10: Step 211 accepted, E=-10.834933 Ha
Worker 13: Step 136 accepted, E=-10.834580 Ha
Worker 9: Step 223 accepted, E=-10.834524 Ha
Worker 12: Step 101 accepted, E=-10.835732 Ha
Worker 15: Step 142 accepted, E=-10.834974 Ha
Worker 6: No change from 'roto_reflection', skipping.
Worker 16: Step 155 accepted, E=-10.832646 Ha
Worker 3: Step 248 accepted, E=-10.835173 Ha
Worker 5: Step 198 accepted, E=-10.834553 Ha
Worker 14: Step 167 accepted, E=-10.835996 Ha
Worker 1: Step 334 accepted, E=-10.835304 Ha
Worker 19: Step 37 accepted, E=-10.835143 Ha
Worker 17: Step 140, op=random_displacement, ΔE=0.0038 eV, accept=True
Worker 8: Step 166 accepted, E=-10.835314 Ha
Worker 7: Step 203 accepted, E=-10.835588 Ha
Worker 12: No change from 'exchange', skipping.
Worker 18: Step 105 accepted, E=-10.835456 Ha
Worker 2: Step 287 accepted, E=-10.834403 Ha
Worker 17: Step 140 accepted, E=-10.835287 Ha
Worker 9: No change from 'mirror', skipping.
Worker 11: Step 132 accepted, E=-10.835042 Ha
Worker 8: No change from 'small_principal_axis_rotation', skipping.
Worker 10: Step 212 accepted, E=-10.834954 Ha
Worker 4: Step 190 accepted, E=-10.835398 Ha
Worker 12: No change from 'random_so3', skipping.
Worker 15: Step 143 accepted, E=-10.834939 Ha
Worker 13: Step 137 accepted, E=-10.834582 Ha
Worker 6: Step 219 accepted, E=-10.835705 Ha
Worker 19: Step 38 accepted, E=-10.835145 Ha
Worker 14: Step 168 accepted, E=-10.835997 Ha
Worker 2: Step 288 accepted, E=-10.834403 Ha
Worker 9: Step 225 accepted, E=-10.834524 Ha
Worker 17: Step 141 accepted, E=-10.835265 Ha
Worker 0: Step 242 accepted, E=-10.834451 Ha
Worker 11: Step 133 accepted, E=-10.835026 Ha
Worker 10: Step 213 accepted, E=-10.834955 Ha
Worker 3: Step 249 accepted, E=-10.835286 Ha
Worker 8: Step 168 accepted, E=-10.835002 Ha
Worker 19: No change from 'large_displacement', skipping.
Worker 12: Step 104 accepted, E=-10.835738 Ha
Worker 5: Step 199 accepted, E=-10.834563 Ha
Worker 4: Step 191 accepted, E=-10.835573 Ha
Worker 1: Step 335 accepted, E=-10.835020 Ha
Worker 6: Step 220 accepted, E=-10.835853 Ha
Worker 1: No change from 'small_principal_axis_rotation', skipping.
Worker 2: Step 289 accepted, E=-10.834403 Ha
Worker 16: Step 157 accepted, E=-10.832818 Ha
Worker 7: Step 205 accepted, E=-10.835522 Ha
Worker 18: Step 107 accepted, E=-10.835471 Ha
Worker 14: Step 169 accepted, E=-10.836004 Ha
Worker 17: Step 142 accepted, E=-10.835271 Ha
Worker 9: Step 226 accepted, E=-10.834526 Ha
Worker 0: Step 243 accepted, E=-10.834356 Ha
Worker 13: Step 138 accepted, E=-10.834581 Ha
Worker 10: Step 214 accepted, E=-10.834958 Ha
Worker 19: Step 40 accepted, E=-10.835152 Ha
Worker 8: Step 169 accepted, E=-10.835001 Ha
Worker 12: Step 105 accepted, E=-10.835761 Ha
Worker 15: Step 145 accepted, E=-10.834871 Ha
Worker 11: Step 134 accepted, E=-10.835025 Ha
Worker 6: Step 221 accepted, E=-10.835865 Ha
Worker 2: Step 290 accepted, E=-10.834405 Ha
Worker 14: Step 170, op=random_displacement, ΔE=0.0038 eV, accept=True
Worker 19: No change from 'principal_axis_rotation', skipping.
Worker 5: Step 200 accepted, E=-10.834563 Ha
Worker 18: Step 108 accepted, E=-10.835670 Ha
Worker 3: Step 250 accepted, E=-10.835290 Ha
Worker 14: Step 170 accepted, E=-10.835864 Ha
Worker 17: Step 143 accepted, E=-10.835264 Ha
Worker 16: Step 158 accepted, E=-10.832883 Ha
Worker 9: Step 227 accepted, E=-10.834526 Ha
Worker 0: Step 244 accepted, E=-10.834345 Ha
Worker 10: Step 215 accepted, E=-10.834987 Ha
Worker 16: No change from 'small_principal_axis_rotation', skipping.
Worker 12: Step 106 accepted, E=-10.835477 Ha
Worker 1: Step 337 accepted, E=-10.835015 Ha
Worker 8: Step 170 accepted, E=-10.835538 Ha
Worker 15: Step 146 accepted, E=-10.835052 Ha
Worker 7: Step 206 accepted, E=-10.835500 Ha
Worker 13: Step 139 accepted, E=-10.834588 Ha
Worker 4: Step 193 accepted, E=-10.835652 Ha
Worker 2: Step 291 accepted, E=-10.834404 Ha
Worker 0: No change from 'mirror', skipping.
Worker 6: Step 222 accepted, E=-10.835849 Ha
Worker 19: Step 42 accepted, E=-10.835145 Ha
Worker 18: Step 109 accepted, E=-10.835625 Ha
Worker 17: Step 144 accepted, E=-10.835186 Ha
Worker 14: Step 171 accepted, E=-10.835706 Ha
Worker 9: Step 228 accepted, E=-10.834529 Ha
Worker 10: Step 216 accepted, E=-10.834985 Ha
Worker 11: Step 135 accepted, E=-10.835017 Ha
Worker 12: Step 107 accepted, E=-10.835290 Ha
Worker 5: Step 201 accepted, E=-10.834565 Ha
Worker 16: Step 160, op=correlated_displacement, ΔE=0.0367 eV, accept=True
Worker 15: Step 147 accepted, E=-10.835053 Ha
Worker 8: Step 171 accepted, E=-10.835626 Ha
Worker 16: Step 160 accepted, E=-10.831536 Ha
Worker 3: Step 251 accepted, E=-10.835274 Ha
Worker 2: Step 292 accepted, E=-10.834406 Ha
Worker 0: Step 246 accepted, E=-10.834354 Ha
Worker 4: Step 194 accepted, E=-10.835670 Ha
Worker 6: Step 223 accepted, E=-10.835889 Ha
Worker 19: Step 43 accepted, E=-10.834918 Ha
Worker 13: Step 140 accepted, E=-10.834589 Ha
Worker 7: Step 207 accepted, E=-10.835582 Ha
Worker 9: Step 229 accepted, E=-10.834523 Ha
Worker 17: Step 145 accepted, E=-10.835238 Ha
Worker 1: Step 338 accepted, E=-10.835006 Ha
Worker 10: Step 217 accepted, E=-10.834921 Ha
Worker 18: Step 110, op=correlated_displacement, ΔE=0.0024 eV, accept=True
Worker 14: Step 172 accepted, E=-10.835595 Ha
Worker 18: Step 110 accepted, E=-10.835537 Ha
Worker 12: Step 108 accepted, E=-10.835106 Ha
Worker 11: Step 136 accepted, E=-10.835000 Ha
Worker 16: Step 161 accepted, E=-10.831468 Ha
Worker 2: Step 293 accepted, E=-10.834406 Ha
Worker 15: Step 148 accepted, E=-10.835053 Ha
Worker 8: Step 172 accepted, E=-10.835637 Ha
Worker 0: Step 247 accepted, E=-10.834552 Ha
Worker 6: Step 224 accepted, E=-10.835928 Ha
Worker 19: Step 44 accepted, E=-10.834921 Ha
Worker 12: No change from 'mirror', skipping.
Worker 4: Step 195 accepted, E=-10.835644 Ha
Worker 17: Step 146 accepted, E=-10.835244 Ha
Worker 5: Step 202 accepted, E=-10.834622 Ha
Worker 10: Step 218 accepted, E=-10.834928 Ha
Worker 7: Step 208 accepted, E=-10.835636 Ha
Worker 15: No change from 'mirror', skipping.
Worker 9: Step 230 accepted, E=-10.834523 Ha
Worker 3: Step 252 accepted, E=-10.835272 Ha
Worker 14: Step 173 accepted, E=-10.835545 Ha
Worker 18: Step 111 accepted, E=-10.835556 Ha
Worker 13: Step 141 accepted, E=-10.834586 Ha
Worker 4: No change from 'mirror', skipping.
Worker 11: Step 137 accepted, E=-10.834976 Ha
Worker 2: Step 294 accepted, E=-10.834406 Ha
Worker 18: No change from 'small_principal_axis_rotation', skipping.
Worker 16: Step 162 accepted, E=-10.831422 Ha
Worker 1: Step 339 accepted, E=-10.835516 Ha
Worker 0: Step 248 accepted, E=-10.834496 Ha
Worker 8: Step 173 accepted, E=-10.835653 Ha
Worker 12: Step 110, op=small_principal_axis_rotation, ΔE=0.0044 eV, accept=True
Worker 19: Step 45 accepted, E=-10.834929 Ha
Worker 6: Step 225 accepted, E=-10.834943 Ha
Worker 12: Step 110 accepted, E=-10.834946 Ha
Worker 17: Step 147 accepted, E=-10.835244 Ha
Worker 10: Step 219 accepted, E=-10.834919 Ha
Worker 7: Step 209 accepted, E=-10.835669 Ha
Worker 15: Step 150, op=correlated_displacement, ΔE=0.0064 eV, accept=True
Worker 15: Step 150 accepted, E=-10.834819 Ha
Worker 9: Step 231 accepted, E=-10.834517 Ha
Worker 14: Step 174 accepted, E=-10.835504 Ha
Worker 11: Step 138 accepted, E=-10.834976 Ha
Worker 4: Step 197 accepted, E=-10.835654 Ha
Worker 5: Step 203 accepted, E=-10.834622 Ha
Worker 2: Step 295 accepted, E=-10.834406 Ha
Worker 3: Step 253 accepted, E=-10.835261 Ha
Worker 18: Step 113 accepted, E=-10.835576 Ha
Worker 19: Step 46 accepted, E=-10.834937 Ha
Worker 0: Step 249 accepted, E=-10.834463 Ha
Worker 6: Step 226 accepted, E=-10.834934 Ha
Worker 13: Step 142 accepted, E=-10.834591 Ha
Worker 8: Step 174 accepted, E=-10.835632 Ha
Worker 17: Step 148 accepted, E=-10.835260 Ha
Worker 10: Step 220 accepted, E=-10.834920 Ha
Worker 7: Step 210, op=local_twist, ΔE=0.0001 eV, accept=True
Worker 7: Step 210 accepted, E=-10.835665 Ha
Worker 15: Step 151 accepted, E=-10.835301 Ha
Worker 9: Step 232 accepted, E=-10.834517 Ha
Worker 14: Step 175 accepted, E=-10.835446 Ha
Worker 1: Step 340 accepted, E=-10.835543 Ha
Worker 11: Step 139 accepted, E=-10.834981 Ha
Worker 4: Step 198 accepted, E=-10.835637 Ha
Worker 2: Step 296 accepted, E=-10.834404 Ha
Worker 18: Step 114 accepted, E=-10.835777 Ha
Worker 16: Step 164 accepted, E=-10.832372 Ha
Worker 0: Step 250, op=random_displacement, ΔE=0.0085 eV, accept=True
Worker 19: Step 47 accepted, E=-10.834936 Ha
Worker 6: Step 227 accepted, E=-10.834893 Ha
Worker 0: Step 250 accepted, E=-10.834149 Ha
Worker 17: Step 149 accepted, E=-10.835375 Ha
Worker 12: Step 112 accepted, E=-10.834948 Ha
Worker 10: Step 221 accepted, E=-10.834796 Ha
Worker 6: No change from 'small_principal_axis_rotation', skipping.
Worker 8: Step 175 accepted, E=-10.834850 Ha
Worker 5: Step 204 accepted, E=-10.834659 Ha
Worker 3: Step 254 accepted, E=-10.835175 Ha
Worker 7: Step 211 accepted, E=-10.835598 Ha
Worker 14: Step 176 accepted, E=-10.835348 Ha
Worker 11: Step 140 accepted, E=-10.835044 Ha
Worker 4: Step 199 accepted, E=-10.835807 Ha
Worker 13: Step 143 accepted, E=-10.834591 Ha
Worker 9: Step 233 accepted, E=-10.834517 Ha
Worker 2: Step 297 accepted, E=-10.834402 Ha
Worker 19: Step 48 accepted, E=-10.834893 Ha
Worker 18: Step 115 accepted, E=-10.835765 Ha
Worker 16: Step 165 accepted, E=-10.832959 Ha
Worker 17: Step 150, op=local_twist, ΔE=0.0000 eV, accept=True
Worker 0: Step 251 accepted, E=-10.833903 Ha
Worker 17: Step 150 accepted, E=-10.835375 Ha
Worker 12: Step 113 accepted, E=-10.834964 Ha
Worker 10: Step 222 accepted, E=-10.834795 Ha
Worker 6: Step 229 accepted, E=-10.834842 Ha
Worker 1: Step 341 accepted, E=-10.835536 Ha
Worker 8: Step 176 accepted, E=-10.834935 Ha
Worker 7: Step 212 accepted, E=-10.835624 Ha
Worker 14: Step 177 accepted, E=-10.835250 Ha
Worker 11: Step 141 accepted, E=-10.835067 Ha
Worker 15: Step 153 accepted, E=-10.835311 Ha
Worker 4: Step 200, op=small_principal_axis_rotation, ΔE=0.0000 eV, accept=True
Worker 9: Step 234 accepted, E=-10.834520 Ha
Worker 4: Step 200 accepted, E=-10.835806 Ha
Worker 2: Step 298 accepted, E=-10.834459 Ha
Worker 19: Step 49 accepted, E=-10.834852 Ha
Worker 3: Step 255 accepted, E=-10.835275 Ha
Worker 5: Step 205 accepted, E=-10.834653 Ha
Worker 16: Step 166 accepted, E=-10.833296 Ha
Worker 0: Step 252 accepted, E=-10.833452 Ha
Worker 17: Step 151 accepted, E=-10.835517 Ha
Worker 18: Step 116 accepted, E=-10.835763 Ha
Worker 10: Step 223 accepted, E=-10.834791 Ha
Worker 12: Step 114 accepted, E=-10.835154 Ha
Worker 13: Step 144 accepted, E=-10.834651 Ha
Worker 17: No change from 'small_principal_axis_rotation', skipping.
Worker 6: Step 230 accepted, E=-10.834980 Ha
Worker 7: Step 213 accepted, E=-10.835624 Ha
Worker 11: Step 142 accepted, E=-10.835042 Ha
Worker 14: Step 178 accepted, E=-10.835493 Ha
Worker 15: Step 154 accepted, E=-10.835653 Ha
Worker 8: Step 177 accepted, E=-10.834951 Ha
Worker 1: Step 342 accepted, E=-10.835535 Ha
Worker 4: Step 201 accepted, E=-10.835810 Ha
Worker 19: Step 50, op=small_principal_axis_rotation, ΔE=0.0008 eV, accept=True
Worker 9: Step 235 accepted, E=-10.834520 Ha
Worker 2: Step 299 accepted, E=-10.834458 Ha
Worker 19: Step 50 accepted, E=-10.834823 Ha
Worker 10: Step 224 accepted, E=-10.834801 Ha
Worker 12: Step 115 accepted, E=-10.835098 Ha
Worker 6: Step 231 accepted, E=-10.834970 Ha
Worker 17: Step 153 accepted, E=-10.835526 Ha
Worker 18: Step 117 accepted, E=-10.835819 Ha
Worker 7: Step 214 accepted, E=-10.835618 Ha
Worker 5: Step 206 accepted, E=-10.834594 Ha
Worker 11: Step 143 accepted, E=-10.835020 Ha
Worker 14: Step 179 accepted, E=-10.835500 Ha
Worker 3: Step 256 accepted, E=-10.835290 Ha
Worker 13: Step 145 accepted, E=-10.834657 Ha
Worker 15: Step 155 accepted, E=-10.835655 Ha
Worker 2: Step 300, op=random_rotation, ΔE=0.0000 eV, accept=True
Worker 2: Step 300 accepted, E=-10.834457 Ha
Worker 4: Step 202 accepted, E=-10.835804 Ha
Worker 19: Step 51 accepted, E=-10.834816 Ha
Worker 9: Step 236 accepted, E=-10.834538 Ha
Worker 10: Step 225 accepted, E=-10.834803 Ha
Worker 12: Step 116 accepted, E=-10.834216 Ha
Worker 17: Step 154 accepted, E=-10.835526 Ha
Worker 6: Step 232 accepted, E=-10.834875 Ha
Worker 8: Step 178 accepted, E=-10.834815 Ha
Worker 7: Step 215 accepted, E=-10.835660 Ha
Worker 18: Step 118 accepted, E=-10.835827 Ha
Worker 12: No change from 'small_principal_axis_rotation', skipping.
Worker 11: Step 144 accepted, E=-10.835072 Ha
Worker 14: Step 180, op=correlated_displacement, ΔE=0.0004 eV, accept=True
Worker 14: Step 180 accepted, E=-10.835487 Ha
Worker 15: Step 156 accepted, E=-10.835719 Ha
Worker 9: No change from 'random_displacement', skipping.
Worker 19: Step 52 accepted, E=-10.834786 Ha
Worker 2: Step 301 accepted, E=-10.834460 Ha
Worker 4: Step 203 accepted, E=-10.835804 Ha
Worker 10: Step 226 accepted, E=-10.834813 Ha
Worker 13: Step 146 accepted, E=-10.834671 Ha
Worker 5: Step 207 accepted, E=-10.834615 Ha
Worker 3: Step 257 accepted, E=-10.835302 Ha
Worker 17: Step 155 accepted, E=-10.835690 Ha
Worker 16: Step 168 accepted, E=-10.833296 Ha
Worker 7: Step 216 accepted, E=-10.835662 Ha
Worker 6: Step 233 accepted, E=-10.835024 Ha
Worker 0: Step 255 accepted, E=-10.833422 Ha
Worker 19: No change from 'random_displacement', skipping.
Worker 18: Step 119 accepted, E=-10.835829 Ha
Worker 14: Step 181 accepted, E=-10.835456 Ha
Worker 15: Step 157 accepted, E=-10.835715 Ha
Worker 11: Step 145 accepted, E=-10.835065 Ha
Worker 9: Step 238 accepted, E=-10.834545 Ha
Worker 0: No change from 'large_displacement', skipping.
Worker 2: Step 302 accepted, E=-10.834462 Ha
Worker 8: Step 179 accepted, E=-10.834892 Ha
Worker 4: Step 204 accepted, E=-10.835742 Ha
Worker 1: Step 344 accepted, E=-10.835521 Ha
Worker 10: Step 227 accepted, E=-10.834827 Ha
Worker 7: Step 217 accepted, E=-10.835761 Ha
Worker 17: Step 156 accepted, E=-10.835635 Ha
Worker 19: Step 54 accepted, E=-10.834775 Ha
Worker 6: Step 234 accepted, E=-10.835096 Ha
Worker 12: Step 119 accepted, E=-10.834959 Ha
Worker 18: Step 120, op=random_rotation, ΔE=0.0010 eV, accept=True
Worker 14: Step 182 accepted, E=-10.835503 Ha
Worker 18: Step 120 accepted, E=-10.835793 Ha
Worker 6: No change from 'small_principal_axis_rotation', skipping.
Worker 11: Step 146 accepted, E=-10.834514 Ha
Worker 13: Step 147 accepted, E=-10.834675 Ha
Worker 3: Step 258 accepted, E=-10.835310 Ha
Worker 15: Step 158 accepted, E=-10.835717 Ha
Worker 5: Step 208 accepted, E=-10.834626 Ha
Worker 9: Step 239 accepted, E=-10.834545 Ha
Worker 0: Step 257 accepted, E=-10.833234 Ha
Worker 2: Step 303 accepted, E=-10.834462 Ha
Worker 19: No change from 'random_rotation', skipping.
Worker 4: Step 205 accepted, E=-10.835751 Ha
Worker 10: Step 228 accepted, E=-10.834807 Ha
Worker 7: Step 218 accepted, E=-10.835804 Ha
Worker 17: Step 157 accepted, E=-10.835635 Ha
Worker 8: Step 180 accepted, E=-10.834904 Ha
Worker 12: Step 120, op=principal_axis_rotation, ΔE=0.0348 eV, accept=False
Worker 14: Step 183 accepted, E=-10.835506 Ha
Worker 18: Step 121 accepted, E=-10.835757 Ha
Worker 1: Step 345 accepted, E=-10.835636 Ha
Worker 11: Step 147 accepted, E=-10.834520 Ha
Worker 15: Step 159 accepted, E=-10.835691 Ha
Worker 9: Step 240 accepted, E=-10.834549 Ha
Worker 19: Step 56 accepted, E=-10.834794 Ha
Worker 2: Step 304 accepted, E=-10.834460 Ha
Worker 1: No change from 'small_principal_axis_rotation', skipping.
Worker 10: Step 229 accepted, E=-10.834814 Ha
Worker 13: Step 148 accepted, E=-10.834672 Ha
Worker 4: Step 206 accepted, E=-10.835753 Ha
Worker 3: Step 259 accepted, E=-10.835286 Ha
Worker 7: Step 219 accepted, E=-10.835811 Ha
Worker 5: Step 209 accepted, E=-10.834666 Ha
Worker 14: Step 184 accepted, E=-10.835508 Ha
Worker 12: Step 121 accepted, E=-10.835111 Ha
Worker 11: Step 148 accepted, E=-10.834518 Ha
Worker 15: Step 160 accepted, E=-10.835704 Ha
Worker 18: Step 122 accepted, E=-10.835752 Ha
Worker 0: Step 259 accepted, E=-10.833239 Ha
Worker 9: Step 241 accepted, E=-10.834548 Ha
Worker 2: Step 305 accepted, E=-10.834459 Ha
Worker 16: Step 170 accepted, E=-10.833574 Ha
Worker 19: Step 57 accepted, E=-10.834791 Ha
Worker 10: Step 230, op=small_principal_axis_rotation, ΔE=0.0002 eV, accept=True
Worker 4: Step 207 accepted, E=-10.835790 Ha
Worker 10: Step 230 accepted, E=-10.834807 Ha
Worker 19: No change from 'small_principal_axis_rotation', skipping.
Worker 7: Step 220, op=random_so3, ΔE=0.0224 eV, accept=True
Worker 17: Step 159 accepted, E=-10.835626 Ha
Worker 7: Step 220 accepted, E=-10.834988 Ha
Worker 13: Step 149 accepted, E=-10.834696 Ha
Worker 14: Step 185 accepted, E=-10.835466 Ha
Worker 1: Step 347 accepted, E=-10.835626 Ha
Worker 6: Step 238 accepted, E=-10.835095 Ha
Worker 11: Step 149 accepted, E=-10.834522 Ha
Worker 3: Step 260, op=small_principal_axis_rotation, ΔE=0.0016 eV, accept=True
Worker 15: Step 161 accepted, E=-10.835690 Ha
Worker 2: Step 306 accepted, E=-10.834460 Ha
Worker 5: Step 210 accepted, E=-10.834678 Ha
Worker 3: Step 260 accepted, E=-10.835228 Ha
Worker 9: Step 242 accepted, E=-10.834548 Ha
Worker 12: Step 122 accepted, E=-10.835756 Ha
Worker 19: Step 59 accepted, E=-10.834804 Ha
Worker 18: Step 123 accepted, E=-10.835738 Ha
Worker 4: Step 208 accepted, E=-10.835822 Ha
Worker 17: Step 160 accepted, E=-10.835641 Ha
Worker 7: Step 221 accepted, E=-10.834995 Ha
Worker 0: Step 260 accepted, E=-10.833290 Ha
Worker 19: No change from 'large_displacement', skipping.
Worker 9: No change from 'random_displacement', skipping.
Worker 16: Step 171 accepted, E=-10.833620 Ha
Worker 14: Step 186 accepted, E=-10.835505 Ha
Worker 11: Step 150, op=random_rotation, ΔE=0.0000 eV, accept=True
Worker 6: Step 239 accepted, E=-10.835140 Ha
Worker 18: No change from 'mirror', skipping.
Worker 10: Step 231 accepted, E=-10.834815 Ha
Worker 11: Step 150 accepted, E=-10.834521 Ha
Worker 8: Step 182 accepted, E=-10.834811 Ha
Worker 2: Step 307 accepted, E=-10.834460 Ha
Worker 15: Step 162 accepted, E=-10.835671 Ha
Worker 13: Step 150, op=correlated_displacement, ΔE=0.0003 eV, accept=True
Worker 13: Step 150 accepted, E=-10.834685 Ha
Worker 12: Step 123 accepted, E=-10.835797 Ha
Worker 4: Step 209 accepted, E=-10.835818 Ha
Worker 6: No change from 'mirror', skipping.
Worker 17: Step 161 accepted, E=-10.835657 Ha
Worker 7: Step 222 accepted, E=-10.834983 Ha
Worker 1: Step 348 accepted, E=-10.835650 Ha
Worker 19: Step 61 accepted, E=-10.834749 Ha
Worker 5: Step 211 accepted, E=-10.834659 Ha
Worker 3: Step 261 accepted, E=-10.835277 Ha
Worker 9: Step 244 accepted, E=-10.834554 Ha
Worker 14: Step 187 accepted, E=-10.835544 Ha
Worker 8: No change from 'mirror', skipping.
Worker 2: Step 308 accepted, E=-10.834459 Ha
Worker 11: Step 151 accepted, E=-10.835104 Ha
Worker 7: No change from 'random_displacement', skipping.
Worker 15: Step 163 accepted, E=-10.835073 Ha
Worker 17: No change from 'roto_reflection', skipping.
Worker 0: Step 261 accepted, E=-10.832885 Ha
Worker 12: Step 124 accepted, E=-10.835734 Ha
Worker 4: Step 210, op=random_rotation, ΔE=0.0000 eV, accept=True
Worker 4: Step 210 accepted, E=-10.835817 Ha
Worker 16: Step 172 accepted, E=-10.834630 Ha
Worker 19: Step 62 accepted, E=-10.834756 Ha
Worker 10: Step 232 accepted, E=-10.834852 Ha
Worker 13: Step 151 accepted, E=-10.834688 Ha
Worker 9: Step 245 accepted, E=-10.834554 Ha
Worker 6: Step 241 accepted, E=-10.835142 Ha
Worker 14: Step 188 accepted, E=-10.835508 Ha
Worker 11: Step 152 accepted, E=-10.835099 Ha
Worker 7: Step 224 accepted, E=-10.835034 Ha
Worker 5: Step 212 accepted, E=-10.834745 Ha
Worker 15: Step 164 accepted, E=-10.835086 Ha
Worker 18: Step 126 accepted, E=-10.835734 Ha
Worker 17: Step 163 accepted, E=-10.835488 Ha
Worker 1: Step 349 accepted, E=-10.835673 Ha
Worker 3: Step 262 accepted, E=-10.835257 Ha
Worker 2: Step 309 accepted, E=-10.834461 Ha
Worker 12: Step 125 accepted, E=-10.835744 Ha
Worker 19: Step 63 accepted, E=-10.834277 Ha
Worker 4: Step 211 accepted, E=-10.835888 Ha
Worker 8: Step 184 accepted, E=-10.834867 Ha
Worker 11: No change from 'roto_reflection', skipping.
Worker 13: Step 152 accepted, E=-10.834689 Ha
Worker 0: Step 262 accepted, E=-10.832828 Ha
Worker 6: Step 242 accepted, E=-10.835143 Ha
Worker 14: Step 189 accepted, E=-10.835464 Ha
Worker 7: Step 225 accepted, E=-10.835070 Ha
Worker 16: Step 173 accepted, E=-10.834706 Ha
Worker 17: Step 164 accepted, E=-10.835573 Ha
Worker 10: Step 233 accepted, E=-10.834851 Ha
Worker 18: Step 127 accepted, E=-10.835732 Ha
Worker 2: Step 310 accepted, E=-10.834463 Ha
Worker 15: Step 165 accepted, E=-10.835086 Ha
Worker 19: Step 64 accepted, E=-10.834274 Ha
Worker 12: Step 126 accepted, E=-10.835624 Ha
Worker 9: Step 246 accepted, E=-10.834554 Ha
Worker 11: Step 154 accepted, E=-10.835102 Ha
Worker 5: Step 213 accepted, E=-10.834690 Ha
Worker 4: Step 212 accepted, E=-10.835888 Ha
Worker 13: Step 153 accepted, E=-10.834688 Ha
Worker 18: No change from 'mirror', skipping.
Worker 3: Step 263 accepted, E=-10.835272 Ha
Worker 6: Step 243 accepted, E=-10.835078 Ha
Worker 1: Step 350 accepted, E=-10.835692 Ha
Worker 14: Step 190, op=random_rotation, ΔE=0.0017 eV, accept=True
Worker 7: Step 226 accepted, E=-10.835062 Ha
Worker 14: Step 190 accepted, E=-10.835402 Ha
Worker 2: Step 311 accepted, E=-10.834463 Ha
Worker 17: Step 165 accepted, E=-10.835408 Ha
Worker 19: Step 65 accepted, E=-10.834260 Ha
Worker 15: Step 166 accepted, E=-10.835086 Ha
Worker 8: Step 185 accepted, E=-10.832735 Ha
Worker 12: Step 127 accepted, E=-10.835625 Ha
Worker 13: Step 154 accepted, E=-10.834694 Ha
Worker 0: Step 263 accepted, E=-10.833029 Ha
Worker 11: Step 155 accepted, E=-10.835090 Ha
Worker 4: Step 213 accepted, E=-10.835882 Ha
Worker 16: Step 174 accepted, E=-10.834712 Ha
Worker 10: Step 234 accepted, E=-10.834856 Ha
Worker 9: Step 247 accepted, E=-10.834553 Ha
Worker 18: Step 129 accepted, E=-10.835732 Ha
Worker 15: No change from 'mirror', skipping.
Worker 1: No change from 'roto_reflection', skipping.
Worker 6: Step 244 accepted, E=-10.834939 Ha
Worker 7: Step 227 accepted, E=-10.835062 Ha
Worker 2: Step 312 accepted, E=-10.834458 Ha
Worker 9: No change from 'small_principal_axis_rotation', skipping.
Worker 19: Step 66 accepted, E=-10.834255 Ha
Worker 5: Step 214 accepted, E=-10.834714 Ha
Worker 14: Step 191 accepted, E=-10.835419 Ha
Worker 17: Step 166 accepted, E=-10.835424 Ha
Worker 3: Step 264 accepted, E=-10.835250 Ha
Worker 13: Step 155 accepted, E=-10.834691 Ha
Worker 12: Step 128 accepted, E=-10.835561 Ha
Worker 11: Step 156 accepted, E=-10.835088 Ha
Worker 4: Step 214 accepted, E=-10.835886 Ha
Worker 18: Step 130, op=random_displacement, ΔE=0.0007 eV, accept=True
Worker 18: Step 130 accepted, E=-10.835706 Ha
Worker 16: Step 175 accepted, E=-10.834730 Ha
Worker 6: Step 245 accepted, E=-10.834928 Ha
Worker 15: Step 168 accepted, E=-10.835079 Ha
Worker 7: Step 228 accepted, E=-10.835070 Ha
Worker 8: Step 186 accepted, E=-10.832692 Ha
Worker 0: Step 264 accepted, E=-10.831103 Ha
Worker 19: Step 67 accepted, E=-10.834256 Ha
Worker 13: Step 156 accepted, E=-10.834692 Ha
Worker 10: Step 235 accepted, E=-10.834862 Ha
Worker 17: Step 167 accepted, E=-10.835468 Ha
Worker 2: Step 313 accepted, E=-10.834459 Ha
Worker 14: Step 192 accepted, E=-10.835467 Ha
Worker 1: Step 352 accepted, E=-10.835680 Ha
Worker 12: Step 129 accepted, E=-10.835561 Ha
Worker 11: Step 157 accepted, E=-10.835096 Ha
Worker 9: Step 249 accepted, E=-10.834551 Ha
Worker 5: Step 215 accepted, E=-10.834717 Ha
Worker 4: Step 215 accepted, E=-10.835880 Ha
Worker 16: Step 176 accepted, E=-10.834676 Ha
Worker 3: Step 265 accepted, E=-10.835238 Ha
Worker 7: Step 229 accepted, E=-10.835133 Ha
Worker 18: Step 131 accepted, E=-10.835710 Ha
Worker 19: Step 68 accepted, E=-10.834264 Ha
Worker 15: Step 169 accepted, E=-10.835082 Ha
Worker 13: Step 157 accepted, E=-10.834670 Ha
Worker 12: Step 130, op=twist, ΔE=0.0054 eV, accept=True
Worker 14: Step 193 accepted, E=-10.835451 Ha
Worker 11: Step 158 accepted, E=-10.835076 Ha
Worker 17: Step 168 accepted, E=-10.835482 Ha
Worker 12: Step 130 accepted, E=-10.835363 Ha
Worker 10: Step 236 accepted, E=-10.834863 Ha
Worker 8: Step 187 accepted, E=-10.833987 Ha
Worker 0: Step 265 accepted, E=-10.831326 Ha
Worker 6: Step 247 accepted, E=-10.834909 Ha
Worker 4: Step 216 accepted, E=-10.835864 Ha
Worker 2: Step 314 accepted, E=-10.834455 Ha
Worker 16: Step 177 accepted, E=-10.834298 Ha
Worker 7: Step 230 accepted, E=-10.835147 Ha
Worker 12: No change from 'twist', skipping.
Worker 18: Step 132 accepted, E=-10.835720 Ha
Worker 19: Step 69 accepted, E=-10.834261 Ha
Worker 9: Step 250 accepted, E=-10.834552 Ha
Worker 13: Step 158 accepted, E=-10.834671 Ha
Worker 15: Step 170 accepted, E=-10.835418 Ha
Worker 5: Step 216 accepted, E=-10.834734 Ha
Worker 1: Step 353 accepted, E=-10.835629 Ha
Worker 18: No change from 'small_principal_axis_rotation', skipping.
Worker 9: No change from 'small_principal_axis_rotation', skipping.
Worker 11: Step 159 accepted, E=-10.835095 Ha
Worker 14: Step 194 accepted, E=-10.835459 Ha
Worker 10: No change from 'roto_reflection', skipping.
Worker 6: Step 248 accepted, E=-10.834919 Ha
Worker 3: Step 266 accepted, E=-10.834683 Ha
Worker 17: Step 169 accepted, E=-10.835494 Ha
Worker 16: Step 178 accepted, E=-10.834231 Ha
Worker 7: Step 231 accepted, E=-10.835129 Ha
Worker 4: Step 217 accepted, E=-10.835862 Ha
Worker 12: Step 132 accepted, E=-10.835365 Ha
Worker 13: Step 159 accepted, E=-10.834671 Ha
Worker 19: Step 70 accepted, E=-10.834261 Ha
Worker 2: Step 315 accepted, E=-10.834455 Ha
Worker 18: Step 134 accepted, E=-10.835722 Ha
Worker 15: Step 171 accepted, E=-10.835427 Ha
Worker 11: Step 160 accepted, E=-10.835116 Ha
Worker 8: Step 188 accepted, E=-10.834135 Ha
Worker 0: Step 266 accepted, E=-10.831500 Ha
Worker 14: Step 195 accepted, E=-10.835429 Ha
Worker 6: Step 249 accepted, E=-10.835199 Ha
Worker 5: Step 217 accepted, E=-10.834748 Ha
Worker 9: Step 252 accepted, E=-10.834478 Ha
Worker 16: Step 179 accepted, E=-10.834561 Ha
Worker 13: Step 160, op=random_rotation, ΔE=0.0000 eV, accept=True
Worker 17: Step 170, op=principal_axis_rotation, ΔE=0.0338 eV, accept=False
Worker 7: Step 232 accepted, E=-10.835157 Ha
Worker 1: Step 354 accepted, E=-10.835508 Ha
Worker 13: Step 160 accepted, E=-10.834671 Ha
Worker 6: No change from 'small_principal_axis_rotation', skipping.
Worker 4: Step 218 accepted, E=-10.835859 Ha
Worker 19: Step 71 accepted, E=-10.834264 Ha
Worker 3: Step 267 accepted, E=-10.834694 Ha
Worker 18: Step 135 accepted, E=-10.835706 Ha
Worker 10: Step 238 accepted, E=-10.834863 Ha
Worker 11: Step 161 accepted, E=-10.835123 Ha
Worker 15: Step 172 accepted, E=-10.835423 Ha
Worker 14: Step 196 accepted, E=-10.835208 Ha
Worker 9: No change from 'random_so3', skipping.
Worker 2: Step 316 accepted, E=-10.834456 Ha
Worker 16: Step 180, op=random_rotation, ΔE=0.0010 eV, accept=True
Worker 12: Step 134 accepted, E=-10.835388 Ha
Worker 16: Step 180 accepted, E=-10.834524 Ha
Worker 17: Step 171 accepted, E=-10.835467 Ha
Worker 13: Step 161 accepted, E=-10.834748 Ha
Worker 6: Step 251 accepted, E=-10.835067 Ha
Worker 19: Step 72 accepted, E=-10.834802 Ha
Worker 4: Step 219 accepted, E=-10.835794 Ha
Worker 7: Step 233 accepted, E=-10.833840 Ha
Worker 8: Step 189 accepted, E=-10.834152 Ha
Worker 0: Step 267 accepted, E=-10.831494 Ha
Worker 15: No change from 'roto_reflection', skipping.
Worker 18: Step 136 accepted, E=-10.835710 Ha
Worker 5: Step 218 accepted, E=-10.834744 Ha
Worker 11: Step 162 accepted, E=-10.835101 Ha
Worker 12: No change from 'small_principal_axis_rotation', skipping.
Worker 18: No change from 'small_principal_axis_rotation', skipping.
Worker 14: Step 197 accepted, E=-10.835366 Ha
Worker 1: Step 355 accepted, E=-10.835506 Ha
Worker 3: Step 268 accepted, E=-10.834688 Ha
Worker 10: Step 239 accepted, E=-10.834912 Ha
Worker 13: Step 162 accepted, E=-10.834745 Ha
Worker 16: Step 181 accepted, E=-10.834526 Ha
Worker 6: Step 252 accepted, E=-10.835065 Ha
Worker 17: Step 172 accepted, E=-10.835397 Ha
Worker 4: Step 220, op=random_displacement, ΔE=0.0007 eV, accept=True
Worker 2: Step 317 accepted, E=-10.834456 Ha
Worker 19: Step 73 accepted, E=-10.834820 Ha
Worker 4: Step 220 accepted, E=-10.835768 Ha
Worker 9: Step 254 accepted, E=-10.834477 Ha
Worker 7: Step 234 accepted, E=-10.834994 Ha
Worker 12: Step 136 accepted, E=-10.835327 Ha
Worker 11: Step 163 accepted, E=-10.835104 Ha
Worker 15: Step 174 accepted, E=-10.835162 Ha
Worker 14: Step 198 accepted, E=-10.835491 Ha
Worker 17: No change from 'mirror', skipping.
Worker 18: Step 138 accepted, E=-10.835709 Ha
Worker 8: Step 190, op=random_displacement, ΔE=0.0121 eV, accept=False
Worker 13: Step 163 accepted, E=-10.834745 Ha
Worker 0: Step 268 accepted, E=-10.831497 Ha
Worker 16: Step 182 accepted, E=-10.834580 Ha
Worker 12: No change from 'correlated_displacement', skipping.
Worker 5: Step 219 accepted, E=-10.834747 Ha
Worker 6: Step 253 accepted, E=-10.834955 Ha
Worker 19: Step 74 accepted, E=-10.834821 Ha
Worker 1: Step 356 accepted, E=-10.835721 Ha
Worker 3: Step 269 accepted, E=-10.834753 Ha
Worker 10: Step 240, op=correlated_displacement, ΔE=0.0006 eV, accept=True
Worker 2: Step 318 accepted, E=-10.834456 Ha
Worker 10: Step 240 accepted, E=-10.834892 Ha
Worker 14: Step 199 accepted, E=-10.835545 Ha
Worker 9: Step 255 accepted, E=-10.834480 Ha
Worker 7: Step 235 accepted, E=-10.835014 Ha
Worker 15: Step 175 accepted, E=-10.835170 Ha
Worker 17: Step 174 accepted, E=-10.835218 Ha
Worker 0: No change from 'correlated_displacement', skipping.
Worker 13: Step 164 accepted, E=-10.834742 Ha
Worker 16: Step 183 accepted, E=-10.834551 Ha
Worker 11: Step 164 accepted, E=-10.835082 Ha
Worker 12: Step 138 accepted, E=-10.835332 Ha
Worker 19: Step 75 accepted, E=-10.834816 Ha
Worker 4: Step 222 accepted, E=-10.835774 Ha
Worker 6: Step 254 accepted, E=-10.834974 Ha
Worker 8: Step 191 accepted, E=-10.834637 Ha
Worker 5: Step 220 accepted, E=-10.834750 Ha
Worker 14: Step 200, op=random_rotation, ΔE=0.0002 eV, accept=True
Worker 18: Step 140 accepted, E=-10.835716 Ha
Worker 14: Step 200 accepted, E=-10.835537 Ha
Worker 13: Step 165 accepted, E=-10.834737 Ha
Worker 2: Step 319 accepted, E=-10.834457 Ha
Worker 17: Step 175 accepted, E=-10.835140 Ha
Worker 15: Step 176 accepted, E=-10.835116 Ha
Worker 3: Step 270 accepted, E=-10.834773 Ha
Worker 16: Step 184 accepted, E=-10.834566 Ha
Worker 10: Step 241 accepted, E=-10.834877 Ha
Worker 1: Step 357 accepted, E=-10.835547 Ha
Worker 19: Step 76 accepted, E=-10.834797 Ha
Worker 12: Step 139 accepted, E=-10.835196 Ha
Worker 7: Step 236 accepted, E=-10.835089 Ha
Worker 9: Step 256 accepted, E=-10.834473 Ha
Worker 11: Step 165 accepted, E=-10.835125 Ha
Worker 4: Step 223 accepted, E=-10.835778 Ha
Worker 0: Step 270, op=random_displacement, ΔE=0.0042 eV, accept=True
Worker 6: Step 255 accepted, E=-10.834374 Ha
Worker 7: No change from 'small_principal_axis_rotation', skipping.
Worker 0: Step 270 accepted, E=-10.831342 Ha
Worker 14: Step 201 accepted, E=-10.835424 Ha
Worker 18: Step 141 accepted, E=-10.835719 Ha
Worker 13: Step 166 accepted, E=-10.834729 Ha
Worker 17: Step 176 accepted, E=-10.835127 Ha
Worker 16: Step 185 accepted, E=-10.834366 Ha
Worker 2: Step 320, op=random_displacement, ΔE=0.0000 eV, accept=True
Worker 12: Step 140, op=random_rotation, ΔE=0.0002 eV, accept=True
Worker 2: Step 320 accepted, E=-10.834457 Ha
Worker 8: Step 192 accepted, E=-10.834690 Ha
Worker 19: Step 77 accepted, E=-10.834807 Ha
Worker 5: Step 221 accepted, E=-10.834739 Ha
Worker 12: Step 140 accepted, E=-10.835190 Ha
Worker 4: Step 224 accepted, E=-10.835747 Ha
Worker 3: Step 271 accepted, E=-10.834767 Ha
Worker 9: Step 257 accepted, E=-10.834473 Ha
Worker 6: Step 256 accepted, E=-10.834427 Ha
Worker 10: Step 242 accepted, E=-10.834847 Ha
Worker 13: Step 167 accepted, E=-10.834697 Ha
Worker 12: No change from 'random_displacement', skipping.
Worker 1: Step 358 accepted, E=-10.835528 Ha
Worker 14: Step 202 accepted, E=-10.835530 Ha
Worker 18: Step 142 accepted, E=-10.835703 Ha
Worker 17: Step 177 accepted, E=-10.835070 Ha
Worker 11: Step 166 accepted, E=-10.835125 Ha
Worker 16: Step 186 accepted, E=-10.834838 Ha
Worker 15: Step 178 accepted, E=-10.835489 Ha
Worker 7: Step 238 accepted, E=-10.835091 Ha
Worker 2: No change from 'mirror', skipping.
Worker 19: Step 78 accepted, E=-10.834811 Ha
Worker 0: Step 271 accepted, E=-10.831342 Ha
Worker 4: Step 225 accepted, E=-10.835723 Ha
Worker 13: Step 168 accepted, E=-10.834698 Ha
Worker 6: Step 257 accepted, E=-10.834731 Ha
Worker 12: Step 142 accepted, E=-10.835143 Ha
Worker 5: Step 222 accepted, E=-10.834739 Ha
Worker 18: Step 143 accepted, E=-10.835702 Ha
Worker 14: Step 203 accepted, E=-10.835537 Ha
Worker 8: Step 193 accepted, E=-10.834691 Ha
Worker 17: Step 178 accepted, E=-10.835015 Ha
Worker 9: Step 258 accepted, E=-10.834469 Ha
Worker 16: Step 187 accepted, E=-10.834855 Ha
Worker 3: Step 272 accepted, E=-10.834532 Ha
Worker 15: Step 179 accepted, E=-10.835487 Ha
Worker 19: Step 79 accepted, E=-10.834827 Ha
Worker 1: Step 359 accepted, E=-10.835334 Ha
Worker 4: Step 226 accepted, E=-10.835716 Ha
Worker 2: Step 322 accepted, E=-10.834457 Ha
Worker 10: Step 243 accepted, E=-10.834739 Ha
Worker 11: Step 167 accepted, E=-10.835140 Ha
Worker 7: Step 239 accepted, E=-10.835129 Ha
Worker 13: Step 169 accepted, E=-10.834692 Ha
Worker 18: Step 144 accepted, E=-10.835510 Ha
Worker 14: Step 204 accepted, E=-10.835516 Ha
Worker 0: Step 272 accepted, E=-10.831513 Ha
Worker 12: Step 143 accepted, E=-10.835128 Ha
Worker 16: Step 188 accepted, E=-10.834752 Ha
Worker 5: Step 223 accepted, E=-10.834762 Ha
Worker 19: Step 80, op=small_principal_axis_rotation, ΔE=0.0002 eV, accept=True
Worker 17: Step 179 accepted, E=-10.835026 Ha
Worker 6: Step 258 accepted, E=-10.834771 Ha
Worker 19: Step 80 accepted, E=-10.834820 Ha
Worker 4: Step 227 accepted, E=-10.835578 Ha
Worker 9: Step 259 accepted, E=-10.834469 Ha
Worker 8: Step 194 accepted, E=-10.834551 Ha
Worker 3: Step 273 accepted, E=-10.834558 Ha
Worker 17: No change from 'small_principal_axis_rotation', skipping.
Worker 13: Step 170 accepted, E=-10.834712 Ha
Worker 11: Step 168 accepted, E=-10.835139 Ha
Worker 15: Step 180 accepted, E=-10.835495 Ha
Worker 2: Step 323 accepted, E=-10.834459 Ha
Worker 18: Step 145 accepted, E=-10.835516 Ha
Worker 7: Step 240 accepted, E=-10.835145 Ha
Worker 17: No change from 'small_principal_axis_rotation', skipping.
Worker 1: Step 360, op=random_rotation, ΔE=0.0003 eV, accept=True
Worker 14: Step 205 accepted, E=-10.835410 Ha
Worker 16: Step 189 accepted, E=-10.834762 Ha
Worker 1: Step 360 accepted, E=-10.835323 Ha
Worker 12: Step 144 accepted, E=-10.835039 Ha
Worker 2: No change from 'small_principal_axis_rotation', skipping.
Worker 5: No change from 'roto_reflection', skipping.
Worker 10: Step 244 accepted, E=-10.834745 Ha
Worker 19: Step 81 accepted, E=-10.834825 Ha
Worker 13: Step 171 accepted, E=-10.834713 Ha
Worker 4: Step 228 accepted, E=-10.835684 Ha
Worker 0: Step 273 accepted, E=-10.831446 Ha
Worker 11: Step 169 accepted, E=-10.835249 Ha
Worker 9: Step 260, op=small_principal_axis_rotation, ΔE=0.0000 eV, accept=True
Worker 18: Step 146 accepted, E=-10.835488 Ha
Worker 6: Step 259 accepted, E=-10.834734 Ha
Worker 14: Step 206 accepted, E=-10.835487 Ha
Worker 9: Step 260 accepted, E=-10.834469 Ha
Worker 16: Step 190, op=random_displacement, ΔE=0.0163 eV, accept=True
Worker 17: Step 182 accepted, E=-10.834949 Ha
Worker 7: Step 241 accepted, E=-10.835182 Ha
Worker 16: Step 190 accepted, E=-10.834163 Ha
Worker 8: Step 195 accepted, E=-10.834772 Ha
Worker 19: Step 82 accepted, E=-10.834832 Ha
Worker 3: Step 274 accepted, E=-10.834593 Ha
Worker 15: Step 181 accepted, E=-10.835565 Ha
Worker 2: Step 325 accepted, E=-10.834459 Ha
Worker 13: Step 172 accepted, E=-10.834697 Ha
Worker 11: Step 170, op=random_rotation, ΔE=0.0000 eV, accept=True
Worker 5: Step 225 accepted, E=-10.834779 Ha
Worker 11: Step 170 accepted, E=-10.835249 Ha
Worker 1: Step 361 accepted, E=-10.835310 Ha
Worker 4: Step 229 accepted, E=-10.835743 Ha
Worker 10: Step 245 accepted, E=-10.834694 Ha
Worker 14: Step 207 accepted, E=-10.835603 Ha
Worker 17: Step 183 accepted, E=-10.835025 Ha
Worker 16: Step 191 accepted, E=-10.834157 Ha
Worker 18: Step 147 accepted, E=-10.835480 Ha
Worker 7: Step 242 accepted, E=-10.835089 Ha
Worker 12: Step 146 accepted, E=-10.835020 Ha
Worker 19: Step 83 accepted, E=-10.834829 Ha
Worker 0: Step 274 accepted, E=-10.831515 Ha
Worker 6: Step 260, op=correlated_displacement, ΔE=0.0001 eV, accept=True
Worker 9: Step 261 accepted, E=-10.834473 Ha
Worker 6: Step 260 accepted, E=-10.834729 Ha
Worker 13: Step 173 accepted, E=-10.834691 Ha
Worker 8: Step 196 accepted, E=-10.834771 Ha
Worker 11: Step 171 accepted, E=-10.835243 Ha
Worker 17: Step 184 accepted, E=-10.835024 Ha
Worker 3: Step 275 accepted, E=-10.834561 Ha
Worker 15: Step 182 accepted, E=-10.835587 Ha
Worker 14: Step 208 accepted, E=-10.835621 Ha
Worker 2: Step 326 accepted, E=-10.834461 Ha
Worker 4: Step 230, op=exchange, ΔE=0.0429 eV, accept=False
Worker 18: Step 148 accepted, E=-10.835456 Ha
Worker 16: Step 192 accepted, E=-10.834375 Ha
Worker 7: Step 243 accepted, E=-10.835673 Ha
Worker 12: Step 147 accepted, E=-10.835074 Ha
Worker 19: Step 84 accepted, E=-10.834829 Ha
Worker 10: Step 246 accepted, E=-10.834706 Ha
Worker 1: Step 362 accepted, E=-10.835335 Ha
Worker 5: Step 226 accepted, E=-10.834976 Ha
Worker 13: Step 174 accepted, E=-10.834699 Ha
Worker 11: Step 172 accepted, E=-10.835243 Ha
Worker 9: Step 262 accepted, E=-10.834467 Ha
Worker 17: Step 185 accepted, E=-10.835015 Ha
Worker 14: Step 209 accepted, E=-10.835613 Ha
Worker 18: Step 149 accepted, E=-10.835365 Ha
Worker 6: Step 261 accepted, E=-10.834761 Ha
Worker 7: Step 244 accepted, E=-10.835652 Ha
Worker 4: Step 231 accepted, E=-10.835729 Ha
Worker 19: Step 85 accepted, E=-10.834830 Ha
Worker 2: Step 327 accepted, E=-10.834463 Ha
Worker 3: Step 276 accepted, E=-10.834566 Ha
Worker 8: Step 197 accepted, E=-10.834965 Ha
Worker 13: Step 175 accepted, E=-10.834523 Ha
Worker 15: Step 183 accepted, E=-10.835484 Ha
Worker 11: Step 173 accepted, E=-10.835285 Ha
Worker 2: No change from 'small_principal_axis_rotation', skipping.
Worker 10: Step 247 accepted, E=-10.834686 Ha
Worker 17: Step 186 accepted, E=-10.835176 Ha
Worker 14: Step 210, op=random_rotation, ΔE=0.0000 eV, accept=True
Worker 5: Step 227 accepted, E=-10.835000 Ha
Worker 14: Step 210 accepted, E=-10.835613 Ha
Worker 1: Step 363 accepted, E=-10.835781 Ha
Worker 16: Step 194 accepted, E=-10.834332 Ha
Worker 18: Step 150, op=correlated_displacement, ΔE=0.0148 eV, accept=True
Worker 7: Step 245 accepted, E=-10.835532 Ha
Worker 18: Step 150 accepted, E=-10.834822 Ha
Worker 9: Step 263 accepted, E=-10.834463 Ha
Worker 19: Step 86 accepted, E=-10.834827 Ha
Worker 12: Step 149 accepted, E=-10.835057 Ha
Worker 13: Step 176 accepted, E=-10.834523 Ha
Worker 4: Step 232 accepted, E=-10.835645 Ha
Worker 0: Step 276 accepted, E=-10.831856 Ha
Worker 11: Step 174 accepted, E=-10.835280 Ha
Worker 17: Step 187 accepted, E=-10.835154 Ha
Worker 6: Step 262 accepted, E=-10.834761 Ha
Worker 14: Step 211 accepted, E=-10.835546 Ha
Worker 2: Step 329 accepted, E=-10.834462 Ha
Worker 3: Step 277 accepted, E=-10.834614 Ha
Worker 16: Step 195 accepted, E=-10.834480 Ha
Worker 7: Step 246 accepted, E=-10.835661 Ha
Worker 19: Step 87 accepted, E=-10.834818 Ha
Worker 8: Step 198 accepted, E=-10.835051 Ha
Worker 18: Step 151 accepted, E=-10.833663 Ha
Worker 15: Step 184 accepted, E=-10.835482 Ha
Worker 13: Step 177 accepted, E=-10.834522 Ha
Worker 10: Step 248 accepted, E=-10.834693 Ha
Worker 12: Step 150, op=local_twist, ΔE=0.0002 eV, accept=True
Worker 5: Step 228 accepted, E=-10.834584 Ha
Worker 12: Step 150 accepted, E=-10.835049 Ha
Worker 11: Step 175 accepted, E=-10.835241 Ha
Worker 4: Step 233 accepted, E=-10.835409 Ha
Worker 1: Step 364 accepted, E=-10.835790 Ha
Worker 9: Step 264 accepted, E=-10.834463 Ha
Worker 17: Step 188 accepted, E=-10.835255 Ha
Worker 14: Step 212 accepted, E=-10.835544 Ha
Worker 16: Step 196 accepted, E=-10.834254 Ha
Worker 17: No change from 'principal_axis_rotation', skipping.
Worker 7: Step 247 accepted, E=-10.835677 Ha
Worker 11: No change from 'exchange', skipping.
Worker 8: No change from 'roto_reflection', skipping.
Worker 13: Step 178 accepted, E=-10.834522 Ha
Worker 19: Step 88 accepted, E=-10.834809 Ha
Worker 18: Step 152 accepted, E=-10.833676 Ha
Worker 2: Step 330, op=random_displacement, ΔE=0.0000 eV, accept=True
Worker 6: Step 263 accepted, E=-10.834775 Ha
Worker 2: Step 330 accepted, E=-10.834461 Ha
Worker 7: No change from 'small_principal_axis_rotation', skipping.
Worker 15: Step 185 accepted, E=-10.835470 Ha
Worker 12: Step 151 accepted, E=-10.834914 Ha
Worker 3: Step 278 accepted, E=-10.834614 Ha
Worker 10: Step 249 accepted, E=-10.834692 Ha
Worker 14: Step 213 accepted, E=-10.835496 Ha
Worker 5: Step 229 accepted, E=-10.834581 Ha
Worker 17: Step 190, op=local_twist, ΔE=0.0001 eV, accept=True
Worker 8: No change from 'large_displacement', skipping.
Worker 16: Step 197 accepted, E=-10.834379 Ha
Worker 17: Step 190 accepted, E=-10.835252 Ha
Worker 13: Step 179 accepted, E=-10.834720 Ha
Worker 4: Step 234 accepted, E=-10.835679 Ha
Worker 11: Step 177 accepted, E=-10.835250 Ha
Worker 9: Step 265 accepted, E=-10.834455 Ha
Worker 19: Step 89 accepted, E=-10.834810 Ha
Worker 6: No change from 'correlated_displacement', skipping.
Worker 18: Step 153 accepted, E=-10.833462 Ha
Worker 1: Step 365 accepted, E=-10.835743 Ha
Worker 7: Step 249 accepted, E=-10.835666 Ha
Worker 12: Step 152 accepted, E=-10.834979 Ha
Worker 2: Step 331 accepted, E=-10.834463 Ha
Worker 14: Step 214 accepted, E=-10.835380 Ha
Worker 13: Step 180, op=local_twist, ΔE=0.0001 eV, accept=True
Worker 19: Step 90, op=random_displacement, ΔE=0.0001 eV, accept=True
Worker 17: Step 191 accepted, E=-10.835266 Ha
Worker 6: No change from 'correlated_displacement', skipping.
Worker 13: Step 180 accepted, E=-10.834715 Ha
Worker 16: Step 198 accepted, E=-10.833681 Ha
Worker 19: Step 90 accepted, E=-10.834808 Ha
Worker 11: Step 178 accepted, E=-10.835271 Ha
Worker 15: Step 186 accepted, E=-10.835477 Ha
Worker 10: Step 250, op=correlated_displacement, ΔE=0.0008 eV, accept=True
Worker 5: Step 230, op=small_principal_axis_rotation, ΔE=0.0002 eV, accept=True
Worker 3: Step 279 accepted, E=-10.834562 Ha
Worker 10: Step 250 accepted, E=-10.834664 Ha
Worker 7: Step 250, op=large_displacement, ΔE=0.0364 eV, accept=True
Worker 18: Step 154 accepted, E=-10.833738 Ha
Worker 4: Step 235 accepted, E=-10.835679 Ha
Worker 5: Step 230 accepted, E=-10.834575 Ha
Worker 7: Step 250 accepted, E=-10.834327 Ha
Worker 9: Step 266 accepted, E=-10.834454 Ha
Worker 12: Step 153 accepted, E=-10.834939 Ha
Worker 14: Step 215 accepted, E=-10.835383 Ha
Worker 10: No change from 'small_principal_axis_rotation', skipping.
Worker 6: No change from 'random_displacement', skipping.
Worker 8: Step 201 accepted, E=-10.834562 Ha
Worker 13: Step 181 accepted, E=-10.834711 Ha
Worker 1: Step 366 accepted, E=-10.835786 Ha
Worker 19: Step 91 accepted, E=-10.834800 Ha
Worker 17: Step 192 accepted, E=-10.835325 Ha
Worker 11: Step 179 accepted, E=-10.835272 Ha
Worker 16: Step 199 accepted, E=-10.833799 Ha
Worker 2: Step 332 accepted, E=-10.834462 Ha
Worker 8: No change from 'small_principal_axis_rotation', skipping.
Worker 0: Step 279 accepted, E=-10.831881 Ha
Worker 18: Step 155 accepted, E=-10.833732 Ha
Worker 7: Step 251 accepted, E=-10.834144 Ha
Worker 4: Step 236 accepted, E=-10.835716 Ha
Worker 13: Step 182 accepted, E=-10.834706 Ha
Worker 14: Step 216 accepted, E=-10.835358 Ha
Worker 12: Step 154 accepted, E=-10.834752 Ha
Worker 5: Step 231 accepted, E=-10.834562 Ha
Worker 15: Step 187 accepted, E=-10.835512 Ha
Worker 3: Step 280 accepted, E=-10.834564 Ha
Worker 19: Step 92 accepted, E=-10.834809 Ha
Worker 17: Step 193 accepted, E=-10.835354 Ha
Worker 9: Step 267 accepted, E=-10.834451 Ha
Worker 16: Step 200, op=random_displacement, ΔE=0.0005 eV, accept=True
Worker 11: Step 180 accepted, E=-10.835273 Ha
Worker 16: Step 200 accepted, E=-10.833780 Ha
Worker 10: Step 252 accepted, E=-10.834673 Ha
Worker 6: Step 267 accepted, E=-10.834788 Ha
Worker 7: Step 252 accepted, E=-10.833802 Ha
Worker 18: Step 156 accepted, E=-10.833382 Ha
Worker 2: Step 333 accepted, E=-10.834464 Ha
Worker 1: Step 367 accepted, E=-10.834286 Ha
Worker 13: Step 183 accepted, E=-10.834731 Ha
Worker 7: No change from 'small_principal_axis_rotation', skipping.
Worker 14: Step 217 accepted, E=-10.835359 Ha
Worker 8: Step 203 accepted, E=-10.834441 Ha
Worker 12: Step 155 accepted, E=-10.834780 Ha
Worker 4: Step 237 accepted, E=-10.835728 Ha
Worker 19: Step 93 accepted, E=-10.834808 Ha
Worker 0: Step 280 accepted, E=-10.832223 Ha
Worker 17: Step 194 accepted, E=-10.834572 Ha
Worker 11: Step 181 accepted, E=-10.835287 Ha
Worker 6: No change from 'twist', skipping.
Worker 16: Step 201 accepted, E=-10.833369 Ha
Worker 5: Step 232 accepted, E=-10.834557 Ha
Worker 9: Step 268 accepted, E=-10.834451 Ha
Worker 15: Step 188 accepted, E=-10.835479 Ha
Worker 18: Step 157 accepted, E=-10.833418 Ha
Worker 13: Step 184 accepted, E=-10.834737 Ha
Worker 10: Step 253 accepted, E=-10.834672 Ha
Worker 7: Step 254 accepted, E=-10.833754 Ha
Worker 14: Step 218 accepted, E=-10.835376 Ha
Worker 19: Step 94 accepted, E=-10.834770 Ha
Worker 12: Step 156 accepted, E=-10.834796 Ha
Worker 17: Step 195 accepted, E=-10.834741 Ha
Worker 6: No change from 'large_displacement', skipping.
Worker 11: Step 182 accepted, E=-10.835289 Ha
Worker 2: Step 334 accepted, E=-10.834469 Ha
Worker 16: Step 202 accepted, E=-10.833097 Ha
Worker 4: Step 238 accepted, E=-10.835744 Ha
Worker 1: Step 368 accepted, E=-10.834172 Ha
Worker 8: Step 204 accepted, E=-10.834429 Ha
Worker 13: Step 185 accepted, E=-10.834733 Ha
Worker 0: Step 281 accepted, E=-10.830952 Ha
Worker 18: Step 158 accepted, E=-10.833472 Ha
Worker 9: Step 269 accepted, E=-10.834451 Ha
Worker 14: Step 219 accepted, E=-10.835325 Ha
Worker 7: Step 255 accepted, E=-10.833764 Ha
Worker 19: Step 95 accepted, E=-10.834765 Ha
Worker 5: Step 233 accepted, E=-10.834549 Ha
Worker 15: Step 189 accepted, E=-10.834894 Ha
Worker 17: Step 196 accepted, E=-10.834747 Ha
Worker 12: Step 157 accepted, E=-10.834266 Ha
Worker 9: No change from 'small_principal_axis_rotation', skipping.
Worker 11: Step 183 accepted, E=-10.835248 Ha
Worker 16: Step 203 accepted, E=-10.832093 Ha
Worker 10: Step 254 accepted, E=-10.834689 Ha
Worker 3: Step 282 accepted, E=-10.834302 Ha
Worker 4: Step 239 accepted, E=-10.835744 Ha
Worker 13: Step 186 accepted, E=-10.834709 Ha
Worker 2: Step 335 accepted, E=-10.834470 Ha
Worker 6: Step 270, op=small_principal_axis_rotation, ΔE=0.0002 eV, accept=True
Worker 6: Step 270 accepted, E=-10.834780 Ha
Worker 6: Box grew at step 270. Size=4.660, acc=0.500
Worker 14: Step 220, op=local_twist, ΔE=0.0006 eV, accept=True
Worker 7: Step 256 accepted, E=-10.833766 Ha
Worker 19: Step 96 accepted, E=-10.834780 Ha
Worker 14: Step 220 accepted, E=-10.835303 Ha
Worker 17: Step 197 accepted, E=-10.834765 Ha
Worker 1: Step 369 accepted, E=-10.834231 Ha
Worker 12: Step 158 accepted, E=-10.834400 Ha
Worker 11: Step 184 accepted, E=-10.835319 Ha
Worker 16: Step 204 accepted, E=-10.832091 Ha
Worker 0: Step 282 accepted, E=-10.831030 Ha
Worker 5: Step 234 accepted, E=-10.834564 Ha
Worker 15: Step 190 accepted, E=-10.834977 Ha
Worker 13: Step 187 accepted, E=-10.834713 Ha
Worker 9: Step 271 accepted, E=-10.834451 Ha
Worker 10: Step 255 accepted, E=-10.834691 Ha
Worker 4: Step 240, op=principal_axis_rotation, ΔE=0.0059 eV, accept=True
Worker 19: Step 97 accepted, E=-10.834762 Ha
Worker 2: Step 336 accepted, E=-10.834472 Ha
Worker 3: Step 283 accepted, E=-10.834287 Ha
Worker 18: Step 160, op=small_principal_axis_rotation, ΔE=0.0047 eV, accept=True
Worker 4: Step 240 accepted, E=-10.835527 Ha
Worker 14: Step 221 accepted, E=-10.834947 Ha
Worker 18: Step 160 accepted, E=-10.833298 Ha
Worker 17: Step 198 accepted, E=-10.834777 Ha
Worker 7: Step 257 accepted, E=-10.832061 Ha
Worker 12: Step 159 accepted, E=-10.834466 Ha
Worker 10: No change from 'principal_axis_rotation', skipping.
Worker 11: Step 185 accepted, E=-10.835363 Ha
Worker 16: Step 205 accepted, E=-10.832214 Ha
Worker 6: Step 271 accepted, E=-10.834805 Ha
Worker 13: Step 188 accepted, E=-10.834723 Ha
Worker 10: No change from 'small_principal_axis_rotation', skipping.
Worker 1: Step 370 accepted, E=-10.835854 Ha
Worker 5: Step 235 accepted, E=-10.834571 Ha
Worker 19: Step 98 accepted, E=-10.834765 Ha
Worker 17: Step 199 accepted, E=-10.834813 Ha
Worker 14: Step 222 accepted, E=-10.834931 Ha
Worker 15: Step 191 accepted, E=-10.834956 Ha
Worker 0: Step 283 accepted, E=-10.830902 Ha
Worker 8: Step 206 accepted, E=-10.834501 Ha
Worker 7: Step 258 accepted, E=-10.832036 Ha
Worker 4: Step 241 accepted, E=-10.835528 Ha
Worker 9: Step 272 accepted, E=-10.834451 Ha
Worker 12: Step 160 accepted, E=-10.834494 Ha
Worker 11: Step 186 accepted, E=-10.835445 Ha
Worker 13: Step 189 accepted, E=-10.834738 Ha
Worker 2: Step 337 accepted, E=-10.834475 Ha
Worker 3: Step 284 accepted, E=-10.834376 Ha
Worker 19: Step 99 accepted, E=-10.834766 Ha
Worker 6: Step 272 accepted, E=-10.834856 Ha
Worker 14: Step 223 accepted, E=-10.834873 Ha
Worker 17: Step 200 accepted, E=-10.834850 Ha
Worker 10: Step 258 accepted, E=-10.834710 Ha
Worker 7: Step 259 accepted, E=-10.832108 Ha
Worker 12: Step 161 accepted, E=-10.834397 Ha
Worker 11: Step 187 accepted, E=-10.835300 Ha
Worker 16: Step 207 accepted, E=-10.832409 Ha
Worker 5: Step 236 accepted, E=-10.834561 Ha
Worker 13: Step 190 accepted, E=-10.834748 Ha
Worker 1: Step 371 accepted, E=-10.835855 Ha
Worker 4: Step 242 accepted, E=-10.834214 Ha
Worker 15: Step 192 accepted, E=-10.834969 Ha
Worker 14: No change from 'roto_reflection', skipping.
Worker 9: Step 273 accepted, E=-10.834482 Ha
Worker 19: Step 100, op=local_twist, ΔE=0.0001 eV, accept=True
Worker 2: Step 338 accepted, E=-10.834470 Ha
Worker 8: Step 207 accepted, E=-10.834625 Ha
Worker 0: Step 284 accepted, E=-10.830840 Ha
Worker 19: Step 100 accepted, E=-10.834763 Ha
Worker 17: Step 201 accepted, E=-10.834850 Ha
Worker 7: Step 260, op=random_rotation, ΔE=0.0009 eV, accept=True
Worker 18: Step 163 accepted, E=-10.833462 Ha
Worker 7: Step 260 accepted, E=-10.832076 Ha
Worker 11: Step 188 accepted, E=-10.835378 Ha
Worker 12: Step 162 accepted, E=-10.834409 Ha
Worker 13: Step 191 accepted, E=-10.834748 Ha
Worker 6: Step 273 accepted, E=-10.834855 Ha
Worker 14: Step 225 accepted, E=-10.834725 Ha
Worker 10: Step 259 accepted, E=-10.834668 Ha
Worker 4: Step 243 accepted, E=-10.834214 Ha
Worker 19: Step 101 accepted, E=-10.834771 Ha
Worker 5: Step 237 accepted, E=-10.834567 Ha
Worker 1: Step 372 accepted, E=-10.835858 Ha
Worker 17: Step 202 accepted, E=-10.834903 Ha
Worker 15: Step 193 accepted, E=-10.835116 Ha
Worker 9: Step 274 accepted, E=-10.834481 Ha
Worker 7: Step 261 accepted, E=-10.833029 Ha
Worker 18: Step 164 accepted, E=-10.833630 Ha
Worker 2: Step 339 accepted, E=-10.834468 Ha
Worker 13: Step 192 accepted, E=-10.834407 Ha
Worker 11: Step 189 accepted, E=-10.834864 Ha
Worker 12: Step 163 accepted, E=-10.834246 Ha
Worker 16: Step 209 accepted, E=-10.832153 Ha
Worker 14: Step 226 accepted, E=-10.834727 Ha
Worker 8: Step 208 accepted, E=-10.834248 Ha
Worker 0: Step 285 accepted, E=-10.832412 Ha
Worker 19: Step 102 accepted, E=-10.834765 Ha
Worker 7: No change from 'mirror', skipping.
Worker 11: No change from 'mirror', skipping.
Worker 17: Step 203 accepted, E=-10.834906 Ha
Worker 4: Step 244 accepted, E=-10.834196 Ha
Worker 6: Step 274 accepted, E=-10.834852 Ha
Worker 3: Step 286 accepted, E=-10.834346 Ha
Worker 5: Step 238 accepted, E=-10.834566 Ha
Worker 13: Step 193 accepted, E=-10.834492 Ha
Worker 10: Step 260 accepted, E=-10.834680 Ha
Worker 16: Step 210, op=random_displacement, ΔE=0.0247 eV, accept=True
Worker 12: Step 164 accepted, E=-10.834361 Ha
Worker 16: Step 210 accepted, E=-10.831245 Ha
Worker 14: Step 227 accepted, E=-10.834727 Ha
Worker 9: Step 275 accepted, E=-10.834439 Ha
Worker 1: Step 373 accepted, E=-10.835690 Ha
Worker 2: Step 340 accepted, E=-10.834470 Ha
Worker 10: No change from 'principal_axis_rotation', skipping.
Worker 7: Step 263 accepted, E=-10.833260 Ha
Worker 19: Step 103 accepted, E=-10.834754 Ha
Worker 15: Step 194 accepted, E=-10.835116 Ha
Worker 17: Step 204 accepted, E=-10.834973 Ha
Worker 11: Step 191 accepted, E=-10.834764 Ha
Worker 13: Step 194 accepted, E=-10.834495 Ha
Worker 0: Step 286 accepted, E=-10.832671 Ha
Worker 8: Step 209 accepted, E=-10.834261 Ha
Worker 14: Step 228 accepted, E=-10.834729 Ha
Worker 18: Step 166 accepted, E=-10.834179 Ha
Worker 12: Step 165 accepted, E=-10.834345 Ha
Worker 16: Step 211 accepted, E=-10.833176 Ha
Worker 5: Step 239 accepted, E=-10.834559 Ha
Worker 6: Step 275 accepted, E=-10.834843 Ha
Worker 7: Step 264 accepted, E=-10.833139 Ha
Worker 19: Step 104 accepted, E=-10.835075 Ha
Worker 17: Step 205 accepted, E=-10.834976 Ha
Worker 3: Step 287 accepted, E=-10.834347 Ha
Worker 11: Step 192 accepted, E=-10.834747 Ha
Worker 2: Step 341 accepted, E=-10.834470 Ha
Worker 9: Step 276 accepted, E=-10.834440 Ha
Worker 10: Step 262 accepted, E=-10.834677 Ha
Worker 13: Step 195 accepted, E=-10.834495 Ha
Worker 1: Step 374 accepted, E=-10.835670 Ha
Worker 14: Step 229 accepted, E=-10.834762 Ha
Worker 15: Step 195 accepted, E=-10.835071 Ha
Worker 12: Step 166 accepted, E=-10.834364 Ha
Worker 18: Step 167 accepted, E=-10.834250 Ha
Worker 19: Step 105 accepted, E=-10.835070 Ha
Worker 7: Step 265 accepted, E=-10.832754 Ha
Worker 17: Step 206 accepted, E=-10.834957 Ha
Worker 5: Step 240, op=random_displacement, ΔE=0.0004 eV, accept=True
Worker 8: Step 210 accepted, E=-10.834264 Ha
Worker 13: Step 196 accepted, E=-10.834495 Ha
Worker 11: Step 193 accepted, E=-10.834706 Ha
Worker 5: Step 240 accepted, E=-10.834545 Ha
Worker 6: Step 276 accepted, E=-10.834842 Ha
Worker 14: Step 230, op=random_displacement, ΔE=0.0003 eV, accept=True
Worker 14: Step 230 accepted, E=-10.834752 Ha
Worker 2: Step 342 accepted, E=-10.834469 Ha
Worker 16: Step 213 accepted, E=-10.833145 Ha
Worker 12: Step 167 accepted, E=-10.833730 Ha
Worker 10: Step 263 accepted, E=-10.834661 Ha
Worker 9: Step 277 accepted, E=-10.834440 Ha
Worker 3: Step 288 accepted, E=-10.834339 Ha
Worker 18: Step 168 accepted, E=-10.834250 Ha
Worker 17: Step 207 accepted, E=-10.834857 Ha
Worker 19: Step 106 accepted, E=-10.835047 Ha
Worker 7: Step 266 accepted, E=-10.832691 Ha
Worker 1: Step 375 accepted, E=-10.835343 Ha
Worker 15: Step 196 accepted, E=-10.835021 Ha
Worker 13: Step 197 accepted, E=-10.834491 Ha
Worker 11: Step 194 accepted, E=-10.834747 Ha
Worker 17: No change from 'mirror', skipping.
Worker 14: Step 231 accepted, E=-10.834759 Ha
Worker 0: Step 288 accepted, E=-10.832678 Ha
Worker 16: Step 214 accepted, E=-10.832387 Ha
Worker 5: Step 241 accepted, E=-10.834544 Ha
Worker 11: No change from 'exchange', skipping.
Worker 8: Step 211 accepted, E=-10.834401 Ha
Worker 12: Step 168 accepted, E=-10.833768 Ha
Worker 19: Step 107 accepted, E=-10.835052 Ha
Worker 4: Step 248 accepted, E=-10.834187 Ha
Worker 6: Step 277 accepted, E=-10.834820 Ha
Worker 2: Step 343 accepted, E=-10.834469 Ha
Worker 13: Step 198 accepted, E=-10.834491 Ha
Worker 18: Step 169 accepted, E=-10.834273 Ha
Worker 7: Step 267 accepted, E=-10.832879 Ha
Worker 9: Step 278 accepted, E=-10.834440 Ha
Worker 10: Step 264 accepted, E=-10.834641 Ha
Worker 17: Step 209 accepted, E=-10.834861 Ha
Worker 14: Step 232 accepted, E=-10.834742 Ha
Worker 3: Step 289 accepted, E=-10.834072 Ha
Worker 13: No change from 'mirror', skipping.
Worker 1: Step 376 accepted, E=-10.834801 Ha
Worker 15: Step 197 accepted, E=-10.835015 Ha
Worker 16: Step 215 accepted, E=-10.832362 Ha
Worker 11: Step 196 accepted, E=-10.834733 Ha
Worker 19: Step 108 accepted, E=-10.835053 Ha
Worker 12: Step 169 accepted, E=-10.833302 Ha
Worker 4: Step 249 accepted, E=-10.833728 Ha
Worker 5: Step 242 accepted, E=-10.834544 Ha
Worker 7: Step 268 accepted, E=-10.833039 Ha
Worker 9: No change from 'roto_reflection', skipping.
Worker 18: Step 170 accepted, E=-10.834966 Ha
Worker 0: Step 289 accepted, E=-10.832604 Ha
Worker 17: Step 210, op=random_rotation, ΔE=0.0006 eV, accept=True
Worker 2: Step 344 accepted, E=-10.834470 Ha
Worker 17: Step 210 accepted, E=-10.834839 Ha
Worker 14: Step 233 accepted, E=-10.834829 Ha
Worker 8: Step 212 accepted, E=-10.834429 Ha
Worker 13: Step 200, op=principal_axis_rotation, ΔE=0.0006 eV, accept=True
Worker 6: Step 278 accepted, E=-10.834845 Ha
Worker 13: Step 200 accepted, E=-10.834468 Ha
Worker 11: Step 197 accepted, E=-10.834747 Ha
Worker 10: Step 265 accepted, E=-10.834920 Ha
Worker 19: Step 109 accepted, E=-10.835127 Ha
Worker 12: Step 170, op=random_rotation, ΔE=0.0032 eV, accept=False
Worker 4: Step 250 accepted, E=-10.835093 Ha
Worker 7: Step 269 accepted, E=-10.833057 Ha
Worker 15: Step 198 accepted, E=-10.835010 Ha
Worker 13: No change from 'roto_reflection', skipping.
Worker 18: Step 171 accepted, E=-10.834872 Ha
Worker 3: Step 290 accepted, E=-10.834169 Ha
Worker 19: No change from 'random_so3', skipping.
Worker 1: Step 377 accepted, E=-10.834768 Ha
Worker 17: Step 211 accepted, E=-10.834794 Ha
Worker 14: Step 234 accepted, E=-10.834924 Ha
Worker 5: Step 243 accepted, E=-10.834545 Ha
Worker 16: Step 217 accepted, E=-10.831022 Ha
Worker 9: Step 280, op=small_principal_axis_rotation, ΔE=0.0000 eV, accept=True
Worker 11: Step 198 accepted, E=-10.834787 Ha
Worker 2: Step 345 accepted, E=-10.834470 Ha
Worker 9: Step 280 accepted, E=-10.834439 Ha
Worker 12: Step 171 accepted, E=-10.833360 Ha
Worker 0: Step 290 accepted, E=-10.832807 Ha
Worker 6: Step 279 accepted, E=-10.834855 Ha
Worker 4: Step 251 accepted, E=-10.835118 Ha
Worker 8: Step 213 accepted, E=-10.834504 Ha
Worker 13: Step 202 accepted, E=-10.834476 Ha
Worker 7: Step 270 accepted, E=-10.833136 Ha
Worker 19: Step 111 accepted, E=-10.835134 Ha
Worker 18: Step 172 accepted, E=-10.835585 Ha
Worker 17: Step 212 accepted, E=-10.834756 Ha
Worker 10: Step 266 accepted, E=-10.834919 Ha
Worker 14: Step 235 accepted, E=-10.834879 Ha
Worker 16: Step 218 accepted, E=-10.831023 Ha
Worker 11: Step 199 accepted, E=-10.834785 Ha
Worker 15: Step 199 accepted, E=-10.834998 Ha
Worker 12: Step 172 accepted, E=-10.835265 Ha
Worker 3: Step 291 accepted, E=-10.833991 Ha
Worker 5: Step 244 accepted, E=-10.834555 Ha
Worker 13: Step 203 accepted, E=-10.834470 Ha
Worker 4: Step 252 accepted, E=-10.834937 Ha
Worker 1: Step 378 accepted, E=-10.834822 Ha
Worker 2: Step 346 accepted, E=-10.834469 Ha
Worker 7: Step 271 accepted, E=-10.833642 Ha
Worker 19: Step 112 accepted, E=-10.835026 Ha
Worker 9: Step 281 accepted, E=-10.834440 Ha
Worker 17: Step 213 accepted, E=-10.834717 Ha
Worker 14: Step 236 accepted, E=-10.834858 Ha
Worker 18: Step 173 accepted, E=-10.835594 Ha
Worker 0: Step 291 accepted, E=-10.834800 Ha
Worker 8: Step 214 accepted, E=-10.834580 Ha
Worker 4: No change from 'mirror', skipping.
Worker 6: Step 280, op=small_principal_axis_rotation, ΔE=0.0027 eV, accept=True
Worker 11: Step 200 accepted, E=-10.834832 Ha
Worker 18: No change from 'small_principal_axis_rotation', skipping.
Worker 6: Step 280 accepted, E=-10.834756 Ha
Worker 12: Step 173 accepted, E=-10.835053 Ha
Worker 13: Step 204 accepted, E=-10.834476 Ha
Worker 10: Step 267 accepted, E=-10.834911 Ha
Worker 19: Step 113 accepted, E=-10.835010 Ha
Worker 7: Step 272 accepted, E=-10.833694 Ha
Worker 5: Step 245 accepted, E=-10.834563 Ha
Worker 14: Step 237 accepted, E=-10.834884 Ha
Worker 17: Step 214 accepted, E=-10.834661 Ha
Worker 15: Step 200, op=principal_axis_rotation, ΔE=0.0176 eV, accept=True
Worker 16: Step 220 accepted, E=-10.831090 Ha
Worker 2: Step 347 accepted, E=-10.834470 Ha
Worker 3: Step 292 accepted, E=-10.834542 Ha
Worker 15: Step 200 accepted, E=-10.834350 Ha
Worker 11: Step 201 accepted, E=-10.834826 Ha
Worker 4: Step 254 accepted, E=-10.834908 Ha
Worker 9: Step 282 accepted, E=-10.834440 Ha
Worker 1: Step 379 accepted, E=-10.834871 Ha
Worker 13: Step 205 accepted, E=-10.834477 Ha
Worker 12: Step 174 accepted, E=-10.835066 Ha
Worker 19: Step 114 accepted, E=-10.835001 Ha
Worker 0: Step 292 accepted, E=-10.834794 Ha
Worker 8: Step 215 accepted, E=-10.834593 Ha
Worker 7: Step 273 accepted, E=-10.833722 Ha
Worker 14: Step 238 accepted, E=-10.834883 Ha
Worker 17: Step 215 accepted, E=-10.834663 Ha
Worker 6: Step 281 accepted, E=-10.834670 Ha
Worker 10: Step 268 accepted, E=-10.834711 Ha
Worker 16: Step 221 accepted, E=-10.831094 Ha
Worker 18: Step 176 accepted, E=-10.835573 Ha
Worker 11: Step 202 accepted, E=-10.834915 Ha
Worker 13: Step 206 accepted, E=-10.834464 Ha
Worker 7: No change from 'roto_reflection', skipping.
Worker 2: Step 348 accepted, E=-10.834471 Ha
Worker 4: Step 255 accepted, E=-10.834912 Ha
Worker 5: Step 246 accepted, E=-10.834566 Ha
Worker 18: No change from 'small_principal_axis_rotation', skipping.
Worker 12: Step 175 accepted, E=-10.835014 Ha
Worker 15: Step 201 accepted, E=-10.834322 Ha
Worker 19: Step 115 accepted, E=-10.834997 Ha
Worker 9: Step 283 accepted, E=-10.834439 Ha
Worker 13: No change from 'large_displacement', skipping.
Worker 14: Step 239 accepted, E=-10.834985 Ha
Worker 17: Step 216 accepted, E=-10.834562 Ha
Worker 1: Step 380 accepted, E=-10.834946 Ha
Worker 16: Step 222 accepted, E=-10.831419 Ha
Worker 11: Step 203 accepted, E=-10.834904 Ha
Worker 7: Step 275 accepted, E=-10.833671 Ha
Worker 14: No change from 'roto_reflection', skipping.
Worker 8: Step 216 accepted, E=-10.834645 Ha
Worker 6: Step 282 accepted, E=-10.834698 Ha
Worker 18: Step 178 accepted, E=-10.835220 Ha
Worker 10: Step 269 accepted, E=-10.834712 Ha
Worker 0: Step 293 accepted, E=-10.834825 Ha
Worker 12: Step 176 accepted, E=-10.834971 Ha
Worker 4: Step 256 accepted, E=-10.834922 Ha
Worker 13: Step 208 accepted, E=-10.834465 Ha
Worker 19: Step 116 accepted, E=-10.835009 Ha
Worker 2: Step 349 accepted, E=-10.834467 Ha
Worker 1: No change from 'large_displacement', skipping.
Worker 17: Step 217 accepted, E=-10.834818 Ha
Worker 5: Step 247 accepted, E=-10.834586 Ha
Worker 16: Step 223 accepted, E=-10.831675 Ha
Worker 15: Step 202 accepted, E=-10.834328 Ha
Worker 3: Step 294 accepted, E=-10.834764 Ha
Worker 9: Step 284 accepted, E=-10.834476 Ha
Worker 11: Step 204 accepted, E=-10.835209 Ha
Worker 7: Step 276 accepted, E=-10.834323 Ha
Worker 14: Step 241 accepted, E=-10.835027 Ha
Worker 18: Step 179 accepted, E=-10.835205 Ha
Worker 12: Step 177 accepted, E=-10.835099 Ha
Worker 13: Step 209 accepted, E=-10.834466 Ha
Worker 19: Step 117 accepted, E=-10.835011 Ha
Worker 4: Step 257 accepted, E=-10.834918 Ha
Worker 17: Step 218 accepted, E=-10.834737 Ha
Worker 6: Step 283 accepted, E=-10.834693 Ha
Worker 10: Step 270 accepted, E=-10.834977 Ha
Worker 2: Step 350, op=com_com_separation, ΔE=0.0000 eV, accept=True
Worker 8: Step 217 accepted, E=-10.834618 Ha
Worker 16: Step 224 accepted, E=-10.831642 Ha
Worker 2: Step 350 accepted, E=-10.834466 Ha
Worker 0: Step 294 accepted, E=-10.834787 Ha
Worker 11: Step 205 accepted, E=-10.835086 Ha
Worker 7: Step 277 accepted, E=-10.834316 Ha
Worker 14: Step 242 accepted, E=-10.835029 Ha
Worker 1: Step 382 accepted, E=-10.834929 Ha
Worker 13: Step 210 accepted, E=-10.834469 Ha
Worker 18: Step 180 accepted, E=-10.836129 Ha
Worker 5: Step 248 accepted, E=-10.834585 Ha
Worker 15: Step 203 accepted, E=-10.834331 Ha
Worker 14: No change from 'principal_axis_rotation', skipping.
Worker 12: Step 178 accepted, E=-10.835099 Ha
Worker 4: Step 258 accepted, E=-10.834681 Ha
Worker 19: Step 118 accepted, E=-10.834651 Ha
Worker 11: No change from 'mirror', skipping.
Worker 3: Step 295 accepted, E=-10.834587 Ha
Worker 9: Step 285 accepted, E=-10.834414 Ha
Worker 17: Step 219 accepted, E=-10.834754 Ha
Worker 18: No change from 'large_displacement', skipping.
Worker 7: Step 278 accepted, E=-10.834327 Ha
Worker 6: Step 284 accepted, E=-10.834695 Ha
Worker 13: Step 211 accepted, E=-10.834476 Ha
Worker 2: Step 351 accepted, E=-10.834467 Ha
Worker 8: Step 218 accepted, E=-10.834648 Ha
Worker 10: Step 271 accepted, E=-10.834978 Ha
Worker 4: Step 259 accepted, E=-10.834579 Ha
Worker 14: Step 244 accepted, E=-10.835028 Ha
Worker 0: Step 295 accepted, E=-10.834788 Ha
Worker 12: Step 179 accepted, E=-10.835060 Ha
Worker 19: Step 119 accepted, E=-10.834651 Ha
Worker 11: Step 207 accepted, E=-10.835007 Ha
Worker 17: Step 220 accepted, E=-10.834754 Ha
Worker 16: Step 226 accepted, E=-10.831440 Ha
Worker 18: Step 182 accepted, E=-10.836099 Ha
Worker 7: Step 279 accepted, E=-10.834332 Ha
Worker 15: Step 204 accepted, E=-10.834334 Ha
Worker 5: Step 249 accepted, E=-10.834586 Ha
Worker 13: Step 212 accepted, E=-10.834475 Ha
Worker 9: Step 286 accepted, E=-10.834722 Ha
Worker 5: No change from 'small_principal_axis_rotation', skipping.
Worker 12: Step 180 accepted, E=-10.835079 Ha
Worker 11: Step 208 accepted, E=-10.835014 Ha
Worker 14: Step 245 accepted, E=-10.835075 Ha
Worker 19: Step 120, op=small_principal_axis_rotation, ΔE=0.0000 eV, accept=True
Worker 4: Step 260, op=correlated_displacement, ΔE=0.0122 eV, accept=True
Worker 19: Step 120 accepted, E=-10.834651 Ha
Worker 4: Step 260 accepted, E=-10.834132 Ha
Worker 17: Step 221 accepted, E=-10.834643 Ha
Worker 6: Step 285 accepted, E=-10.834693 Ha
Worker 2: Step 352 accepted, E=-10.834468 Ha
Worker 16: Step 227 accepted, E=-10.831080 Ha
Worker 7: Step 280 accepted, E=-10.834355 Ha
Worker 10: Step 272 accepted, E=-10.835000 Ha
Worker 18: Step 183 accepted, E=-10.834597 Ha
Worker 8: Step 219 accepted, E=-10.834725 Ha
Worker 13: Step 213 accepted, E=-10.834466 Ha
Worker 0: Step 296 accepted, E=-10.834223 Ha
Worker 14: Step 246 accepted, E=-10.835061 Ha
Worker 12: Step 181 accepted, E=-10.835038 Ha
Worker 1: Step 384 accepted, E=-10.834943 Ha
Worker 15: Step 205 accepted, E=-10.834338 Ha
Worker 11: Step 209 accepted, E=-10.835023 Ha
Worker 17: Step 222 accepted, E=-10.834283 Ha
Worker 19: Step 121 accepted, E=-10.834651 Ha
Worker 4: Step 261 accepted, E=-10.834149 Ha
Worker 5: Step 251 accepted, E=-10.834572 Ha
Worker 9: Step 287 accepted, E=-10.834720 Ha
Worker 7: Step 281 accepted, E=-10.834367 Ha
Worker 3: Step 297 accepted, E=-10.834613 Ha
Worker 16: Step 228 accepted, E=-10.831080 Ha
Worker 18: Step 184 accepted, E=-10.834760 Ha
Worker 13: Step 214 accepted, E=-10.834446 Ha
Worker 9: No change from 'small_principal_axis_rotation', skipping.
Worker 2: Step 353 accepted, E=-10.834470 Ha
Worker 6: Step 286 accepted, E=-10.834726 Ha
Worker 13: No change from 'small_principal_axis_rotation', skipping.
Worker 14: Step 247 accepted, E=-10.835111 Ha
Worker 10: Step 273 accepted, E=-10.835019 Ha
Worker 12: Step 182 accepted, E=-10.835047 Ha
Worker 11: Step 210, op=local_twist, ΔE=0.0001 eV, accept=True
Worker 8: Step 220 accepted, E=-10.834735 Ha
Worker 17: Step 223 accepted, E=-10.834383 Ha
Worker 11: Step 210 accepted, E=-10.835021 Ha
Worker 19: Step 122 accepted, E=-10.834650 Ha
Worker 0: Step 297 accepted, E=-10.834216 Ha
Worker 4: Step 262 accepted, E=-10.834248 Ha
Worker 17: No change from 'small_principal_axis_rotation', skipping.
Worker 7: Step 282 accepted, E=-10.834370 Ha
Worker 16: Step 229 accepted, E=-10.832690 Ha
Worker 15: Step 206 accepted, E=-10.834337 Ha
Worker 18: Step 185 accepted, E=-10.834568 Ha
Worker 13: Step 216 accepted, E=-10.834467 Ha
Worker 5: Step 252 accepted, E=-10.834869 Ha
Worker 14: Step 248 accepted, E=-10.835107 Ha
Worker 12: Step 183 accepted, E=-10.835085 Ha
Worker 3: Step 298 accepted, E=-10.834621 Ha
Worker 11: Step 211 accepted, E=-10.835017 Ha
Worker 2: Step 354 accepted, E=-10.834472 Ha
Worker 19: Step 123 accepted, E=-10.834659 Ha
Worker 9: Step 289 accepted, E=-10.834708 Ha
Worker 7: Step 283 accepted, E=-10.834894 Ha
Worker 4: Step 263 accepted, E=-10.834753 Ha
Worker 6: Step 287 accepted, E=-10.834727 Ha
Worker 17: Step 225 accepted, E=-10.834300 Ha
Worker 16: Step 230, op=exchange, ΔE=0.1224 eV, accept=False
Worker 10: Step 274 accepted, E=-10.835010 Ha
Worker 11: No change from 'roto_reflection', skipping.
Worker 18: Step 186 accepted, E=-10.834504 Ha
Worker 13: Step 217 accepted, E=-10.834473 Ha
Worker 8: Step 221 accepted, E=-10.834777 Ha
Worker 14: Step 249 accepted, E=-10.835110 Ha
Worker 19: Step 124 accepted, E=-10.834542 Ha
Worker 12: Step 184 accepted, E=-10.835571 Ha
Worker 0: Step 298 accepted, E=-10.835277 Ha
Worker 1: Step 386 accepted, E=-10.835222 Ha
Worker 5: Step 253 accepted, E=-10.834868 Ha
Worker 15: Step 207 accepted, E=-10.834301 Ha
Worker 7: Step 284 accepted, E=-10.834915 Ha
Worker 17: Step 226 accepted, E=-10.834293 Ha
Worker 4: Step 264 accepted, E=-10.835286 Ha
Worker 2: Step 355 accepted, E=-10.834472 Ha
Worker 16: Step 231 accepted, E=-10.832653 Ha
Worker 11: Step 213 accepted, E=-10.835011 Ha
Worker 13: Step 218 accepted, E=-10.834461 Ha
Worker 3: Step 299 accepted, E=-10.834610 Ha
Worker 9: Step 290, op=twist, ΔE=0.0005 eV, accept=True
Worker 18: Step 187 accepted, E=-10.833094 Ha
Worker 14: Step 250, op=random_rotation, ΔE=0.0006 eV, accept=True
Worker 9: Step 290 accepted, E=-10.834689 Ha
Worker 14: Step 250 accepted, E=-10.835086 Ha
Worker 6: Step 288 accepted, E=-10.834719 Ha
Worker 12: Step 185 accepted, E=-10.835516 Ha
Worker 19: Step 125 accepted, E=-10.834541 Ha
Worker 7: Step 285 accepted, E=-10.834915 Ha
Worker 10: Step 275 accepted, E=-10.835001 Ha
Worker 17: Step 227 accepted, E=-10.834298 Ha
Worker 8: Step 222 accepted, E=-10.834913 Ha
Worker 4: Step 265 accepted, E=-10.835280 Ha
Worker 3: No change from 'roto_reflection', skipping.
Worker 11: Step 214 accepted, E=-10.834971 Ha
Worker 16: Step 232 accepted, E=-10.832653 Ha
Worker 13: Step 219 accepted, E=-10.834435 Ha
Worker 15: Step 208 accepted, E=-10.834328 Ha
Worker 0: Step 299 accepted, E=-10.835250 Ha
Worker 6: No change from 'exchange', skipping.
Worker 5: Step 254 accepted, E=-10.834867 Ha
Worker 1: Step 387 accepted, E=-10.835268 Ha
Worker 18: Step 188 accepted, E=-10.833050 Ha
Worker 13: No change from 'small_principal_axis_rotation', skipping.
Worker 2: Step 356 accepted, E=-10.834471 Ha
Worker 14: Step 251 accepted, E=-10.834878 Ha
Worker 12: Step 186 accepted, E=-10.835514 Ha
Worker 19: Step 126 accepted, E=-10.834540 Ha
Worker 7: Step 286 accepted, E=-10.834915 Ha
Worker 17: Step 228 accepted, E=-10.834304 Ha
Worker 8: No change from 'correlated_displacement', skipping.
Worker 9: Step 291 accepted, E=-10.834680 Ha
Worker 4: Step 266 accepted, E=-10.835240 Ha
Worker 16: Step 233 accepted, E=-10.833016 Ha
Worker 11: Step 215 accepted, E=-10.834982 Ha
Worker 13: Step 221 accepted, E=-10.834431 Ha
Worker 10: Step 276 accepted, E=-10.835100 Ha
Worker 18: Step 189 accepted, E=-10.832738 Ha
Worker 14: Step 252 accepted, E=-10.834868 Ha
Worker 19: Step 127 accepted, E=-10.834557 Ha
Worker 7: Step 287 accepted, E=-10.834908 Ha
Worker 0: Step 300, op=random_rotation, ΔE=0.0001 eV, accept=True
Worker 5: Step 255 accepted, E=-10.834904 Ha
Worker 3: Step 301 accepted, E=-10.834681 Ha
Worker 17: Step 229 accepted, E=-10.834231 Ha
Worker 2: Step 357 accepted, E=-10.834475 Ha
Worker 15: Step 209 accepted, E=-10.834338 Ha
Worker 0: Step 300 accepted, E=-10.835247 Ha
Worker 6: Step 290 accepted, E=-10.834775 Ha
Worker 1: Step 388 accepted, E=-10.835252 Ha
Worker 11: Step 216 accepted, E=-10.834982 Ha
Worker 4: Step 267 accepted, E=-10.834475 Ha
Worker 16: Step 234 accepted, E=-10.833138 Ha
Worker 17: No change from 'large_displacement', skipping.
Worker 13: Step 222 accepted, E=-10.834465 Ha
Worker 18: Step 190, op=random_displacement, ΔE=0.0050 eV, accept=True
Worker 12: Step 188 accepted, E=-10.835518 Ha
Worker 1: No change from 'small_principal_axis_rotation', skipping.
Worker 18: Step 190 accepted, E=-10.832556 Ha
Worker 9: Step 292 accepted, E=-10.834676 Ha
Worker 14: Step 253 accepted, E=-10.834906 Ha
Worker 8: Step 224 accepted, E=-10.834882 Ha
Worker 19: Step 128 accepted, E=-10.834623 Ha
Worker 7: Step 288 accepted, E=-10.834930 Ha
Worker 10: Step 277 accepted, E=-10.835119 Ha
Worker 11: Step 217 accepted, E=-10.834979 Ha
Worker 13: Step 223 accepted, E=-10.834462 Ha
Worker 17: Step 231 accepted, E=-10.834234 Ha
Worker 16: Step 235 accepted, E=-10.833164 Ha
Worker 5: Step 256 accepted, E=-10.834902 Ha
Worker 4: Step 268 accepted, E=-10.834347 Ha
Worker 2: Step 358 accepted, E=-10.834472 Ha
Worker 0: Step 301 accepted, E=-10.835252 Ha
Worker 8: No change from 'correlated_displacement', skipping.
Worker 12: Step 189 accepted, E=-10.835495 Ha
Worker 15: Step 210 accepted, E=-10.834352 Ha
Worker 3: Step 302 accepted, E=-10.834705 Ha
Worker 14: Step 254 accepted, E=-10.834829 Ha
Worker 6: Step 291 accepted, E=-10.834764 Ha
Worker 18: Step 191 accepted, E=-10.833408 Ha
Worker 7: Step 289 accepted, E=-10.834934 Ha
Worker 11: No change from 'mirror', skipping.
Worker 19: Step 129 accepted, E=-10.834623 Ha
Worker 9: Step 293 accepted, E=-10.834673 Ha
Worker 13: Step 224 accepted, E=-10.834462 Ha
Worker 17: Step 232 accepted, E=-10.834234 Ha
Worker 1: Step 390 accepted, E=-10.835269 Ha
Worker 16: Step 236 accepted, E=-10.833224 Ha
Worker 10: Step 278 accepted, E=-10.835104 Ha
Worker 4: Step 269 accepted, E=-10.834522 Ha
Worker 12: Step 190, op=local_twist, ΔE=0.0026 eV, accept=True
Worker 7: Step 290, op=large_displacement, ΔE=0.0065 eV, accept=True
Worker 14: Step 255 accepted, E=-10.834812 Ha
Worker 12: Step 190 accepted, E=-10.835400 Ha
Worker 7: Step 290 accepted, E=-10.834694 Ha
Worker 11: Step 219 accepted, E=-10.834968 Ha
Worker 18: Step 192 accepted, E=-10.833164 Ha
Worker 19: Step 130 accepted, E=-10.834623 Ha
Worker 12: No change from 'small_principal_axis_rotation', skipping.
Worker 5: Step 257 accepted, E=-10.834898 Ha
Worker 2: Step 359 accepted, E=-10.834468 Ha
Worker 15: Step 211 accepted, E=-10.834348 Ha
Worker 8: Step 226 accepted, E=-10.834882 Ha
Worker 13: Step 225 accepted, E=-10.834459 Ha
Worker 0: Step 302 accepted, E=-10.835279 Ha
Worker 7: No change from 'mirror', skipping.
Worker 17: Step 233 accepted, E=-10.834229 Ha
Worker 6: Step 292 accepted, E=-10.834751 Ha
Worker 16: Step 237 accepted, E=-10.833405 Ha
Worker 3: Step 303 accepted, E=-10.835831 Ha
Worker 9: Step 294 accepted, E=-10.834667 Ha
Worker 4: Step 270, op=exchange, ΔE=0.0384 eV, accept=False
Worker 14: Step 256 accepted, E=-10.834848 Ha
Worker 11: Step 220, op=random_rotation, ΔE=0.0003 eV, accept=True
Worker 11: Step 220 accepted, E=-10.834959 Ha
Worker 18: Step 193 accepted, E=-10.833531 Ha
Worker 19: Step 131 accepted, E=-10.834625 Ha
Worker 2: No change from 'roto_reflection', skipping.
Worker 1: Step 391 accepted, E=-10.835194 Ha
Worker 0: No change from 'mirror', skipping.
Worker 7: Step 292 accepted, E=-10.834718 Ha
Worker 10: Step 279 accepted, E=-10.835102 Ha
Worker 13: Step 226 accepted, E=-10.834442 Ha
Worker 17: Step 234 accepted, E=-10.834278 Ha
Worker 12: No change from 'mirror', skipping.
Worker 16: Step 238 accepted, E=-10.833399 Ha
Worker 5: Step 258 accepted, E=-10.834897 Ha
Worker 14: Step 257 accepted, E=-10.834859 Ha
Worker 15: Step 212 accepted, E=-10.834355 Ha
Worker 4: Step 271 accepted, E=-10.834508 Ha
Worker 8: Step 227 accepted, E=-10.835008 Ha
Worker 11: Step 221 accepted, E=-10.834959 Ha
Worker 6: Step 293 accepted, E=-10.834702 Ha
Worker 18: Step 194 accepted, E=-10.833284 Ha
Worker 19: Step 132 accepted, E=-10.834627 Ha
Worker 7: Step 293 accepted, E=-10.834743 Ha
Worker 13: Step 227 accepted, E=-10.834443 Ha
Worker 9: Step 295 accepted, E=-10.834647 Ha
Worker 3: Step 304 accepted, E=-10.835985 Ha
Worker 2: Step 361 accepted, E=-10.834468 Ha
Worker 16: Step 239 accepted, E=-10.833378 Ha
Worker 17: Step 235 accepted, E=-10.834273 Ha
Worker 12: Step 194 accepted, E=-10.835581 Ha
Worker 15: No change from 'mirror', skipping.
Worker 5: Step 259 accepted, E=-10.834869 Ha
Worker 0: Step 304 accepted, E=-10.835245 Ha
Worker 14: Step 258 accepted, E=-10.834803 Ha
Worker 4: Step 272 accepted, E=-10.834647 Ha
Worker 10: Step 280 accepted, E=-10.835113 Ha
Worker 1: Step 392 accepted, E=-10.835171 Ha
Worker 11: Step 222 accepted, E=-10.834976 Ha
Worker 7: Step 294 accepted, E=-10.834746 Ha
Worker 13: Step 228 accepted, E=-10.834437 Ha
Worker 18: Step 195 accepted, E=-10.830904 Ha
Worker 19: Step 133 accepted, E=-10.834628 Ha
Worker 16: Step 240, op=exchange, ΔE=0.1521 eV, accept=False
Worker 17: Step 236 accepted, E=-10.834278 Ha
Worker 6: Step 294 accepted, E=-10.834686 Ha
Worker 5: Step 260, op=random_rotation, ΔE=0.0000 eV, accept=True
Worker 9: Step 296 accepted, E=-10.834647 Ha
Worker 12: Step 195 accepted, E=-10.834505 Ha
Worker 5: Step 260 accepted, E=-10.834869 Ha
Worker 8: Step 228 accepted, E=-10.835172 Ha
Worker 14: Step 259 accepted, E=-10.834945 Ha
Worker 2: Step 362 accepted, E=-10.834468 Ha
Worker 7: Step 295 accepted, E=-10.834710 Ha
Worker 4: Step 273 accepted, E=-10.834647 Ha
Worker 11: Step 223 accepted, E=-10.834974 Ha
Worker 13: Step 229 accepted, E=-10.834436 Ha
Worker 19: Step 134 accepted, E=-10.834549 Ha
Worker 3: Step 305 accepted, E=-10.835964 Ha
Worker 15: Step 214 accepted, E=-10.834352 Ha
Worker 17: Step 237 accepted, E=-10.834256 Ha
Worker 10: Step 281 accepted, E=-10.835113 Ha
Worker 9: No change from 'random_displacement', skipping.
Worker 19: No change from 'small_principal_axis_rotation', skipping.
Worker 16: Step 241 accepted, E=-10.833373 Ha
Worker 1: Step 393 accepted, E=-10.835081 Ha
Worker 0: Step 305 accepted, E=-10.835478 Ha
Worker 5: Step 261 accepted, E=-10.834925 Ha
Worker 12: Step 196 accepted, E=-10.834398 Ha
Worker 14: Step 260 accepted, E=-10.835025 Ha
Worker 13: Step 230, op=random_rotation, ΔE=0.0001 eV, accept=True
Worker 11: Step 224 accepted, E=-10.835001 Ha
Worker 6: Step 295 accepted, E=-10.834706 Ha
Worker 13: Step 230 accepted, E=-10.834434 Ha
Worker 4: Step 274 accepted, E=-10.834648 Ha
Worker 7: Step 296 accepted, E=-10.834719 Ha
Worker 8: Step 229 accepted, E=-10.835167 Ha
Worker 18: Step 197 accepted, E=-10.830904 Ha
Worker 17: Step 238 accepted, E=-10.834268 Ha
Worker 2: Step 363 accepted, E=-10.834479 Ha
Worker 16: Step 242 accepted, E=-10.834122 Ha
Worker 19: Step 136 accepted, E=-10.834546 Ha
Worker 3: Step 306 accepted, E=-10.835116 Ha
Worker 12: Step 197 accepted, E=-10.834437 Ha
Worker 15: Step 215 accepted, E=-10.834354 Ha
Worker 5: Step 262 accepted, E=-10.834343 Ha
Worker 14: Step 261 accepted, E=-10.834972 Ha
Worker 9: Step 298 accepted, E=-10.834647 Ha
Worker 10: Step 282 accepted, E=-10.835094 Ha
Worker 13: Step 231 accepted, E=-10.834434 Ha
Worker 11: Step 225 accepted, E=-10.835021 Ha
Worker 7: Step 297 accepted, E=-10.834716 Ha
Worker 4: Step 275 accepted, E=-10.834705 Ha
Worker 0: Step 306 accepted, E=-10.835499 Ha
Worker 1: Step 394 accepted, E=-10.834944 Ha
Worker 17: Step 239 accepted, E=-10.834246 Ha
Worker 16: Step 243 accepted, E=-10.834120 Ha
Worker 19: Step 137 accepted, E=-10.834553 Ha
Worker 6: Step 296 accepted, E=-10.834715 Ha
Worker 12: Step 198 accepted, E=-10.834555 Ha
Worker 3: Step 307 accepted, E=-10.835006 Ha
Worker 2: Step 364 accepted, E=-10.834480 Ha
Worker 8: Step 230 accepted, E=-10.835170 Ha
Worker 14: Step 262 accepted, E=-10.834956 Ha
Worker 5: Step 263 accepted, E=-10.834335 Ha
Worker 3: No change from 'small_principal_axis_rotation', skipping.
Worker 13: Step 232 accepted, E=-10.834439 Ha
Worker 11: Step 226 accepted, E=-10.834914 Ha
Worker 7: Step 298 accepted, E=-10.834727 Ha
Worker 3: No change from 'small_principal_axis_rotation', skipping.
Worker 15: Step 216 accepted, E=-10.834355 Ha
Worker 4: Step 276 accepted, E=-10.834712 Ha
Worker 9: Step 299 accepted, E=-10.834628 Ha
Worker 17: Step 240, op=random_rotation, ΔE=0.0010 eV, accept=True
Worker 17: Step 240 accepted, E=-10.834208 Ha
Worker 18: Step 199 accepted, E=-10.830888 Ha
Worker 19: Step 138 accepted, E=-10.834535 Ha
Worker 10: Step 283 accepted, E=-10.835092 Ha
Worker 12: Step 199 accepted, E=-10.834644 Ha
Worker 8: No change from 'correlated_displacement', skipping.
Worker 0: Step 307 accepted, E=-10.835473 Ha
Worker 14: Step 263 accepted, E=-10.834948 Ha
Worker 1: Step 395 accepted, E=-10.835080 Ha
Worker 13: Step 233 accepted, E=-10.834434 Ha
Worker 5: Step 264 accepted, E=-10.834328 Ha
Worker 11: Step 227 accepted, E=-10.834994 Ha
Worker 7: Step 299 accepted, E=-10.834420 Ha
Worker 6: Step 297 accepted, E=-10.834715 Ha
Worker 3: Step 310, op=random_rotation, ΔE=0.0011 eV, accept=True
Worker 3: Step 310 accepted, E=-10.834967 Ha
Worker 2: Step 365 accepted, E=-10.834479 Ha
Worker 17: Step 241 accepted, E=-10.834239 Ha
Worker 4: Step 277 accepted, E=-10.834671 Ha
Worker 13: No change from 'mirror', skipping.
Worker 18: Step 200, op=random_rotation, ΔE=0.0202 eV, accept=True
Worker 19: Step 139 accepted, E=-10.834378 Ha
Worker 18: Step 200 accepted, E=-10.830146 Ha
Worker 12: Step 200 accepted, E=-10.834758 Ha
Worker 15: Step 217 accepted, E=-10.835001 Ha
Worker 9: Step 300, op=random_rotation, ΔE=0.0001 eV, accept=True
Worker 9: Step 300 accepted, E=-10.834625 Ha
Worker 5: Step 265 accepted, E=-10.834327 Ha
Worker 14: Step 264 accepted, E=-10.834896 Ha
Worker 11: Step 228 accepted, E=-10.834989 Ha
Worker 10: Step 284 accepted, E=-10.835095 Ha
Worker 15: No change from 'small_principal_axis_rotation', skipping.
Worker 7: Step 300 accepted, E=-10.834433 Ha
Worker 3: Step 311 accepted, E=-10.835034 Ha
Worker 17: Step 242 accepted, E=-10.834228 Ha
Worker 13: Step 235 accepted, E=-10.834438 Ha
Worker 8: Step 232 accepted, E=-10.834996 Ha
Worker 4: Step 278 accepted, E=-10.835174 Ha
Worker 0: Step 308 accepted, E=-10.835505 Ha
Worker 19: Step 140 accepted, E=-10.834381 Ha
Worker 18: Step 201 accepted, E=-10.830328 Ha
Worker 16: Step 246 accepted, E=-10.833914 Ha
Worker 1: Step 396 accepted, E=-10.834924 Ha
Worker 12: Step 201 accepted, E=-10.834724 Ha
Worker 6: Step 298 accepted, E=-10.834707 Ha
Worker 2: Step 366 accepted, E=-10.834479 Ha
Worker 5: Step 266 accepted, E=-10.834318 Ha
Worker 11: Step 229 accepted, E=-10.835011 Ha
Worker 14: Step 265 accepted, E=-10.834754 Ha
Worker 7: Step 301 accepted, E=-10.834430 Ha
Worker 17: Step 243 accepted, E=-10.834219 Ha
Worker 3: Step 312 accepted, E=-10.835031 Ha
Worker 9: Step 301 accepted, E=-10.834622 Ha
Worker 13: Step 236 accepted, E=-10.834425 Ha
Worker 19: Step 141 accepted, E=-10.834383 Ha
Worker 16: Step 247 accepted, E=-10.834177 Ha
Worker 18: Step 202 accepted, E=-10.830348 Ha
Worker 4: Step 279 accepted, E=-10.835320 Ha
Worker 10: Step 285 accepted, E=-10.835094 Ha
Worker 15: Step 219 accepted, E=-10.834980 Ha
Worker 12: Step 202 accepted, E=-10.834612 Ha
Worker 5: Step 267 accepted, E=-10.834318 Ha
Worker 11: Step 230 accepted, E=-10.835093 Ha
Worker 7: Step 302 accepted, E=-10.834427 Ha
Worker 14: Step 266 accepted, E=-10.834710 Ha
Worker 8: Step 233 accepted, E=-10.834886 Ha
Worker 0: Step 309 accepted, E=-10.835414 Ha
Worker 9: No change from 'roto_reflection', skipping.
Worker 1: Step 397 accepted, E=-10.834677 Ha
Worker 17: Step 244 accepted, E=-10.834209 Ha
Worker 2: Step 367 accepted, E=-10.834477 Ha
Worker 3: Step 313 accepted, E=-10.835042 Ha
Worker 13: Step 237 accepted, E=-10.834419 Ha
Worker 6: Step 299 accepted, E=-10.834719 Ha
Worker 8: No change from 'principal_axis_rotation', skipping.
Worker 19: Step 142 accepted, E=-10.834400 Ha
Worker 18: Step 203 accepted, E=-10.830384 Ha
Worker 4: Step 280 accepted, E=-10.835500 Ha
Worker 12: Step 203 accepted, E=-10.834349 Ha
Worker 5: Step 268 accepted, E=-10.834586 Ha
Worker 7: Step 303 accepted, E=-10.834423 Ha
Worker 11: Step 231 accepted, E=-10.835128 Ha
Worker 14: Step 267 accepted, E=-10.834620 Ha
Worker 17: Step 245 accepted, E=-10.834291 Ha
Worker 15: Step 220 accepted, E=-10.834989 Ha
Worker 3: Step 314 accepted, E=-10.835395 Ha
Worker 10: Step 286 accepted, E=-10.835086 Ha
Worker 13: Step 238 accepted, E=-10.834413 Ha
Worker 16: Step 249 accepted, E=-10.834193 Ha
Worker 19: Step 143 accepted, E=-10.834387 Ha
Worker 9: Step 303 accepted, E=-10.834625 Ha
Worker 0: Step 310, op=random_rotation, ΔE=0.0001 eV, accept=True
Worker 12: Step 204 accepted, E=-10.834425 Ha
Worker 2: Step 368 accepted, E=-10.834476 Ha
Worker 5: Step 269 accepted, E=-10.834614 Ha
Worker 4: Step 281 accepted, E=-10.835500 Ha
Worker 11: Step 232 accepted, E=-10.835125 Ha
Worker 0: Step 310 accepted, E=-10.835410 Ha
Worker 18: Step 204 accepted, E=-10.830358 Ha
Worker 7: Step 304 accepted, E=-10.834416 Ha
Worker 1: Step 398 accepted, E=-10.834575 Ha
Worker 6: Step 300 accepted, E=-10.834720 Ha
Worker 14: Step 268 accepted, E=-10.834552 Ha
Worker 8: Step 235 accepted, E=-10.834877 Ha
Worker 17: Step 246 accepted, E=-10.834483 Ha
Worker 13: Step 239 accepted, E=-10.834409 Ha
Worker 3: Step 315 accepted, E=-10.835395 Ha
Worker 4: No change from 'roto_reflection', skipping.
Worker 16: Step 250 accepted, E=-10.834196 Ha
Worker 19: Step 144 accepted, E=-10.834388 Ha
Worker 12: Step 205 accepted, E=-10.834412 Ha
Worker 5: Step 270 accepted, E=-10.834625 Ha
Worker 11: Step 233 accepted, E=-10.835129 Ha
Worker 7: Step 305 accepted, E=-10.834419 Ha
Worker 18: Step 205 accepted, E=-10.829483 Ha
Worker 15: Step 221 accepted, E=-10.834980 Ha
Worker 10: Step 287 accepted, E=-10.835087 Ha
Worker 14: Step 269 accepted, E=-10.834572 Ha
Worker 17: Step 247 accepted, E=-10.834467 Ha
Worker 2: Step 369 accepted, E=-10.834475 Ha
Worker 13: Step 240, op=principal_axis_rotation, ΔE=0.0016 eV, accept=True
Worker 9: Step 304 accepted, E=-10.834625 Ha
Worker 3: Step 316 accepted, E=-10.835371 Ha
Worker 13: Step 240 accepted, E=-10.834350 Ha
Worker 19: Step 145 accepted, E=-10.834386 Ha
Worker 6: Step 301 accepted, E=-10.834719 Ha
Worker 4: Step 283 accepted, E=-10.835510 Ha
Worker 0: Step 311 accepted, E=-10.835452 Ha
Worker 16: Step 251 accepted, E=-10.834225 Ha
Worker 1: Step 399 accepted, E=-10.834450 Ha
Worker 5: Step 271 accepted, E=-10.834646 Ha
Worker 8: Step 236 accepted, E=-10.835229 Ha
Worker 12: Step 206 accepted, E=-10.834463 Ha
Worker 11: Step 234 accepted, E=-10.835142 Ha
Worker 7: Step 306 accepted, E=-10.834414 Ha
Worker 18: Step 206 accepted, E=-10.829489 Ha
Worker 14: Step 270, op=random_displacement, ΔE=0.0028 eV, accept=True
Worker 17: Step 248 accepted, E=-10.834444 Ha
Worker 14: Step 270 accepted, E=-10.834470 Ha
Worker 13: Step 241 accepted, E=-10.834346 Ha
Worker 19: Step 146 accepted, E=-10.834384 Ha
Worker 3: Step 317 accepted, E=-10.835394 Ha
Worker 15: Step 222 accepted, E=-10.835085 Ha
Worker 16: Step 252 accepted, E=-10.834727 Ha
Worker 10: Step 288 accepted, E=-10.835074 Ha
Worker 4: Step 284 accepted, E=-10.835508 Ha
Worker 5: Step 272 accepted, E=-10.834651 Ha
Worker 2: Step 370, op=local_twist, ΔE=0.0001 eV, accept=True
Worker 12: Step 207 accepted, E=-10.834454 Ha
Worker 11: Step 235 accepted, E=-10.835123 Ha
Worker 2: Step 370 accepted, E=-10.834473 Ha
Worker 7: Step 307 accepted, E=-10.834414 Ha
Worker 9: Step 305 accepted, E=-10.834621 Ha
Worker 6: Step 302 accepted, E=-10.834714 Ha
Worker 18: Step 207 accepted, E=-10.830877 Ha
Worker 17: Step 249 accepted, E=-10.834482 Ha
Worker 14: Step 271 accepted, E=-10.834450 Ha
Worker 1: Step 400, op=random_displacement, ΔE=0.0514 eV, accept=False
Worker 13: Step 242 accepted, E=-10.834349 Ha
Worker 8: Step 237 accepted, E=-10.835249 Ha
Worker 3: Step 318 accepted, E=-10.835372 Ha
Worker 16: Step 253 accepted, E=-10.834789 Ha
Worker 19: Step 147 accepted, E=-10.834383 Ha
Worker 5: Step 273 accepted, E=-10.834653 Ha
Worker 4: Step 285 accepted, E=-10.835582 Ha
Worker 14: No change from 'roto_reflection', skipping.
Worker 12: Step 208 accepted, E=-10.834707 Ha
Worker 11: Step 236 accepted, E=-10.835212 Ha
Worker 7: Step 308 accepted, E=-10.834449 Ha
Worker 17: Step 250, op=local_twist, ΔE=0.0001 eV, accept=True
Worker 17: Step 250 accepted, E=-10.834478 Ha
Worker 18: Step 208 accepted, E=-10.831396 Ha
Worker 15: Step 223 accepted, E=-10.835008 Ha
Worker 10: Step 289 accepted, E=-10.834786 Ha
Worker 2: Step 371 accepted, E=-10.834473 Ha
Worker 14: No change from 'mirror', skipping.
Worker 13: Step 243 accepted, E=-10.834904 Ha
Worker 9: Step 306 accepted, E=-10.834625 Ha
Worker 16: Step 254 accepted, E=-10.834794 Ha
Worker 6: Step 303 accepted, E=-10.834702 Ha
Worker 3: Step 319 accepted, E=-10.835333 Ha
Worker 19: Step 148 accepted, E=-10.834393 Ha
Worker 4: Step 286 accepted, E=-10.835377 Ha
Worker 0: Step 313 accepted, E=-10.835465 Ha
Worker 7: Step 309 accepted, E=-10.834460 Ha
Worker 1: Step 401 accepted, E=-10.835745 Ha
Worker 11: Step 237 accepted, E=-10.835241 Ha
Worker 12: Step 209 accepted, E=-10.834694 Ha
Worker 17: Step 251 accepted, E=-10.834473 Ha
Worker 8: Step 238 accepted, E=-10.835436 Ha
Worker 14: Step 274 accepted, E=-10.834573 Ha
Worker 13: Step 244 accepted, E=-10.834942 Ha
Worker 5: Step 275 accepted, E=-10.834653 Ha
Worker 16: Step 255 accepted, E=-10.834832 Ha
Worker 10: Step 290 accepted, E=-10.834789 Ha
Worker 6: Step 304 accepted, E=-10.834696 Ha
Worker 3: Step 320 accepted, E=-10.835344 Ha
Worker 14: No change from 'random_displacement', skipping.
Worker 2: Step 372 accepted, E=-10.834479 Ha
Worker 7: Step 310, op=correlated_displacement, ΔE=0.0001 eV, accept=True
Worker 9: Step 307 accepted, E=-10.834630 Ha
Worker 4: Step 287 accepted, E=-10.834515 Ha
Worker 15: Step 224 accepted, E=-10.835012 Ha
Worker 7: Step 310 accepted, E=-10.834457 Ha
Worker 11: Step 238 accepted, E=-10.835243 Ha
Worker 17: Step 252 accepted, E=-10.834519 Ha
Worker 12: Step 210 accepted, E=-10.834707 Ha
Worker 18: Step 210 accepted, E=-10.832525 Ha
Worker 19: Step 149 accepted, E=-10.834378 Ha
Worker 13: Step 245 accepted, E=-10.834959 Ha
Worker 5: Step 276 accepted, E=-10.834627 Ha
Worker 7: No change from 'large_displacement', skipping.
Worker 0: Step 314 accepted, E=-10.835467 Ha
Worker 16: Step 256 accepted, E=-10.835009 Ha
Worker 1: Step 402 accepted, E=-10.835744 Ha
Worker 6: Step 305 accepted, E=-10.834702 Ha
Worker 3: Step 321 accepted, E=-10.835334 Ha
Worker 14: Step 276 accepted, E=-10.834611 Ha
Worker 11: Step 239 accepted, E=-10.835141 Ha
Worker 17: Step 253 accepted, E=-10.834499 Ha
Worker 12: Step 211 accepted, E=-10.834693 Ha
Worker 8: Step 239 accepted, E=-10.834290 Ha
Worker 10: Step 291 accepted, E=-10.834795 Ha
Worker 18: Step 211 accepted, E=-10.833208 Ha
Worker 2: Step 373 accepted, E=-10.834483 Ha
Worker 13: Step 246 accepted, E=-10.834956 Ha
Worker 9: Step 308 accepted, E=-10.834626 Ha
Worker 15: Step 225 accepted, E=-10.835033 Ha
Worker 7: Step 312 accepted, E=-10.834456 Ha
Worker 5: Step 277 accepted, E=-10.834640 Ha
Worker 6: Step 306 accepted, E=-10.834701 Ha
Worker 14: Step 277 accepted, E=-10.834324 Ha
Worker 3: Step 322 accepted, E=-10.835329 Ha
Worker 11: Step 240 accepted, E=-10.835172 Ha
Worker 17: Step 254 accepted, E=-10.834474 Ha
Worker 19: Step 150 accepted, E=-10.834949 Ha
Worker 12: Step 212 accepted, E=-10.834591 Ha
Worker 4: Step 289 accepted, E=-10.835194 Ha
Worker 0: Step 315 accepted, E=-10.835502 Ha
Worker 13: Step 247 accepted, E=-10.834951 Ha
Worker 18: Step 212 accepted, E=-10.833220 Ha
Worker 7: Step 313 accepted, E=-10.834457 Ha
Worker 5: Step 278 accepted, E=-10.834627 Ha
Worker 16: Step 258 accepted, E=-10.835044 Ha
Worker 8: Step 240, op=random_displacement, ΔE=0.0009 eV, accept=True
Worker 8: Step 240 accepted, E=-10.834257 Ha
Worker 3: Step 323 accepted, E=-10.835354 Ha
Worker 10: Step 292 accepted, E=-10.834801 Ha
Worker 9: Step 309 accepted, E=-10.834627 Ha
Worker 6: Step 307 accepted, E=-10.834725 Ha
Worker 2: Step 374 accepted, E=-10.834605 Ha
Worker 14: Step 278 accepted, E=-10.834369 Ha
Worker 17: Step 255 accepted, E=-10.834546 Ha
Worker 11: Step 241 accepted, E=-10.835162 Ha
Worker 12: Step 213 accepted, E=-10.834564 Ha
Worker 15: Step 226 accepted, E=-10.835063 Ha
Worker 13: Step 248 accepted, E=-10.834952 Ha
Worker 4: Step 290 accepted, E=-10.835203 Ha
Worker 5: Step 279 accepted, E=-10.834626 Ha
Worker 7: Step 314 accepted, E=-10.834454 Ha
Worker 19: Step 151 accepted, E=-10.834949 Ha
Worker 0: Step 316 accepted, E=-10.835552 Ha
Worker 2: No change from 'roto_reflection', skipping.
Worker 17: Step 256 accepted, E=-10.834542 Ha
Worker 3: Step 324 accepted, E=-10.835277 Ha
Worker 14: Step 279 accepted, E=-10.834541 Ha
Worker 6: Step 308 accepted, E=-10.834746 Ha
Worker 11: Step 242 accepted, E=-10.835160 Ha
Worker 12: Step 214 accepted, E=-10.834620 Ha
Worker 13: Step 249 accepted, E=-10.834956 Ha
Worker 1: Step 404 accepted, E=-10.835691 Ha
Worker 18: Step 214 accepted, E=-10.833200 Ha
Worker 5: Step 280 accepted, E=-10.834650 Ha
Worker 4: Step 291 accepted, E=-10.835214 Ha
Worker 9: Step 310, op=local_twist, ΔE=0.0001 eV, accept=True
Worker 7: Step 315 accepted, E=-10.834443 Ha
Worker 8: Step 241 accepted, E=-10.834255 Ha
Worker 10: Step 293 accepted, E=-10.834799 Ha
Worker 9: Step 310 accepted, E=-10.834623 Ha
Worker 12: No change from 'roto_reflection', skipping.
Worker 16: Step 260 accepted, E=-10.835063 Ha
Worker 15: Step 227 accepted, E=-10.835066 Ha
Worker 17: Step 257 accepted, E=-10.834486 Ha
Worker 3: Step 325 accepted, E=-10.830910 Ha
Worker 11: Step 243 accepted, E=-10.835168 Ha
Worker 14: Step 280 accepted, E=-10.834594 Ha
Worker 13: Step 250, op=local_twist, ΔE=0.0002 eV, accept=True
Worker 6: Step 309 accepted, E=-10.834736 Ha
Worker 13: Step 250 accepted, E=-10.834948 Ha
Worker 19: Step 152 accepted, E=-10.834949 Ha
Worker 5: Step 281 accepted, E=-10.834646 Ha
Worker 2: Step 376 accepted, E=-10.834605 Ha
Worker 18: Step 215 accepted, E=-10.833165 Ha
Worker 7: Step 316 accepted, E=-10.834341 Ha
Worker 4: Step 292 accepted, E=-10.835177 Ha
Worker 0: Step 317 accepted, E=-10.835501 Ha
Worker 16: Step 261 accepted, E=-10.835101 Ha
Worker 12: Step 216 accepted, E=-10.834368 Ha
Worker 17: Step 258 accepted, E=-10.835020 Ha
Worker 3: Step 326 accepted, E=-10.831922 Ha
Worker 9: Step 311 accepted, E=-10.834624 Ha
Worker 8: Step 242 accepted, E=-10.834255 Ha
Worker 1: Step 405 accepted, E=-10.835725 Ha
Worker 14: Step 281 accepted, E=-10.834640 Ha
Worker 11: Step 244 accepted, E=-10.835197 Ha
Worker 10: Step 294 accepted, E=-10.835133 Ha
Worker 13: Step 251 accepted, E=-10.834949 Ha
Worker 15: Step 228 accepted, E=-10.835065 Ha
Worker 6: Step 310, op=random_rotation, ΔE=0.0010 eV, accept=True
Worker 6: Step 310 accepted, E=-10.834698 Ha
Worker 7: Step 317 accepted, E=-10.834337 Ha
Worker 5: Step 282 accepted, E=-10.834635 Ha
Worker 18: Step 216 accepted, E=-10.834056 Ha
Worker 4: Step 293 accepted, E=-10.835088 Ha
Worker 16: Step 262 accepted, E=-10.835246 Ha
Worker 12: Step 217 accepted, E=-10.834345 Ha
Worker 2: Step 377 accepted, E=-10.834606 Ha
Worker 19: Step 153 accepted, E=-10.834927 Ha
Worker 3: Step 327 accepted, E=-10.831934 Ha
Worker 14: Step 282 accepted, E=-10.834438 Ha
Worker 13: Step 252 accepted, E=-10.834940 Ha
Worker 11: Step 245 accepted, E=-10.835243 Ha
Worker 17: Step 259 accepted, E=-10.835054 Ha
Worker 0: Step 318 accepted, E=-10.835477 Ha
Worker 5: Step 283 accepted, E=-10.834638 Ha
Worker 7: Step 318 accepted, E=-10.834340 Ha
Worker 9: Step 312 accepted, E=-10.834620 Ha
Worker 6: Step 311 accepted, E=-10.834703 Ha
Worker 18: Step 217 accepted, E=-10.834056 Ha
Worker 16: Step 263 accepted, E=-10.835211 Ha
Worker 4: Step 294 accepted, E=-10.835072 Ha
Worker 8: Step 243 accepted, E=-10.834267 Ha
Worker 10: Step 295 accepted, E=-10.835129 Ha
Worker 1: Step 406 accepted, E=-10.835730 Ha
Worker 12: Step 218 accepted, E=-10.833641 Ha
Worker 7: No change from 'roto_reflection', skipping.
Worker 15: Step 229 accepted, E=-10.835047 Ha
Worker 17: Step 260, op=random_displacement, ΔE=0.0023 eV, accept=True
Worker 14: Step 283 accepted, E=-10.833619 Ha
Worker 13: Step 253 accepted, E=-10.834930 Ha
Worker 3: Step 328 accepted, E=-10.831822 Ha
Worker 17: Step 260 accepted, E=-10.834968 Ha
Worker 11: Step 246 accepted, E=-10.835185 Ha
Worker 5: Step 284 accepted, E=-10.834646 Ha
Worker 2: Step 378 accepted, E=-10.834606 Ha
Worker 9: No change from 'exchange', skipping.
Worker 19: Step 154 accepted, E=-10.834941 Ha
Worker 17: No change from 'small_principal_axis_rotation', skipping.
Worker 16: Step 264 accepted, E=-10.835202 Ha
Worker 6: Step 312 accepted, E=-10.834692 Ha
Worker 18: Step 218 accepted, E=-10.834335 Ha
Worker 4: Step 295 accepted, E=-10.835178 Ha
Worker 12: Step 219 accepted, E=-10.834330 Ha
Worker 7: Step 320, op=random_displacement, ΔE=0.0005 eV, accept=True
Worker 7: Step 320 accepted, E=-10.834323 Ha
Worker 13: Step 254 accepted, E=-10.834912 Ha
Worker 0: Step 319 accepted, E=-10.835351 Ha
Worker 3: Step 329 accepted, E=-10.831850 Ha
Worker 11: Step 247 accepted, E=-10.835184 Ha
Worker 5: Step 285 accepted, E=-10.834618 Ha
Worker 14: Step 284 accepted, E=-10.833747 Ha
Worker 13: No change from 'small_principal_axis_rotation', skipping.
Worker 17: Step 262 accepted, E=-10.834984 Ha
Worker 8: Step 244 accepted, E=-10.834193 Ha
Worker 10: Step 296 accepted, E=-10.835175 Ha
Worker 1: Step 407 accepted, E=-10.835738 Ha
Worker 16: Step 265 accepted, E=-10.835183 Ha
Worker 15: Step 230, op=random_rotation, ΔE=0.0013 eV, accept=True
Worker 18: Step 219 accepted, E=-10.834344 Ha
Worker 15: Step 230 accepted, E=-10.834997 Ha
Worker 12: Step 220, op=random_rotation, ΔE=0.0008 eV, accept=True
Worker 9: Step 314 accepted, E=-10.834626 Ha
Worker 6: Step 313 accepted, E=-10.834691 Ha
Worker 2: Step 379 accepted, E=-10.834607 Ha
Worker 4: Step 296 accepted, E=-10.835244 Ha
Worker 12: Step 220 accepted, E=-10.834300 Ha
Worker 7: Step 321 accepted, E=-10.834323 Ha
Worker 19: Step 155 accepted, E=-10.834927 Ha
Worker 3: Step 330 accepted, E=-10.831930 Ha
Worker 11: Step 248 accepted, E=-10.835179 Ha
Worker 13: Step 256 accepted, E=-10.834903 Ha
Worker 17: Step 263 accepted, E=-10.835063 Ha
Worker 14: Step 285 accepted, E=-10.834410 Ha
Worker 16: Step 266 accepted, E=-10.835184 Ha
Worker 18: Step 220, op=local_twist, ΔE=0.0002 eV, accept=True
Worker 0: Step 320 accepted, E=-10.835648 Ha
Worker 12: Step 221 accepted, E=-10.834144 Ha
Worker 18: Step 220 accepted, E=-10.834338 Ha
Worker 4: Step 297 accepted, E=-10.835250 Ha
Worker 6: Step 314 accepted, E=-10.834648 Ha
Worker 7: Step 322 accepted, E=-10.834329 Ha
Worker 10: Step 297 accepted, E=-10.835176 Ha
Worker 2: Step 380, op=random_displacement, ΔE=0.0001 eV, accept=True
Worker 8: Step 245 accepted, E=-10.834189 Ha
Worker 2: Step 380 accepted, E=-10.834603 Ha
Worker 5: Step 287 accepted, E=-10.834622 Ha
Worker 6: No change from 'small_principal_axis_rotation', skipping.
Worker 11: Step 249 accepted, E=-10.835175 Ha
Worker 3: Step 331 accepted, E=-10.831932 Ha
Worker 15: Step 231 accepted, E=-10.835010 Ha
Worker 9: Step 315 accepted, E=-10.834625 Ha
Worker 13: Step 257 accepted, E=-10.834990 Ha
Worker 17: Step 264 accepted, E=-10.835029 Ha
Worker 14: Step 286 accepted, E=-10.834370 Ha
Worker 8: No change from 'small_principal_axis_rotation', skipping.
Worker 19: Step 156 accepted, E=-10.834928 Ha
Worker 7: Step 323 accepted, E=-10.834329 Ha
Worker 12: Step 222 accepted, E=-10.834293 Ha
Worker 4: Step 298 accepted, E=-10.834994 Ha
Worker 18: Step 221 accepted, E=-10.834357 Ha
Worker 11: Step 250, op=correlated_displacement, ΔE=0.0017 eV, accept=True
Worker 5: Step 288 accepted, E=-10.834498 Ha
Worker 16: Step 268 accepted, E=-10.835124 Ha
Worker 11: Step 250 accepted, E=-10.835113 Ha
Worker 17: Step 265 accepted, E=-10.834968 Ha
Worker 6: Step 316 accepted, E=-10.834617 Ha
Worker 0: Step 321 accepted, E=-10.835645 Ha
Worker 13: Step 258 accepted, E=-10.834993 Ha
Worker 3: Step 332 accepted, E=-10.831931 Ha
Worker 14: Step 287 accepted, E=-10.834436 Ha
Worker 10: Step 298 accepted, E=-10.835142 Ha
Worker 2: Step 381 accepted, E=-10.834604 Ha
Worker 1: Step 409 accepted, E=-10.835765 Ha
Worker 12: Step 223 accepted, E=-10.834316 Ha
Worker 9: Step 316 accepted, E=-10.834625 Ha
Worker 7: Step 324 accepted, E=-10.834321 Ha
Worker 15: Step 232 accepted, E=-10.835029 Ha
Worker 4: Step 299 accepted, E=-10.835054 Ha
Worker 18: Step 222 accepted, E=-10.834345 Ha
Worker 8: Step 247 accepted, E=-10.834274 Ha
Worker 17: Step 266 accepted, E=-10.834496 Ha
Worker 19: Step 157 accepted, E=-10.834928 Ha
Worker 5: Step 289 accepted, E=-10.834496 Ha
Worker 16: Step 269 accepted, E=-10.834930 Ha
Worker 11: Step 251 accepted, E=-10.835113 Ha
Worker 13: Step 259 accepted, E=-10.834993 Ha
Worker 3: Step 333 accepted, E=-10.831326 Ha
Worker 14: Step 288 accepted, E=-10.834410 Ha
Worker 6: Step 317 accepted, E=-10.834618 Ha
Worker 1: No change from 'mirror', skipping.
Worker 12: Step 224 accepted, E=-10.834315 Ha
Worker 5: No change from 'mirror', skipping.
Worker 7: Step 325 accepted, E=-10.834317 Ha
Worker 18: Step 223 accepted, E=-10.834552 Ha
Worker 4: Step 300 accepted, E=-10.835057 Ha
Worker 2: Step 382 accepted, E=-10.834604 Ha
Worker 0: Step 322 accepted, E=-10.835686 Ha
Worker 17: Step 267 accepted, E=-10.834497 Ha
Worker 16: Step 270, op=correlated_displacement, ΔE=0.0013 eV, accept=True
Worker 10: Step 299 accepted, E=-10.835177 Ha
Worker 16: Step 270 accepted, E=-10.834884 Ha
Worker 11: Step 252 accepted, E=-10.835146 Ha
Worker 13: Step 260 accepted, E=-10.834999 Ha
Worker 9: Step 317 accepted, E=-10.834626 Ha
Worker 14: Step 289 accepted, E=-10.834726 Ha
Worker 3: Step 334 accepted, E=-10.831466 Ha
Worker 15: Step 233 accepted, E=-10.834998 Ha
Worker 8: Step 248 accepted, E=-10.834311 Ha
Worker 5: Step 291 accepted, E=-10.834496 Ha
Worker 12: Step 225 accepted, E=-10.834288 Ha
Worker 6: Step 318 accepted, E=-10.834657 Ha
Worker 7: Step 326 accepted, E=-10.834316 Ha
Worker 18: Step 224 accepted, E=-10.835343 Ha
Worker 19: Step 158 accepted, E=-10.834395 Ha
Worker 17: Step 268 accepted, E=-10.834503 Ha
Worker 4: Step 301 accepted, E=-10.834780 Ha
Worker 11: Step 253 accepted, E=-10.835130 Ha
Worker 13: Step 261 accepted, E=-10.834999 Ha
Worker 16: Step 271 accepted, E=-10.834795 Ha
Worker 1: Step 411 accepted, E=-10.835831 Ha
Worker 14: Step 290 accepted, E=-10.834777 Ha
Worker 3: Step 335 accepted, E=-10.833588 Ha
Worker 2: Step 383 accepted, E=-10.834610 Ha
Worker 10: Step 300, op=random_displacement, ΔE=0.0000 eV, accept=True
Worker 5: Step 292 accepted, E=-10.834493 Ha
Worker 12: Step 226 accepted, E=-10.834312 Ha
Worker 10: Step 300 accepted, E=-10.835177 Ha
Worker 0: Step 323 accepted, E=-10.835672 Ha
Worker 7: Step 327 accepted, E=-10.834309 Ha
Worker 6: Step 319 accepted, E=-10.834658 Ha
Worker 9: Step 318 accepted, E=-10.834626 Ha
Worker 18: Step 225 accepted, E=-10.835702 Ha
Worker 17: Step 269 accepted, E=-10.834512 Ha
Worker 15: Step 234 accepted, E=-10.835085 Ha
Worker 4: Step 302 accepted, E=-10.835019 Ha
Worker 12: No change from 'large_displacement', skipping.
Worker 11: Step 254 accepted, E=-10.835130 Ha
Worker 8: Step 249 accepted, E=-10.834272 Ha
Worker 7: No change from 'random_displacement', skipping.
Worker 14: Step 291 accepted, E=-10.834749 Ha
Worker 13: Step 262 accepted, E=-10.834999 Ha
Worker 19: Step 159 accepted, E=-10.834396 Ha
Worker 3: Step 336 accepted, E=-10.833498 Ha
Worker 16: Step 272 accepted, E=-10.834799 Ha
Worker 5: Step 293 accepted, E=-10.834478 Ha
Worker 10: No change from 'mirror', skipping.
Worker 13: No change from 'small_principal_axis_rotation', skipping.
Worker 17: Step 270, op=random_displacement, ΔE=0.0000 eV, accept=True
Worker 6: Step 320, op=correlated_displacement, ΔE=0.0012 eV, accept=True
Worker 18: Step 226 accepted, E=-10.835739 Ha
Worker 17: Step 270 accepted, E=-10.834512 Ha
Worker 2: Step 384 accepted, E=-10.834610 Ha
Worker 6: Step 320 accepted, E=-10.834614 Ha
Worker 12: Step 228 accepted, E=-10.834313 Ha
Worker 4: Step 303 accepted, E=-10.835022 Ha
Worker 11: Step 255 accepted, E=-10.835130 Ha
Worker 7: Step 329 accepted, E=-10.834281 Ha
Worker 0: Step 324 accepted, E=-10.835652 Ha
Worker 9: Step 319 accepted, E=-10.834624 Ha
Worker 14: Step 292 accepted, E=-10.834660 Ha
Worker 5: Step 294 accepted, E=-10.834485 Ha
Worker 3: Step 337 accepted, E=-10.833503 Ha
Worker 18: No change from 'roto_reflection', skipping.
Worker 13: Step 264 accepted, E=-10.835053 Ha
Worker 16: Step 273 accepted, E=-10.834752 Ha
Worker 15: Step 235 accepted, E=-10.835097 Ha
Worker 0: No change from 'small_principal_axis_rotation', skipping.
Worker 17: Step 271 accepted, E=-10.834492 Ha
Worker 19: Step 160, op=random_displacement, ΔE=0.0000 eV, accept=True
Worker 19: Step 160 accepted, E=-10.834395 Ha
Worker 12: Step 229 accepted, E=-10.834309 Ha
Worker 8: Step 250, op=principal_axis_rotation, ΔE=0.0003 eV, accept=True
Worker 10: Step 302 accepted, E=-10.835273 Ha
Worker 6: Step 321 accepted, E=-10.834557 Ha
Worker 8: Step 250 accepted, E=-10.834260 Ha
Worker 4: Step 304 accepted, E=-10.834173 Ha
Worker 11: Step 256 accepted, E=-10.835151 Ha
Worker 7: Step 330 accepted, E=-10.834283 Ha
Worker 14: Step 293 accepted, E=-10.834526 Ha
Worker 5: Step 295 accepted, E=-10.834493 Ha
Worker 2: Step 385 accepted, E=-10.834609 Ha
Worker 3: Step 338 accepted, E=-10.833494 Ha
Worker 18: Step 228 accepted, E=-10.835738 Ha
Worker 13: Step 265 accepted, E=-10.835048 Ha
Worker 16: Step 274 accepted, E=-10.834753 Ha
Worker 11: No change from 'random_displacement', skipping.
Worker 17: Step 272 accepted, E=-10.834494 Ha
Worker 1: Step 413 accepted, E=-10.835873 Ha
Worker 9: Step 320 accepted, E=-10.834630 Ha
Worker 12: Step 230, op=local_twist, ΔE=0.0001 eV, accept=True
Worker 12: Step 230 accepted, E=-10.834304 Ha
Worker 4: Step 305 accepted, E=-10.834440 Ha
Worker 6: Step 322 accepted, E=-10.834570 Ha
Worker 7: Step 331 accepted, E=-10.834280 Ha
Worker 15: Step 236 accepted, E=-10.835114 Ha
Worker 0: Step 326 accepted, E=-10.835553 Ha
Worker 5: Step 296 accepted, E=-10.834862 Ha
Worker 14: Step 294 accepted, E=-10.834498 Ha
Worker 18: Step 229 accepted, E=-10.835743 Ha
Worker 19: Step 161 accepted, E=-10.834403 Ha
Worker 13: Step 266 accepted, E=-10.835072 Ha
Worker 3: Step 339 accepted, E=-10.833503 Ha
Worker 10: Step 303 accepted, E=-10.835274 Ha
Worker 17: Step 273 accepted, E=-10.834490 Ha
Worker 8: Step 251 accepted, E=-10.834222 Ha
Worker 11: Step 258 accepted, E=-10.835152 Ha
Worker 16: Step 275 accepted, E=-10.834765 Ha
Worker 2: Step 386 accepted, E=-10.834607 Ha
Worker 12: Step 231 accepted, E=-10.834308 Ha
Worker 18: No change from 'mirror', skipping.
Worker 4: Step 306 accepted, E=-10.834424 Ha
Worker 7: Step 332 accepted, E=-10.834268 Ha
Worker 5: Step 297 accepted, E=-10.834855 Ha
Worker 6: Step 323 accepted, E=-10.834332 Ha
Worker 9: Step 321 accepted, E=-10.834636 Ha
Worker 1: Step 414 accepted, E=-10.835856 Ha
Worker 13: Step 267 accepted, E=-10.835071 Ha
Worker 3: Step 340 accepted, E=-10.834716 Ha
Worker 17: Step 274 accepted, E=-10.834494 Ha
Worker 11: Step 259 accepted, E=-10.835133 Ha
Worker 16: Step 276 accepted, E=-10.834767 Ha
Worker 0: Step 327 accepted, E=-10.835564 Ha
Worker 12: Step 232 accepted, E=-10.834258 Ha
Worker 15: Step 237 accepted, E=-10.835019 Ha
Worker 19: Step 162 accepted, E=-10.834384 Ha
Worker 7: Step 333 accepted, E=-10.834264 Ha
Worker 10: Step 304 accepted, E=-10.835255 Ha
Worker 2: Step 387 accepted, E=-10.834602 Ha
Worker 18: Step 231 accepted, E=-10.835631 Ha
Worker 4: Step 307 accepted, E=-10.834456 Ha
Worker 14: Step 296 accepted, E=-10.834609 Ha
Worker 8: Step 252 accepted, E=-10.834268 Ha
Worker 5: Step 298 accepted, E=-10.834836 Ha
Worker 13: Step 268 accepted, E=-10.834968 Ha
Worker 6: Step 324 accepted, E=-10.834332 Ha
Worker 17: Step 275 accepted, E=-10.834496 Ha
Worker 11: Step 260 accepted, E=-10.835133 Ha
Worker 3: Step 341 accepted, E=-10.834716 Ha
Worker 9: Step 322 accepted, E=-10.834643 Ha
Worker 16: Step 277 accepted, E=-10.834680 Ha
Worker 7: Step 334 accepted, E=-10.834275 Ha
Worker 12: Step 233 accepted, E=-10.834960 Ha
Worker 1: Step 415 accepted, E=-10.835842 Ha
Worker 18: Step 232 accepted, E=-10.835725 Ha
Worker 4: Step 308 accepted, E=-10.834001 Ha
Worker 5: Step 299 accepted, E=-10.834850 Ha
Worker 14: Step 297 accepted, E=-10.834677 Ha
Worker 13: Step 269 accepted, E=-10.834975 Ha
Worker 17: Step 276 accepted, E=-10.834484 Ha
Worker 2: Step 388 accepted, E=-10.834604 Ha
Worker 0: Step 328 accepted, E=-10.835504 Ha
Worker 15: Step 238 accepted, E=-10.835043 Ha
Worker 19: Step 163 accepted, E=-10.834383 Ha
Worker 10: Step 305 accepted, E=-10.835258 Ha
Worker 6: Step 325 accepted, E=-10.834337 Ha
Worker 3: Step 342 accepted, E=-10.834459 Ha
Worker 17: No change from 'small_principal_axis_rotation', skipping.
Worker 11: Step 261 accepted, E=-10.835127 Ha
Worker 8: Step 253 accepted, E=-10.834244 Ha
Worker 16: Step 278 accepted, E=-10.834676 Ha
Worker 12: Step 234 accepted, E=-10.835008 Ha
Worker 7: Step 335 accepted, E=-10.834275 Ha
Worker 18: Step 233 accepted, E=-10.835764 Ha
Worker 5: Step 300, op=random_rotation, ΔE=0.0004 eV, accept=True
Worker 13: Step 270 accepted, E=-10.834975 Ha
Worker 5: Step 300 accepted, E=-10.834836 Ha
Worker 9: Step 323 accepted, E=-10.834650 Ha
Worker 17: Step 278 accepted, E=-10.834466 Ha
Worker 11: Step 262 accepted, E=-10.835074 Ha
Worker 6: Step 326 accepted, E=-10.834333 Ha
Worker 3: Step 343 accepted, E=-10.834258 Ha
Worker 1: Step 416 accepted, E=-10.835940 Ha
Worker 2: Step 389 accepted, E=-10.834600 Ha
Worker 12: Step 235 accepted, E=-10.835060 Ha
Worker 7: Step 336 accepted, E=-10.834269 Ha
Worker 16: Step 279 accepted, E=-10.834673 Ha
Worker 4: Step 310, op=random_rotation, ΔE=0.0019 eV, accept=True
Worker 4: Step 310 accepted, E=-10.833930 Ha
Worker 15: Step 239 accepted, E=-10.835092 Ha
Worker 10: Step 306 accepted, E=-10.835251 Ha
Worker 9: No change from 'mirror', skipping.
Worker 14: Step 299 accepted, E=-10.834089 Ha
Worker 0: Step 329 accepted, E=-10.835583 Ha
Worker 19: Step 164 accepted, E=-10.834383 Ha
Worker 13: Step 271 accepted, E=-10.834975 Ha
Worker 18: Step 234 accepted, E=-10.835556 Ha
Worker 5: Step 301 accepted, E=-10.834829 Ha
Worker 17: Step 279 accepted, E=-10.834460 Ha
Worker 8: Step 254 accepted, E=-10.834214 Ha
Worker 11: Step 263 accepted, E=-10.835084 Ha
Worker 3: Step 344 accepted, E=-10.834139 Ha
Worker 6: Step 327 accepted, E=-10.834270 Ha
Worker 12: Step 236 accepted, E=-10.835023 Ha
Worker 7: Step 337 accepted, E=-10.834279 Ha
Worker 16: Step 280, op=large_displacement, ΔE=0.0059 eV, accept=False
Worker 4: Step 311 accepted, E=-10.834030 Ha
Worker 13: Step 272 accepted, E=-10.834986 Ha
Worker 14: Step 300 accepted, E=-10.834108 Ha
Worker 2: Step 390, op=roto_reflection, ΔE=0.0054 eV, accept=True
Worker 18: Step 235 accepted, E=-10.835520 Ha
Worker 17: Step 280, op=large_displacement, ΔE=0.0014 eV, accept=True
Worker 1: Step 417 accepted, E=-10.835969 Ha
Worker 5: Step 302 accepted, E=-10.834829 Ha
Worker 17: Step 280 accepted, E=-10.834407 Ha
Worker 2: Step 390 accepted, E=-10.834403 Ha
Worker 9: Step 325 accepted, E=-10.834642 Ha
Worker 3: Step 345 accepted, E=-10.834273 Ha
Worker 11: Step 264 accepted, E=-10.835077 Ha
Worker 0: Step 330, op=random_rotation, ΔE=0.0000 eV, accept=True
Worker 15: Step 240 accepted, E=-10.835159 Ha
Worker 19: Step 165 accepted, E=-10.834364 Ha
Worker 10: Step 307 accepted, E=-10.835348 Ha
Worker 7: Step 338 accepted, E=-10.834282 Ha
Worker 0: Step 330 accepted, E=-10.835581 Ha
Worker 12: Step 237 accepted, E=-10.835041 Ha
Worker 6: Step 328 accepted, E=-10.834267 Ha
Worker 13: Step 273 accepted, E=-10.834975 Ha
Worker 14: Step 301 accepted, E=-10.834160 Ha
Worker 8: Step 255 accepted, E=-10.834226 Ha
Worker 4: Step 312 accepted, E=-10.833927 Ha
Worker 16: Step 281 accepted, E=-10.834645 Ha
Worker 17: Step 281 accepted, E=-10.834407 Ha
Worker 18: Step 236 accepted, E=-10.835643 Ha
Worker 5: Step 303 accepted, E=-10.834358 Ha
Worker 11: Step 265 accepted, E=-10.835121 Ha
Worker 3: Step 346 accepted, E=-10.834379 Ha
Worker 2: Step 391 accepted, E=-10.834406 Ha
Worker 7: Step 339 accepted, E=-10.834289 Ha
Worker 12: Step 238 accepted, E=-10.835019 Ha
Worker 6: Step 329 accepted, E=-10.834266 Ha
Worker 14: Step 302 accepted, E=-10.834359 Ha
Worker 16: Step 282 accepted, E=-10.834612 Ha
Worker 17: Step 282 accepted, E=-10.834408 Ha
Worker 13: Step 274 accepted, E=-10.834959 Ha
Worker 9: Step 326 accepted, E=-10.834642 Ha
Worker 4: Step 313 accepted, E=-10.834225 Ha
Worker 18: Step 237 accepted, E=-10.835770 Ha
Worker 5: Step 304 accepted, E=-10.834359 Ha
Worker 10: Step 308 accepted, E=-10.835351 Ha
Worker 19: Step 166 accepted, E=-10.834363 Ha
Worker 15: Step 241 accepted, E=-10.835224 Ha
Worker 11: Step 266 accepted, E=-10.835184 Ha
Worker 0: Step 331 accepted, E=-10.835382 Ha
Worker 6: No change from 'roto_reflection', skipping.
Worker 3: Step 347 accepted, E=-10.834415 Ha
Worker 7: Step 340, op=random_rotation, ΔE=0.0000 eV, accept=True
Worker 7: Step 340 accepted, E=-10.834289 Ha
Worker 8: Step 256 accepted, E=-10.834251 Ha
Worker 12: Step 239 accepted, E=-10.835005 Ha
Worker 2: Step 392 accepted, E=-10.834406 Ha
Worker 17: Step 283 accepted, E=-10.834408 Ha
Worker 5: Step 305 accepted, E=-10.834359 Ha
Worker 16: Step 283 accepted, E=-10.834621 Ha
Worker 14: Step 303 accepted, E=-10.834307 Ha
Worker 13: Step 275 accepted, E=-10.834941 Ha
Worker 18: Step 238 accepted, E=-10.835716 Ha
Worker 4: Step 314 accepted, E=-10.834225 Ha
Worker 11: Step 267 accepted, E=-10.835191 Ha
Worker 18: No change from 'principal_axis_rotation', skipping.
Worker 9: Step 327 accepted, E=-10.834638 Ha
Worker 3: Step 348 accepted, E=-10.833724 Ha
Worker 7: Step 341 accepted, E=-10.834292 Ha
Worker 6: Step 331 accepted, E=-10.834296 Ha
Worker 12: Step 240, op=small_principal_axis_rotation, ΔE=0.0008 eV, accept=True
Worker 1: Step 419 accepted, E=-10.835969 Ha
Worker 10: Step 309 accepted, E=-10.835372 Ha
Worker 12: Step 240 accepted, E=-10.834975 Ha
Worker 19: Step 167 accepted, E=-10.834342 Ha
Worker 15: Step 242 accepted, E=-10.835223 Ha
Worker 17: Step 284 accepted, E=-10.834408 Ha
Worker 12: No change from 'small_principal_axis_rotation', skipping.
Worker 16: Step 284 accepted, E=-10.834610 Ha
Worker 5: Step 306 accepted, E=-10.834354 Ha
Worker 0: Step 332 accepted, E=-10.835449 Ha
Worker 14: Step 304 accepted, E=-10.834291 Ha
Worker 13: Step 276 accepted, E=-10.834948 Ha
Worker 8: Step 257 accepted, E=-10.834263 Ha
Worker 2: Step 393 accepted, E=-10.834407 Ha
Worker 4: Step 315 accepted, E=-10.834268 Ha
Worker 11: Step 268 accepted, E=-10.835182 Ha
Worker 18: Step 240 accepted, E=-10.835824 Ha
Worker 3: Step 349 accepted, E=-10.833744 Ha
Worker 7: Step 342 accepted, E=-10.834294 Ha
Worker 11: No change from 'small_principal_axis_rotation', skipping.
Worker 6: Step 332 accepted, E=-10.834331 Ha
Worker 17: Step 285 accepted, E=-10.834415 Ha
Worker 5: Step 307 accepted, E=-10.834354 Ha
Worker 9: Step 328 accepted, E=-10.834629 Ha
Worker 12: Step 242 accepted, E=-10.834966 Ha
Worker 14: Step 305 accepted, E=-10.834309 Ha
Worker 16: Step 285 accepted, E=-10.834529 Ha
Worker 10: Step 310, op=exchange, ΔE=0.0200 eV, accept=False
Worker 1: Step 420, op=random_rotation, ΔE=0.0002 eV, accept=True
Worker 13: Step 277 accepted, E=-10.834903 Ha
Worker 12: No change from 'principal_axis_rotation', skipping.
Worker 4: Step 316 accepted, E=-10.834417 Ha
Worker 1: Step 420 accepted, E=-10.835960 Ha
Worker 15: Step 243 accepted, E=-10.835202 Ha
Worker 19: Step 168 accepted, E=-10.834341 Ha
Worker 18: Step 241 accepted, E=-10.835921 Ha
Worker 0: Step 333 accepted, E=-10.835446 Ha
Worker 3: Step 350 accepted, E=-10.833806 Ha
Worker 11: Step 270 accepted, E=-10.835186 Ha
Worker 7: Step 343 accepted, E=-10.834291 Ha
Worker 2: Step 394 accepted, E=-10.834407 Ha
Worker 17: Step 286 accepted, E=-10.834415 Ha
Worker 4: No change from 'random_rotation', skipping.
Worker 8: Step 258 accepted, E=-10.834281 Ha
Worker 6: Step 333 accepted, E=-10.834327 Ha
Worker 5: Step 308 accepted, E=-10.834348 Ha
Worker 16: Step 286 accepted, E=-10.834524 Ha
Worker 14: Step 306 accepted, E=-10.834293 Ha
Worker 12: Step 244 accepted, E=-10.834662 Ha
Worker 13: Step 278 accepted, E=-10.834894 Ha
Worker 18: Step 242 accepted, E=-10.835929 Ha
Worker 9: Step 329 accepted, E=-10.834620 Ha
Worker 3: Step 351 accepted, E=-10.833780 Ha
Worker 11: Step 271 accepted, E=-10.835178 Ha
Worker 17: Step 287 accepted, E=-10.834415 Ha
Worker 7: Step 344 accepted, E=-10.834268 Ha
Worker 4: Step 318 accepted, E=-10.834429 Ha
Worker 5: Step 309 accepted, E=-10.834348 Ha
Worker 10: Step 311 accepted, E=-10.835286 Ha
Worker 1: Step 421 accepted, E=-10.835960 Ha
Worker 18: No change from 'random_displacement', skipping.
Worker 15: Step 244 accepted, E=-10.835213 Ha
Worker 19: Step 169 accepted, E=-10.834349 Ha
Worker 2: Step 395 accepted, E=-10.834407 Ha
Worker 16: Step 287 accepted, E=-10.834506 Ha
Worker 14: Step 307 accepted, E=-10.834245 Ha
Worker 6: Step 334 accepted, E=-10.834330 Ha
Worker 0: Step 334 accepted, E=-10.835510 Ha
Worker 4: No change from 'small_principal_axis_rotation', skipping.
Worker 12: Step 245 accepted, E=-10.834709 Ha
Worker 17: Step 288 accepted, E=-10.834415 Ha
Worker 13: Step 279 accepted, E=-10.834878 Ha
Worker 7: Step 345 accepted, E=-10.834268 Ha
Worker 3: Step 352 accepted, E=-10.833777 Ha
Worker 11: Step 272 accepted, E=-10.835178 Ha
Worker 13: No change from 'principal_axis_rotation', skipping.
Worker 6: No change from 'roto_reflection', skipping.
Worker 5: Step 310 accepted, E=-10.834349 Ha
Worker 9: Step 330, op=random_displacement, ΔE=0.0002 eV, accept=True
Worker 18: Step 244 accepted, E=-10.835929 Ha
Worker 19: No change from 'mirror', skipping.
Worker 9: Step 330 accepted, E=-10.834613 Ha
Worker 16: Step 288 accepted, E=-10.834780 Ha
Worker 14: Step 308 accepted, E=-10.834212 Ha
Worker 4: Step 320, op=random_rotation, ΔE=0.0000 eV, accept=True
Worker 17: Step 289 accepted, E=-10.834412 Ha
Worker 4: Step 320 accepted, E=-10.834427 Ha
Worker 12: Step 246 accepted, E=-10.834678 Ha
Worker 10: Step 312 accepted, E=-10.835284 Ha
Worker 7: Step 346 accepted, E=-10.834269 Ha
Worker 1: Step 422 accepted, E=-10.835947 Ha
Worker 2: Step 396 accepted, E=-10.834406 Ha
Worker 3: Step 353 accepted, E=-10.834683 Ha
Worker 15: Step 245 accepted, E=-10.835196 Ha
Worker 11: Step 273 accepted, E=-10.835189 Ha
Worker 5: Step 311 accepted, E=-10.834352 Ha
Worker 13: Step 281 accepted, E=-10.834892 Ha
Worker 0: Step 335 accepted, E=-10.835471 Ha
Worker 6: Step 336 accepted, E=-10.834310 Ha
Worker 2: No change from 'small_principal_axis_rotation', skipping.
Worker 18: Step 245 accepted, E=-10.835936 Ha
Worker 14: Step 309 accepted, E=-10.833896 Ha
Worker 8: Step 260, op=local_twist, ΔE=0.0007 eV, accept=True
Worker 16: Step 289 accepted, E=-10.834755 Ha
Worker 8: Step 260 accepted, E=-10.834254 Ha
Worker 17: Step 290, op=small_principal_axis_rotation, ΔE=0.0001 eV, accept=True
Worker 12: Step 247 accepted, E=-10.834573 Ha
Worker 4: Step 321 accepted, E=-10.834420 Ha
Worker 17: Step 290 accepted, E=-10.834408 Ha
Worker 7: Step 347 accepted, E=-10.834279 Ha
Worker 3: Step 354 accepted, E=-10.834754 Ha
Worker 19: Step 171 accepted, E=-10.834351 Ha
Worker 5: Step 312 accepted, E=-10.834352 Ha
Worker 9: Step 331 accepted, E=-10.834601 Ha
Worker 11: Step 274 accepted, E=-10.835186 Ha
Worker 13: Step 282 accepted, E=-10.834890 Ha
Worker 10: Step 313 accepted, E=-10.835225 Ha
Worker 6: Step 337 accepted, E=-10.834311 Ha
Worker 18: Step 246 accepted, E=-10.835931 Ha
Worker 15: Step 246 accepted, E=-10.835193 Ha
Worker 1: Step 423 accepted, E=-10.835850 Ha
Worker 14: Step 310, op=small_principal_axis_rotation, ΔE=0.0068 eV, accept=True
Worker 16: Step 290, op=local_twist, ΔE=0.0013 eV, accept=True
Worker 14: Step 310 accepted, E=-10.833647 Ha
Worker 16: Step 290 accepted, E=-10.834707 Ha
Worker 12: Step 248 accepted, E=-10.834692 Ha
Worker 7: Step 348 accepted, E=-10.834304 Ha
Worker 0: Step 336 accepted, E=-10.835439 Ha
Worker 3: Step 355 accepted, E=-10.834748 Ha
Worker 17: Step 291 accepted, E=-10.834414 Ha
Worker 4: Step 322 accepted, E=-10.834562 Ha
Worker 2: Step 398 accepted, E=-10.834418 Ha
Worker 5: Step 313 accepted, E=-10.834352 Ha
Worker 11: Step 275 accepted, E=-10.835157 Ha
Worker 8: Step 261 accepted, E=-10.834248 Ha
Worker 13: Step 283 accepted, E=-10.834895 Ha
Worker 3: No change from 'roto_reflection', skipping.
Worker 6: Step 338 accepted, E=-10.834320 Ha
Worker 18: Step 247 accepted, E=-10.832242 Ha
Worker 14: Step 311 accepted, E=-10.833627 Ha
Worker 19: Step 172 accepted, E=-10.834341 Ha
Worker 16: Step 291 accepted, E=-10.834756 Ha
Worker 7: Step 349 accepted, E=-10.834535 Ha
Worker 10: Step 314 accepted, E=-10.835209 Ha
Worker 3: No change from 'small_principal_axis_rotation', skipping.
Worker 12: Step 249 accepted, E=-10.834761 Ha
Worker 9: Step 332 accepted, E=-10.834360 Ha
Worker 17: Step 292 accepted, E=-10.834415 Ha
Worker 4: Step 323 accepted, E=-10.834491 Ha
Worker 5: Step 314 accepted, E=-10.834352 Ha
Worker 15: Step 247 accepted, E=-10.835159 Ha
Worker 11: Step 276 accepted, E=-10.835126 Ha
Worker 1: Step 424 accepted, E=-10.835834 Ha
Worker 11: No change from 'small_principal_axis_rotation', skipping.
Worker 13: Step 284 accepted, E=-10.834867 Ha
Worker 2: Step 399 accepted, E=-10.834420 Ha
Worker 16: Step 292 accepted, E=-10.834793 Ha
Worker 14: Step 312 accepted, E=-10.833626 Ha
Worker 6: Step 339 accepted, E=-10.834329 Ha
Worker 18: Step 248 accepted, E=-10.831987 Ha
Worker 3: Step 358 accepted, E=-10.834748 Ha
Worker 10: Step 315 accepted, E=-10.835214 Ha
Worker 7: Step 350 accepted, E=-10.834563 Ha
Worker 12: Step 250 accepted, E=-10.834806 Ha
Worker 17: Step 293 accepted, E=-10.834418 Ha
Worker 8: Step 262 accepted, E=-10.834247 Ha
Worker 5: Step 315 accepted, E=-10.834352 Ha
Worker 4: Step 324 accepted, E=-10.834504 Ha
Worker 10: No change from 'small_principal_axis_rotation', skipping.
Worker 15: No change from 'roto_reflection', skipping.
Worker 0: Step 338 accepted, E=-10.835469 Ha
Worker 19: Step 173 accepted, E=-10.834333 Ha
Worker 11: Step 278 accepted, E=-10.835125 Ha
Worker 15: No change from 'small_principal_axis_rotation', skipping.
Worker 13: Step 285 accepted, E=-10.834835 Ha
Worker 9: Step 333 accepted, E=-10.834364 Ha
Worker 16: Step 293 accepted, E=-10.834796 Ha
Worker 14: Step 313 accepted, E=-10.833683 Ha
Worker 7: Step 351 accepted, E=-10.834565 Ha
Worker 3: Step 359 accepted, E=-10.834743 Ha
Worker 17: Step 294 accepted, E=-10.834415 Ha
Worker 12: Step 251 accepted, E=-10.834705 Ha
Worker 1: Step 425 accepted, E=-10.834923 Ha
Worker 6: Step 340 accepted, E=-10.834338 Ha
Worker 5: Step 316 accepted, E=-10.834352 Ha
Worker 2: Step 400 accepted, E=-10.834420 Ha
Worker 10: Step 317 accepted, E=-10.835212 Ha
Worker 4: Step 325 accepted, E=-10.834585 Ha
Worker 6: No change from 'small_principal_axis_rotation', skipping.
Worker 0: Step 339 accepted, E=-10.835506 Ha
Worker 11: Step 279 accepted, E=-10.835098 Ha
Worker 8: Step 263 accepted, E=-10.835461 Ha
Worker 16: Step 294 accepted, E=-10.834811 Ha
Worker 13: Step 286 accepted, E=-10.834852 Ha
Worker 3: Step 360 accepted, E=-10.834756 Ha
Worker 17: Step 295 accepted, E=-10.834415 Ha
Worker 5: Step 317 accepted, E=-10.834352 Ha
Worker 7: Step 352 accepted, E=-10.834549 Ha
Worker 14: Step 314 accepted, E=-10.833652 Ha
Worker 12: Step 252 accepted, E=-10.834703 Ha
Worker 18: Step 250 accepted, E=-10.834495 Ha
Worker 10: Step 318 accepted, E=-10.835214 Ha
Worker 15: Step 250, op=random_rotation, ΔE=0.0024 eV, accept=True
Worker 19: Step 174 accepted, E=-10.834319 Ha
Worker 9: Step 334 accepted, E=-10.834407 Ha
Worker 4: Step 326 accepted, E=-10.834516 Ha
Worker 15: Step 250 accepted, E=-10.835072 Ha
Worker 0: Step 340 accepted, E=-10.835613 Ha
Worker 2: Step 401 accepted, E=-10.834419 Ha
Worker 6: Step 342 accepted, E=-10.834387 Ha
Worker 11: Step 280, op=local_twist, ΔE=0.0000 eV, accept=True
Worker 11: Step 280 accepted, E=-10.835097 Ha
Worker 1: Step 426 accepted, E=-10.834980 Ha
Worker 5: Step 318 accepted, E=-10.834352 Ha
Worker 17: Step 296 accepted, E=-10.834579 Ha
Worker 7: Step 353 accepted, E=-10.834549 Ha
Worker 13: Step 287 accepted, E=-10.834851 Ha
Worker 16: Step 295 accepted, E=-10.834810 Ha
Worker 3: Step 361 accepted, E=-10.834754 Ha
Worker 18: Step 251 accepted, E=-10.834476 Ha
Worker 14: Step 315 accepted, E=-10.833580 Ha
Worker 12: Step 253 accepted, E=-10.834799 Ha
Worker 10: Step 319 accepted, E=-10.835145 Ha
Worker 4: Step 327 accepted, E=-10.834494 Ha
Worker 8: Step 264 accepted, E=-10.835452 Ha
Worker 0: Step 341 accepted, E=-10.835551 Ha
Worker 6: Step 343 accepted, E=-10.834383 Ha
Worker 9: Step 335 accepted, E=-10.834400 Ha
Worker 11: Step 281 accepted, E=-10.835107 Ha
Worker 5: Step 319 accepted, E=-10.834353 Ha
Worker 13: Step 288 accepted, E=-10.834859 Ha
Worker 17: Step 297 accepted, E=-10.834577 Ha
Worker 7: Step 354 accepted, E=-10.834557 Ha
Worker 3: Step 362 accepted, E=-10.834761 Ha
Worker 19: Step 175 accepted, E=-10.834325 Ha
Worker 14: Step 316 accepted, E=-10.833427 Ha
Worker 16: Step 296 accepted, E=-10.834833 Ha
Worker 18: Step 252 accepted, E=-10.834420 Ha
Worker 15: Step 251 accepted, E=-10.835082 Ha
Worker 12: Step 254 accepted, E=-10.834827 Ha
Worker 2: Step 402 accepted, E=-10.834420 Ha
Worker 10: Step 320 accepted, E=-10.835152 Ha
Worker 0: No change from 'mirror', skipping.
Worker 4: Step 328 accepted, E=-10.834496 Ha
Worker 15: No change from 'principal_axis_rotation', skipping.
Worker 1: Step 427 accepted, E=-10.834934 Ha
Worker 5: Step 320, op=correlated_displacement, ΔE=0.0001 eV, accept=True
Worker 13: Step 289 accepted, E=-10.834818 Ha
Worker 11: Step 282 accepted, E=-10.835119 Ha
Worker 5: Step 320 accepted, E=-10.834350 Ha
Worker 3: Step 363 accepted, E=-10.834765 Ha
Worker 17: Step 298 accepted, E=-10.834576 Ha
Worker 6: Step 344 accepted, E=-10.834362 Ha
Worker 7: Step 355 accepted, E=-10.834591 Ha
Worker 2: Step 403 accepted, E=-10.834422 Ha
Worker 14: Step 317 accepted, E=-10.833373 Ha
Worker 16: Step 297 accepted, E=-10.834832 Ha
Worker 12: Step 255 accepted, E=-10.834891 Ha
Worker 18: Step 253 accepted, E=-10.834445 Ha
Worker 10: Step 321 accepted, E=-10.835123 Ha
Worker 11: No change from 'large_displacement', skipping.
Worker 0: Step 343 accepted, E=-10.835490 Ha
Worker 9: Step 336 accepted, E=-10.834403 Ha
Worker 8: Step 265 accepted, E=-10.835446 Ha
Worker 4: Step 329 accepted, E=-10.834533 Ha
Worker 2: No change from 'mirror', skipping.
Worker 13: Step 290 accepted, E=-10.835000 Ha
Worker 5: Step 321 accepted, E=-10.834351 Ha
Worker 19: Step 176 accepted, E=-10.834323 Ha
Worker 17: Step 299 accepted, E=-10.834580 Ha
Worker 3: Step 364 accepted, E=-10.834782 Ha
Worker 7: Step 356 accepted, E=-10.834550 Ha
Worker 15: Step 253 accepted, E=-10.835099 Ha
Worker 14: Step 318 accepted, E=-10.833339 Ha
Worker 6: Step 345 accepted, E=-10.834364 Ha
Worker 18: Step 254 accepted, E=-10.834476 Ha
Worker 1: Step 428 accepted, E=-10.834953 Ha
Worker 12: Step 256 accepted, E=-10.834944 Ha
Worker 10: Step 322 accepted, E=-10.835096 Ha
Worker 0: Step 344 accepted, E=-10.835485 Ha
Worker 16: Step 298 accepted, E=-10.834895 Ha
Worker 11: Step 284 accepted, E=-10.835104 Ha
Worker 2: Step 405 accepted, E=-10.834422 Ha
Worker 4: Step 330, op=local_twist, ΔE=0.0007 eV, accept=True
Worker 13: Step 291 accepted, E=-10.835007 Ha
Worker 4: Step 330 accepted, E=-10.834505 Ha
Worker 12: No change from 'roto_reflection', skipping.
Worker 17: Step 300, op=small_principal_axis_rotation, ΔE=0.0001 eV, accept=True
Worker 5: Step 322 accepted, E=-10.834361 Ha
Worker 17: Step 300 accepted, E=-10.834576 Ha
Worker 8: Step 266 accepted, E=-10.834946 Ha
Worker 9: Step 337 accepted, E=-10.834405 Ha
Worker 0: No change from 'mirror', skipping.
Worker 3: Step 365 accepted, E=-10.834937 Ha
Worker 7: Step 357 accepted, E=-10.834628 Ha
Worker 14: Step 319 accepted, E=-10.833042 Ha
Worker 4: No change from 'random_displacement', skipping.
Worker 18: Step 255 accepted, E=-10.834531 Ha
Worker 2: Step 406 accepted, E=-10.834430 Ha
Worker 10: Step 323 accepted, E=-10.835003 Ha
Worker 14: No change from 'principal_axis_rotation', skipping.
Worker 11: Step 285 accepted, E=-10.835104 Ha
Worker 6: Step 346 accepted, E=-10.834297 Ha
Worker 19: Step 177 accepted, E=-10.834327 Ha
Worker 16: Step 299 accepted, E=-10.834922 Ha
Worker 15: Step 254 accepted, E=-10.835086 Ha
Worker 13: Step 292 accepted, E=-10.835012 Ha
Worker 12: Step 258 accepted, E=-10.834866 Ha
Worker 17: Step 301 accepted, E=-10.834572 Ha
Worker 5: Step 323 accepted, E=-10.834359 Ha
Worker 0: Step 346 accepted, E=-10.835465 Ha
Worker 8: Step 267 accepted, E=-10.834967 Ha
Worker 3: Step 366 accepted, E=-10.834936 Ha
Worker 1: Step 429 accepted, E=-10.834850 Ha
Worker 7: Step 358 accepted, E=-10.834608 Ha
Worker 2: Step 407 accepted, E=-10.834431 Ha
Worker 4: Step 332 accepted, E=-10.834489 Ha
Worker 9: Step 338 accepted, E=-10.834407 Ha
Worker 18: Step 256 accepted, E=-10.834562 Ha
Worker 10: Step 324 accepted, E=-10.835006 Ha
Worker 14: Step 321 accepted, E=-10.833225 Ha
Worker 11: Step 286 accepted, E=-10.835134 Ha
Worker 6: Step 347 accepted, E=-10.834282 Ha
Worker 16: Step 300, op=correlated_displacement, ΔE=0.0017 eV, accept=True
Worker 17: Step 302 accepted, E=-10.834578 Ha
Worker 13: Step 293 accepted, E=-10.835009 Ha
Worker 16: Step 300 accepted, E=-10.834859 Ha
Worker 5: Step 324 accepted, E=-10.834355 Ha
Worker 12: Step 259 accepted, E=-10.834902 Ha
Worker 0: Step 347 accepted, E=-10.835492 Ha
Worker 2: Step 408 accepted, E=-10.834430 Ha
Worker 3: Step 367 accepted, E=-10.834935 Ha
Worker 8: Step 268 accepted, E=-10.834971 Ha
Worker 7: Step 359 accepted, E=-10.834625 Ha
Worker 19: Step 178 accepted, E=-10.834325 Ha
Worker 15: Step 255 accepted, E=-10.835076 Ha
Worker 4: Step 333 accepted, E=-10.834523 Ha
Worker 10: Step 325 accepted, E=-10.835011 Ha
Worker 18: Step 257 accepted, E=-10.834515 Ha
Worker 11: Step 287 accepted, E=-10.835157 Ha
Worker 1: Step 430 accepted, E=-10.835168 Ha
Worker 17: Step 303 accepted, E=-10.834590 Ha
Worker 9: Step 339 accepted, E=-10.834402 Ha
Worker 13: Step 294 accepted, E=-10.835001 Ha
Worker 5: Step 325 accepted, E=-10.834354 Ha
Worker 6: Step 348 accepted, E=-10.834284 Ha
Worker 12: Step 260, op=twist, ΔE=0.0000 eV, accept=True
Worker 12: Step 260 accepted, E=-10.834901 Ha
Worker 0: Step 348 accepted, E=-10.835492 Ha
Worker 8: Step 269 accepted, E=-10.835001 Ha
Worker 2: Step 409 accepted, E=-10.834431 Ha
Worker 3: Step 368 accepted, E=-10.834933 Ha
Worker 16: Step 301 accepted, E=-10.834912 Ha
Worker 7: Step 360 accepted, E=-10.834641 Ha
Worker 3: No change from 'small_principal_axis_rotation', skipping.
Worker 14: Step 323 accepted, E=-10.832887 Ha
Worker 4: Step 334 accepted, E=-10.834514 Ha
Worker 10: Step 326 accepted, E=-10.835003 Ha
Worker 11: Step 288 accepted, E=-10.835123 Ha
Worker 18: Step 258 accepted, E=-10.834513 Ha
Worker 17: Step 304 accepted, E=-10.834591 Ha
Worker 13: Step 295 accepted, E=-10.834973 Ha
Worker 5: Step 326 accepted, E=-10.834358 Ha
Worker 6: Step 349 accepted, E=-10.834286 Ha
Worker 15: Step 256 accepted, E=-10.835079 Ha
Worker 2: Step 410 accepted, E=-10.834438 Ha
Worker 12: Step 261 accepted, E=-10.834806 Ha
Worker 19: Step 179 accepted, E=-10.834326 Ha
Worker 10: No change from 'roto_reflection', skipping.
Worker 0: Step 349 accepted, E=-10.835411 Ha
Worker 7: Step 361 accepted, E=-10.834695 Ha
Worker 3: Step 370, op=correlated_displacement, ΔE=0.0007 eV, accept=True
Worker 8: Step 270, op=random_displacement, ΔE=0.0010 eV, accept=True
Worker 16: Step 302 accepted, E=-10.834909 Ha
Worker 13: No change from 'exchange', skipping.
Worker 6: No change from 'small_principal_axis_rotation', skipping.
Worker 3: Step 370 accepted, E=-10.834907 Ha
Worker 8: Step 270 accepted, E=-10.834965 Ha
Worker 9: Step 340 accepted, E=-10.834404 Ha
Worker 11: Step 289 accepted, E=-10.835097 Ha
Worker 14: Step 324 accepted, E=-10.832955 Ha
Worker 4: Step 335 accepted, E=-10.834529 Ha
Worker 18: Step 259 accepted, E=-10.834510 Ha
Worker 1: Step 431 accepted, E=-10.835067 Ha
Worker 17: Step 305 accepted, E=-10.834587 Ha
Worker 5: Step 327 accepted, E=-10.834355 Ha
Worker 2: Step 411 accepted, E=-10.834439 Ha
Worker 10: Step 328 accepted, E=-10.834998 Ha
Worker 12: Step 262 accepted, E=-10.834778 Ha
Worker 0: Step 350, op=correlated_displacement, ΔE=0.0011 eV, accept=True
Worker 7: Step 362 accepted, E=-10.834684 Ha
Worker 0: Step 350 accepted, E=-10.835369 Ha
Worker 3: Step 371 accepted, E=-10.834894 Ha
Worker 13: Step 297 accepted, E=-10.834967 Ha
Worker 8: Step 271 accepted, E=-10.834934 Ha
Worker 16: Step 303 accepted, E=-10.834909 Ha
Worker 6: Step 351 accepted, E=-10.834287 Ha
Worker 7: No change from 'small_principal_axis_rotation', skipping.
Worker 11: Step 290 accepted, E=-10.835112 Ha
Worker 17: Step 306 accepted, E=-10.834611 Ha
Worker 14: Step 325 accepted, E=-10.833144 Ha
Worker 4: Step 336 accepted, E=-10.834635 Ha
Worker 18: Step 260 accepted, E=-10.834597 Ha
Worker 19: Step 180, op=com_com_approach, ΔE=0.0002 eV, accept=True
Worker 2: Step 412 accepted, E=-10.834439 Ha
Worker 5: Step 328 accepted, E=-10.834349 Ha
Worker 19: Step 180 accepted, E=-10.834319 Ha
Worker 15: Step 257 accepted, E=-10.835224 Ha
Worker 10: Step 329 accepted, E=-10.834996 Ha
Worker 9: Step 341 accepted, E=-10.834405 Ha
Worker 12: Step 263 accepted, E=-10.834733 Ha
Worker 19: No change from 'small_principal_axis_rotation', skipping.
Worker 3: Step 372 accepted, E=-10.834912 Ha
Worker 13: Step 298 accepted, E=-10.834986 Ha
Worker 1: Step 432 accepted, E=-10.835077 Ha
Worker 0: Step 351 accepted, E=-10.835348 Ha
Worker 8: Step 272 accepted, E=-10.834869 Ha
Worker 7: Step 364 accepted, E=-10.835444 Ha
Worker 17: Step 307 accepted, E=-10.834601 Ha
Worker 11: Step 291 accepted, E=-10.835137 Ha
Worker 16: Step 304 accepted, E=-10.834854 Ha
Worker 2: Step 413 accepted, E=-10.834438 Ha
Worker 6: Step 352 accepted, E=-10.834287 Ha
Worker 5: Step 329 accepted, E=-10.834357 Ha
Worker 14: Step 326 accepted, E=-10.834076 Ha
Worker 18: Step 261 accepted, E=-10.834561 Ha
Worker 4: Step 337 accepted, E=-10.834557 Ha
Worker 8: No change from 'mirror', skipping.
Worker 10: Step 330 accepted, E=-10.834998 Ha
Worker 12: Step 264 accepted, E=-10.834772 Ha
Worker 3: Step 373 accepted, E=-10.834931 Ha
Worker 13: Step 299 accepted, E=-10.834987 Ha
Worker 17: Step 308 accepted, E=-10.834614 Ha
Worker 0: Step 352 accepted, E=-10.835374 Ha
Worker 7: Step 365 accepted, E=-10.835437 Ha
Worker 9: Step 342 accepted, E=-10.834403 Ha
Worker 15: Step 258 accepted, E=-10.835325 Ha
Worker 11: Step 292 accepted, E=-10.835160 Ha
Worker 2: Step 414 accepted, E=-10.834438 Ha
Worker 17: No change from 'small_principal_axis_rotation', skipping.
Worker 5: Step 330 accepted, E=-10.834357 Ha
Worker 16: Step 305 accepted, E=-10.834900 Ha
Worker 14: Step 327 accepted, E=-10.834637 Ha
Worker 19: Step 182 accepted, E=-10.834318 Ha
Worker 18: Step 262 accepted, E=-10.835059 Ha
Worker 1: Step 433 accepted, E=-10.835200 Ha
Worker 0: No change from 'exchange', skipping.
Worker 4: Step 338 accepted, E=-10.834520 Ha
Worker 6: Step 353 accepted, E=-10.834292 Ha
Worker 8: Step 274 accepted, E=-10.834868 Ha
Worker 10: Step 331 accepted, E=-10.834995 Ha
Worker 12: Step 265 accepted, E=-10.834726 Ha
Worker 3: Step 374 accepted, E=-10.834926 Ha
Worker 13: Step 300 accepted, E=-10.834987 Ha
Worker 2: Step 415 accepted, E=-10.834439 Ha
Worker 7: Step 366 accepted, E=-10.835492 Ha
Worker 5: Step 331 accepted, E=-10.834357 Ha
Worker 17: Step 310 accepted, E=-10.834619 Ha
Worker 9: Step 343 accepted, E=-10.834407 Ha
Worker 11: Step 293 accepted, E=-10.835148 Ha
Worker 14: Step 328 accepted, E=-10.834833 Ha
Worker 18: Step 263 accepted, E=-10.835002 Ha
Worker 0: Step 354 accepted, E=-10.835337 Ha
Worker 4: Step 339 accepted, E=-10.834517 Ha
Worker 10: Step 332 accepted, E=-10.834981 Ha
Worker 8: Step 275 accepted, E=-10.834903 Ha
Worker 16: Step 306 accepted, E=-10.834900 Ha
Worker 12: Step 266 accepted, E=-10.834778 Ha
Worker 6: Step 354 accepted, E=-10.834253 Ha
Worker 3: Step 375 accepted, E=-10.834925 Ha
Worker 13: Step 301 accepted, E=-10.834919 Ha
Worker 15: Step 259 accepted, E=-10.835313 Ha
Worker 2: Step 416 accepted, E=-10.834439 Ha
Worker 19: Step 183 accepted, E=-10.834321 Ha
Worker 7: Step 367 accepted, E=-10.835558 Ha
Worker 5: Step 332 accepted, E=-10.834676 Ha
Worker 9: Step 344 accepted, E=-10.834409 Ha
Worker 17: Step 311 accepted, E=-10.834430 Ha
Worker 11: Step 294 accepted, E=-10.835139 Ha
Worker 14: Step 329 accepted, E=-10.834745 Ha
Worker 18: Step 264 accepted, E=-10.835001 Ha
Worker 1: Step 434 accepted, E=-10.835208 Ha
Worker 4: Step 340, op=twist, ΔE=0.0005 eV, accept=True
Worker 0: Step 355 accepted, E=-10.835450 Ha
Worker 8: Step 276 accepted, E=-10.834907 Ha
Worker 10: Step 333 accepted, E=-10.834970 Ha
Worker 4: Step 340 accepted, E=-10.834498 Ha
Worker 16: Step 307 accepted, E=-10.834904 Ha
Worker 12: Step 267 accepted, E=-10.834639 Ha
Worker 3: Step 376 accepted, E=-10.834932 Ha
Worker 2: Step 417 accepted, E=-10.834438 Ha
Worker 6: Step 355 accepted, E=-10.834253 Ha
Worker 13: No change from 'exchange', skipping.
Worker 7: Step 368 accepted, E=-10.835447 Ha
Worker 5: Step 333 accepted, E=-10.834665 Ha
Worker 19: Step 184 accepted, E=-10.834308 Ha
Worker 9: Step 345 accepted, E=-10.834409 Ha
Worker 11: Step 295 accepted, E=-10.835020 Ha
Worker 17: Step 312 accepted, E=-10.834427 Ha
Worker 14: Step 330 accepted, E=-10.834761 Ha
Worker 18: Step 265 accepted, E=-10.835034 Ha
Worker 10: Step 334 accepted, E=-10.834913 Ha
Worker 15: Step 260, op=mirror, ΔE=0.0000 eV, accept=True
Worker 0: Step 356 accepted, E=-10.835460 Ha
Worker 1: Step 435 accepted, E=-10.835191 Ha
Worker 2: Step 418 accepted, E=-10.834438 Ha
Worker 16: Step 308 accepted, E=-10.834914 Ha
Worker 4: Step 341 accepted, E=-10.834477 Ha
Worker 3: Step 377 accepted, E=-10.834946 Ha
Worker 8: Step 277 accepted, E=-10.834908 Ha
Worker 15: Step 260 accepted, E=-10.835313 Ha
Worker 12: Step 268 accepted, E=-10.834650 Ha
Worker 13: Step 304 accepted, E=-10.834917 Ha
Worker 9: Step 346 accepted, E=-10.834407 Ha
Worker 5: Step 334 accepted, E=-10.834656 Ha
Worker 11: Step 296 accepted, E=-10.835094 Ha
Worker 19: Step 185 accepted, E=-10.834315 Ha
Worker 6: Step 356 accepted, E=-10.834248 Ha
Worker 17: Step 313 accepted, E=-10.834421 Ha
Worker 14: Step 331 accepted, E=-10.834838 Ha
Worker 7: Step 369 accepted, E=-10.835450 Ha
Worker 18: Step 266 accepted, E=-10.835064 Ha
Worker 2: Step 419 accepted, E=-10.834440 Ha
Worker 10: Step 335 accepted, E=-10.835006 Ha
Worker 16: Step 309 accepted, E=-10.834826 Ha
Worker 3: Step 378 accepted, E=-10.834948 Ha
Worker 4: Step 342 accepted, E=-10.834241 Ha
Worker 12: Step 269 accepted, E=-10.834643 Ha
Worker 1: Step 436 accepted, E=-10.835190 Ha
Worker 0: Step 357 accepted, E=-10.835475 Ha
Worker 15: Step 261 accepted, E=-10.835313 Ha
Worker 12: No change from 'small_principal_axis_rotation', skipping.
Worker 8: Step 278 accepted, E=-10.834964 Ha
Worker 9: Step 347 accepted, E=-10.834405 Ha
Worker 5: Step 335 accepted, E=-10.834658 Ha
Worker 13: Step 305 accepted, E=-10.834916 Ha
Worker 19: Step 186 accepted, E=-10.834325 Ha
Worker 11: Step 297 accepted, E=-10.835104 Ha
Worker 17: Step 314 accepted, E=-10.834420 Ha
Worker 6: Step 357 accepted, E=-10.834250 Ha
Worker 14: Step 332 accepted, E=-10.834946 Ha
Worker 2: Step 420 accepted, E=-10.834441 Ha
Worker 18: Step 267 accepted, E=-10.835083 Ha
Worker 3: Step 379 accepted, E=-10.834940 Ha
Worker 10: Step 336 accepted, E=-10.835069 Ha
Worker 16: Step 310 accepted, E=-10.834831 Ha
Worker 7: Step 370, op=small_principal_axis_rotation, ΔE=0.0020 eV, accept=True
Worker 4: Step 343 accepted, E=-10.834263 Ha
Worker 15: Step 262 accepted, E=-10.835356 Ha
Worker 0: Step 358 accepted, E=-10.835435 Ha
Worker 7: Step 370 accepted, E=-10.835375 Ha
Worker 1: Step 437 accepted, E=-10.835200 Ha
Worker 12: Step 271 accepted, E=-10.834661 Ha
Worker 9: Step 348 accepted, E=-10.834408 Ha
Worker 5: Step 336 accepted, E=-10.834635 Ha
Worker 8: Step 279 accepted, E=-10.835003 Ha
Worker 19: Step 187 accepted, E=-10.834306 Ha
Worker 17: Step 315 accepted, E=-10.834435 Ha
Worker 11: Step 298 accepted, E=-10.835096 Ha
Worker 6: Step 358 accepted, E=-10.834250 Ha
Worker 2: Step 421 accepted, E=-10.834441 Ha
Worker 13: Step 306 accepted, E=-10.834353 Ha
Worker 14: Step 333 accepted, E=-10.834819 Ha
Worker 12: No change from 'mirror', skipping.
Worker 10: Step 337 accepted, E=-10.835056 Ha
Worker 17: No change from 'small_principal_axis_rotation', skipping.
Worker 3: Step 380 accepted, E=-10.834941 Ha
Worker 18: Step 268 accepted, E=-10.835124 Ha
Worker 16: Step 311 accepted, E=-10.834831 Ha
Worker 0: Step 359 accepted, E=-10.835436 Ha
Worker 15: Step 263 accepted, E=-10.835395 Ha
Worker 4: Step 344 accepted, E=-10.834287 Ha
Worker 1: Step 438 accepted, E=-10.835199 Ha
Worker 7: Step 371 accepted, E=-10.835439 Ha
Worker 9: Step 349 accepted, E=-10.834410 Ha
Worker 8: Step 280, op=random_displacement, ΔE=0.0018 eV, accept=True
Worker 5: Step 337 accepted, E=-10.834631 Ha
Worker 8: Step 280 accepted, E=-10.834935 Ha
Worker 13: No change from 'mirror', skipping.
Worker 6: Step 359 accepted, E=-10.834249 Ha
Worker 11: Step 299 accepted, E=-10.835088 Ha
Worker 4: No change from 'large_displacement', skipping.
Worker 2: Step 422 accepted, E=-10.834442 Ha
Worker 19: Step 188 accepted, E=-10.834316 Ha
Worker 17: Step 317 accepted, E=-10.834438 Ha
Worker 14: Step 334 accepted, E=-10.834403 Ha
Worker 10: Step 338 accepted, E=-10.835073 Ha
Worker 3: Step 381 accepted, E=-10.834934 Ha
Worker 16: Step 312 accepted, E=-10.834833 Ha
Worker 15: Step 264 accepted, E=-10.835297 Ha
Worker 18: Step 269 accepted, E=-10.834376 Ha
Worker 0: Step 360, op=twist, ΔE=0.0032 eV, accept=True
Worker 6: No change from 'roto_reflection', skipping.
Worker 9: Step 350, op=random_rotation, ΔE=0.0000 eV, accept=True
Worker 1: Step 439 accepted, E=-10.835249 Ha
Worker 7: Step 372 accepted, E=-10.835616 Ha
Worker 0: Step 360 accepted, E=-10.835318 Ha
Worker 9: Step 350 accepted, E=-10.834409 Ha
Worker 5: Step 338 accepted, E=-10.834630 Ha
Worker 8: Step 281 accepted, E=-10.834883 Ha
Worker 13: Step 308 accepted, E=-10.834349 Ha
Worker 2: Step 423 accepted, E=-10.834441 Ha
Worker 11: Step 300 accepted, E=-10.835128 Ha
Worker 12: Step 274 accepted, E=-10.834787 Ha
Worker 4: Step 346 accepted, E=-10.834339 Ha
Worker 17: Step 318 accepted, E=-10.834438 Ha
Worker 10: Step 339 accepted, E=-10.835071 Ha
Worker 3: Step 382 accepted, E=-10.834911 Ha
Worker 19: Step 189 accepted, E=-10.834283 Ha
Worker 14: Step 335 accepted, E=-10.834361 Ha
Worker 15: Step 265 accepted, E=-10.835284 Ha
Worker 16: Step 313 accepted, E=-10.834835 Ha
Worker 18: Step 270, op=random_rotation, ΔE=0.0003 eV, accept=True
Worker 1: Step 440, op=random_displacement, ΔE=0.0029 eV, accept=True
Worker 9: Step 351 accepted, E=-10.834410 Ha
Worker 18: Step 270 accepted, E=-10.834367 Ha
Worker 6: Step 361 accepted, E=-10.834250 Ha
Worker 7: Step 373 accepted, E=-10.835613 Ha
Worker 1: Step 440 accepted, E=-10.835142 Ha
Worker 13: No change from 'roto_reflection', skipping.
Worker 5: Step 339 accepted, E=-10.834629 Ha
Worker 0: Step 361 accepted, E=-10.835432 Ha
Worker 8: Step 282 accepted, E=-10.834972 Ha
Worker 2: Step 424 accepted, E=-10.834443 Ha
Worker 17: Step 319 accepted, E=-10.834438 Ha
Worker 11: Step 301 accepted, E=-10.835122 Ha
Worker 12: Step 275 accepted, E=-10.834789 Ha
Worker 1: No change from 'mirror', skipping.
Worker 4: Step 347 accepted, E=-10.834275 Ha
Worker 3: Step 383 accepted, E=-10.834926 Ha
Worker 10: Step 340, op=local_twist, ΔE=0.0001 eV, accept=True
Worker 10: Step 340 accepted, E=-10.835066 Ha
Worker 14: Step 336 accepted, E=-10.834619 Ha
Worker 16: Step 314 accepted, E=-10.834837 Ha
Worker 9: Step 352 accepted, E=-10.834409 Ha
Worker 7: Step 374 accepted, E=-10.835614 Ha
Worker 18: Step 271 accepted, E=-10.834389 Ha
Worker 5: Step 340, op=exchange, ΔE=0.0014 eV, accept=True
Worker 19: Step 190 accepted, E=-10.834290 Ha
Worker 6: Step 362 accepted, E=-10.834236 Ha
Worker 5: Step 340 accepted, E=-10.834579 Ha
Worker 0: Step 362 accepted, E=-10.835417 Ha
Worker 13: Step 310, op=random_displacement, ΔE=0.0000 eV, accept=True
Worker 2: Step 425 accepted, E=-10.834443 Ha
Worker 13: Step 310 accepted, E=-10.834348 Ha
Worker 8: Step 283 accepted, E=-10.834873 Ha
Worker 17: Step 320, op=local_twist, ΔE=0.0001 eV, accept=True
Worker 17: Step 320 accepted, E=-10.834434 Ha
Worker 11: Step 302 accepted, E=-10.835191 Ha
Worker 12: Step 276 accepted, E=-10.834765 Ha
Worker 1: Step 442 accepted, E=-10.835210 Ha
Worker 3: Step 384 accepted, E=-10.834954 Ha
Worker 10: Step 341 accepted, E=-10.835170 Ha
Worker 15: Step 267 accepted, E=-10.835553 Ha
Worker 4: Step 348 accepted, E=-10.834323 Ha
Worker 14: Step 337 accepted, E=-10.834708 Ha
Worker 9: Step 353 accepted, E=-10.834473 Ha
Worker 16: Step 315 accepted, E=-10.834877 Ha
Worker 7: Step 375 accepted, E=-10.835765 Ha
Worker 18: Step 272 accepted, E=-10.834425 Ha
Worker 6: Step 363 accepted, E=-10.834202 Ha
Worker 2: Step 426 accepted, E=-10.834444 Ha
Worker 5: Step 341 accepted, E=-10.834569 Ha
Worker 0: Step 363 accepted, E=-10.835407 Ha
Worker 19: Step 191 accepted, E=-10.834293 Ha
Worker 15: No change from 'roto_reflection', skipping.
Worker 13: Step 311 accepted, E=-10.834355 Ha
Worker 17: Step 321 accepted, E=-10.834431 Ha
Worker 11: Step 303 accepted, E=-10.835168 Ha
Worker 3: Step 385 accepted, E=-10.834970 Ha
Worker 8: Step 284 accepted, E=-10.835063 Ha
Worker 12: Step 277 accepted, E=-10.834898 Ha
Worker 10: Step 342 accepted, E=-10.835096 Ha
Worker 4: Step 349 accepted, E=-10.835865 Ha
Worker 9: Step 354 accepted, E=-10.834483 Ha
Worker 0: No change from 'roto_reflection', skipping.
Worker 3: No change from 'small_principal_axis_rotation', skipping.
Worker 16: Step 316 accepted, E=-10.834829 Ha
Worker 19: No change from 'exchange', skipping.
Worker 7: Step 376 accepted, E=-10.835661 Ha
Worker 14: Step 338 accepted, E=-10.834959 Ha
Worker 18: Step 273 accepted, E=-10.834446 Ha
Worker 1: Step 443 accepted, E=-10.835211 Ha
Worker 2: Step 427 accepted, E=-10.834445 Ha
Worker 5: Step 342 accepted, E=-10.834572 Ha
Worker 6: Step 364 accepted, E=-10.834191 Ha
Worker 3: No change from 'mirror', skipping.
Worker 15: Step 269 accepted, E=-10.835558 Ha
Worker 17: Step 322 accepted, E=-10.834447 Ha
Worker 1: No change from 'large_displacement', skipping.
Worker 11: Step 304 accepted, E=-10.835177 Ha
Worker 13: Step 312 accepted, E=-10.834351 Ha
Worker 10: Step 343 accepted, E=-10.834973 Ha
Worker 12: Step 278 accepted, E=-10.834763 Ha
Worker 8: Step 285 accepted, E=-10.835094 Ha
Worker 9: Step 355 accepted, E=-10.834460 Ha
Worker 0: Step 365 accepted, E=-10.835359 Ha
Worker 16: Step 317 accepted, E=-10.834750 Ha
Worker 4: Step 350 accepted, E=-10.835889 Ha
Worker 19: Step 193 accepted, E=-10.834271 Ha
Worker 12: No change from 'principal_axis_rotation', skipping.
Worker 18: Step 274 accepted, E=-10.834428 Ha
Worker 2: Step 428 accepted, E=-10.834448 Ha
Worker 7: Step 377 accepted, E=-10.835664 Ha
Worker 14: Step 339 accepted, E=-10.834964 Ha
Worker 5: Step 343 accepted, E=-10.834578 Ha
Worker 1: No change from 'roto_reflection', skipping.
Worker 15: Step 270, op=random_displacement, ΔE=0.0050 eV, accept=True
Worker 15: Step 270 accepted, E=-10.835373 Ha
Worker 6: Step 365 accepted, E=-10.835372 Ha
Worker 17: Step 323 accepted, E=-10.834447 Ha
Worker 3: Step 388 accepted, E=-10.834525 Ha
Worker 11: Step 305 accepted, E=-10.835176 Ha
Worker 10: Step 344 accepted, E=-10.834972 Ha
Worker 9: Step 356 accepted, E=-10.834469 Ha
Worker 8: Step 286 accepted, E=-10.835091 Ha
Worker 13: Step 313 accepted, E=-10.834349 Ha
Worker 2: Step 429 accepted, E=-10.834503 Ha
Worker 16: Step 318 accepted, E=-10.834737 Ha
Worker 0: Step 366 accepted, E=-10.835452 Ha
Worker 18: Step 275 accepted, E=-10.834417 Ha
Worker 4: Step 351 accepted, E=-10.835899 Ha
Worker 5: Step 344 accepted, E=-10.834571 Ha
Worker 7: Step 378 accepted, E=-10.834459 Ha
Worker 19: Step 194 accepted, E=-10.834133 Ha
Worker 14: Step 340, op=correlated_displacement, ΔE=0.0086 eV, accept=True
Worker 12: Step 280, op=mirror, ΔE=0.0000 eV, accept=True
Worker 14: Step 340 accepted, E=-10.834650 Ha
Worker 12: Step 280 accepted, E=-10.834763 Ha
Worker 1: Step 446 accepted, E=-10.835041 Ha
Worker 17: Step 324 accepted, E=-10.834444 Ha
Worker 15: Step 271 accepted, E=-10.835476 Ha
Worker 3: Step 389 accepted, E=-10.834522 Ha
Worker 6: Step 366 accepted, E=-10.835348 Ha
Worker 11: Step 306 accepted, E=-10.834436 Ha
Worker 9: Step 357 accepted, E=-10.834467 Ha
Worker 8: Step 287 accepted, E=-10.835028 Ha
Worker 10: Step 345 accepted, E=-10.834973 Ha
Worker 2: Step 430, op=random_so3, ΔE=0.0019 eV, accept=True
Worker 16: Step 319 accepted, E=-10.834714 Ha
Worker 13: Step 314 accepted, E=-10.834348 Ha
Worker 2: Step 430 accepted, E=-10.834433 Ha
Worker 18: Step 276 accepted, E=-10.834409 Ha
Worker 0: Step 367 accepted, E=-10.835490 Ha
Worker 5: Step 345 accepted, E=-10.834578 Ha
Worker 7: Step 379 accepted, E=-10.834460 Ha
Worker 19: Step 195 accepted, E=-10.834135 Ha
Worker 12: Step 281 accepted, E=-10.834965 Ha
Worker 14: Step 341 accepted, E=-10.834540 Ha
Worker 17: Step 325 accepted, E=-10.834448 Ha
Worker 15: Step 272 accepted, E=-10.835472 Ha
Worker 1: Step 447 accepted, E=-10.835036 Ha
Worker 3: Step 390 accepted, E=-10.834525 Ha
Worker 4: No change from 'random_displacement', skipping.
Worker 6: Step 367 accepted, E=-10.835368 Ha
Worker 18: No change from 'mirror', skipping.
Worker 19: No change from 'mirror', skipping.
Worker 9: Step 358 accepted, E=-10.834467 Ha
Worker 10: Step 346 accepted, E=-10.834973 Ha
Worker 11: Step 307 accepted, E=-10.834425 Ha
Worker 8: Step 288 accepted, E=-10.834928 Ha
Worker 2: Step 431 accepted, E=-10.834431 Ha
Worker 5: Step 346 accepted, E=-10.834576 Ha
Worker 16: Step 320 accepted, E=-10.834764 Ha
Worker 0: Step 368 accepted, E=-10.835636 Ha
Worker 9: No change from 'principal_axis_rotation', skipping.
Worker 7: Step 380, op=correlated_displacement, ΔE=0.0029 eV, accept=True
Worker 13: Step 315 accepted, E=-10.834372 Ha
Worker 7: Step 380 accepted, E=-10.834354 Ha
Worker 14: Step 342 accepted, E=-10.834853 Ha
Worker 17: Step 326 accepted, E=-10.834458 Ha
Worker 1: Step 448 accepted, E=-10.835101 Ha
Worker 15: Step 273 accepted, E=-10.835486 Ha
Worker 3: Step 391 accepted, E=-10.834509 Ha
Worker 18: Step 278 accepted, E=-10.834406 Ha
Worker 6: Step 368 accepted, E=-10.835292 Ha
Worker 4: Step 354 accepted, E=-10.835902 Ha
Worker 19: Step 197 accepted, E=-10.834136 Ha
Worker 2: Step 432 accepted, E=-10.834430 Ha
Worker 8: Step 289 accepted, E=-10.834952 Ha
Worker 11: Step 308 accepted, E=-10.834418 Ha
Worker 10: Step 347 accepted, E=-10.834963 Ha
Worker 5: Step 347 accepted, E=-10.834576 Ha
Worker 1: No change from 'mirror', skipping.
Worker 9: Step 360 accepted, E=-10.834470 Ha
Worker 16: Step 321 accepted, E=-10.834763 Ha
Worker 6: No change from 'roto_reflection', skipping.
Worker 7: Step 381 accepted, E=-10.834456 Ha
Worker 17: Step 327 accepted, E=-10.834465 Ha
Worker 0: Step 369 accepted, E=-10.835529 Ha
Worker 14: Step 343 accepted, E=-10.834941 Ha
Worker 13: Step 316 accepted, E=-10.834369 Ha
Worker 12: Step 283 accepted, E=-10.834990 Ha
Worker 15: Step 274 accepted, E=-10.835485 Ha
Worker 10: No change from 'roto_reflection', skipping.
Worker 3: Step 392 accepted, E=-10.834506 Ha
Worker 18: Step 279 accepted, E=-10.834403 Ha
Worker 13: No change from 'small_principal_axis_rotation', skipping.
Worker 4: Step 355 accepted, E=-10.835942 Ha
Worker 9: No change from 'roto_reflection', skipping.
Worker 8: Step 290 accepted, E=-10.834959 Ha
Worker 2: Step 433 accepted, E=-10.834432 Ha
Worker 19: Step 198 accepted, E=-10.834133 Ha
Worker 11: Step 309 accepted, E=-10.834435 Ha
Worker 5: Step 348 accepted, E=-10.834583 Ha
Worker 1: Step 450, op=correlated_displacement, ΔE=0.0018 eV, accept=True
Worker 18: No change from 'small_principal_axis_rotation', skipping.
Worker 1: Step 450 accepted, E=-10.835034 Ha
Worker 16: Step 322 accepted, E=-10.834760 Ha
Worker 17: Step 328 accepted, E=-10.834458 Ha
Worker 4: No change from 'random_displacement', skipping.
Worker 7: Step 382 accepted, E=-10.834488 Ha
Worker 6: Step 370 accepted, E=-10.835297 Ha
Worker 0: Step 370 accepted, E=-10.835530 Ha
Worker 15: Step 275 accepted, E=-10.835487 Ha
Worker 3: Step 393 accepted, E=-10.834507 Ha
Worker 12: Step 284 accepted, E=-10.835014 Ha
Worker 10: Step 349 accepted, E=-10.834964 Ha
Worker 18: No change from 'random_displacement', skipping.
Worker 9: Step 362 accepted, E=-10.834519 Ha
Worker 13: Step 318 accepted, E=-10.834376 Ha
Worker 2: Step 434 accepted, E=-10.834459 Ha
Worker 11: Step 310 accepted, E=-10.834448 Ha
Worker 5: Step 349 accepted, E=-10.834576 Ha
Worker 19: Step 199 accepted, E=-10.834204 Ha
Worker 8: Step 291 accepted, E=-10.834950 Ha
Worker 17: Step 329 accepted, E=-10.834473 Ha
Worker 16: Step 323 accepted, E=-10.834777 Ha
Worker 4: Step 357 accepted, E=-10.835962 Ha
Worker 6: Step 371 accepted, E=-10.835298 Ha
Worker 14: Step 345 accepted, E=-10.835002 Ha
Worker 7: Step 383 accepted, E=-10.834481 Ha
Worker 0: Step 371 accepted, E=-10.835513 Ha
Worker 15: Step 276 accepted, E=-10.835480 Ha
Worker 10: Step 350, op=local_twist, ΔE=0.0000 eV, accept=True
Worker 3: Step 394 accepted, E=-10.834488 Ha
Worker 9: Step 363 accepted, E=-10.834521 Ha
Worker 12: Step 285 accepted, E=-10.835019 Ha
Worker 1: Step 451 accepted, E=-10.835065 Ha
Worker 10: Step 350 accepted, E=-10.834964 Ha
Worker 18: Step 282 accepted, E=-10.834321 Ha
Worker 2: Step 435 accepted, E=-10.834459 Ha
Worker 13: Step 319 accepted, E=-10.834376 Ha
Worker 5: Step 350 accepted, E=-10.834594 Ha
Worker 11: Step 311 accepted, E=-10.834479 Ha
Worker 2: No change from 'small_principal_axis_rotation', skipping.
Worker 17: Step 330, op=correlated_displacement, ΔE=0.0003 eV, accept=True
Worker 19: Step 200 accepted, E=-10.834217 Ha
Worker 17: Step 330 accepted, E=-10.834462 Ha
Worker 8: Step 292 accepted, E=-10.834918 Ha
Worker 1: No change from 'large_displacement', skipping.
Worker 16: Step 324 accepted, E=-10.834777 Ha
Worker 6: Step 372 accepted, E=-10.835359 Ha
Worker 0: Step 372 accepted, E=-10.835514 Ha
Worker 7: Step 384 accepted, E=-10.834495 Ha
Worker 4: Step 358 accepted, E=-10.835962 Ha
Worker 15: Step 277 accepted, E=-10.835480 Ha
Worker 14: Step 346 accepted, E=-10.835002 Ha
Worker 9: Step 364 accepted, E=-10.834529 Ha
Worker 12: Step 286 accepted, E=-10.835047 Ha
Worker 3: Step 395 accepted, E=-10.834495 Ha
Worker 10: Step 351 accepted, E=-10.834960 Ha
Worker 18: Step 283 accepted, E=-10.834304 Ha
Worker 2: Step 437 accepted, E=-10.834458 Ha
Worker 5: Step 351 accepted, E=-10.834533 Ha
Worker 13: Step 320, op=random_displacement, ΔE=0.0001 eV, accept=True
Worker 13: Step 320 accepted, E=-10.834372 Ha
Worker 11: Step 312 accepted, E=-10.834408 Ha
Worker 17: Step 331 accepted, E=-10.834458 Ha
Worker 19: Step 201 accepted, E=-10.834054 Ha
Worker 8: Step 293 accepted, E=-10.834885 Ha
Worker 16: Step 325 accepted, E=-10.834726 Ha
Worker 1: Step 453 accepted, E=-10.835065 Ha
Worker 6: Step 373 accepted, E=-10.835349 Ha
Worker 7: Step 385 accepted, E=-10.834445 Ha
Worker 0: Step 373 accepted, E=-10.835578 Ha
Worker 4: Step 359 accepted, E=-10.836018 Ha
Worker 15: Step 278 accepted, E=-10.835472 Ha
Worker 9: Step 365 accepted, E=-10.834540 Ha
Worker 14: Step 347 accepted, E=-10.835293 Ha
Worker 3: Step 396 accepted, E=-10.834504 Ha
Worker 6: No change from 'small_principal_axis_rotation', skipping.
Worker 12: Step 287 accepted, E=-10.835044 Ha
Worker 10: Step 352 accepted, E=-10.834960 Ha
Worker 2: Step 438 accepted, E=-10.834458 Ha
Worker 6: No change from 'small_principal_axis_rotation', skipping.
Worker 5: Step 352 accepted, E=-10.834539 Ha
Worker 18: Step 284 accepted, E=-10.834319 Ha
Worker 17: Step 332 accepted, E=-10.834459 Ha
Worker 11: Step 313 accepted, E=-10.834398 Ha
Worker 13: Step 321 accepted, E=-10.834372 Ha
Worker 19: Step 202 accepted, E=-10.834182 Ha
Worker 8: Step 294 accepted, E=-10.834889 Ha
Worker 16: Step 326 accepted, E=-10.834731 Ha
Worker 1: Step 454 accepted, E=-10.835070 Ha
Worker 15: Step 279 accepted, E=-10.835370 Ha
Worker 9: Step 366 accepted, E=-10.834550 Ha
Worker 7: Step 386 accepted, E=-10.834451 Ha
Worker 3: Step 397 accepted, E=-10.834559 Ha
Worker 14: Step 348 accepted, E=-10.835233 Ha
Worker 4: Step 360, op=exchange, ΔE=0.0524 eV, accept=False
Worker 0: Step 374 accepted, E=-10.835635 Ha
Worker 2: Step 439 accepted, E=-10.834452 Ha
Worker 10: Step 353 accepted, E=-10.835008 Ha
Worker 12: Step 288 accepted, E=-10.835080 Ha
Worker 6: Step 376 accepted, E=-10.835361 Ha
Worker 5: Step 353 accepted, E=-10.834520 Ha
Worker 18: Step 285 accepted, E=-10.834319 Ha
Worker 17: Step 333 accepted, E=-10.834457 Ha
Worker 11: Step 314 accepted, E=-10.834397 Ha
Worker 13: Step 322 accepted, E=-10.834372 Ha
Worker 19: Step 203 accepted, E=-10.834192 Ha
Worker 8: Step 295 accepted, E=-10.834892 Ha
Worker 16: Step 327 accepted, E=-10.834761 Ha
Worker 15: Step 280, op=small_principal_axis_rotation, ΔE=0.0004 eV, accept=True
Worker 1: Step 455 accepted, E=-10.835052 Ha
Worker 9: Step 367 accepted, E=-10.834574 Ha
Worker 7: Step 387 accepted, E=-10.834509 Ha
Worker 15: Step 280 accepted, E=-10.835355 Ha
Worker 14: Step 349 accepted, E=-10.835126 Ha
Worker 2: Step 440 accepted, E=-10.834453 Ha
Worker 0: Step 375 accepted, E=-10.835617 Ha
Worker 3: Step 398 accepted, E=-10.834571 Ha
Worker 10: Step 354 accepted, E=-10.835004 Ha
Worker 12: Step 289 accepted, E=-10.835073 Ha
Worker 4: Step 361 accepted, E=-10.836033 Ha
Worker 14: No change from 'small_principal_axis_rotation', skipping.
Worker 5: Step 354 accepted, E=-10.834511 Ha
Worker 17: Step 334 accepted, E=-10.834458 Ha
Worker 18: Step 286 accepted, E=-10.834319 Ha
Worker 11: Step 315 accepted, E=-10.834397 Ha
Worker 19: Step 204 accepted, E=-10.834202 Ha
Worker 13: Step 323 accepted, E=-10.834371 Ha
Worker 8: Step 296 accepted, E=-10.834892 Ha
Worker 2: Step 441 accepted, E=-10.834453 Ha
Worker 1: Step 456 accepted, E=-10.835085 Ha
Worker 9: Step 368 accepted, E=-10.834595 Ha
Worker 16: Step 328 accepted, E=-10.834679 Ha
Worker 15: Step 281 accepted, E=-10.835356 Ha
Worker 10: Step 355 accepted, E=-10.834989 Ha
Worker 3: Step 399 accepted, E=-10.834568 Ha
Worker 7: Step 388 accepted, E=-10.834742 Ha
Worker 12: Step 290 accepted, E=-10.835135 Ha
Worker 4: Step 362 accepted, E=-10.836032 Ha
Worker 5: Step 355 accepted, E=-10.834510 Ha
Worker 0: Step 376 accepted, E=-10.835711 Ha
Worker 17: Step 335 accepted, E=-10.834461 Ha
Worker 14: Step 351 accepted, E=-10.835062 Ha
Worker 6: Step 378 accepted, E=-10.835387 Ha
Worker 18: Step 287 accepted, E=-10.834322 Ha
Worker 7: No change from 'mirror', skipping.
Worker 11: Step 316 accepted, E=-10.834406 Ha
Worker 2: Step 442 accepted, E=-10.834457 Ha
Worker 0: No change from 'exchange', skipping.
Worker 15: Step 282 accepted, E=-10.835350 Ha
Worker 19: Step 205 accepted, E=-10.834204 Ha
Worker 1: Step 457 accepted, E=-10.835086 Ha
Worker 9: Step 369 accepted, E=-10.834596 Ha
Worker 13: Step 324 accepted, E=-10.834377 Ha
Worker 8: Step 297 accepted, E=-10.834896 Ha
Worker 16: Step 329 accepted, E=-10.834683 Ha
Worker 3: Step 400 accepted, E=-10.834594 Ha
Worker 10: Step 356 accepted, E=-10.834683 Ha
Worker 12: Step 291 accepted, E=-10.835127 Ha
Worker 5: Step 356 accepted, E=-10.834501 Ha
Worker 17: Step 336 accepted, E=-10.834565 Ha
Worker 4: Step 363 accepted, E=-10.834038 Ha
Worker 6: Step 379 accepted, E=-10.835463 Ha
Worker 14: Step 352 accepted, E=-10.835222 Ha
Worker 18: Step 288 accepted, E=-10.834326 Ha
Worker 2: Step 443 accepted, E=-10.834457 Ha
Worker 7: Step 390, op=local_twist, ΔE=0.0025 eV, accept=True
Worker 11: Step 317 accepted, E=-10.834405 Ha
Worker 9: Step 370 accepted, E=-10.834597 Ha
Worker 7: Step 390 accepted, E=-10.834648 Ha
Worker 15: Step 283 accepted, E=-10.835445 Ha
Worker 0: Step 378 accepted, E=-10.835692 Ha
Worker 19: Step 206 accepted, E=-10.834293 Ha
Worker 3: Step 401 accepted, E=-10.834595 Ha
Worker 16: Step 330 accepted, E=-10.834685 Ha
Worker 13: Step 325 accepted, E=-10.834370 Ha
Worker 8: Step 298 accepted, E=-10.834870 Ha
Worker 1: Step 458 accepted, E=-10.835079 Ha
Worker 0: No change from 'small_principal_axis_rotation', skipping.
Worker 10: Step 357 accepted, E=-10.834657 Ha
Worker 5: Step 357 accepted, E=-10.834500 Ha
Worker 12: Step 292 accepted, E=-10.835026 Ha
Worker 17: Step 337 accepted, E=-10.834572 Ha
Worker 6: Step 380, op=correlated_displacement, ΔE=0.0035 eV, accept=True
Worker 14: Step 353 accepted, E=-10.835238 Ha
Worker 6: Step 380 accepted, E=-10.835335 Ha
Worker 4: Step 364 accepted, E=-10.834002 Ha
Worker 2: Step 444 accepted, E=-10.834456 Ha
Worker 11: Step 318 accepted, E=-10.834407 Ha
Worker 12: No change from 'large_displacement', skipping.
Worker 18: Step 289 accepted, E=-10.834428 Ha
Worker 9: Step 371 accepted, E=-10.834594 Ha
Worker 7: Step 391 accepted, E=-10.834167 Ha
Worker 15: Step 284 accepted, E=-10.835445 Ha
Worker 19: Step 207 accepted, E=-10.834303 Ha
Worker 16: Step 331 accepted, E=-10.834688 Ha
Worker 3: Step 402 accepted, E=-10.834627 Ha
Worker 5: Step 358 accepted, E=-10.834485 Ha
Worker 8: Step 299 accepted, E=-10.834871 Ha
Worker 10: Step 358 accepted, E=-10.834718 Ha
Worker 0: Step 380, op=local_twist, ΔE=0.0008 eV, accept=True
Worker 1: Step 459 accepted, E=-10.835129 Ha
Worker 0: Step 380 accepted, E=-10.835661 Ha
Worker 17: Step 338 accepted, E=-10.834576 Ha
Worker 13: Step 326 accepted, E=-10.834366 Ha
Worker 2: Step 445 accepted, E=-10.834455 Ha
Worker 4: Step 365 accepted, E=-10.833979 Ha
Worker 14: Step 354 accepted, E=-10.835162 Ha
Worker 6: Step 381 accepted, E=-10.835304 Ha
Worker 11: Step 319 accepted, E=-10.834419 Ha
Worker 12: Step 294 accepted, E=-10.835003 Ha
Worker 9: Step 372 accepted, E=-10.834584 Ha
Worker 18: Step 290 accepted, E=-10.834435 Ha
Worker 15: Step 285 accepted, E=-10.835445 Ha
Worker 16: Step 332 accepted, E=-10.834673 Ha
Worker 3: Step 403 accepted, E=-10.834633 Ha
Worker 13: No change from 'correlated_displacement', skipping.
Worker 19: Step 208 accepted, E=-10.834299 Ha
Worker 5: Step 359 accepted, E=-10.834485 Ha
Worker 10: Step 359 accepted, E=-10.834717 Ha
Worker 8: Step 300 accepted, E=-10.834874 Ha
Worker 17: Step 339 accepted, E=-10.834580 Ha
Worker 1: Step 460, op=exchange, ΔE=0.0160 eV, accept=False
Worker 0: Step 381 accepted, E=-10.835598 Ha
Worker 2: Step 446 accepted, E=-10.834457 Ha
Worker 6: Step 382 accepted, E=-10.835246 Ha
Worker 14: Step 355 accepted, E=-10.835187 Ha
Worker 4: Step 366 accepted, E=-10.833759 Ha
Worker 12: Step 295 accepted, E=-10.835013 Ha
Worker 11: Step 320 accepted, E=-10.834427 Ha
Worker 9: Step 373 accepted, E=-10.834574 Ha
Worker 18: Step 291 accepted, E=-10.834439 Ha
Worker 15: Step 286 accepted, E=-10.835449 Ha
Worker 7: Step 393 accepted, E=-10.834346 Ha
Worker 16: Step 333 accepted, E=-10.834695 Ha
Worker 19: Step 209 accepted, E=-10.834299 Ha
Worker 3: Step 404 accepted, E=-10.834595 Ha
Worker 5: Step 360 accepted, E=-10.834485 Ha
Worker 15: No change from 'small_principal_axis_rotation', skipping.
Worker 13: Step 328 accepted, E=-10.834367 Ha
Worker 17: Step 340, op=random_rotation, ΔE=0.0004 eV, accept=True
Worker 10: Step 360 accepted, E=-10.834729 Ha
Worker 8: Step 301 accepted, E=-10.834824 Ha
Worker 4: No change from 'random_displacement', skipping.
Worker 2: Step 447 accepted, E=-10.834456 Ha
Worker 17: Step 340 accepted, E=-10.834565 Ha
Worker 1: Step 461 accepted, E=-10.835123 Ha
Worker 0: Step 382 accepted, E=-10.835552 Ha
Worker 14: Step 356 accepted, E=-10.835187 Ha
Worker 6: Step 383 accepted, E=-10.835250 Ha
Worker 9: Step 374 accepted, E=-10.834607 Ha
Worker 11: Step 321 accepted, E=-10.834427 Ha
Worker 18: Step 292 accepted, E=-10.834436 Ha
Worker 12: Step 296 accepted, E=-10.835032 Ha
Worker 16: Step 334 accepted, E=-10.834695 Ha
Worker 7: Step 394 accepted, E=-10.834273 Ha
Worker 19: Step 210 accepted, E=-10.834318 Ha
Worker 11: No change from 'small_principal_axis_rotation', skipping.
Worker 3: Step 405 accepted, E=-10.834592 Ha
Worker 2: Step 448 accepted, E=-10.834459 Ha
Worker 5: Step 361 accepted, E=-10.834483 Ha
Worker 8: Step 302 accepted, E=-10.834839 Ha
Worker 15: Step 288 accepted, E=-10.835449 Ha
Worker 13: Step 329 accepted, E=-10.834372 Ha
Worker 17: Step 341 accepted, E=-10.834564 Ha
Worker 10: Step 361 accepted, E=-10.834728 Ha
Worker 4: Step 368 accepted, E=-10.833787 Ha
Worker 9: No change from 'mirror', skipping.
Worker 0: Step 383 accepted, E=-10.835623 Ha
Worker 14: Step 357 accepted, E=-10.835143 Ha
Worker 18: Step 293 accepted, E=-10.834434 Ha
Worker 12: Step 297 accepted, E=-10.835063 Ha
Worker 7: Step 395 accepted, E=-10.834288 Ha
Worker 16: Step 335 accepted, E=-10.834738 Ha
Worker 2: Step 449 accepted, E=-10.834459 Ha
Worker 19: Step 211 accepted, E=-10.834318 Ha
Worker 5: Step 362 accepted, E=-10.834486 Ha
Worker 3: Step 406 accepted, E=-10.834589 Ha
Worker 11: Step 323 accepted, E=-10.834435 Ha
Worker 8: Step 303 accepted, E=-10.834839 Ha
Worker 15: Step 289 accepted, E=-10.835450 Ha
Worker 18: No change from 'random_displacement', skipping.
Worker 17: Step 342 accepted, E=-10.834571 Ha
Worker 9: Step 376 accepted, E=-10.834630 Ha
Worker 13: Step 330, op=large_displacement, ΔE=0.0009 eV, accept=True
Worker 10: Step 362 accepted, E=-10.834729 Ha
Worker 4: Step 369 accepted, E=-10.833762 Ha
Worker 13: Step 330 accepted, E=-10.834338 Ha
Worker 0: Step 384 accepted, E=-10.835624 Ha
Worker 1: Step 463 accepted, E=-10.835091 Ha
Worker 14: Step 358 accepted, E=-10.835110 Ha
Worker 6: Step 385 accepted, E=-10.835233 Ha
Worker 12: Step 298 accepted, E=-10.835022 Ha
Worker 2: Step 450, op=random_displacement, ΔE=0.0000 eV, accept=True
Worker 2: Step 450 accepted, E=-10.834459 Ha
Worker 7: Step 396 accepted, E=-10.834394 Ha
Worker 16: Step 336 accepted, E=-10.834688 Ha
Worker 19: Step 212 accepted, E=-10.834325 Ha
Worker 5: Step 363 accepted, E=-10.834488 Ha
Worker 3: Step 407 accepted, E=-10.834563 Ha
Worker 11: Step 324 accepted, E=-10.834432 Ha
Worker 17: Step 343 accepted, E=-10.834571 Ha
Worker 8: Step 304 accepted, E=-10.834838 Ha
Worker 18: Step 295 accepted, E=-10.834423 Ha
Worker 10: Step 363 accepted, E=-10.834738 Ha
Worker 9: Step 377 accepted, E=-10.834637 Ha
Worker 15: Step 290 accepted, E=-10.835450 Ha
Worker 4: Step 370 accepted, E=-10.833805 Ha
Worker 0: Step 385 accepted, E=-10.835630 Ha
Worker 1: Step 464 accepted, E=-10.835072 Ha
Worker 13: Step 331 accepted, E=-10.834333 Ha
Worker 14: Step 359 accepted, E=-10.835116 Ha
Worker 6: Step 386 accepted, E=-10.835223 Ha
Worker 2: Step 451 accepted, E=-10.834458 Ha
Worker 16: Step 337 accepted, E=-10.834673 Ha
Worker 12: Step 299 accepted, E=-10.834918 Ha
Worker 5: Step 364 accepted, E=-10.834483 Ha
Worker 7: Step 397 accepted, E=-10.832971 Ha
Worker 3: Step 408 accepted, E=-10.834579 Ha
Worker 17: Step 344 accepted, E=-10.834575 Ha
Worker 19: Step 213 accepted, E=-10.834664 Ha
Worker 11: Step 325 accepted, E=-10.834447 Ha
Worker 9: Step 378 accepted, E=-10.834649 Ha
Worker 10: Step 364 accepted, E=-10.834711 Ha
Worker 18: Step 296 accepted, E=-10.834399 Ha
Worker 15: Step 291 accepted, E=-10.835424 Ha
Worker 8: Step 305 accepted, E=-10.834838 Ha
Worker 0: Step 386 accepted, E=-10.835572 Ha
Worker 14: Step 360, op=random_rotation, ΔE=0.0002 eV, accept=True
Worker 2: Step 452 accepted, E=-10.834457 Ha
Worker 14: Step 360 accepted, E=-10.835110 Ha
Worker 8: No change from 'small_principal_axis_rotation', skipping.
Worker 1: Step 465 accepted, E=-10.835064 Ha
Worker 5: Step 365 accepted, E=-10.834487 Ha
Worker 6: Step 387 accepted, E=-10.835280 Ha
Worker 16: Step 338 accepted, E=-10.834654 Ha
Worker 12: Step 300 accepted, E=-10.834919 Ha
Worker 13: Step 332 accepted, E=-10.834327 Ha
Worker 7: Step 398 accepted, E=-10.832863 Ha
Worker 17: Step 345 accepted, E=-10.834591 Ha
Worker 3: Step 409 accepted, E=-10.834594 Ha
Worker 11: Step 326 accepted, E=-10.834430 Ha
Worker 10: Step 365 accepted, E=-10.834670 Ha
Worker 9: Step 379 accepted, E=-10.834650 Ha
Worker 19: Step 214 accepted, E=-10.834665 Ha
Worker 18: Step 297 accepted, E=-10.834726 Ha
Worker 15: Step 292 accepted, E=-10.835767 Ha
Worker 4: Step 372 accepted, E=-10.833598 Ha
Worker 2: Step 453 accepted, E=-10.834460 Ha
Worker 0: Step 387 accepted, E=-10.835602 Ha
Worker 8: Step 307 accepted, E=-10.834835 Ha
Worker 5: Step 366 accepted, E=-10.834499 Ha
Worker 14: Step 361 accepted, E=-10.835012 Ha
Worker 1: Step 466 accepted, E=-10.835026 Ha
Worker 12: Step 301 accepted, E=-10.834924 Ha
Worker 16: Step 339 accepted, E=-10.834668 Ha
Worker 6: Step 388 accepted, E=-10.835262 Ha
Worker 18: No change from 'correlated_displacement', skipping.
Worker 17: Step 346 accepted, E=-10.834585 Ha
Worker 13: Step 333 accepted, E=-10.834329 Ha
Worker 7: Step 399 accepted, E=-10.832887 Ha
Worker 3: Step 410 accepted, E=-10.834608 Ha
Worker 9: Step 380 accepted, E=-10.834690 Ha
Worker 10: Step 366 accepted, E=-10.834673 Ha
Worker 11: Step 327 accepted, E=-10.834409 Ha
Worker 19: Step 215 accepted, E=-10.834633 Ha
Worker 2: Step 454 accepted, E=-10.834461 Ha
Worker 15: Step 293 accepted, E=-10.835692 Ha
Worker 4: Step 373 accepted, E=-10.833712 Ha
Worker 0: Step 388 accepted, E=-10.835598 Ha
Worker 13: No change from 'twist', skipping.
Worker 5: Step 367 accepted, E=-10.834494 Ha
Worker 8: Step 308 accepted, E=-10.834840 Ha
Worker 1: Step 467 accepted, E=-10.835034 Ha
Worker 14: Step 362 accepted, E=-10.835037 Ha
Worker 16: Step 340 accepted, E=-10.834695 Ha
Worker 12: Step 302 accepted, E=-10.834866 Ha
Worker 18: Step 299 accepted, E=-10.834756 Ha
Worker 17: Step 347 accepted, E=-10.834589 Ha
Worker 6: Step 389 accepted, E=-10.835260 Ha
Worker 1: No change from 'small_principal_axis_rotation', skipping.
Worker 7: Step 400, op=random_rotation, ΔE=0.0017 eV, accept=True
Worker 7: Step 400 accepted, E=-10.832824 Ha
Worker 3: Step 411 accepted, E=-10.834615 Ha
Worker 9: Step 381 accepted, E=-10.834637 Ha
Worker 19: Step 216 accepted, E=-10.834628 Ha
Worker 11: Step 328 accepted, E=-10.834410 Ha
Worker 10: Step 367 accepted, E=-10.834671 Ha
Worker 2: Step 455 accepted, E=-10.834464 Ha
Worker 0: Step 389 accepted, E=-10.835607 Ha
Worker 5: Step 368 accepted, E=-10.834488 Ha
Worker 4: Step 374 accepted, E=-10.833842 Ha
Worker 8: Step 309 accepted, E=-10.834809 Ha
Worker 13: Step 335 accepted, E=-10.834329 Ha
Worker 16: Step 341 accepted, E=-10.834693 Ha
Worker 12: Step 303 accepted, E=-10.834893 Ha
Worker 18: Step 300, op=random_rotation, ΔE=0.0001 eV, accept=True
Worker 14: Step 363 accepted, E=-10.835071 Ha
Worker 17: Step 348 accepted, E=-10.834589 Ha
Worker 18: Step 300 accepted, E=-10.834750 Ha
Worker 6: Step 390, op=twist, ΔE=0.0007 eV, accept=True
Worker 6: Step 390 accepted, E=-10.835233 Ha
Worker 1: Step 469 accepted, E=-10.834953 Ha
Worker 7: Step 401 accepted, E=-10.833154 Ha
Worker 2: Step 456 accepted, E=-10.834463 Ha
Worker 5: No change from 'roto_reflection', skipping.
Worker 3: Step 412 accepted, E=-10.834614 Ha
Worker 9: Step 382 accepted, E=-10.834650 Ha
Worker 11: Step 329 accepted, E=-10.834408 Ha
Worker 19: Step 217 accepted, E=-10.834615 Ha
Worker 10: Step 368 accepted, E=-10.834678 Ha
Worker 15: Step 295 accepted, E=-10.835669 Ha
Worker 9: No change from 'small_principal_axis_rotation', skipping.
Worker 0: Step 390 accepted, E=-10.835610 Ha
Worker 8: Step 310, op=local_twist, ΔE=0.0001 eV, accept=True
Worker 4: Step 375 accepted, E=-10.834041 Ha
Worker 8: Step 310 accepted, E=-10.834805 Ha
Worker 16: Step 342 accepted, E=-10.834688 Ha
Worker 17: Step 349 accepted, E=-10.834589 Ha
Worker 12: Step 304 accepted, E=-10.834893 Ha
Worker 14: Step 364 accepted, E=-10.835414 Ha
Worker 13: Step 336 accepted, E=-10.834333 Ha
Worker 18: Step 301 accepted, E=-10.834745 Ha
Worker 19: No change from 'roto_reflection', skipping.
Worker 5: Step 370, op=correlated_displacement, ΔE=0.0001 eV, accept=True
Worker 1: Step 470, op=local_twist, ΔE=0.0001 eV, accept=True
Worker 5: Step 370 accepted, E=-10.834484 Ha
Worker 2: Step 457 accepted, E=-10.834466 Ha
Worker 7: Step 402 accepted, E=-10.833078 Ha
Worker 3: Step 413 accepted, E=-10.834610 Ha
Worker 6: Step 391 accepted, E=-10.835264 Ha
Worker 1: Step 470 accepted, E=-10.834948 Ha
Worker 11: Step 330 accepted, E=-10.834415 Ha
Worker 9: Step 384 accepted, E=-10.834664 Ha
Worker 10: Step 369 accepted, E=-10.834680 Ha
Worker 15: Step 296 accepted, E=-10.835735 Ha
Worker 0: Step 391 accepted, E=-10.835558 Ha
Worker 8: Step 311 accepted, E=-10.834836 Ha
Worker 16: Step 343 accepted, E=-10.834803 Ha
Worker 4: Step 376 accepted, E=-10.833997 Ha
Worker 17: Step 350 accepted, E=-10.834710 Ha
Worker 12: Step 305 accepted, E=-10.834884 Ha
Worker 13: Step 337 accepted, E=-10.834339 Ha
Worker 14: Step 365 accepted, E=-10.835033 Ha
Worker 18: Step 302 accepted, E=-10.834717 Ha
Worker 19: Step 219 accepted, E=-10.834560 Ha
Worker 2: Step 458 accepted, E=-10.834465 Ha
Worker 5: Step 371 accepted, E=-10.834488 Ha
Worker 3: Step 414 accepted, E=-10.834606 Ha
Worker 6: Step 392 accepted, E=-10.835248 Ha
Worker 7: Step 403 accepted, E=-10.833080 Ha
Worker 11: Step 331 accepted, E=-10.834416 Ha
Worker 1: Step 471 accepted, E=-10.834938 Ha
Worker 13: No change from 'exchange', skipping.
Worker 10: Step 370 accepted, E=-10.835108 Ha
Worker 9: Step 385 accepted, E=-10.834676 Ha
Worker 15: Step 297 accepted, E=-10.835737 Ha
Worker 8: Step 312 accepted, E=-10.834834 Ha
Worker 16: Step 344 accepted, E=-10.834815 Ha
Worker 17: Step 351 accepted, E=-10.834707 Ha
Worker 12: Step 306 accepted, E=-10.834883 Ha
Worker 4: Step 377 accepted, E=-10.833854 Ha
Worker 18: Step 303 accepted, E=-10.834737 Ha
Worker 2: Step 459 accepted, E=-10.834464 Ha
Worker 5: Step 372 accepted, E=-10.834492 Ha
Worker 19: Step 220 accepted, E=-10.834602 Ha
Worker 6: Step 393 accepted, E=-10.835264 Ha
Worker 3: Step 415 accepted, E=-10.834639 Ha
Worker 13: Step 339 accepted, E=-10.834338 Ha
Worker 5: No change from 'small_principal_axis_rotation', skipping.
Worker 11: Step 332 accepted, E=-10.834412 Ha
Worker 9: Step 386 accepted, E=-10.834718 Ha
Worker 1: Step 472 accepted, E=-10.834943 Ha
Worker 10: Step 371 accepted, E=-10.835117 Ha
Worker 15: Step 298 accepted, E=-10.835738 Ha
Worker 16: Step 345 accepted, E=-10.834826 Ha
Worker 17: Step 352 accepted, E=-10.834735 Ha
Worker 0: Step 393 accepted, E=-10.835493 Ha
Worker 12: Step 307 accepted, E=-10.834922 Ha
Worker 14: Step 367 accepted, E=-10.835013 Ha
Worker 4: Step 378 accepted, E=-10.833995 Ha
Worker 16: No change from 'principal_axis_rotation', skipping.
Worker 8: Step 313 accepted, E=-10.834829 Ha
Worker 2: Step 460 accepted, E=-10.834466 Ha
Worker 18: Step 304 accepted, E=-10.834797 Ha
Worker 13: Step 340, op=random_displacement, ΔE=0.0000 eV, accept=True
Worker 6: Step 394 accepted, E=-10.835203 Ha
Worker 13: Step 340 accepted, E=-10.834338 Ha
Worker 3: Step 416 accepted, E=-10.834652 Ha
Worker 19: Step 221 accepted, E=-10.834592 Ha
Worker 7: Step 405 accepted, E=-10.833088 Ha
Worker 5: Step 374 accepted, E=-10.834479 Ha
Worker 11: Step 333 accepted, E=-10.834406 Ha
Worker 9: Step 387 accepted, E=-10.834702 Ha
Worker 2: No change from 'roto_reflection', skipping.
Worker 10: Step 372 accepted, E=-10.835128 Ha
Worker 4: No change from 'roto_reflection', skipping.
Worker 1: Step 473 accepted, E=-10.834943 Ha
Worker 17: Step 353 accepted, E=-10.834379 Ha
Worker 12: Step 308 accepted, E=-10.834925 Ha
Worker 0: Step 394 accepted, E=-10.835506 Ha
Worker 14: Step 368 accepted, E=-10.835020 Ha
Worker 19: No change from 'roto_reflection', skipping.
Worker 15: Step 299 accepted, E=-10.835754 Ha
Worker 8: Step 314 accepted, E=-10.834838 Ha
Worker 16: Step 347 accepted, E=-10.834809 Ha
Worker 18: Step 305 accepted, E=-10.834796 Ha
Worker 6: Step 395 accepted, E=-10.835209 Ha
Worker 13: Step 341 accepted, E=-10.834339 Ha
Worker 7: Step 406 accepted, E=-10.832338 Ha
Worker 5: Step 375 accepted, E=-10.834471 Ha
Worker 11: Step 334 accepted, E=-10.834405 Ha
Worker 9: Step 388 accepted, E=-10.834715 Ha
Worker 3: Step 417 accepted, E=-10.834669 Ha
Worker 2: Step 462 accepted, E=-10.834463 Ha
Worker 4: Step 380, op=random_displacement, ΔE=0.0002 eV, accept=True
Worker 10: Step 373 accepted, E=-10.835117 Ha
Worker 17: Step 354 accepted, E=-10.834381 Ha
Worker 4: Step 380 accepted, E=-10.833987 Ha
Worker 1: Step 474 accepted, E=-10.834939 Ha
Worker 12: Step 309 accepted, E=-10.834946 Ha
Worker 0: Step 395 accepted, E=-10.835669 Ha
Worker 14: Step 369 accepted, E=-10.835025 Ha
Worker 19: Step 223 accepted, E=-10.834640 Ha
Worker 16: Step 348 accepted, E=-10.835082 Ha
Worker 8: Step 315 accepted, E=-10.834845 Ha
Worker 18: Step 306 accepted, E=-10.834829 Ha
Worker 15: Step 300 accepted, E=-10.835774 Ha
Worker 6: Step 396 accepted, E=-10.835200 Ha
Worker 13: Step 342 accepted, E=-10.834341 Ha
Worker 5: Step 376 accepted, E=-10.834476 Ha
Worker 7: Step 407 accepted, E=-10.832350 Ha
Worker 9: Step 389 accepted, E=-10.834667 Ha
Worker 2: Step 463 accepted, E=-10.834458 Ha
Worker 11: Step 335 accepted, E=-10.834388 Ha
Worker 17: Step 355 accepted, E=-10.834380 Ha
Worker 3: Step 418 accepted, E=-10.834685 Ha
Worker 4: Step 381 accepted, E=-10.834062 Ha
Worker 12: Step 310, op=local_twist, ΔE=0.0011 eV, accept=True
Worker 12: Step 310 accepted, E=-10.834907 Ha
Worker 1: Step 475 accepted, E=-10.835127 Ha
Worker 0: Step 396 accepted, E=-10.835670 Ha
Worker 14: Step 370, op=small_principal_axis_rotation, ΔE=0.0041 eV, accept=True
Worker 16: Step 349 accepted, E=-10.835088 Ha
Worker 14: Step 370 accepted, E=-10.834875 Ha
Worker 19: Step 224 accepted, E=-10.834663 Ha
Worker 18: Step 307 accepted, E=-10.834833 Ha
Worker 8: Step 316 accepted, E=-10.834841 Ha
Worker 5: Step 377 accepted, E=-10.834490 Ha
Worker 18: No change from 'principal_axis_rotation', skipping.
Worker 6: Step 397 accepted, E=-10.835200 Ha
Worker 2: Step 464 accepted, E=-10.834459 Ha
Worker 17: Step 356 accepted, E=-10.834380 Ha
Worker 9: Step 390, op=local_twist, ΔE=0.0003 eV, accept=True
Worker 7: Step 408 accepted, E=-10.832377 Ha
Worker 11: Step 336 accepted, E=-10.834388 Ha
Worker 15: Step 301 accepted, E=-10.835606 Ha
Worker 13: Step 343 accepted, E=-10.834341 Ha
Worker 9: Step 390 accepted, E=-10.834657 Ha
Worker 10: Step 375 accepted, E=-10.835055 Ha
Worker 12: Step 311 accepted, E=-10.834845 Ha
Worker 3: Step 419 accepted, E=-10.834686 Ha
Worker 4: Step 382 accepted, E=-10.834049 Ha
Worker 0: Step 397 accepted, E=-10.835647 Ha
Worker 1: Step 476 accepted, E=-10.835189 Ha
Worker 16: Step 350 accepted, E=-10.835103 Ha
Worker 14: Step 371 accepted, E=-10.834893 Ha
Worker 19: Step 225 accepted, E=-10.834660 Ha
Worker 8: Step 317 accepted, E=-10.834870 Ha
Worker 5: Step 378 accepted, E=-10.834501 Ha
Worker 2: Step 465 accepted, E=-10.834459 Ha
Worker 17: Step 357 accepted, E=-10.834385 Ha
Worker 18: Step 309 accepted, E=-10.834826 Ha
Worker 6: Step 398 accepted, E=-10.835196 Ha
Worker 11: Step 337 accepted, E=-10.834392 Ha
Worker 9: Step 391 accepted, E=-10.834638 Ha
Worker 10: Step 376 accepted, E=-10.835066 Ha
Worker 13: Step 344 accepted, E=-10.834340 Ha
Worker 7: Step 409 accepted, E=-10.834054 Ha
Worker 15: Step 302 accepted, E=-10.835625 Ha
Worker 12: Step 312 accepted, E=-10.834917 Ha
Worker 0: Step 398 accepted, E=-10.835641 Ha
Worker 16: Step 351 accepted, E=-10.835103 Ha
Worker 4: Step 383 accepted, E=-10.834073 Ha
Worker 3: Step 420, op=small_principal_axis_rotation, ΔE=0.0007 eV, accept=True
Worker 19: Step 226 accepted, E=-10.834655 Ha
Worker 3: Step 420 accepted, E=-10.834658 Ha
Worker 1: Step 477 accepted, E=-10.835186 Ha
Worker 14: Step 372 accepted, E=-10.834767 Ha
Worker 8: Step 318 accepted, E=-10.834906 Ha
Worker 5: Step 379 accepted, E=-10.834496 Ha
Worker 2: Step 466 accepted, E=-10.834459 Ha
Worker 17: Step 358 accepted, E=-10.834386 Ha
Worker 18: Step 310 accepted, E=-10.834829 Ha
Worker 9: Step 392 accepted, E=-10.834643 Ha
Worker 11: Step 338 accepted, E=-10.834392 Ha
Worker 7: Step 410 accepted, E=-10.834756 Ha
Worker 5: No change from 'mirror', skipping.
Worker 13: Step 345 accepted, E=-10.834338 Ha
Worker 6: Step 399 accepted, E=-10.835173 Ha
Worker 12: Step 313 accepted, E=-10.834927 Ha
Worker 10: Step 377 accepted, E=-10.835073 Ha
Worker 15: Step 303 accepted, E=-10.835600 Ha
Worker 16: Step 352 accepted, E=-10.835106 Ha
Worker 0: Step 399 accepted, E=-10.835526 Ha
Worker 4: Step 384 accepted, E=-10.834061 Ha
Worker 14: Step 373 accepted, E=-10.834755 Ha
Worker 1: Step 478 accepted, E=-10.835186 Ha
Worker 2: Step 467 accepted, E=-10.834460 Ha
Worker 19: Step 227 accepted, E=-10.835813 Ha
Worker 17: Step 359 accepted, E=-10.834388 Ha
Worker 3: Step 421 accepted, E=-10.834665 Ha
Worker 10: No change from 'small_principal_axis_rotation', skipping.
Worker 18: Step 311 accepted, E=-10.834835 Ha
Worker 9: Step 393 accepted, E=-10.834665 Ha
Worker 11: Step 339 accepted, E=-10.834390 Ha
Worker 8: Step 319 accepted, E=-10.834938 Ha
Worker 5: Step 381 accepted, E=-10.834496 Ha
Worker 7: Step 411 accepted, E=-10.834753 Ha
Worker 13: Step 346 accepted, E=-10.834340 Ha
Worker 18: No change from 'exchange', skipping.
Worker 12: Step 314 accepted, E=-10.834833 Ha
Worker 2: Step 468 accepted, E=-10.834460 Ha
Worker 16: Step 353 accepted, E=-10.835118 Ha
Worker 0: Step 400 accepted, E=-10.835537 Ha
Worker 14: Step 374 accepted, E=-10.834719 Ha
Worker 17: Step 360, op=random_displacement, ΔE=0.0000 eV, accept=True
Worker 4: Step 385 accepted, E=-10.834011 Ha
Worker 1: Step 479 accepted, E=-10.835142 Ha
Worker 15: Step 304 accepted, E=-10.835608 Ha
Worker 17: Step 360 accepted, E=-10.834388 Ha
Worker 6: Step 400 accepted, E=-10.835210 Ha
Worker 18: No change from 'random_displacement', skipping.
Worker 9: Step 394 accepted, E=-10.834668 Ha
Worker 19: Step 228 accepted, E=-10.835741 Ha
Worker 3: Step 422 accepted, E=-10.834693 Ha
Worker 11: Step 340, op=random_rotation, ΔE=0.0001 eV, accept=True
Worker 10: Step 379 accepted, E=-10.835081 Ha
Worker 11: Step 340 accepted, E=-10.834387 Ha
Worker 7: Step 412 accepted, E=-10.834721 Ha
Worker 2: Step 469 accepted, E=-10.834461 Ha
Worker 13: Step 347 accepted, E=-10.834335 Ha
Worker 12: Step 315 accepted, E=-10.834844 Ha
Worker 16: Step 354 accepted, E=-10.835073 Ha
Worker 5: Step 382 accepted, E=-10.834498 Ha
Worker 8: Step 320 accepted, E=-10.835010 Ha
Worker 17: Step 361 accepted, E=-10.834387 Ha
Worker 4: Step 386 accepted, E=-10.834057 Ha
Worker 9: Step 395 accepted, E=-10.834678 Ha
Worker 0: Step 401 accepted, E=-10.835571 Ha
Worker 1: Step 480 accepted, E=-10.835169 Ha
Worker 18: Step 314 accepted, E=-10.834840 Ha
Worker 15: Step 305 accepted, E=-10.835538 Ha
Worker 3: Step 423 accepted, E=-10.834687 Ha
Worker 19: Step 229 accepted, E=-10.835753 Ha
Worker 10: Step 380, op=random_displacement, ΔE=0.0002 eV, accept=True
Worker 2: Step 470, op=random_displacement, ΔE=0.0000 eV, accept=True
Worker 10: Step 380 accepted, E=-10.835073 Ha
Worker 11: Step 341 accepted, E=-10.834384 Ha
Worker 2: Step 470 accepted, E=-10.834461 Ha
Worker 7: Step 413 accepted, E=-10.834709 Ha
Worker 6: Step 401 accepted, E=-10.835215 Ha
Worker 12: Step 316 accepted, E=-10.834802 Ha
Worker 13: Step 348 accepted, E=-10.834327 Ha
Worker 16: Step 355 accepted, E=-10.835073 Ha
Worker 14: Step 376 accepted, E=-10.834737 Ha
Worker 9: Step 396 accepted, E=-10.834747 Ha
Worker 4: Step 387 accepted, E=-10.834054 Ha
Worker 17: Step 362 accepted, E=-10.834384 Ha
Worker 15: Step 306 accepted, E=-10.835485 Ha
Worker 3: Step 424 accepted, E=-10.834457 Ha
Worker 19: Step 230, op=small_principal_axis_rotation, ΔE=0.0005 eV, accept=True
Worker 1: Step 481 accepted, E=-10.835767 Ha
Worker 19: Step 230 accepted, E=-10.835734 Ha
Worker 10: Step 381 accepted, E=-10.835030 Ha
Worker 18: Step 315 accepted, E=-10.834840 Ha
Worker 2: Step 471 accepted, E=-10.834460 Ha
Worker 0: Step 402 accepted, E=-10.835661 Ha
Worker 7: Step 414 accepted, E=-10.834714 Ha
Worker 5: Step 383 accepted, E=-10.834504 Ha
Worker 11: Step 342 accepted, E=-10.834388 Ha
Worker 12: Step 317 accepted, E=-10.834757 Ha
Worker 8: Step 321 accepted, E=-10.834988 Ha
Worker 13: Step 349 accepted, E=-10.834330 Ha
Worker 14: Step 377 accepted, E=-10.834731 Ha
Worker 16: Step 356 accepted, E=-10.835069 Ha
Worker 9: Step 397 accepted, E=-10.834714 Ha
Worker 17: Step 363 accepted, E=-10.834385 Ha
Worker 3: Step 425 accepted, E=-10.834398 Ha
Worker 4: Step 388 accepted, E=-10.833721 Ha
Worker 15: Step 307 accepted, E=-10.835519 Ha
Worker 1: Step 482 accepted, E=-10.835803 Ha
Worker 2: Step 472 accepted, E=-10.834461 Ha
Worker 6: Step 402 accepted, E=-10.835210 Ha
Worker 19: Step 231 accepted, E=-10.835707 Ha
Worker 7: Step 415 accepted, E=-10.834701 Ha
Worker 4: No change from 'small_principal_axis_rotation', skipping.
Worker 18: Step 316 accepted, E=-10.834840 Ha
Worker 10: Step 382 accepted, E=-10.834500 Ha
Worker 11: Step 343 accepted, E=-10.834389 Ha
Worker 12: Step 318 accepted, E=-10.834678 Ha
Worker 0: Step 403 accepted, E=-10.835707 Ha
Worker 13: Step 350 accepted, E=-10.834336 Ha
Worker 3: No change from 'roto_reflection', skipping.
Worker 16: Step 357 accepted, E=-10.835100 Ha
Worker 14: Step 378 accepted, E=-10.834930 Ha
Worker 5: Step 384 accepted, E=-10.834502 Ha
Worker 9: Step 398 accepted, E=-10.834785 Ha
Worker 17: Step 364 accepted, E=-10.834388 Ha
Worker 2: Step 473 accepted, E=-10.834458 Ha
Worker 1: Step 483 accepted, E=-10.835726 Ha
Worker 15: Step 308 accepted, E=-10.835525 Ha
Worker 19: Step 232 accepted, E=-10.835671 Ha
Worker 8: Step 322 accepted, E=-10.834997 Ha
Worker 11: Step 344 accepted, E=-10.834389 Ha
Worker 10: Step 383 accepted, E=-10.834489 Ha
Worker 4: Step 390 accepted, E=-10.833770 Ha
Worker 18: Step 317 accepted, E=-10.834807 Ha
Worker 7: Step 416 accepted, E=-10.834706 Ha
Worker 12: Step 319 accepted, E=-10.834697 Ha
Worker 13: Step 351 accepted, E=-10.834333 Ha
Worker 6: Step 403 accepted, E=-10.835230 Ha
Worker 3: Step 427 accepted, E=-10.834473 Ha
Worker 0: Step 404 accepted, E=-10.835702 Ha
Worker 16: Step 358 accepted, E=-10.835101 Ha
Worker 14: Step 379 accepted, E=-10.834953 Ha
Worker 9: Step 399 accepted, E=-10.834794 Ha
Worker 2: Step 474 accepted, E=-10.834458 Ha
Worker 17: Step 365 accepted, E=-10.834388 Ha
Worker 5: Step 385 accepted, E=-10.834502 Ha
Worker 15: Step 309 accepted, E=-10.835552 Ha
Worker 19: Step 233 accepted, E=-10.835756 Ha
Worker 17: No change from 'principal_axis_rotation', skipping.
Worker 11: Step 345 accepted, E=-10.834386 Ha
Worker 18: Step 318 accepted, E=-10.834808 Ha
Worker 10: Step 384 accepted, E=-10.834433 Ha
Worker 4: Step 391 accepted, E=-10.833761 Ha
Worker 7: Step 417 accepted, E=-10.834706 Ha
Worker 12: Step 320, op=twist, ΔE=0.0002 eV, accept=True
Worker 13: Step 352 accepted, E=-10.834335 Ha
Worker 12: Step 320 accepted, E=-10.834690 Ha
Worker 16: Step 359 accepted, E=-10.835196 Ha
Worker 3: Step 428 accepted, E=-10.834379 Ha
Worker 14: Step 380 accepted, E=-10.835196 Ha
Worker 9: Step 400 accepted, E=-10.834807 Ha
Worker 8: Step 323 accepted, E=-10.834315 Ha
Worker 0: Step 405 accepted, E=-10.835705 Ha
Worker 2: Step 475 accepted, E=-10.834468 Ha
Worker 14: No change from 'principal_axis_rotation', skipping.
Worker 1: Step 485 accepted, E=-10.835731 Ha
Worker 15: Step 310 accepted, E=-10.835722 Ha
Worker 5: Step 386 accepted, E=-10.834480 Ha
Worker 6: Step 404 accepted, E=-10.835251 Ha
Worker 19: Step 234 accepted, E=-10.835825 Ha
Worker 17: Step 367 accepted, E=-10.834386 Ha
Worker 7: Step 418 accepted, E=-10.834707 Ha
Worker 10: Step 385 accepted, E=-10.834414 Ha
Worker 11: Step 346 accepted, E=-10.834406 Ha
Worker 18: Step 319 accepted, E=-10.834787 Ha
Worker 13: Step 353 accepted, E=-10.834337 Ha
Worker 4: Step 392 accepted, E=-10.834110 Ha
Worker 12: Step 321 accepted, E=-10.834690 Ha
Worker 16: Step 360, op=small_principal_axis_rotation, ΔE=0.0005 eV, accept=True
Worker 2: Step 476 accepted, E=-10.834467 Ha
Worker 3: Step 429 accepted, E=-10.834346 Ha
Worker 16: Step 360 accepted, E=-10.835176 Ha
Worker 9: Step 401 accepted, E=-10.834834 Ha
Worker 16: No change from 'small_principal_axis_rotation', skipping.
Worker 3: No change from 'small_principal_axis_rotation', skipping.
Worker 14: Step 382 accepted, E=-10.835322 Ha
Worker 5: Step 387 accepted, E=-10.834650 Ha
Worker 0: Step 406 accepted, E=-10.835694 Ha
Worker 6: No change from 'roto_reflection', skipping.
Worker 15: Step 311 accepted, E=-10.835722 Ha
Worker 17: Step 368 accepted, E=-10.834386 Ha
Worker 16: No change from 'small_principal_axis_rotation', skipping.
Worker 18: Step 320, op=random_displacement, ΔE=0.0002 eV, accept=True
Worker 7: Step 419 accepted, E=-10.834538 Ha
Worker 1: Step 486 accepted, E=-10.835734 Ha
Worker 11: Step 347 accepted, E=-10.834411 Ha
Worker 10: Step 386 accepted, E=-10.834996 Ha
Worker 19: Step 235 accepted, E=-10.835833 Ha
Worker 18: Step 320 accepted, E=-10.834779 Ha
Worker 12: Step 322 accepted, E=-10.834682 Ha
Worker 4: Step 393 accepted, E=-10.834099 Ha
Worker 13: Step 354 accepted, E=-10.834337 Ha
Worker 8: Step 324 accepted, E=-10.834320 Ha
Worker 2: Step 477 accepted, E=-10.834466 Ha
Worker 14: Step 383 accepted, E=-10.835443 Ha
Worker 5: Step 388 accepted, E=-10.834647 Ha
Worker 3: Step 431 accepted, E=-10.834530 Ha
Worker 15: Step 312 accepted, E=-10.835760 Ha
Worker 17: Step 369 accepted, E=-10.834386 Ha
Worker 7: Step 420 accepted, E=-10.834545 Ha
Worker 16: Step 363 accepted, E=-10.835173 Ha
Worker 0: Step 407 accepted, E=-10.835675 Ha
Worker 11: Step 348 accepted, E=-10.834405 Ha
Worker 19: Step 236 accepted, E=-10.835881 Ha
Worker 10: Step 387 accepted, E=-10.834995 Ha
Worker 13: Step 355 accepted, E=-10.834337 Ha
Worker 12: Step 323 accepted, E=-10.834616 Ha
Worker 1: Step 487 accepted, E=-10.835734 Ha
Worker 18: Step 321 accepted, E=-10.834743 Ha
Worker 4: Step 394 accepted, E=-10.834117 Ha
Worker 2: Step 478 accepted, E=-10.834492 Ha
Worker 9: Step 403 accepted, E=-10.834850 Ha
Worker 6: Step 406 accepted, E=-10.835248 Ha
Worker 5: Step 389 accepted, E=-10.834670 Ha
Worker 18: No change from 'random_rotation', skipping.
Worker 14: Step 384 accepted, E=-10.835492 Ha
Worker 8: Step 325 accepted, E=-10.834340 Ha
Worker 3: Step 432 accepted, E=-10.834197 Ha
Worker 17: Step 370 accepted, E=-10.834390 Ha
Worker 15: Step 313 accepted, E=-10.835769 Ha
Worker 16: Step 364 accepted, E=-10.835171 Ha
Worker 7: Step 421 accepted, E=-10.834523 Ha
Worker 10: Step 388 accepted, E=-10.834995 Ha
Worker 19: Step 237 accepted, E=-10.835873 Ha
Worker 12: Step 324 accepted, E=-10.834636 Ha
Worker 13: Step 356 accepted, E=-10.834335 Ha
Worker 1: Step 488 accepted, E=-10.835704 Ha
Worker 0: Step 408 accepted, E=-10.835692 Ha
Worker 2: Step 479 accepted, E=-10.834493 Ha
Worker 4: Step 395 accepted, E=-10.834094 Ha
Worker 9: Step 404 accepted, E=-10.834800 Ha
Worker 5: Step 390, op=twist, ΔE=0.0008 eV, accept=True
Worker 5: Step 390 accepted, E=-10.834639 Ha
Worker 18: Step 323 accepted, E=-10.834741 Ha
Worker 14: Step 385 accepted, E=-10.835424 Ha
Worker 3: Step 433 accepted, E=-10.834207 Ha
Worker 17: Step 371 accepted, E=-10.834391 Ha
Worker 11: Step 350, op=random_displacement, ΔE=0.0001 eV, accept=True
Worker 7: Step 422 accepted, E=-10.834561 Ha
Worker 6: Step 407 accepted, E=-10.835261 Ha
Worker 15: Step 314 accepted, E=-10.835788 Ha
Worker 16: Step 365 accepted, E=-10.835171 Ha
Worker 11: Step 350 accepted, E=-10.834402 Ha
Worker 10: Step 389 accepted, E=-10.835013 Ha
Worker 13: Step 357 accepted, E=-10.834334 Ha
Worker 19: Step 238 accepted, E=-10.835895 Ha
Worker 12: Step 325 accepted, E=-10.834619 Ha
Worker 2: Step 480 accepted, E=-10.834495 Ha
Worker 18: No change from 'exchange', skipping.
Worker 9: Step 405 accepted, E=-10.834815 Ha
Worker 1: Step 489 accepted, E=-10.835834 Ha
Worker 4: Step 396 accepted, E=-10.834083 Ha
Worker 8: Step 326 accepted, E=-10.834342 Ha
Worker 0: Step 409 accepted, E=-10.835690 Ha
Worker 5: Step 391 accepted, E=-10.834642 Ha
Worker 18: No change from 'small_principal_axis_rotation', skipping.
Worker 14: Step 386 accepted, E=-10.835458 Ha
Worker 7: Step 423 accepted, E=-10.834537 Ha
Worker 17: Step 372 accepted, E=-10.834563 Ha
Worker 16: Step 366 accepted, E=-10.835834 Ha
Worker 13: Step 358 accepted, E=-10.834329 Ha
Worker 11: Step 351 accepted, E=-10.834406 Ha
Worker 10: Step 390 accepted, E=-10.835066 Ha
Worker 12: Step 326 accepted, E=-10.834684 Ha
Worker 2: Step 481 accepted, E=-10.834494 Ha
Worker 15: Step 315 accepted, E=-10.835788 Ha
Worker 19: Step 239 accepted, E=-10.835909 Ha
Worker 9: Step 406 accepted, E=-10.834819 Ha
Worker 1: Step 490, op=correlated_displacement, ΔE=0.0029 eV, accept=False
Worker 4: Step 397 accepted, E=-10.834054 Ha
Worker 17: No change from 'roto_reflection', skipping.
Worker 0: Step 410, op=random_rotation, ΔE=0.0013 eV, accept=True
Worker 13: No change from 'twist', skipping.
Worker 6: Step 408 accepted, E=-10.835311 Ha
Worker 5: Step 392 accepted, E=-10.834620 Ha
Worker 0: Step 410 accepted, E=-10.835642 Ha
Worker 18: Step 326 accepted, E=-10.834747 Ha
Worker 14: Step 387 accepted, E=-10.835419 Ha
Worker 3: Step 435 accepted, E=-10.834228 Ha
Worker 7: Step 424 accepted, E=-10.834581 Ha
Worker 8: Step 327 accepted, E=-10.834348 Ha
Worker 11: Step 352 accepted, E=-10.834393 Ha
Worker 2: Step 482 accepted, E=-10.834494 Ha
Worker 16: Step 367 accepted, E=-10.835828 Ha
Worker 10: Step 391 accepted, E=-10.834995 Ha
Worker 19: Step 240, op=large_displacement, ΔE=0.0121 eV, accept=False
Worker 12: Step 327 accepted, E=-10.834698 Ha
Worker 9: Step 407 accepted, E=-10.834816 Ha
Worker 1: Step 491 accepted, E=-10.835800 Ha
Worker 13: Step 360 accepted, E=-10.834330 Ha
Worker 17: Step 374 accepted, E=-10.834561 Ha
Worker 4: Step 398 accepted, E=-10.834181 Ha
Worker 5: Step 393 accepted, E=-10.834600 Ha
Worker 15: No change from 'roto_reflection', skipping.
Worker 18: Step 327 accepted, E=-10.834757 Ha
Worker 0: Step 411 accepted, E=-10.835643 Ha
Worker 7: Step 425 accepted, E=-10.834583 Ha
Worker 14: Step 388 accepted, E=-10.835471 Ha
Worker 2: Step 483 accepted, E=-10.834494 Ha
Worker 3: Step 436 accepted, E=-10.834225 Ha
Worker 11: Step 353 accepted, E=-10.834386 Ha
Worker 10: Step 392 accepted, E=-10.834570 Ha
Worker 9: Step 408 accepted, E=-10.834771 Ha
Worker 6: Step 409 accepted, E=-10.835405 Ha
Worker 12: Step 328 accepted, E=-10.834590 Ha
Worker 19: Step 241 accepted, E=-10.835936 Ha
Worker 16: Step 368 accepted, E=-10.834905 Ha
Worker 1: Step 492 accepted, E=-10.835786 Ha
Worker 13: Step 361 accepted, E=-10.834331 Ha
Worker 17: Step 375 accepted, E=-10.834561 Ha
Worker 5: Step 394 accepted, E=-10.834613 Ha
Worker 18: Step 328 accepted, E=-10.834756 Ha
Worker 4: Step 399 accepted, E=-10.834252 Ha
Worker 8: Step 328 accepted, E=-10.834344 Ha
Worker 15: Step 318 accepted, E=-10.835788 Ha
Worker 2: Step 484 accepted, E=-10.834495 Ha
Worker 4: No change from 'small_principal_axis_rotation', skipping.
Worker 7: Step 426 accepted, E=-10.834566 Ha
Worker 13: No change from 'correlated_displacement', skipping.
Worker 0: Step 412 accepted, E=-10.835639 Ha
Worker 10: Step 393 accepted, E=-10.834605 Ha
Worker 11: Step 354 accepted, E=-10.834392 Ha
Worker 17: No change from 'mirror', skipping.
Worker 3: Step 437 accepted, E=-10.834251 Ha
Worker 14: Step 389 accepted, E=-10.835495 Ha
Worker 9: Step 409 accepted, E=-10.834770 Ha
Worker 12: Step 329 accepted, E=-10.834606 Ha
Worker 16: Step 369 accepted, E=-10.834925 Ha
Worker 1: Step 493 accepted, E=-10.835786 Ha
Worker 19: Step 242 accepted, E=-10.835945 Ha
Worker 5: Step 395 accepted, E=-10.834629 Ha
Worker 18: Step 329 accepted, E=-10.834773 Ha
Worker 2: Step 485 accepted, E=-10.834495 Ha
Worker 6: Step 410 accepted, E=-10.835427 Ha
Worker 15: Step 319 accepted, E=-10.835874 Ha
Worker 13: Step 363 accepted, E=-10.834282 Ha
Worker 7: Step 427 accepted, E=-10.834566 Ha
Worker 4: Step 401 accepted, E=-10.834269 Ha
Worker 17: Step 377 accepted, E=-10.834562 Ha
Worker 9: Step 410 accepted, E=-10.834853 Ha
Worker 10: Step 394 accepted, E=-10.834599 Ha
Worker 11: Step 355 accepted, E=-10.834426 Ha
Worker 14: Step 390, op=random_rotation, ΔE=0.0002 eV, accept=True
Worker 3: Step 438 accepted, E=-10.834186 Ha
Worker 12: Step 330, op=random_rotation, ΔE=0.0001 eV, accept=True
Worker 16: Step 370, op=random_rotation, ΔE=0.0021 eV, accept=False
Worker 14: Step 390 accepted, E=-10.835489 Ha
Worker 12: Step 330 accepted, E=-10.834603 Ha
Worker 0: Step 413 accepted, E=-10.835699 Ha
Worker 8: Step 329 accepted, E=-10.834329 Ha
Worker 19: Step 243 accepted, E=-10.835963 Ha
Worker 1: Step 494 accepted, E=-10.835791 Ha
Worker 5: Step 396 accepted, E=-10.834601 Ha
Worker 2: Step 486 accepted, E=-10.834497 Ha
Worker 18: Step 330 accepted, E=-10.834843 Ha
Worker 15: Step 320 accepted, E=-10.835876 Ha
Worker 13: Step 364 accepted, E=-10.834272 Ha
Worker 1: No change from 'random_so3', skipping.
Worker 7: Step 428 accepted, E=-10.834548 Ha
Worker 10: Step 395 accepted, E=-10.834580 Ha
Worker 17: Step 378 accepted, E=-10.834561 Ha
Worker 9: Step 411 accepted, E=-10.834889 Ha
Worker 4: Step 402 accepted, E=-10.834171 Ha
Worker 11: Step 356 accepted, E=-10.834421 Ha
Worker 3: Step 439 accepted, E=-10.834200 Ha
Worker 16: Step 371 accepted, E=-10.835011 Ha
Worker 12: Step 331 accepted, E=-10.834596 Ha
Worker 14: Step 391 accepted, E=-10.835469 Ha
Worker 6: Step 411 accepted, E=-10.835554 Ha
Worker 5: Step 397 accepted, E=-10.834603 Ha
Worker 19: Step 244 accepted, E=-10.835843 Ha
Worker 2: Step 487 accepted, E=-10.834494 Ha
Worker 0: Step 414 accepted, E=-10.835692 Ha
Worker 18: Step 331 accepted, E=-10.834861 Ha
Worker 15: Step 321 accepted, E=-10.835890 Ha
Worker 13: Step 365 accepted, E=-10.834268 Ha
Worker 1: Step 496 accepted, E=-10.835864 Ha
Worker 8: Step 330, op=local_twist, ΔE=0.0002 eV, accept=True
Worker 10: Step 396 accepted, E=-10.834566 Ha
Worker 7: Step 429 accepted, E=-10.834544 Ha
Worker 17: Step 379 accepted, E=-10.834561 Ha
Worker 9: Step 412 accepted, E=-10.834876 Ha
Worker 8: Step 330 accepted, E=-10.834321 Ha
Worker 4: Step 403 accepted, E=-10.834232 Ha
Worker 12: Step 332 accepted, E=-10.834600 Ha
Worker 3: Step 440, op=random_rotation, ΔE=0.0014 eV, accept=True
Worker 11: Step 357 accepted, E=-10.834421 Ha
Worker 14: Step 392 accepted, E=-10.835394 Ha
Worker 13: No change from 'roto_reflection', skipping.
Worker 16: Step 372 accepted, E=-10.835090 Ha
Worker 3: Step 440 accepted, E=-10.834149 Ha
Worker 5: Step 398 accepted, E=-10.834600 Ha
Worker 2: Step 488 accepted, E=-10.834494 Ha
Worker 19: Step 245 accepted, E=-10.835820 Ha
Worker 18: Step 332 accepted, E=-10.834862 Ha
Worker 0: Step 415 accepted, E=-10.835690 Ha
Worker 15: Step 322 accepted, E=-10.835762 Ha
Worker 6: Step 412 accepted, E=-10.835596 Ha
Worker 1: Step 497 accepted, E=-10.836004 Ha
Worker 7: Step 430 accepted, E=-10.834892 Ha
Worker 10: Step 397 accepted, E=-10.834548 Ha
Worker 17: Step 380, op=random_rotation, ΔE=0.0002 eV, accept=True
Worker 9: Step 413 accepted, E=-10.834870 Ha
Worker 17: Step 380 accepted, E=-10.834553 Ha
Worker 18: No change from 'correlated_displacement', skipping.
Worker 12: Step 333 accepted, E=-10.834606 Ha
Worker 4: Step 404 accepted, E=-10.834240 Ha
Worker 11: Step 358 accepted, E=-10.834422 Ha
Worker 13: Step 367 accepted, E=-10.834266 Ha
Worker 16: Step 373 accepted, E=-10.835037 Ha
Worker 2: Step 489 accepted, E=-10.834494 Ha
Worker 3: Step 441 accepted, E=-10.834244 Ha
Worker 5: Step 399 accepted, E=-10.834585 Ha
Worker 14: Step 393 accepted, E=-10.835414 Ha
Worker 19: Step 246 accepted, E=-10.835886 Ha
Worker 8: Step 331 accepted, E=-10.834315 Ha
Worker 15: Step 323 accepted, E=-10.835768 Ha
Worker 7: Step 431 accepted, E=-10.834888 Ha
Worker 0: Step 416 accepted, E=-10.834958 Ha
Worker 1: Step 498 accepted, E=-10.836004 Ha
Worker 9: Step 414 accepted, E=-10.834899 Ha
Worker 17: Step 381 accepted, E=-10.834541 Ha
Worker 18: Step 334 accepted, E=-10.834864 Ha
Worker 12: Step 334 accepted, E=-10.834597 Ha
Worker 2: Step 490 accepted, E=-10.834494 Ha
Worker 10: Step 398 accepted, E=-10.834688 Ha
Worker 13: Step 368 accepted, E=-10.834275 Ha
Worker 5: Step 400, op=small_principal_axis_rotation, ΔE=0.0001 eV, accept=True
Worker 11: Step 359 accepted, E=-10.834445 Ha
Worker 16: Step 374 accepted, E=-10.835015 Ha
Worker 3: Step 442 accepted, E=-10.834266 Ha
Worker 4: Step 405 accepted, E=-10.834289 Ha
Worker 5: Step 400 accepted, E=-10.834583 Ha
Worker 18: No change from 'small_principal_axis_rotation', skipping.
Worker 14: Step 394 accepted, E=-10.835094 Ha
Worker 6: Step 413 accepted, E=-10.835596 Ha
Worker 19: Step 247 accepted, E=-10.835886 Ha
Worker 10: No change from 'mirror', skipping.
Worker 15: Step 324 accepted, E=-10.835741 Ha
Worker 7: Step 432 accepted, E=-10.834824 Ha
Worker 2: Step 491 accepted, E=-10.834494 Ha
Worker 9: Step 415 accepted, E=-10.834871 Ha
Worker 17: Step 382 accepted, E=-10.834540 Ha
Worker 0: Step 417 accepted, E=-10.834964 Ha
Worker 12: Step 335 accepted, E=-10.834571 Ha
Worker 13: Step 369 accepted, E=-10.834282 Ha
Worker 1: No change from 'small_principal_axis_rotation', skipping.
Worker 11: Step 360 accepted, E=-10.834451 Ha
Worker 5: Step 401 accepted, E=-10.834579 Ha
Worker 3: Step 443 accepted, E=-10.834088 Ha
Worker 16: Step 375 accepted, E=-10.834981 Ha
Worker 8: Step 332 accepted, E=-10.834322 Ha
Worker 4: Step 406 accepted, E=-10.834307 Ha
Worker 18: Step 336 accepted, E=-10.834818 Ha
Worker 14: Step 395 accepted, E=-10.835228 Ha
Worker 19: Step 248 accepted, E=-10.835887 Ha
Worker 10: Step 400, op=local_twist, ΔE=0.0012 eV, accept=True
Worker 10: Step 400 accepted, E=-10.834644 Ha
Worker 7: Step 433 accepted, E=-10.834887 Ha
Worker 11: No change from 'mirror', skipping.
Worker 2: Step 492 accepted, E=-10.834474 Ha
Worker 5: No change from 'roto_reflection', skipping.
Worker 9: Step 416 accepted, E=-10.834877 Ha
Worker 7: No change from 'small_principal_axis_rotation', skipping.
Worker 12: Step 336 accepted, E=-10.834574 Ha
Worker 17: Step 383 accepted, E=-10.834571 Ha
Worker 13: Step 370 accepted, E=-10.834293 Ha
Worker 1: Step 501 accepted, E=-10.835995 Ha
Worker 4: Step 407 accepted, E=-10.834304 Ha
Worker 16: Step 376 accepted, E=-10.834790 Ha
Worker 0: Step 418 accepted, E=-10.834839 Ha
Worker 17: No change from 'small_principal_axis_rotation', skipping.
Worker 18: Step 337 accepted, E=-10.834812 Ha
Worker 14: Step 396 accepted, E=-10.835259 Ha
Worker 2: Step 493 accepted, E=-10.834474 Ha
Worker 11: Step 362 accepted, E=-10.834444 Ha
Worker 15: Step 326 accepted, E=-10.835662 Ha
Worker 10: Step 401 accepted, E=-10.834630 Ha
Worker 19: Step 249 accepted, E=-10.834389 Ha
Worker 5: Step 403 accepted, E=-10.834707 Ha
Worker 9: Step 417 accepted, E=-10.834980 Ha
Worker 7: Step 435 accepted, E=-10.834915 Ha
Worker 12: Step 337 accepted, E=-10.834548 Ha
Worker 8: Step 333 accepted, E=-10.834318 Ha
Worker 17: Step 385 accepted, E=-10.834578 Ha
Worker 16: Step 377 accepted, E=-10.834779 Ha
Worker 3: Step 445 accepted, E=-10.833555 Ha
Worker 4: Step 408 accepted, E=-10.834135 Ha
Worker 14: Step 397 accepted, E=-10.835257 Ha
Worker 18: Step 338 accepted, E=-10.834829 Ha
Worker 13: Step 371 accepted, E=-10.834293 Ha
Worker 2: Step 494 accepted, E=-10.834457 Ha
Worker 1: Step 502 accepted, E=-10.836054 Ha
Worker 0: Step 419 accepted, E=-10.834858 Ha
Worker 11: Step 363 accepted, E=-10.834433 Ha
Worker 5: Step 404 accepted, E=-10.834708 Ha
Worker 9: Step 418 accepted, E=-10.834872 Ha
Worker 10: Step 402 accepted, E=-10.834638 Ha
Worker 15: Step 327 accepted, E=-10.835708 Ha
Worker 7: Step 436 accepted, E=-10.834678 Ha
Worker 19: Step 250, op=random_displacement, ΔE=0.0015 eV, accept=True
Worker 19: Step 250 accepted, E=-10.834332 Ha
Worker 12: Step 338 accepted, E=-10.834535 Ha
Worker 6: Step 415 accepted, E=-10.835482 Ha
Worker 17: Step 386 accepted, E=-10.834666 Ha
Worker 4: Step 409 accepted, E=-10.834141 Ha
Worker 3: Step 446 accepted, E=-10.832955 Ha
Worker 16: Step 378 accepted, E=-10.834715 Ha
Worker 18: Step 339 accepted, E=-10.834853 Ha
Worker 2: Step 495 accepted, E=-10.834459 Ha
Worker 13: Step 372 accepted, E=-10.834285 Ha
Worker 8: Step 334 accepted, E=-10.834318 Ha
Worker 1: Step 503 accepted, E=-10.836074 Ha
Worker 5: Step 405 accepted, E=-10.834714 Ha
Worker 11: Step 364 accepted, E=-10.834416 Ha
Worker 9: Step 419 accepted, E=-10.834874 Ha
Worker 15: Step 328 accepted, E=-10.835708 Ha
Worker 0: Step 420 accepted, E=-10.834894 Ha
Worker 7: Step 437 accepted, E=-10.834686 Ha
Worker 10: Step 403 accepted, E=-10.834644 Ha
Worker 12: Step 339 accepted, E=-10.834535 Ha
Worker 19: Step 251 accepted, E=-10.834338 Ha
Worker 5: No change from 'large_displacement', skipping.
Worker 17: Step 387 accepted, E=-10.834647 Ha
Worker 18: Step 340 accepted, E=-10.834913 Ha
Worker 16: Step 379 accepted, E=-10.834550 Ha
Worker 2: Step 496 accepted, E=-10.834460 Ha
Worker 3: Step 447 accepted, E=-10.832981 Ha
Worker 4: Step 410 accepted, E=-10.834345 Ha
Worker 13: Step 373 accepted, E=-10.834283 Ha
Worker 1: Step 504 accepted, E=-10.836084 Ha
Worker 11: Step 365 accepted, E=-10.834419 Ha
Worker 6: Step 416 accepted, E=-10.835533 Ha
Worker 9: Step 420 accepted, E=-10.834875 Ha
Worker 15: Step 329 accepted, E=-10.835606 Ha
Worker 7: Step 438 accepted, E=-10.834682 Ha
Worker 4: No change from 'random_displacement', skipping.
Worker 12: Step 340 accepted, E=-10.834558 Ha
Worker 10: Step 404 accepted, E=-10.834677 Ha
Worker 5: Step 407 accepted, E=-10.834735 Ha
Worker 0: Step 421 accepted, E=-10.834705 Ha
Worker 19: Step 252 accepted, E=-10.834418 Ha
Worker 8: Step 335 accepted, E=-10.834298 Ha
Worker 2: Step 497 accepted, E=-10.834460 Ha
Worker 17: Step 388 accepted, E=-10.834609 Ha
Worker 16: Step 380 accepted, E=-10.834619 Ha
Worker 18: Step 341 accepted, E=-10.834963 Ha
Worker 13: Step 374 accepted, E=-10.834272 Ha
Worker 14: Step 400 accepted, E=-10.835300 Ha
Worker 3: Step 448 accepted, E=-10.832981 Ha
Worker 11: Step 366 accepted, E=-10.834433 Ha
Worker 1: Step 505 accepted, E=-10.836089 Ha
Worker 15: Step 330, op=random_displacement, ΔE=0.0000 eV, accept=True
Worker 9: Step 421 accepted, E=-10.834926 Ha
Worker 15: Step 330 accepted, E=-10.835605 Ha
Worker 7: Step 439 accepted, E=-10.834645 Ha
Worker 4: Step 412 accepted, E=-10.834387 Ha
Worker 12: Step 341 accepted, E=-10.834588 Ha
Worker 2: Step 498 accepted, E=-10.834461 Ha
Worker 5: Step 408 accepted, E=-10.834735 Ha
Worker 10: Step 405 accepted, E=-10.834485 Ha
Worker 19: Step 253 accepted, E=-10.834459 Ha
Worker 17: Step 389 accepted, E=-10.834619 Ha
Worker 6: Step 417 accepted, E=-10.835525 Ha
Worker 0: Step 422 accepted, E=-10.834732 Ha
Worker 13: Step 375 accepted, E=-10.834259 Ha
Worker 16: Step 381 accepted, E=-10.834596 Ha
Worker 4: No change from 'large_displacement', skipping.
Worker 18: Step 342 accepted, E=-10.834967 Ha
Worker 14: Step 401 accepted, E=-10.835018 Ha
Worker 3: Step 449 accepted, E=-10.832943 Ha
Worker 11: Step 367 accepted, E=-10.834445 Ha
Worker 1: Step 506 accepted, E=-10.836064 Ha
Worker 9: Step 422 accepted, E=-10.834942 Ha
Worker 15: Step 331 accepted, E=-10.835605 Ha
Worker 8: Step 336 accepted, E=-10.834315 Ha
Worker 7: Step 440, op=small_principal_axis_rotation, ΔE=0.0006 eV, accept=True
Worker 2: Step 499 accepted, E=-10.834461 Ha
Worker 7: Step 440 accepted, E=-10.834624 Ha
Worker 5: Step 409 accepted, E=-10.834710 Ha
Worker 12: Step 342 accepted, E=-10.834563 Ha
Worker 19: Step 254 accepted, E=-10.834461 Ha
Worker 10: Step 406 accepted, E=-10.834480 Ha
Worker 11: No change from 'roto_reflection', skipping.
Worker 17: Step 390 accepted, E=-10.834621 Ha
Worker 16: Step 382 accepted, E=-10.834584 Ha
Worker 13: Step 376 accepted, E=-10.834265 Ha
Worker 4: Step 414 accepted, E=-10.834380 Ha
Worker 3: Step 450, op=random_displacement, ΔE=0.0377 eV, accept=False
Worker 0: Step 423 accepted, E=-10.835907 Ha
Worker 18: Step 343 accepted, E=-10.834926 Ha
Worker 14: Step 402 accepted, E=-10.835045 Ha
Worker 9: Step 423 accepted, E=-10.834945 Ha
Worker 15: Step 332 accepted, E=-10.835592 Ha
Worker 2: Step 500, op=local_twist, ΔE=0.0000 eV, accept=True
Worker 6: Step 418 accepted, E=-10.835570 Ha
Worker 2: Step 500 accepted, E=-10.834461 Ha
Worker 5: Step 410 accepted, E=-10.834716 Ha
Worker 7: Step 441 accepted, E=-10.834636 Ha
Worker 12: Step 343 accepted, E=-10.834562 Ha
Worker 19: Step 255 accepted, E=-10.834457 Ha
Worker 10: Step 407 accepted, E=-10.834483 Ha
Worker 17: Step 391 accepted, E=-10.834615 Ha
Worker 11: Step 369 accepted, E=-10.834449 Ha
Worker 16: Step 383 accepted, E=-10.834587 Ha
Worker 13: Step 377 accepted, E=-10.834263 Ha
Worker 3: Step 451 accepted, E=-10.833383 Ha
Worker 18: Step 344 accepted, E=-10.834921 Ha
Worker 4: Step 415 accepted, E=-10.834354 Ha
Worker 8: Step 337 accepted, E=-10.834338 Ha
Worker 14: Step 403 accepted, E=-10.835008 Ha
Worker 9: Step 424 accepted, E=-10.834948 Ha
Worker 15: Step 333 accepted, E=-10.835592 Ha
Worker 1: Step 508 accepted, E=-10.836043 Ha
Worker 0: Step 424 accepted, E=-10.835887 Ha
Worker 2: Step 501 accepted, E=-10.834462 Ha
Worker 5: Step 411 accepted, E=-10.834710 Ha
Worker 7: Step 442 accepted, E=-10.834632 Ha
Worker 12: Step 344 accepted, E=-10.834552 Ha
Worker 17: Step 392 accepted, E=-10.834619 Ha
Worker 19: Step 256 accepted, E=-10.834456 Ha
Worker 11: Step 370, op=random_rotation, ΔE=0.0001 eV, accept=True
Worker 10: Step 408 accepted, E=-10.834552 Ha
Worker 11: Step 370 accepted, E=-10.834444 Ha
Worker 6: Step 419 accepted, E=-10.835432 Ha
Worker 16: Step 384 accepted, E=-10.835337 Ha
Worker 18: Step 345 accepted, E=-10.834919 Ha
Worker 9: Step 425 accepted, E=-10.834859 Ha
Worker 3: Step 452 accepted, E=-10.835664 Ha
Worker 14: Step 404 accepted, E=-10.834746 Ha
Worker 4: Step 416 accepted, E=-10.834391 Ha
Worker 13: Step 378 accepted, E=-10.834263 Ha
Worker 2: Step 502 accepted, E=-10.834463 Ha
Worker 15: Step 334 accepted, E=-10.835533 Ha
Worker 5: Step 412 accepted, E=-10.834558 Ha
Worker 1: Step 509 accepted, E=-10.836223 Ha
Worker 7: Step 443 accepted, E=-10.834608 Ha
Worker 12: Step 345 accepted, E=-10.834552 Ha
Worker 0: Step 425 accepted, E=-10.835937 Ha
Worker 8: Step 338 accepted, E=-10.834336 Ha
Worker 17: Step 393 accepted, E=-10.834618 Ha
Worker 11: Step 371 accepted, E=-10.834432 Ha
Worker 10: Step 409 accepted, E=-10.834555 Ha
Worker 19: Step 257 accepted, E=-10.834464 Ha
Worker 9: Step 426 accepted, E=-10.834860 Ha
Worker 16: Step 385 accepted, E=-10.835325 Ha
Worker 18: Step 346 accepted, E=-10.834911 Ha
Worker 13: Step 379 accepted, E=-10.834266 Ha
Worker 2: Step 503 accepted, E=-10.834463 Ha
Worker 5: Step 413 accepted, E=-10.834557 Ha
Worker 15: Step 335 accepted, E=-10.835347 Ha
Worker 14: Step 405 accepted, E=-10.834746 Ha
Worker 4: Step 417 accepted, E=-10.834376 Ha
Worker 6: Step 420, op=random_displacement, ΔE=0.0000 eV, accept=True
Worker 7: Step 444 accepted, E=-10.834578 Ha
Worker 1: Step 510, op=random_rotation, ΔE=0.0004 eV, accept=True
Worker 12: Step 346 accepted, E=-10.834556 Ha
Worker 6: Step 420 accepted, E=-10.835431 Ha
Worker 1: Step 510 accepted, E=-10.836209 Ha
Worker 13: No change from 'roto_reflection', skipping.
Worker 17: Step 394 accepted, E=-10.834618 Ha
Worker 15: No change from 'mirror', skipping.
Worker 10: Step 410 accepted, E=-10.834978 Ha
Worker 0: Step 426 accepted, E=-10.833781 Ha
Worker 19: Step 258 accepted, E=-10.834451 Ha
Worker 11: Step 372 accepted, E=-10.834419 Ha
Worker 2: Step 504 accepted, E=-10.834462 Ha
Worker 9: Step 427 accepted, E=-10.834860 Ha
Worker 16: Step 386 accepted, E=-10.835323 Ha
Worker 8: Step 339 accepted, E=-10.834330 Ha
Worker 18: Step 347 accepted, E=-10.834913 Ha
Worker 5: Step 414 accepted, E=-10.834567 Ha
Worker 16: Clash after 'large_displacement', rejecting.
Worker 0: No change from 'small_principal_axis_rotation', skipping.
Worker 14: Step 406 accepted, E=-10.834747 Ha
Worker 4: Step 418 accepted, E=-10.834569 Ha
Worker 3: Step 454 accepted, E=-10.835665 Ha
Worker 12: Step 347 accepted, E=-10.834556 Ha
Worker 10: No change from 'mirror', skipping.
Worker 7: Step 445 accepted, E=-10.834542 Ha
Worker 1: Step 511 accepted, E=-10.835800 Ha
Worker 17: Step 395 accepted, E=-10.834594 Ha
Worker 13: Step 381 accepted, E=-10.834261 Ha
Worker 6: Step 421 accepted, E=-10.835477 Ha
Worker 15: Step 337 accepted, E=-10.835367 Ha
Worker 2: Step 505 accepted, E=-10.834462 Ha
Worker 9: Step 428 accepted, E=-10.834861 Ha
Worker 19: Step 259 accepted, E=-10.834435 Ha
Worker 8: Step 340, op=random_displacement, ΔE=0.0000 eV, accept=True
Worker 5: Step 415 accepted, E=-10.834561 Ha
Worker 18: Step 348 accepted, E=-10.834918 Ha
Worker 16: Step 388 accepted, E=-10.835339 Ha
Worker 8: Step 340 accepted, E=-10.834328 Ha
Worker 4: Step 419 accepted, E=-10.835728 Ha
Worker 12: Step 348 accepted, E=-10.834559 Ha
Worker 10: Step 412 accepted, E=-10.834913 Ha
Worker 14: Step 407 accepted, E=-10.834747 Ha
Worker 7: Step 446 accepted, E=-10.834548 Ha
Worker 0: Step 428 accepted, E=-10.833784 Ha
Worker 18: No change from 'principal_axis_rotation', skipping.
Worker 17: Step 396 accepted, E=-10.834602 Ha
Worker 13: Step 382 accepted, E=-10.834257 Ha
Worker 1: Step 512 accepted, E=-10.835673 Ha
Worker 6: Step 422 accepted, E=-10.835513 Ha
Worker 2: Step 506 accepted, E=-10.834461 Ha
Worker 9: Step 429 accepted, E=-10.834861 Ha
Worker 5: Step 416 accepted, E=-10.834555 Ha
Worker 19: Step 260 accepted, E=-10.834442 Ha
Worker 1: No change from 'roto_reflection', skipping.
Worker 11: Step 373 accepted, E=-10.834863 Ha
Worker 16: Step 389 accepted, E=-10.835326 Ha
Worker 4: Step 420, op=correlated_displacement, ΔE=0.0001 eV, accept=True
Worker 10: Step 413 accepted, E=-10.834936 Ha
Worker 12: Step 349 accepted, E=-10.834540 Ha
Worker 4: Step 420 accepted, E=-10.835727 Ha
Worker 3: Step 456 accepted, E=-10.835666 Ha
Worker 14: Step 408 accepted, E=-10.834444 Ha
Worker 17: Step 397 accepted, E=-10.834601 Ha
Worker 7: Step 447 accepted, E=-10.834470 Ha
Worker 0: Step 429 accepted, E=-10.833842 Ha
Worker 13: Step 383 accepted, E=-10.834251 Ha
Worker 18: Step 350, op=mirror, ΔE=0.0000 eV, accept=True
Worker 6: Step 423 accepted, E=-10.835637 Ha
Worker 15: Step 339 accepted, E=-10.835336 Ha
Worker 18: Step 350 accepted, E=-10.834918 Ha
Worker 2: Step 507 accepted, E=-10.834461 Ha
Worker 9: Step 430, op=small_principal_axis_rotation, ΔE=0.0019 eV, accept=True
Worker 4: No change from 'roto_reflection', skipping.
Worker 5: Step 417 accepted, E=-10.834555 Ha
Worker 19: Step 261 accepted, E=-10.834445 Ha
Worker 9: Step 430 accepted, E=-10.834791 Ha
Worker 8: Step 341 accepted, E=-10.834329 Ha
Worker 1: Step 514 accepted, E=-10.835779 Ha
Worker 16: Step 390, op=random_rotation, ΔE=0.0001 eV, accept=True
Worker 4: No change from 'small_principal_axis_rotation', skipping.
Worker 12: Step 350 accepted, E=-10.834547 Ha
Worker 10: Step 414 accepted, E=-10.834940 Ha
Worker 16: Step 390 accepted, E=-10.835322 Ha
Worker 2: No change from 'roto_reflection', skipping.
Worker 3: Step 457 accepted, E=-10.835666 Ha
Worker 17: Step 398 accepted, E=-10.834608 Ha
Worker 14: Step 409 accepted, E=-10.834462 Ha
Worker 13: Step 384 accepted, E=-10.834250 Ha
Worker 15: Step 340, op=large_displacement, ΔE=0.0023 eV, accept=True
Worker 7: Step 448 accepted, E=-10.834485 Ha
Worker 15: Step 340 accepted, E=-10.835251 Ha
Worker 6: Step 424 accepted, E=-10.835590 Ha
Worker 0: Step 430, op=random_rotation, ΔE=0.0005 eV, accept=True
Worker 4: No change from 'mirror', skipping.
Worker 18: Step 351 accepted, E=-10.834915 Ha
Worker 11: Step 374 accepted, E=-10.835077 Ha
Worker 0: Step 430 accepted, E=-10.833825 Ha
Worker 8: No change from 'mirror', skipping.
Worker 5: Step 418 accepted, E=-10.834548 Ha
Worker 9: Step 431 accepted, E=-10.834791 Ha
Worker 19: Step 262 accepted, E=-10.834420 Ha
Worker 2: Step 509 accepted, E=-10.834461 Ha
Worker 10: Step 415 accepted, E=-10.834955 Ha
Worker 4: No change from 'random_displacement', skipping.
Worker 16: Step 391 accepted, E=-10.835309 Ha
Worker 12: Step 351 accepted, E=-10.834515 Ha
Worker 1: Step 515 accepted, E=-10.835755 Ha
Worker 17: Step 399 accepted, E=-10.834611 Ha
Worker 3: Step 458 accepted, E=-10.835646 Ha
Worker 7: Step 449 accepted, E=-10.834511 Ha
Worker 14: Step 410, op=twist, ΔE=0.0020 eV, accept=True
Worker 14: Step 410 accepted, E=-10.834389 Ha
Worker 15: Step 341 accepted, E=-10.835285 Ha
Worker 18: Step 352 accepted, E=-10.834906 Ha
Worker 13: Step 385 accepted, E=-10.834234 Ha
Worker 6: Step 425 accepted, E=-10.835584 Ha
Worker 5: Step 419 accepted, E=-10.834546 Ha
Worker 17: No change from 'large_displacement', skipping.
Worker 9: Step 432 accepted, E=-10.835048 Ha
Worker 19: Step 263 accepted, E=-10.834438 Ha
Worker 2: Step 510, op=principal_axis_rotation, ΔE=0.0001 eV, accept=True
Worker 0: Step 431 accepted, E=-10.833829 Ha
Worker 2: Step 510 accepted, E=-10.834458 Ha
Worker 12: Step 352 accepted, E=-10.834515 Ha
Worker 10: Step 416 accepted, E=-10.835053 Ha
Worker 16: Step 392 accepted, E=-10.835375 Ha
Worker 18: No change from 'random_displacement', skipping.
Worker 4: Step 425 accepted, E=-10.835733 Ha
Worker 11: Step 375 accepted, E=-10.835052 Ha
Worker 1: Step 516 accepted, E=-10.835746 Ha
Worker 8: Step 343 accepted, E=-10.834330 Ha
Worker 3: Step 459 accepted, E=-10.835651 Ha
Worker 7: Step 450, op=twist, ΔE=0.0003 eV, accept=True
Worker 7: Step 450 accepted, E=-10.834500 Ha
Worker 2: No change from 'mirror', skipping.
Worker 15: Step 342 accepted, E=-10.835244 Ha
Worker 5: Step 420 accepted, E=-10.834557 Ha
Worker 4: No change from 'roto_reflection', skipping.
Worker 17: Step 401 accepted, E=-10.834612 Ha
Worker 9: Step 433 accepted, E=-10.834987 Ha
Worker 6: Step 426 accepted, E=-10.835267 Ha
Worker 14: Step 411 accepted, E=-10.834440 Ha
Worker 19: Step 264 accepted, E=-10.834407 Ha
Worker 12: Step 353 accepted, E=-10.834516 Ha
Worker 0: Step 432 accepted, E=-10.833833 Ha
Worker 15: No change from 'roto_reflection', skipping.
Worker 10: Step 417 accepted, E=-10.835064 Ha
Worker 16: Step 393 accepted, E=-10.835384 Ha
Worker 18: Step 354 accepted, E=-10.834880 Ha
Worker 19: No change from 'principal_axis_rotation', skipping.
Worker 13: Step 386 accepted, E=-10.834230 Ha
Worker 2: Step 512 accepted, E=-10.834458 Ha
Worker 7: Step 451 accepted, E=-10.834504 Ha
Worker 3: Step 460 accepted, E=-10.835652 Ha
Worker 5: Step 421 accepted, E=-10.834557 Ha
Worker 17: Step 402 accepted, E=-10.834613 Ha
Worker 9: Step 434 accepted, E=-10.834966 Ha
Worker 11: Step 376 accepted, E=-10.835134 Ha
Worker 4: Step 427 accepted, E=-10.835745 Ha
Worker 6: Step 427 accepted, E=-10.835281 Ha
Worker 8: Step 344 accepted, E=-10.834329 Ha
Worker 12: Step 354 accepted, E=-10.834540 Ha
Worker 15: Step 344 accepted, E=-10.835386 Ha
Worker 0: Step 433 accepted, E=-10.833599 Ha
Worker 1: Step 518 accepted, E=-10.835757 Ha
Worker 14: Step 412 accepted, E=-10.834483 Ha
Worker 16: Step 394 accepted, E=-10.835371 Ha
Worker 10: Step 418 accepted, E=-10.835055 Ha
Worker 2: Step 513 accepted, E=-10.834462 Ha
Worker 19: Step 266 accepted, E=-10.834402 Ha
Worker 18: Step 355 accepted, E=-10.834879 Ha
Worker 4: No change from 'random_rotation', skipping.
Worker 3: Step 461 accepted, E=-10.835647 Ha
Worker 7: Step 452 accepted, E=-10.834524 Ha
Worker 17: Step 403 accepted, E=-10.834629 Ha
Worker 5: Step 422 accepted, E=-10.834555 Ha
Worker 9: Step 435 accepted, E=-10.834984 Ha
Worker 6: Step 428 accepted, E=-10.835316 Ha
Worker 12: Step 355 accepted, E=-10.834535 Ha
Worker 13: Step 387 accepted, E=-10.834253 Ha
Worker 11: Step 377 accepted, E=-10.835136 Ha
Worker 15: Step 345 accepted, E=-10.835534 Ha
Worker 2: Step 514 accepted, E=-10.834463 Ha
Worker 8: Step 345 accepted, E=-10.834337 Ha
Worker 0: Step 434 accepted, E=-10.833611 Ha
Worker 5: Step 423 accepted, E=-10.834556 Ha
Worker 10: Step 419 accepted, E=-10.834984 Ha
Worker 19: Step 267 accepted, E=-10.834409 Ha
Worker 7: Step 453 accepted, E=-10.834523 Ha
Worker 18: Step 356 accepted, E=-10.834848 Ha
Worker 14: Step 413 accepted, E=-10.834484 Ha
Worker 17: Step 404 accepted, E=-10.834629 Ha
Worker 16: Step 395 accepted, E=-10.835371 Ha
Worker 4: Step 429 accepted, E=-10.835735 Ha
Worker 1: Step 519 accepted, E=-10.835739 Ha
Worker 3: Step 462 accepted, E=-10.835641 Ha
Worker 9: Step 436 accepted, E=-10.834984 Ha
Worker 6: Step 429 accepted, E=-10.835370 Ha
Worker 12: Step 356 accepted, E=-10.834551 Ha
Worker 18: No change from 'correlated_displacement', skipping.
Worker 11: No change from 'mirror', skipping.
Worker 2: Step 515 accepted, E=-10.834465 Ha
Worker 5: Step 424 accepted, E=-10.834559 Ha
Worker 10: Step 420 accepted, E=-10.834985 Ha
Worker 19: Step 268 accepted, E=-10.834408 Ha
Worker 0: Step 435 accepted, E=-10.833613 Ha
Worker 17: Step 405 accepted, E=-10.834626 Ha
Worker 2: No change from 'small_principal_axis_rotation', skipping.
Worker 15: Step 346 accepted, E=-10.835622 Ha
Worker 7: Step 454 accepted, E=-10.834482 Ha
Worker 1: Step 520, op=correlated_displacement, ΔE=0.0015 eV, accept=True
Worker 3: Step 463 accepted, E=-10.835713 Ha
Worker 4: Step 430 accepted, E=-10.835739 Ha
Worker 16: Step 396 accepted, E=-10.835434 Ha
Worker 1: Step 520 accepted, E=-10.835683 Ha
Worker 4: Box grew at step 430. Size=4.932, acc=0.400
Worker 9: Step 437 accepted, E=-10.834987 Ha
Worker 14: Step 414 accepted, E=-10.834483 Ha
Worker 12: Step 357 accepted, E=-10.834549 Ha
Worker 11: No change from 'mirror', skipping.
Worker 17: No change from 'large_displacement', skipping.
Worker 6: Step 430 accepted, E=-10.835547 Ha
Worker 18: Step 358 accepted, E=-10.834846 Ha
Worker 7: No change from 'roto_reflection', skipping.
Worker 14: No change from 'small_principal_axis_rotation', skipping.
Worker 8: Step 346 accepted, E=-10.834352 Ha
Worker 2: Step 517 accepted, E=-10.834464 Ha
Worker 5: Step 425 accepted, E=-10.834556 Ha
Worker 19: Step 269 accepted, E=-10.834402 Ha
Worker 10: Step 421 accepted, E=-10.834981 Ha
Worker 0: Step 436 accepted, E=-10.833785 Ha
Worker 15: Step 347 accepted, E=-10.835617 Ha
Worker 3: Step 464 accepted, E=-10.835713 Ha
Worker 16: Step 397 accepted, E=-10.835878 Ha
Worker 4: Step 431 accepted, E=-10.835735 Ha
Worker 16: Clash after 'large_displacement', rejecting.
Worker 19: No change from 'roto_reflection', skipping.
Worker 12: Step 358 accepted, E=-10.834564 Ha
Worker 17: Step 407 accepted, E=-10.834624 Ha
Worker 6: Step 431 accepted, E=-10.835523 Ha
Worker 15: No change from 'roto_reflection', skipping.
Worker 18: Step 359 accepted, E=-10.834851 Ha
Worker 7: Step 456 accepted, E=-10.834474 Ha
Worker 13: Step 389 accepted, E=-10.834215 Ha
Worker 2: Step 518 accepted, E=-10.834464 Ha
Worker 5: Step 426 accepted, E=-10.834559 Ha
Worker 14: Step 416 accepted, E=-10.834394 Ha
Worker 10: Step 422 accepted, E=-10.834976 Ha
Worker 0: Step 437 accepted, E=-10.832786 Ha
Worker 11: Step 380 accepted, E=-10.835178 Ha
Worker 9: Step 439 accepted, E=-10.834915 Ha
Worker 3: Step 465 accepted, E=-10.835718 Ha
Worker 10: No change from 'small_principal_axis_rotation', skipping.
Worker 8: Step 347 accepted, E=-10.834339 Ha
Worker 1: Step 522 accepted, E=-10.835614 Ha
Worker 4: Step 432 accepted, E=-10.835093 Ha
Worker 12: Step 359 accepted, E=-10.834567 Ha
Worker 16: Step 399 accepted, E=-10.835795 Ha
Worker 2: Step 519 accepted, E=-10.834464 Ha
Worker 19: Step 271 accepted, E=-10.834412 Ha
Worker 17: Step 408 accepted, E=-10.834628 Ha
Worker 7: Step 457 accepted, E=-10.834521 Ha
Worker 18: Step 360, op=random_rotation, ΔE=0.0003 eV, accept=True
Worker 15: Step 349 accepted, E=-10.835611 Ha
Worker 18: Step 360 accepted, E=-10.834839 Ha
Worker 5: Step 427 accepted, E=-10.834555 Ha
Worker 9: Step 440, op=local_twist, ΔE=0.0007 eV, accept=True
Worker 13: Step 390, op=local_twist, ΔE=0.0004 eV, accept=True
Worker 0: Step 438 accepted, E=-10.832503 Ha
Worker 9: Step 440 accepted, E=-10.834890 Ha
Worker 13: Step 390 accepted, E=-10.834202 Ha
Worker 3: Step 466 accepted, E=-10.835666 Ha
Worker 19: No change from 'roto_reflection', skipping.
Worker 14: Step 417 accepted, E=-10.835032 Ha
Worker 6: Step 432 accepted, E=-10.835675 Ha
Worker 10: Step 424 accepted, E=-10.834975 Ha
Worker 18: No change from 'correlated_displacement', skipping.
Worker 12: Step 360, op=small_principal_axis_rotation, ΔE=0.0001 eV, accept=True
Worker 2: Step 520 accepted, E=-10.834464 Ha
Worker 1: Step 523 accepted, E=-10.835542 Ha
Worker 4: Step 433 accepted, E=-10.835025 Ha
Worker 12: Step 360 accepted, E=-10.834565 Ha
Worker 16: Step 400 accepted, E=-10.835975 Ha
Worker 17: Step 409 accepted, E=-10.834614 Ha
Worker 15: Step 350, op=random_rotation, ΔE=0.0000 eV, accept=True
Worker 7: Step 458 accepted, E=-10.834555 Ha
Worker 5: Step 428 accepted, E=-10.834549 Ha
Worker 15: Step 350 accepted, E=-10.835610 Ha
Worker 11: Step 381 accepted, E=-10.835140 Ha
Worker 8: Step 348 accepted, E=-10.834334 Ha
Worker 0: Step 439 accepted, E=-10.832565 Ha
Worker 9: Step 441 accepted, E=-10.834893 Ha
Worker 13: Step 391 accepted, E=-10.834284 Ha
Worker 19: Step 273 accepted, E=-10.834398 Ha
Worker 10: Step 425 accepted, E=-10.834915 Ha
Worker 3: Step 467 accepted, E=-10.835662 Ha
Worker 18: Step 362 accepted, E=-10.834839 Ha
Worker 6: Step 433 accepted, E=-10.835660 Ha
Worker 14: Step 418 accepted, E=-10.834845 Ha
Worker 2: Step 521 accepted, E=-10.834464 Ha
Worker 12: Step 361 accepted, E=-10.834543 Ha
Worker 16: Step 401 accepted, E=-10.835972 Ha
Worker 1: Step 524 accepted, E=-10.835443 Ha
Worker 4: Step 434 accepted, E=-10.835024 Ha
Worker 17: Step 410, op=small_principal_axis_rotation, ΔE=0.0004 eV, accept=True
Worker 15: Step 351 accepted, E=-10.835610 Ha
Worker 5: Step 429 accepted, E=-10.834536 Ha
Worker 17: Step 410 accepted, E=-10.834598 Ha
Worker 7: Step 459 accepted, E=-10.834592 Ha
Worker 0: Step 440, op=random_displacement, ΔE=0.0412 eV, accept=False
Worker 9: Step 442 accepted, E=-10.834870 Ha
Worker 13: Step 392 accepted, E=-10.834303 Ha
Worker 3: Step 468 accepted, E=-10.835721 Ha
Worker 11: Step 382 accepted, E=-10.835114 Ha
Worker 10: Step 426 accepted, E=-10.834720 Ha
Worker 2: Step 522 accepted, E=-10.834464 Ha
Worker 18: Step 363 accepted, E=-10.834841 Ha
Worker 19: Step 274 accepted, E=-10.834410 Ha
Worker 6: Step 434 accepted, E=-10.835694 Ha
Worker 12: Step 362 accepted, E=-10.834547 Ha
Worker 16: Step 402 accepted, E=-10.835963 Ha
Worker 4: Step 435 accepted, E=-10.835072 Ha
Worker 5: Step 430 accepted, E=-10.834542 Ha
Worker 14: Step 419 accepted, E=-10.834720 Ha
Worker 1: Step 525 accepted, E=-10.835342 Ha
Worker 8: Step 349 accepted, E=-10.834453 Ha
Worker 15: Step 352 accepted, E=-10.835658 Ha
Worker 17: Step 411 accepted, E=-10.834600 Ha
Worker 0: No change from 'roto_reflection', skipping.
Worker 7: Step 460 accepted, E=-10.834637 Ha
Worker 9: No change from 'mirror', skipping.
Worker 18: No change from 'correlated_displacement', skipping.
Worker 1: No change from 'mirror', skipping.
Worker 13: Step 393 accepted, E=-10.834295 Ha
Worker 10: Step 427 accepted, E=-10.834703 Ha
Worker 3: Step 469 accepted, E=-10.835708 Ha
Worker 2: Step 523 accepted, E=-10.834464 Ha
Worker 19: Step 275 accepted, E=-10.834424 Ha
Worker 6: Step 435 accepted, E=-10.834926 Ha
Worker 12: Step 363 accepted, E=-10.834551 Ha
Worker 5: Step 431 accepted, E=-10.834543 Ha
Worker 16: Step 403 accepted, E=-10.835974 Ha
Worker 4: Step 436 accepted, E=-10.835046 Ha
Worker 15: Step 353 accepted, E=-10.835653 Ha
Worker 17: Step 412 accepted, E=-10.834607 Ha
Worker 0: Step 442 accepted, E=-10.832787 Ha
Worker 9: Step 444 accepted, E=-10.834849 Ha
Worker 14: Step 420 accepted, E=-10.835010 Ha
Worker 7: Step 461 accepted, E=-10.834609 Ha
Worker 11: Step 383 accepted, E=-10.835165 Ha
Worker 18: Step 365 accepted, E=-10.834869 Ha
Worker 4: No change from 'small_principal_axis_rotation', skipping.
Worker 8: Step 350, op=random_rotation, ΔE=0.0006 eV, accept=True
Worker 3: Step 470, op=exchange, ΔE=0.0962 eV, accept=False
Worker 1: Step 527 accepted, E=-10.834502 Ha
Worker 2: Step 524 accepted, E=-10.834464 Ha
Worker 19: Step 276 accepted, E=-10.834427 Ha
Worker 13: Step 394 accepted, E=-10.834288 Ha
Worker 10: Step 428 accepted, E=-10.834695 Ha
Worker 8: Step 350 accepted, E=-10.834431 Ha
Worker 5: Step 432 accepted, E=-10.834534 Ha
Worker 6: Step 436 accepted, E=-10.835317 Ha
Worker 12: Step 364 accepted, E=-10.834547 Ha
Worker 17: Step 413 accepted, E=-10.834611 Ha
Worker 13: No change from 'small_principal_axis_rotation', skipping.
Worker 15: Step 354 accepted, E=-10.835644 Ha
Worker 9: Step 445 accepted, E=-10.834882 Ha
Worker 16: Step 404 accepted, E=-10.835111 Ha
Worker 0: Step 443 accepted, E=-10.832772 Ha
Worker 7: Step 462 accepted, E=-10.834576 Ha
Worker 18: Step 366 accepted, E=-10.834873 Ha
Worker 4: Step 438 accepted, E=-10.835038 Ha
Worker 14: Step 421 accepted, E=-10.835306 Ha
Worker 2: Step 525 accepted, E=-10.834465 Ha
Worker 5: Step 433 accepted, E=-10.834532 Ha
Worker 19: Step 277 accepted, E=-10.834428 Ha
Worker 1: Step 528 accepted, E=-10.835760 Ha
Worker 10: Step 429 accepted, E=-10.834701 Ha
Worker 3: Step 471 accepted, E=-10.835717 Ha
Worker 11: Step 384 accepted, E=-10.835193 Ha
Worker 12: Step 365 accepted, E=-10.834520 Ha
Worker 17: Step 414 accepted, E=-10.834615 Ha
Worker 15: Step 355 accepted, E=-10.835666 Ha
Worker 13: Step 396 accepted, E=-10.834272 Ha
Worker 9: Step 446 accepted, E=-10.834856 Ha
Worker 0: Step 444 accepted, E=-10.832859 Ha
Worker 7: Step 463 accepted, E=-10.835082 Ha
Worker 6: Step 437 accepted, E=-10.835290 Ha
Worker 16: Step 405 accepted, E=-10.835111 Ha
Worker 4: Step 439 accepted, E=-10.834895 Ha
Worker 18: Step 367 accepted, E=-10.834881 Ha
Worker 8: Step 351 accepted, E=-10.834437 Ha
Worker 2: Step 526 accepted, E=-10.834465 Ha
Worker 14: Step 422 accepted, E=-10.835829 Ha
Worker 5: Step 434 accepted, E=-10.834533 Ha
Worker 1: Step 529 accepted, E=-10.835754 Ha
Worker 10: Step 430 accepted, E=-10.834701 Ha
Worker 19: Step 278 accepted, E=-10.834412 Ha
Worker 3: Step 472 accepted, E=-10.835710 Ha
Worker 12: Step 366 accepted, E=-10.834535 Ha
Worker 17: Step 415 accepted, E=-10.834607 Ha
Worker 15: Step 356 accepted, E=-10.835673 Ha
Worker 9: Step 447 accepted, E=-10.834895 Ha
Worker 18: No change from 'roto_reflection', skipping.
Worker 13: Step 397 accepted, E=-10.834298 Ha
Worker 0: Step 445 accepted, E=-10.832958 Ha
Worker 7: Step 464 accepted, E=-10.835100 Ha
Worker 4: Step 440, op=large_displacement, ΔE=0.2552 eV, accept=False
Worker 11: Step 385 accepted, E=-10.835239 Ha
Worker 2: Step 527 accepted, E=-10.834466 Ha
Worker 16: Step 406 accepted, E=-10.834897 Ha
Worker 5: Step 435 accepted, E=-10.834549 Ha
Worker 4: No change from 'small_principal_axis_rotation', skipping.
Worker 6: Step 438 accepted, E=-10.835287 Ha
Worker 1: Step 530, op=random_displacement, ΔE=0.0001 eV, accept=True
Worker 1: Step 530 accepted, E=-10.835751 Ha
Worker 10: Step 431 accepted, E=-10.834706 Ha
Worker 12: Step 367 accepted, E=-10.834540 Ha
Worker 3: Step 473 accepted, E=-10.835707 Ha
Worker 19: Step 279 accepted, E=-10.834420 Ha
Worker 8: Step 352 accepted, E=-10.834435 Ha
Worker 18: Step 369 accepted, E=-10.834843 Ha
Worker 9: Step 448 accepted, E=-10.834906 Ha
Worker 15: Step 357 accepted, E=-10.835673 Ha
Worker 17: Step 416 accepted, E=-10.834406 Ha
Worker 0: Step 446 accepted, E=-10.833001 Ha
Worker 7: Step 465 accepted, E=-10.835083 Ha
Worker 2: Step 528 accepted, E=-10.834467 Ha
Worker 16: Step 407 accepted, E=-10.834896 Ha
Worker 5: Step 436 accepted, E=-10.834549 Ha
Worker 13: Step 398 accepted, E=-10.834212 Ha
Worker 4: Step 442 accepted, E=-10.834865 Ha
Worker 12: Step 368 accepted, E=-10.834531 Ha
Worker 6: Step 439 accepted, E=-10.835272 Ha
Worker 10: Step 432 accepted, E=-10.834648 Ha
Worker 19: Step 280 accepted, E=-10.834439 Ha
Worker 1: Step 531 accepted, E=-10.835794 Ha
Worker 9: Step 449 accepted, E=-10.834906 Ha
Worker 3: Step 474 accepted, E=-10.835695 Ha
Worker 18: Step 370, op=local_twist, ΔE=0.0001 eV, accept=True
Worker 15: Step 358 accepted, E=-10.835569 Ha
Worker 14: Step 424 accepted, E=-10.835822 Ha
Worker 11: Step 386 accepted, E=-10.835294 Ha
Worker 18: Step 370 accepted, E=-10.834841 Ha
Worker 17: Step 417 accepted, E=-10.834410 Ha
Worker 0: Step 447 accepted, E=-10.834736 Ha
Worker 2: Step 529 accepted, E=-10.834467 Ha
Worker 7: Step 466 accepted, E=-10.835085 Ha
Worker 8: Step 353 accepted, E=-10.834438 Ha
Worker 5: Step 437 accepted, E=-10.834549 Ha
Worker 18: No change from 'correlated_displacement', skipping.
Worker 12: Step 369 accepted, E=-10.834500 Ha
Worker 10: Step 433 accepted, E=-10.834638 Ha
Worker 4: Step 443 accepted, E=-10.834871 Ha
Worker 6: Step 440, op=random_displacement, ΔE=0.0174 eV, accept=True
Worker 19: Step 281 accepted, E=-10.834466 Ha
Worker 6: Step 440 accepted, E=-10.834632 Ha
Worker 9: Step 450 accepted, E=-10.834909 Ha
Worker 3: Step 475 accepted, E=-10.835695 Ha
Worker 1: Step 532 accepted, E=-10.835754 Ha
Worker 17: Step 418 accepted, E=-10.834410 Ha
Worker 2: Step 530 accepted, E=-10.834467 Ha
Worker 14: Step 425 accepted, E=-10.836101 Ha
Worker 7: Step 467 accepted, E=-10.835159 Ha
Worker 5: Step 438 accepted, E=-10.834551 Ha
Worker 13: Step 399 accepted, E=-10.834222 Ha
Worker 0: Step 448 accepted, E=-10.833000 Ha
Worker 18: Step 372 accepted, E=-10.834925 Ha
Worker 16: Step 409 accepted, E=-10.834864 Ha
Worker 11: Step 387 accepted, E=-10.835296 Ha
Worker 12: Step 370 accepted, E=-10.834509 Ha
Worker 4: Step 444 accepted, E=-10.834973 Ha
Worker 19: Step 282 accepted, E=-10.835037 Ha
Worker 9: Step 451 accepted, E=-10.834902 Ha
Worker 6: Step 441 accepted, E=-10.834637 Ha
Worker 8: Step 354 accepted, E=-10.834437 Ha
Worker 17: Step 419 accepted, E=-10.834410 Ha
Worker 12: No change from 'small_principal_axis_rotation', skipping.
Worker 3: Step 476 accepted, E=-10.835660 Ha
Worker 15: Step 360 accepted, E=-10.835596 Ha
Worker 2: Step 531 accepted, E=-10.834465 Ha
Worker 1: Step 533 accepted, E=-10.835689 Ha
Worker 5: Step 439 accepted, E=-10.834572 Ha
Worker 0: Step 449 accepted, E=-10.833475 Ha
Worker 7: Step 468 accepted, E=-10.835159 Ha
Worker 14: Step 426 accepted, E=-10.836095 Ha
Worker 18: Step 373 accepted, E=-10.834990 Ha
Worker 16: Step 410, op=random_rotation, ΔE=0.0001 eV, accept=False
Worker 10: Step 435 accepted, E=-10.834635 Ha
Worker 2: Step 532 accepted, E=-10.834465 Ha
Worker 17: Step 420, op=correlated_displacement, ΔE=0.0001 eV, accept=True
Worker 13: Step 400 accepted, E=-10.834227 Ha
Worker 19: Step 283 accepted, E=-10.835000 Ha
Worker 17: Step 420 accepted, E=-10.834406 Ha
Worker 9: Step 452 accepted, E=-10.834851 Ha
Worker 12: Step 372 accepted, E=-10.834514 Ha
Worker 15: Step 361 accepted, E=-10.835638 Ha
Worker 6: Step 442 accepted, E=-10.834631 Ha
Worker 3: Step 477 accepted, E=-10.835690 Ha
Worker 1: Step 534 accepted, E=-10.835776 Ha
Worker 11: Step 388 accepted, E=-10.835273 Ha
Worker 5: Step 440, op=correlated_displacement, ΔE=0.0002 eV, accept=True
Worker 5: Step 440 accepted, E=-10.834563 Ha
Worker 0: Step 450, op=random_displacement, ΔE=0.0032 eV, accept=True
Worker 0: Step 450 accepted, E=-10.833359 Ha
Worker 7: Step 469 accepted, E=-10.835160 Ha
Worker 8: Step 355 accepted, E=-10.834437 Ha
Worker 18: Step 374 accepted, E=-10.835007 Ha
Worker 2: Step 533 accepted, E=-10.834466 Ha
Worker 10: Step 436 accepted, E=-10.834688 Ha
Worker 14: Step 427 accepted, E=-10.836088 Ha
Worker 16: Step 411 accepted, E=-10.834903 Ha
Worker 19: Step 284 accepted, E=-10.835002 Ha
Worker 13: Step 401 accepted, E=-10.834270 Ha
Worker 9: Step 453 accepted, E=-10.834851 Ha
Worker 17: Step 421 accepted, E=-10.834418 Ha
Worker 12: Step 373 accepted, E=-10.834534 Ha
Worker 15: Step 362 accepted, E=-10.835628 Ha
Worker 4: Step 446 accepted, E=-10.834939 Ha
Worker 6: Step 443 accepted, E=-10.834440 Ha
Worker 3: Step 478 accepted, E=-10.835703 Ha
Worker 5: Step 441 accepted, E=-10.834559 Ha
Worker 1: Step 535 accepted, E=-10.835815 Ha
Worker 7: Step 470 accepted, E=-10.835162 Ha
Worker 0: Step 451 accepted, E=-10.833354 Ha
Worker 2: Step 534 accepted, E=-10.834466 Ha
Worker 18: Step 375 accepted, E=-10.835040 Ha
Worker 11: Step 389 accepted, E=-10.835267 Ha
Worker 10: Step 437 accepted, E=-10.834683 Ha
Worker 13: Step 402 accepted, E=-10.834193 Ha
Worker 16: Step 412 accepted, E=-10.834905 Ha
Worker 17: Step 422 accepted, E=-10.834420 Ha
Worker 19: Step 285 accepted, E=-10.834988 Ha
Worker 12: Step 374 accepted, E=-10.834547 Ha
Worker 9: Step 454 accepted, E=-10.834871 Ha
Worker 15: Step 363 accepted, E=-10.835620 Ha
Worker 10: No change from 'small_principal_axis_rotation', skipping.
Worker 14: Step 428 accepted, E=-10.836053 Ha
Worker 18: No change from 'mirror', skipping.
Worker 8: Step 356 accepted, E=-10.834437 Ha
Worker 5: Step 442 accepted, E=-10.834566 Ha
Worker 4: Step 447 accepted, E=-10.834969 Ha
Worker 12: No change from 'small_principal_axis_rotation', skipping.
Worker 1: Step 536 accepted, E=-10.835805 Ha
Worker 3: Step 479 accepted, E=-10.835771 Ha
Worker 2: Step 535 accepted, E=-10.834466 Ha
Worker 6: Step 444 accepted, E=-10.834439 Ha
Worker 0: Step 452 accepted, E=-10.833855 Ha
Worker 18: No change from 'correlated_displacement', skipping.
Worker 19: Step 286 accepted, E=-10.834511 Ha
Worker 9: Step 455 accepted, E=-10.834889 Ha
Worker 17: Step 423 accepted, E=-10.834477 Ha
Worker 5: Step 443 accepted, E=-10.834568 Ha
Worker 10: Step 439 accepted, E=-10.834689 Ha
Worker 15: Step 364 accepted, E=-10.835499 Ha
Worker 16: Step 413 accepted, E=-10.834905 Ha
Worker 12: Step 376 accepted, E=-10.834540 Ha
Worker 2: Step 536 accepted, E=-10.834467 Ha
Worker 11: Step 390, op=correlated_displacement, ΔE=0.0002 eV, accept=True
Worker 4: Step 448 accepted, E=-10.835090 Ha
Worker 13: Step 403 accepted, E=-10.834182 Ha
Worker 3: Step 480, op=correlated_displacement, ΔE=0.0005 eV, accept=True
Worker 1: Step 537 accepted, E=-10.835888 Ha
Worker 11: Step 390 accepted, E=-10.835260 Ha
Worker 14: Step 429 accepted, E=-10.835986 Ha
Worker 7: Step 472 accepted, E=-10.835226 Ha
Worker 3: Step 480 accepted, E=-10.835751 Ha
Worker 6: Step 445 accepted, E=-10.831885 Ha
Worker 0: Step 453 accepted, E=-10.833863 Ha
Worker 18: Step 378 accepted, E=-10.835051 Ha
Worker 2: No change from 'mirror', skipping.
Worker 8: Step 357 accepted, E=-10.834421 Ha
Worker 5: Step 444 accepted, E=-10.834570 Ha
Worker 19: Step 287 accepted, E=-10.834528 Ha
Worker 9: Step 456 accepted, E=-10.834831 Ha
Worker 17: Step 424 accepted, E=-10.834475 Ha
Worker 10: Step 440 accepted, E=-10.834696 Ha
Worker 16: Step 414 accepted, E=-10.834903 Ha
Worker 12: Step 377 accepted, E=-10.834507 Ha
Worker 15: Step 365 accepted, E=-10.835499 Ha
Worker 4: Step 449 accepted, E=-10.835103 Ha
Worker 7: Step 473 accepted, E=-10.835222 Ha
Worker 13: Step 404 accepted, E=-10.834152 Ha
Worker 1: Step 538 accepted, E=-10.835868 Ha
Worker 15: No change from 'small_principal_axis_rotation', skipping.
Worker 3: Step 481 accepted, E=-10.835735 Ha
Worker 9: No change from 'mirror', skipping.
Worker 6: Step 446 accepted, E=-10.831908 Ha
Worker 14: Step 430, op=local_twist, ΔE=0.0009 eV, accept=True
Worker 2: Step 538 accepted, E=-10.834465 Ha
Worker 12: No change from 'principal_axis_rotation', skipping.
Worker 0: Step 454 accepted, E=-10.833854 Ha
Worker 14: Step 430 accepted, E=-10.835952 Ha
Worker 18: Step 379 accepted, E=-10.835002 Ha
Worker 11: Step 391 accepted, E=-10.835272 Ha
Worker 5: Step 445 accepted, E=-10.834572 Ha
Worker 19: Step 288 accepted, E=-10.834535 Ha
Worker 17: Step 425 accepted, E=-10.834475 Ha
Worker 16: Step 415 accepted, E=-10.833896 Ha
Worker 4: Step 450 accepted, E=-10.835140 Ha
Worker 15: Step 367 accepted, E=-10.835495 Ha
Worker 7: Step 474 accepted, E=-10.835173 Ha
Worker 1: Step 539 accepted, E=-10.835876 Ha
Worker 3: Step 482 accepted, E=-10.835727 Ha
Worker 8: Step 358 accepted, E=-10.834421 Ha
Worker 9: Step 458 accepted, E=-10.834862 Ha
Worker 2: Step 539 accepted, E=-10.834464 Ha
Worker 6: Step 447 accepted, E=-10.831913 Ha
Worker 12: Step 379 accepted, E=-10.834517 Ha
Worker 0: Step 455 accepted, E=-10.833930 Ha
Worker 18: Step 380 accepted, E=-10.835016 Ha
Worker 5: Step 446 accepted, E=-10.834581 Ha
Worker 17: Step 426 accepted, E=-10.834480 Ha
Worker 14: Step 431 accepted, E=-10.835649 Ha
Worker 19: Step 289 accepted, E=-10.834511 Ha
Worker 16: Step 416 accepted, E=-10.834038 Ha
Worker 10: Step 442 accepted, E=-10.834696 Ha
Worker 15: Step 368 accepted, E=-10.835615 Ha
Worker 2: Step 540, op=random_displacement, ΔE=0.0000 eV, accept=True
Worker 13: Step 406 accepted, E=-10.835612 Ha
Worker 7: Step 475 accepted, E=-10.835145 Ha
Worker 11: Step 392 accepted, E=-10.835296 Ha
Worker 2: Step 540 accepted, E=-10.834464 Ha
Worker 3: Step 483 accepted, E=-10.835659 Ha
Worker 1: Step 540 accepted, E=-10.835888 Ha
Worker 9: Step 459 accepted, E=-10.834856 Ha
Worker 12: Step 380 accepted, E=-10.834535 Ha
Worker 0: Step 456 accepted, E=-10.833943 Ha
Worker 6: Step 448 accepted, E=-10.834893 Ha
Worker 5: Step 447 accepted, E=-10.834587 Ha
Worker 18: Step 381 accepted, E=-10.835032 Ha
Worker 17: Step 427 accepted, E=-10.834480 Ha
Worker 19: Step 290, op=random_rotation, ΔE=0.0009 eV, accept=True
Worker 8: Step 359 accepted, E=-10.834988 Ha
Worker 19: Step 290 accepted, E=-10.834480 Ha
Worker 14: Step 432 accepted, E=-10.835636 Ha
Worker 10: Step 443 accepted, E=-10.834668 Ha
Worker 4: Step 452 accepted, E=-10.835449 Ha
Worker 16: Step 417 accepted, E=-10.834053 Ha
Worker 15: Step 369 accepted, E=-10.835640 Ha
Worker 2: Step 541 accepted, E=-10.834463 Ha
Worker 7: Step 476 accepted, E=-10.835161 Ha
Worker 13: Step 407 accepted, E=-10.835672 Ha
Worker 3: Step 484 accepted, E=-10.835538 Ha
Worker 9: Step 460 accepted, E=-10.834856 Ha
Worker 1: Step 541 accepted, E=-10.835967 Ha
Worker 16: No change from 'small_principal_axis_rotation', skipping.
Worker 12: Step 381 accepted, E=-10.834532 Ha
Worker 0: Step 457 accepted, E=-10.833834 Ha
Worker 6: Step 449 accepted, E=-10.834899 Ha
Worker 18: Step 382 accepted, E=-10.835040 Ha
Worker 17: Step 428 accepted, E=-10.834479 Ha
Worker 12: No change from 'exchange', skipping.
Worker 11: Step 393 accepted, E=-10.835340 Ha
Worker 19: Step 291 accepted, E=-10.834448 Ha
Worker 10: Step 444 accepted, E=-10.834728 Ha
Worker 2: Step 542 accepted, E=-10.834463 Ha
Worker 15: Step 370 accepted, E=-10.835667 Ha
Worker 4: Step 453 accepted, E=-10.835495 Ha
Worker 7: Step 477 accepted, E=-10.835190 Ha
Worker 9: Step 461 accepted, E=-10.834856 Ha
Worker 3: Step 485 accepted, E=-10.835554 Ha
Worker 16: Step 419 accepted, E=-10.834146 Ha
Worker 1: Step 542 accepted, E=-10.835965 Ha
Worker 5: Step 449 accepted, E=-10.834565 Ha
Worker 8: Step 360 accepted, E=-10.835036 Ha
Worker 13: Step 408 accepted, E=-10.835673 Ha
Worker 0: Step 458 accepted, E=-10.833648 Ha
Worker 6: Step 450, op=exchange, ΔE=0.1880 eV, accept=False
Worker 18: Step 383 accepted, E=-10.835039 Ha
Worker 17: Step 429 accepted, E=-10.834485 Ha
Worker 12: Step 383 accepted, E=-10.834527 Ha
Worker 0: No change from 'small_principal_axis_rotation', skipping.
Worker 19: Step 292 accepted, E=-10.834441 Ha
Worker 2: Step 543 accepted, E=-10.834463 Ha
Worker 10: Step 445 accepted, E=-10.834733 Ha
Worker 15: Step 371 accepted, E=-10.835521 Ha
Worker 7: Step 478 accepted, E=-10.835194 Ha
Worker 9: Step 462 accepted, E=-10.834800 Ha
Worker 4: Step 454 accepted, E=-10.835619 Ha
Worker 3: Step 486 accepted, E=-10.835606 Ha
Worker 0: No change from 'mirror', skipping.
Worker 7: No change from 'small_principal_axis_rotation', skipping.
Worker 1: Step 543 accepted, E=-10.835979 Ha
Worker 5: Step 450 accepted, E=-10.834571 Ha
Worker 11: Step 394 accepted, E=-10.835338 Ha
Worker 16: Step 420 accepted, E=-10.834290 Ha
Worker 13: Step 409 accepted, E=-10.835753 Ha
Worker 14: Step 434 accepted, E=-10.835615 Ha
Worker 18: Step 384 accepted, E=-10.835020 Ha
Worker 17: Step 430, op=small_principal_axis_rotation, ΔE=0.0002 eV, accept=True
Worker 12: Step 384 accepted, E=-10.834527 Ha
Worker 17: Step 430 accepted, E=-10.834477 Ha
Worker 19: Step 293 accepted, E=-10.834437 Ha
Worker 2: Step 544 accepted, E=-10.834463 Ha
Worker 4: No change from 'mirror', skipping.
Worker 8: Step 361 accepted, E=-10.835007 Ha
Worker 6: Step 451 accepted, E=-10.834854 Ha
Worker 10: Step 446 accepted, E=-10.834769 Ha
Worker 9: Step 463 accepted, E=-10.834782 Ha
Worker 15: Step 372 accepted, E=-10.835590 Ha
Worker 17: No change from 'mirror', skipping.
Worker 7: Step 480, op=random_displacement, ΔE=0.0021 eV, accept=True
Worker 5: Step 451 accepted, E=-10.834569 Ha
Worker 3: Step 487 accepted, E=-10.835743 Ha
Worker 7: Step 480 accepted, E=-10.835116 Ha
Worker 0: Step 461 accepted, E=-10.833661 Ha
Worker 1: Step 544 accepted, E=-10.836024 Ha
Worker 18: Step 385 accepted, E=-10.835093 Ha
Worker 16: Step 421 accepted, E=-10.834235 Ha
Worker 2: Step 545 accepted, E=-10.834457 Ha
Worker 12: Step 385 accepted, E=-10.834534 Ha
Worker 19: Step 294 accepted, E=-10.834651 Ha
Worker 14: Step 435 accepted, E=-10.835462 Ha
Worker 4: Step 456 accepted, E=-10.835609 Ha
Worker 10: Step 447 accepted, E=-10.834777 Ha
Worker 18: No change from 'random_displacement', skipping.
Worker 9: Step 464 accepted, E=-10.834780 Ha
Worker 11: Step 395 accepted, E=-10.835383 Ha
Worker 6: Step 452 accepted, E=-10.834724 Ha
Worker 13: Step 410 accepted, E=-10.835815 Ha
Worker 15: Step 373 accepted, E=-10.835574 Ha
Worker 16: No change from 'mirror', skipping.
Worker 17: Step 432 accepted, E=-10.834482 Ha
Worker 5: Step 452 accepted, E=-10.834834 Ha
Worker 7: Step 481 accepted, E=-10.835094 Ha
Worker 0: Step 462 accepted, E=-10.833547 Ha
Worker 2: Step 546 accepted, E=-10.834486 Ha
Worker 3: Step 488 accepted, E=-10.835743 Ha
Worker 18: No change from 'large_displacement', skipping.
Worker 1: Step 545 accepted, E=-10.836062 Ha
Worker 8: Step 362 accepted, E=-10.835000 Ha
Worker 19: Step 295 accepted, E=-10.834655 Ha
Worker 12: Step 386 accepted, E=-10.834528 Ha
Worker 4: Step 457 accepted, E=-10.835619 Ha
Worker 10: Step 448 accepted, E=-10.834686 Ha
Worker 9: Step 465 accepted, E=-10.834793 Ha
Worker 14: Step 436 accepted, E=-10.835054 Ha
Worker 17: Step 433 accepted, E=-10.834663 Ha
Worker 15: Step 374 accepted, E=-10.835526 Ha
Worker 7: Step 482 accepted, E=-10.835107 Ha
Worker 5: Step 453 accepted, E=-10.834855 Ha
Worker 2: Step 547 accepted, E=-10.834486 Ha
Worker 0: Step 463 accepted, E=-10.833778 Ha
Worker 3: Step 489 accepted, E=-10.835780 Ha
Worker 16: Step 423 accepted, E=-10.834555 Ha
Worker 18: Step 388 accepted, E=-10.835081 Ha
Worker 12: Step 387 accepted, E=-10.834528 Ha
Worker 19: Step 296 accepted, E=-10.834660 Ha
Worker 1: Step 546 accepted, E=-10.836062 Ha
Worker 11: Step 396 accepted, E=-10.835461 Ha
Worker 13: Step 411 accepted, E=-10.835815 Ha
Worker 4: Step 458 accepted, E=-10.835634 Ha
Worker 10: Step 449 accepted, E=-10.834691 Ha
Worker 9: Step 466 accepted, E=-10.834791 Ha
Worker 6: Step 454 accepted, E=-10.835030 Ha
Worker 17: Step 434 accepted, E=-10.834765 Ha
Worker 2: Step 548 accepted, E=-10.834485 Ha
Worker 8: Step 363 accepted, E=-10.834996 Ha
Worker 14: Step 437 accepted, E=-10.835213 Ha
Worker 7: Step 483 accepted, E=-10.835138 Ha
Worker 3: Step 490, op=random_rotation, ΔE=0.0001 eV, accept=True
Worker 0: Step 464 accepted, E=-10.833640 Ha
Worker 3: Step 490 accepted, E=-10.835775 Ha
Worker 18: Step 389 accepted, E=-10.835107 Ha
Worker 16: Step 424 accepted, E=-10.834221 Ha
Worker 12: Step 388 accepted, E=-10.834520 Ha
Worker 6: No change from 'mirror', skipping.
Worker 19: Step 297 accepted, E=-10.834684 Ha
Worker 1: Step 547 accepted, E=-10.836081 Ha
Worker 9: Step 467 accepted, E=-10.834811 Ha
Worker 2: Step 549 accepted, E=-10.834485 Ha
Worker 10: Step 450 accepted, E=-10.834707 Ha
Worker 4: Step 459 accepted, E=-10.835649 Ha
Worker 17: Step 435 accepted, E=-10.834764 Ha
Worker 15: Step 376 accepted, E=-10.835473 Ha
Worker 4: No change from 'small_principal_axis_rotation', skipping.
Worker 11: Step 397 accepted, E=-10.835466 Ha
Worker 5: Step 455 accepted, E=-10.834824 Ha
Worker 7: Step 484 accepted, E=-10.835104 Ha
Worker 13: Step 412 accepted, E=-10.835610 Ha
Worker 0: Step 465 accepted, E=-10.833407 Ha
Worker 18: Step 390 accepted, E=-10.835109 Ha
Worker 3: Step 491 accepted, E=-10.835745 Ha
Worker 12: Step 389 accepted, E=-10.834530 Ha
Worker 14: Step 438 accepted, E=-10.835233 Ha
Worker 6: Step 456 accepted, E=-10.835025 Ha
Worker 5: No change from 'small_principal_axis_rotation', skipping.
Worker 16: Step 425 accepted, E=-10.834134 Ha
Worker 19: Step 298 accepted, E=-10.834634 Ha
Worker 2: Step 550, op=random_displacement, ΔE=0.0000 eV, accept=True
Worker 2: Step 550 accepted, E=-10.834485 Ha
Worker 1: Step 548 accepted, E=-10.836031 Ha
Worker 8: Step 364 accepted, E=-10.834994 Ha
Worker 9: Step 468 accepted, E=-10.834807 Ha
Worker 17: Step 436 accepted, E=-10.834751 Ha
Worker 10: Step 451 accepted, E=-10.834728 Ha
Worker 9: No change from 'principal_axis_rotation', skipping.
Worker 15: Step 377 accepted, E=-10.834983 Ha
Worker 2: No change from 'correlated_displacement', skipping.
Worker 4: Step 461 accepted, E=-10.835661 Ha
Worker 7: Step 485 accepted, E=-10.835091 Ha
Worker 9: No change from 'small_principal_axis_rotation', skipping.
Worker 13: Step 413 accepted, E=-10.835618 Ha
Worker 0: Step 466 accepted, E=-10.833328 Ha
Worker 12: Step 390, op=local_twist, ΔE=0.0000 eV, accept=True
Worker 18: Step 391 accepted, E=-10.835114 Ha
Worker 17: No change from 'roto_reflection', skipping.
Worker 3: Step 492 accepted, E=-10.835709 Ha
Worker 5: Step 457 accepted, E=-10.834829 Ha
Worker 12: Step 390 accepted, E=-10.834530 Ha
Worker 6: Step 457 accepted, E=-10.835280 Ha
Worker 16: Step 426 accepted, E=-10.834139 Ha
Worker 19: Step 299 accepted, E=-10.834635 Ha
Worker 14: Step 439 accepted, E=-10.835320 Ha
Worker 1: Step 549 accepted, E=-10.836055 Ha
Worker 19: No change from 'small_principal_axis_rotation', skipping.
Worker 10: Step 452 accepted, E=-10.834739 Ha
Worker 11: Step 398 accepted, E=-10.835484 Ha
Worker 2: Step 552 accepted, E=-10.834486 Ha
Worker 15: Step 378 accepted, E=-10.834969 Ha
Worker 9: Step 471 accepted, E=-10.835101 Ha
Worker 7: Step 486 accepted, E=-10.835038 Ha
Worker 4: Step 462 accepted, E=-10.835676 Ha
Worker 13: Step 414 accepted, E=-10.835670 Ha
Worker 8: Step 365 accepted, E=-10.834996 Ha
Worker 1: No change from 'correlated_displacement', skipping.
Worker 17: Step 438 accepted, E=-10.834745 Ha
Worker 0: Step 467 accepted, E=-10.833318 Ha
Worker 3: Step 493 accepted, E=-10.835688 Ha
Worker 12: Step 391 accepted, E=-10.834528 Ha
Worker 5: Step 458 accepted, E=-10.834834 Ha
Worker 18: Step 392 accepted, E=-10.835135 Ha
Worker 1: No change from 'small_principal_axis_rotation', skipping.
Worker 16: Step 427 accepted, E=-10.834180 Ha
Worker 8: No change from 'small_principal_axis_rotation', skipping.
Worker 6: Step 458 accepted, E=-10.835277 Ha
Worker 10: Step 453 accepted, E=-10.834692 Ha
Worker 2: Step 553 accepted, E=-10.834486 Ha
Worker 14: Step 440, op=large_displacement, ΔE=0.5033 eV, accept=False
Worker 19: Step 301 accepted, E=-10.834633 Ha
Worker 9: Step 472 accepted, E=-10.835126 Ha
Worker 7: Step 487 accepted, E=-10.835038 Ha
Worker 15: Step 379 accepted, E=-10.834960 Ha
Worker 4: Step 463 accepted, E=-10.835550 Ha
Worker 0: Step 468 accepted, E=-10.833332 Ha
Worker 17: Step 439 accepted, E=-10.834745 Ha
Worker 12: Step 392 accepted, E=-10.834535 Ha
Worker 18: Step 393 accepted, E=-10.835138 Ha
Worker 11: Step 399 accepted, E=-10.835463 Ha
Worker 3: Step 494 accepted, E=-10.835633 Ha
Worker 5: Step 459 accepted, E=-10.834621 Ha
Worker 1: Step 552 accepted, E=-10.836050 Ha
Worker 4: No change from 'small_principal_axis_rotation', skipping.
Worker 16: Step 428 accepted, E=-10.834191 Ha
Worker 2: Step 554 accepted, E=-10.834486 Ha
Worker 10: Step 454 accepted, E=-10.834707 Ha
Worker 6: Step 459 accepted, E=-10.835275 Ha
Worker 9: Step 473 accepted, E=-10.835302 Ha
Worker 7: Step 488 accepted, E=-10.835044 Ha
Worker 15: Step 380, op=local_twist, ΔE=0.0001 eV, accept=True
Worker 8: Step 367 accepted, E=-10.834964 Ha
Worker 19: Step 302 accepted, E=-10.834637 Ha
Worker 15: Step 380 accepted, E=-10.834957 Ha
Worker 14: Step 441 accepted, E=-10.835321 Ha
Worker 6: No change from 'small_principal_axis_rotation', skipping.
Worker 0: Step 469 accepted, E=-10.833746 Ha
Worker 18: Step 394 accepted, E=-10.835119 Ha
Worker 12: Step 393 accepted, E=-10.834536 Ha
Worker 17: Step 440, op=random_rotation, ΔE=0.0000 eV, accept=True
Worker 5: Step 460, op=twist, ΔE=0.0007 eV, accept=True
Worker 17: Step 440 accepted, E=-10.834744 Ha
Worker 3: Step 495 accepted, E=-10.835594 Ha
Worker 5: Step 460 accepted, E=-10.834596 Ha
Worker 1: Step 553 accepted, E=-10.836040 Ha
Worker 2: Step 555 accepted, E=-10.834483 Ha
Worker 13: Step 416 accepted, E=-10.835841 Ha
Worker 4: Step 465 accepted, E=-10.835531 Ha
Worker 16: Step 429 accepted, E=-10.834183 Ha
Worker 10: Step 455 accepted, E=-10.834730 Ha
Worker 11: Step 400, op=correlated_displacement, ΔE=0.0007 eV, accept=True
Worker 11: Step 400 accepted, E=-10.835438 Ha
Worker 9: Step 474 accepted, E=-10.835256 Ha
Worker 7: Step 489 accepted, E=-10.835090 Ha
Worker 19: Step 303 accepted, E=-10.834632 Ha
Worker 12: Step 394 accepted, E=-10.834539 Ha
Worker 15: Step 381 accepted, E=-10.834932 Ha
Worker 6: Step 461 accepted, E=-10.835156 Ha
Worker 0: Step 470 accepted, E=-10.833857 Ha
Worker 9: No change from 'small_principal_axis_rotation', skipping.
Worker 18: Step 395 accepted, E=-10.835198 Ha
Worker 17: Step 441 accepted, E=-10.834729 Ha
Worker 5: Step 461 accepted, E=-10.834601 Ha
Worker 3: Step 496 accepted, E=-10.835346 Ha
Worker 2: Step 556 accepted, E=-10.834484 Ha
Worker 14: Step 442 accepted, E=-10.835305 Ha
Worker 8: Step 368 accepted, E=-10.834971 Ha
Worker 1: Step 554 accepted, E=-10.836096 Ha
Worker 13: Step 417 accepted, E=-10.835853 Ha
Worker 10: Step 456 accepted, E=-10.834730 Ha
Worker 4: Step 466 accepted, E=-10.835499 Ha
Worker 16: Step 430 accepted, E=-10.834928 Ha
Worker 7: Step 490 accepted, E=-10.835107 Ha
Worker 16: No change from 'small_principal_axis_rotation', skipping.
Worker 19: Step 304 accepted, E=-10.834638 Ha
Worker 12: Step 395 accepted, E=-10.834508 Ha
Worker 15: Step 382 accepted, E=-10.834968 Ha
Worker 17: Step 442 accepted, E=-10.834751 Ha
Worker 6: Step 462 accepted, E=-10.835117 Ha
Worker 9: Step 476 accepted, E=-10.835340 Ha
Worker 18: Step 396 accepted, E=-10.834695 Ha
Worker 0: Step 471 accepted, E=-10.833870 Ha
Worker 5: Step 462 accepted, E=-10.834601 Ha
Worker 8: No change from 'large_displacement', skipping.
Worker 2: Step 557 accepted, E=-10.834483 Ha
Worker 19: No change from 'small_principal_axis_rotation', skipping.
Worker 3: Step 497 accepted, E=-10.835622 Ha
Worker 11: Step 401 accepted, E=-10.835393 Ha
Worker 12: No change from 'large_displacement', skipping.
Worker 1: Step 555 accepted, E=-10.836104 Ha
Worker 10: Step 457 accepted, E=-10.834730 Ha
Worker 13: Step 418 accepted, E=-10.835814 Ha
Worker 4: Step 467 accepted, E=-10.835415 Ha
Worker 7: Step 491 accepted, E=-10.835102 Ha
Worker 16: Step 432 accepted, E=-10.834928 Ha
Worker 17: Step 443 accepted, E=-10.834450 Ha
Worker 18: Step 397 accepted, E=-10.834696 Ha
Worker 5: Step 463 accepted, E=-10.834601 Ha
Worker 2: Step 558 accepted, E=-10.834483 Ha
Worker 15: Step 383 accepted, E=-10.834914 Ha
Worker 6: Step 463 accepted, E=-10.835125 Ha
Worker 9: Step 477 accepted, E=-10.835330 Ha
Worker 19: Step 306 accepted, E=-10.834632 Ha
Worker 0: Step 472 accepted, E=-10.833814 Ha
Worker 3: Step 498 accepted, E=-10.835544 Ha
Worker 12: Step 397 accepted, E=-10.834523 Ha
Worker 10: Step 458 accepted, E=-10.834820 Ha
Worker 13: Step 419 accepted, E=-10.835817 Ha
Worker 1: Step 556 accepted, E=-10.836071 Ha
Worker 17: No change from 'roto_reflection', skipping.
Worker 14: Step 444 accepted, E=-10.834714 Ha
Worker 4: Step 468 accepted, E=-10.835376 Ha
Worker 8: Step 370, op=local_twist, ΔE=0.0000 eV, accept=True
Worker 7: Step 492 accepted, E=-10.835102 Ha
Worker 8: Step 370 accepted, E=-10.834970 Ha
Worker 2: Step 559 accepted, E=-10.834484 Ha
Worker 16: Step 433 accepted, E=-10.834848 Ha
Worker 13: No change from 'large_displacement', skipping.
Worker 11: Step 402 accepted, E=-10.835412 Ha
Worker 18: Step 398 accepted, E=-10.834698 Ha
Worker 5: Step 464 accepted, E=-10.834609 Ha
Worker 19: Step 307 accepted, E=-10.834638 Ha
Worker 9: Step 478 accepted, E=-10.835301 Ha
Worker 15: Step 384 accepted, E=-10.834914 Ha
Worker 0: Step 473 accepted, E=-10.833826 Ha
Worker 3: Step 499 accepted, E=-10.835598 Ha
Worker 12: Step 398 accepted, E=-10.834506 Ha
Worker 17: Step 445 accepted, E=-10.834453 Ha
Worker 10: Step 459 accepted, E=-10.834862 Ha
Worker 1: Step 557 accepted, E=-10.836124 Ha
Worker 2: Step 560, op=local_twist, ΔE=0.0000 eV, accept=True
Worker 4: Step 469 accepted, E=-10.835427 Ha
Worker 7: Step 493 accepted, E=-10.835106 Ha
Worker 2: Step 560 accepted, E=-10.834483 Ha
Worker 13: Step 421 accepted, E=-10.835826 Ha
Worker 14: Step 445 accepted, E=-10.834871 Ha
Worker 16: Step 434 accepted, E=-10.834834 Ha
Worker 5: Step 465 accepted, E=-10.834610 Ha
Worker 18: Step 399 accepted, E=-10.834736 Ha
Worker 19: Step 308 accepted, E=-10.834651 Ha
Worker 9: Step 479 accepted, E=-10.835284 Ha
Worker 15: Step 385 accepted, E=-10.834755 Ha
Worker 0: Step 474 accepted, E=-10.833874 Ha
Worker 3: Step 500 accepted, E=-10.835640 Ha
Worker 6: Step 465 accepted, E=-10.835124 Ha
Worker 12: Step 399 accepted, E=-10.834476 Ha
Worker 8: Step 371 accepted, E=-10.834972 Ha
Worker 17: Step 446 accepted, E=-10.834452 Ha
Worker 10: Step 460 accepted, E=-10.834903 Ha
Worker 1: Step 558 accepted, E=-10.836062 Ha
Worker 11: Step 403 accepted, E=-10.835452 Ha
Worker 2: Step 561 accepted, E=-10.834483 Ha
Worker 7: Step 494 accepted, E=-10.835099 Ha
Worker 4: Step 470, op=random_rotation, ΔE=0.0007 eV, accept=True
Worker 4: Step 470 accepted, E=-10.835403 Ha
Worker 5: Step 466 accepted, E=-10.834594 Ha
Worker 16: Step 435 accepted, E=-10.834826 Ha
Worker 18: Step 400 accepted, E=-10.834765 Ha
Worker 9: Step 480, op=small_principal_axis_rotation, ΔE=0.0030 eV, accept=True
Worker 9: Step 480 accepted, E=-10.835174 Ha
Worker 15: Step 386 accepted, E=-10.834829 Ha
Worker 0: Step 475 accepted, E=-10.833860 Ha
Worker 3: Step 501 accepted, E=-10.835640 Ha
Worker 13: Step 422 accepted, E=-10.835851 Ha
Worker 19: Step 309 accepted, E=-10.834627 Ha
Worker 12: Step 400, op=local_twist, ΔE=0.0002 eV, accept=True
Worker 17: Step 447 accepted, E=-10.834452 Ha
Worker 12: Step 400 accepted, E=-10.834468 Ha
Worker 10: Step 461 accepted, E=-10.835020 Ha
Worker 2: Step 562 accepted, E=-10.834483 Ha
Worker 6: Step 466 accepted, E=-10.835262 Ha
Worker 1: Step 559 accepted, E=-10.836060 Ha
Worker 7: Step 495 accepted, E=-10.835101 Ha
Worker 5: Step 467 accepted, E=-10.834600 Ha
Worker 18: Step 401 accepted, E=-10.834766 Ha
Worker 4: Step 471 accepted, E=-10.835403 Ha
Worker 16: Step 436 accepted, E=-10.834791 Ha
Worker 0: Step 476 accepted, E=-10.833860 Ha
Worker 9: Step 481 accepted, E=-10.835147 Ha
Worker 8: Step 372 accepted, E=-10.834697 Ha
Worker 13: Step 423 accepted, E=-10.835789 Ha
Worker 11: Step 404 accepted, E=-10.835452 Ha
Worker 14: Step 447 accepted, E=-10.834873 Ha
Worker 19: Step 310, op=small_principal_axis_rotation, ΔE=0.0005 eV, accept=True
Worker 15: Step 387 accepted, E=-10.834829 Ha
Worker 19: Step 310 accepted, E=-10.834609 Ha
Worker 2: Step 563 accepted, E=-10.834484 Ha
Worker 17: Step 448 accepted, E=-10.834732 Ha
Worker 10: Step 462 accepted, E=-10.835037 Ha
Worker 12: Step 401 accepted, E=-10.834454 Ha
Worker 6: Step 467 accepted, E=-10.835198 Ha
Worker 1: Step 560, op=random_displacement, ΔE=0.0017 eV, accept=True
Worker 7: Step 496 accepted, E=-10.835034 Ha
Worker 9: No change from 'roto_reflection', skipping.
Worker 1: Step 560 accepted, E=-10.835996 Ha
Worker 5: Step 468 accepted, E=-10.834607 Ha
Worker 18: Step 402 accepted, E=-10.834765 Ha
Worker 16: Step 437 accepted, E=-10.834271 Ha
Worker 4: Step 472 accepted, E=-10.835401 Ha
Worker 3: Step 503 accepted, E=-10.835699 Ha
Worker 13: Step 424 accepted, E=-10.835715 Ha
Worker 0: Step 477 accepted, E=-10.835115 Ha
Worker 2: Step 564 accepted, E=-10.834493 Ha
Worker 15: Step 388 accepted, E=-10.834668 Ha
Worker 19: Step 311 accepted, E=-10.834620 Ha
Worker 10: Step 463 accepted, E=-10.835055 Ha
Worker 17: Step 449 accepted, E=-10.834708 Ha
Worker 12: Step 402 accepted, E=-10.834447 Ha
Worker 6: Step 468 accepted, E=-10.835190 Ha
Worker 4: No change from 'mirror', skipping.
Worker 14: Step 448 accepted, E=-10.835008 Ha
Worker 7: Step 497 accepted, E=-10.834610 Ha
Worker 10: No change from 'small_principal_axis_rotation', skipping.
Worker 8: Step 373 accepted, E=-10.834689 Ha
Worker 9: Step 483 accepted, E=-10.835123 Ha
Worker 1: Step 561 accepted, E=-10.833577 Ha
Worker 5: Step 469 accepted, E=-10.834595 Ha
Worker 11: Step 405 accepted, E=-10.835285 Ha
Worker 16: Step 438 accepted, E=-10.834279 Ha
Worker 18: Step 403 accepted, E=-10.835227 Ha
Worker 2: Step 565 accepted, E=-10.834494 Ha
Worker 3: Step 504 accepted, E=-10.835673 Ha
Worker 9: No change from 'large_displacement', skipping.
Worker 0: Step 478 accepted, E=-10.835132 Ha
Worker 19: Step 312 accepted, E=-10.834631 Ha
Worker 17: Step 450, op=local_twist, ΔE=0.0001 eV, accept=True
Worker 12: Step 403 accepted, E=-10.834433 Ha
Worker 6: Step 469 accepted, E=-10.835189 Ha
Worker 17: Step 450 accepted, E=-10.834703 Ha
Worker 7: Step 498 accepted, E=-10.834529 Ha
Worker 4: Step 474 accepted, E=-10.835699 Ha
Worker 10: Step 465 accepted, E=-10.835058 Ha
Worker 5: Step 470, op=correlated_displacement, ΔE=0.0003 eV, accept=True
Worker 9: No change from 'roto_reflection', skipping.
Worker 5: Step 470 accepted, E=-10.834585 Ha
Worker 2: Step 566 accepted, E=-10.834493 Ha
Worker 16: Step 439 accepted, E=-10.834307 Ha
Worker 1: Step 562 accepted, E=-10.833577 Ha
Worker 18: Step 404 accepted, E=-10.835233 Ha
Worker 3: Step 505 accepted, E=-10.835503 Ha
Worker 13: Step 426 accepted, E=-10.835742 Ha
Worker 8: Step 374 accepted, E=-10.834688 Ha
Worker 15: Step 390 accepted, E=-10.835371 Ha
Worker 19: Step 313 accepted, E=-10.834621 Ha
Worker 0: Step 479 accepted, E=-10.835132 Ha
Worker 12: Step 404 accepted, E=-10.834503 Ha
Worker 17: Step 451 accepted, E=-10.834709 Ha
Worker 6: Step 470 accepted, E=-10.835238 Ha
Worker 7: Step 499 accepted, E=-10.834532 Ha
Worker 11: Step 406 accepted, E=-10.835260 Ha
Worker 9: Step 486 accepted, E=-10.835167 Ha
Worker 10: Step 466 accepted, E=-10.835031 Ha
Worker 2: Step 567 accepted, E=-10.834493 Ha
Worker 4: Step 475 accepted, E=-10.835684 Ha
Worker 5: Step 471 accepted, E=-10.834590 Ha
Worker 16: Step 440, op=random_rotation, ΔE=0.0003 eV, accept=True
Worker 18: Step 405 accepted, E=-10.835249 Ha
Worker 16: Step 440 accepted, E=-10.834297 Ha
Worker 3: Step 506 accepted, E=-10.835632 Ha
Worker 1: Step 563 accepted, E=-10.835242 Ha
Worker 14: Step 450, op=random_rotation, ΔE=0.0000 eV, accept=True
Worker 14: Step 450 accepted, E=-10.835008 Ha
Worker 0: Step 480, op=large_displacement, ΔE=0.0116 eV, accept=True
Worker 13: Step 427 accepted, E=-10.835006 Ha
Worker 15: Step 391 accepted, E=-10.835370 Ha
Worker 0: Step 480 accepted, E=-10.834707 Ha
Worker 19: Step 314 accepted, E=-10.834605 Ha
Worker 14: Clash after 'large_displacement', rejecting.
Worker 7: Step 500 accepted, E=-10.834533 Ha
Worker 12: Step 405 accepted, E=-10.834556 Ha
Worker 18: No change from 'large_displacement', skipping.
Worker 17: Step 452 accepted, E=-10.834680 Ha
Worker 2: Step 568 accepted, E=-10.834493 Ha
Worker 9: Step 487 accepted, E=-10.835141 Ha
Worker 6: Step 471 accepted, E=-10.835240 Ha
Worker 10: Step 467 accepted, E=-10.834909 Ha
Worker 8: Step 375 accepted, E=-10.834665 Ha
Worker 4: Step 476 accepted, E=-10.835662 Ha
Worker 5: Step 472 accepted, E=-10.834587 Ha
Worker 10: No change from 'small_principal_axis_rotation', skipping.
Worker 16: Step 441 accepted, E=-10.834276 Ha
Worker 3: Step 507 accepted, E=-10.835621 Ha
Worker 1: Step 564 accepted, E=-10.835308 Ha
Worker 11: Step 407 accepted, E=-10.835072 Ha
Worker 19: Step 315 accepted, E=-10.834610 Ha
Worker 13: Step 428 accepted, E=-10.834975 Ha
Worker 15: Step 392 accepted, E=-10.835369 Ha
Worker 7: Step 501 accepted, E=-10.834524 Ha
Worker 2: Step 569 accepted, E=-10.834493 Ha
Worker 12: Step 406 accepted, E=-10.834557 Ha
Worker 0: Step 481 accepted, E=-10.834690 Ha
Worker 18: Step 407 accepted, E=-10.835226 Ha
Worker 17: Step 453 accepted, E=-10.834674 Ha
Worker 9: Step 488 accepted, E=-10.835178 Ha
Worker 6: Step 472 accepted, E=-10.835264 Ha
Worker 14: Step 452 accepted, E=-10.834993 Ha
Worker 12: No change from 'mirror', skipping.
Worker 5: Step 473 accepted, E=-10.834592 Ha
Worker 4: Step 477 accepted, E=-10.835580 Ha
Worker 10: Step 469 accepted, E=-10.834993 Ha
Worker 16: Step 442 accepted, E=-10.834216 Ha
Worker 3: Step 508 accepted, E=-10.835623 Ha
Worker 1: Step 565 accepted, E=-10.835223 Ha
Worker 2: Step 570 accepted, E=-10.834494 Ha
Worker 7: Step 502 accepted, E=-10.834524 Ha
Worker 15: Step 393 accepted, E=-10.835319 Ha
Worker 13: Step 429 accepted, E=-10.835006 Ha
Worker 0: Step 482 accepted, E=-10.834690 Ha
Worker 8: Step 376 accepted, E=-10.834660 Ha
Worker 19: Step 316 accepted, E=-10.834607 Ha
Worker 17: Step 454 accepted, E=-10.834670 Ha
Worker 9: Step 489 accepted, E=-10.835110 Ha
Worker 4: No change from 'random_displacement', skipping.
Worker 14: Step 453 accepted, E=-10.834998 Ha
Worker 12: Step 408 accepted, E=-10.834470 Ha
Worker 18: Step 408 accepted, E=-10.835185 Ha
Worker 11: Step 408 accepted, E=-10.835136 Ha
Worker 5: Step 474 accepted, E=-10.834577 Ha
Worker 10: Step 470, op=local_twist, ΔE=0.0000 eV, accept=True
Worker 10: Step 470 accepted, E=-10.834992 Ha
Worker 9: No change from 'mirror', skipping.
Worker 16: Step 443 accepted, E=-10.834211 Ha
Worker 6: Step 473 accepted, E=-10.834417 Ha
Worker 7: Step 503 accepted, E=-10.834518 Ha
Worker 2: Step 571 accepted, E=-10.834494 Ha
Worker 5: No change from 'small_principal_axis_rotation', skipping.
Worker 13: Step 430 accepted, E=-10.835030 Ha
Worker 0: Step 483 accepted, E=-10.834678 Ha
Worker 15: Step 394 accepted, E=-10.835257 Ha
Worker 1: Step 566 accepted, E=-10.835224 Ha
Worker 19: Step 317 accepted, E=-10.834650 Ha
Worker 17: Step 455 accepted, E=-10.834663 Ha
Worker 4: Step 479 accepted, E=-10.835574 Ha
Worker 5: No change from 'mirror', skipping.
Worker 12: Step 409 accepted, E=-10.834690 Ha
Worker 0: No change from 'roto_reflection', skipping.
Worker 2: Step 572 accepted, E=-10.834492 Ha
Worker 10: Step 471 accepted, E=-10.834990 Ha
Worker 8: Step 377 accepted, E=-10.834663 Ha
Worker 9: Step 491 accepted, E=-10.835135 Ha
Worker 16: Step 444 accepted, E=-10.834197 Ha
Worker 3: Step 510, op=random_displacement, ΔE=0.0011 eV, accept=True
Worker 14: Step 454 accepted, E=-10.834990 Ha
Worker 6: Step 474 accepted, E=-10.834420 Ha
Worker 7: Step 504 accepted, E=-10.834513 Ha
Worker 3: Step 510 accepted, E=-10.835582 Ha
Worker 13: Step 431 accepted, E=-10.835033 Ha
Worker 4: No change from 'random_displacement', skipping.
Worker 18: Step 409 accepted, E=-10.835167 Ha
Worker 15: Step 395 accepted, E=-10.835272 Ha
Worker 12: No change from 'roto_reflection', skipping.
Worker 1: Step 567 accepted, E=-10.835305 Ha
Worker 17: Step 456 accepted, E=-10.834663 Ha
Worker 19: Step 318 accepted, E=-10.834619 Ha
Worker 11: Step 409 accepted, E=-10.835193 Ha
Worker 2: Step 573 accepted, E=-10.834492 Ha
Worker 0: Step 485 accepted, E=-10.834675 Ha
Worker 5: Step 477 accepted, E=-10.834586 Ha
Worker 10: Step 472 accepted, E=-10.835002 Ha
Worker 9: Step 492 accepted, E=-10.835135 Ha
Worker 7: Step 505 accepted, E=-10.834520 Ha
Worker 16: Step 445 accepted, E=-10.834143 Ha
Worker 6: Step 475 accepted, E=-10.834431 Ha
Worker 13: Step 432 accepted, E=-10.835026 Ha
Worker 18: No change from 'roto_reflection', skipping.
Worker 3: Step 511 accepted, E=-10.835648 Ha
Worker 12: Step 411 accepted, E=-10.834676 Ha
Worker 2: No change from 'roto_reflection', skipping.
Worker 14: Step 455 accepted, E=-10.835984 Ha
Worker 4: Step 481 accepted, E=-10.835629 Ha
Worker 19: Step 319 accepted, E=-10.834619 Ha
Worker 15: Step 396 accepted, E=-10.835250 Ha
Worker 17: Step 457 accepted, E=-10.834677 Ha
Worker 1: Step 568 accepted, E=-10.835197 Ha
Worker 8: Step 378 accepted, E=-10.834645 Ha
Worker 0: Step 486 accepted, E=-10.834667 Ha
Worker 5: Step 478 accepted, E=-10.834582 Ha
Worker 16: Step 446 accepted, E=-10.834362 Ha
Worker 10: Step 473 accepted, E=-10.834922 Ha
Worker 9: Step 493 accepted, E=-10.835128 Ha
Worker 6: Step 476 accepted, E=-10.834457 Ha
Worker 7: Step 506 accepted, E=-10.834522 Ha
Worker 18: Step 411 accepted, E=-10.835157 Ha
Worker 13: Step 433 accepted, E=-10.835134 Ha
Worker 11: Step 410, op=small_principal_axis_rotation, ΔE=0.0024 eV, accept=True
Worker 2: Step 575 accepted, E=-10.834492 Ha
Worker 3: Step 512 accepted, E=-10.835716 Ha
Worker 12: Step 412 accepted, E=-10.834679 Ha
Worker 11: Step 410 accepted, E=-10.835104 Ha
Worker 19: Step 320, op=random_rotation, ΔE=0.0001 eV, accept=True
Worker 4: Step 482 accepted, E=-10.835626 Ha
Worker 15: Step 397 accepted, E=-10.835141 Ha
Worker 19: Step 320 accepted, E=-10.834614 Ha
Worker 14: Step 456 accepted, E=-10.835966 Ha
Worker 17: Step 458 accepted, E=-10.834675 Ha
Worker 1: Step 569 accepted, E=-10.835323 Ha
Worker 0: Step 487 accepted, E=-10.834696 Ha
Worker 16: Step 447 accepted, E=-10.834365 Ha
Worker 5: Step 479 accepted, E=-10.834577 Ha
Worker 17: No change from 'large_displacement', skipping.
Worker 10: Step 474 accepted, E=-10.834913 Ha
Worker 8: Step 379 accepted, E=-10.834640 Ha
Worker 9: Step 494 accepted, E=-10.835106 Ha
Worker 7: Step 507 accepted, E=-10.834629 Ha
Worker 2: Step 576 accepted, E=-10.834492 Ha
Worker 6: Step 477 accepted, E=-10.834453 Ha
Worker 13: Step 434 accepted, E=-10.835212 Ha
Worker 18: Step 412 accepted, E=-10.835156 Ha
Worker 5: No change from 'small_principal_axis_rotation', skipping.
Worker 12: Step 413 accepted, E=-10.834675 Ha
Worker 3: Step 513 accepted, E=-10.835722 Ha
Worker 15: Step 398 accepted, E=-10.835121 Ha
Worker 19: Step 321 accepted, E=-10.834616 Ha
Worker 4: Step 483 accepted, E=-10.835605 Ha
Worker 14: Step 457 accepted, E=-10.835965 Ha
Worker 11: Step 411 accepted, E=-10.835118 Ha
Worker 18: No change from 'large_displacement', skipping.
Worker 1: Step 570, op=random_rotation, ΔE=0.0000 eV, accept=True
Worker 0: Step 488 accepted, E=-10.834702 Ha
Worker 1: Step 570 accepted, E=-10.835321 Ha
Worker 16: Step 448 accepted, E=-10.834363 Ha
Worker 17: Step 460, op=random_rotation, ΔE=0.0000 eV, accept=True
Worker 17: Step 460 accepted, E=-10.834674 Ha
Worker 10: Step 475 accepted, E=-10.834897 Ha
Worker 7: Step 508 accepted, E=-10.834617 Ha
Worker 9: Step 495 accepted, E=-10.835091 Ha
Worker 8: Step 380 accepted, E=-10.834652 Ha
Worker 12: Step 414 accepted, E=-10.834647 Ha
Worker 5: Step 481 accepted, E=-10.834573 Ha
Worker 6: Step 478 accepted, E=-10.834454 Ha
Worker 13: Step 435 accepted, E=-10.835186 Ha
Worker 2: Step 577 accepted, E=-10.834492 Ha
Worker 19: Step 322 accepted, E=-10.834648 Ha
Worker 15: Step 399 accepted, E=-10.835118 Ha
Worker 3: Step 514 accepted, E=-10.835722 Ha
Worker 14: Step 458 accepted, E=-10.835588 Ha
Worker 4: Step 484 accepted, E=-10.835637 Ha
Worker 11: Step 412 accepted, E=-10.835154 Ha
Worker 18: Step 414 accepted, E=-10.835131 Ha
Worker 16: Step 449 accepted, E=-10.834643 Ha
Worker 0: Step 489 accepted, E=-10.834707 Ha
Worker 4: No change from 'small_principal_axis_rotation', skipping.
Worker 1: Step 571 accepted, E=-10.835280 Ha
Worker 17: Step 461 accepted, E=-10.834675 Ha
Worker 10: Step 476 accepted, E=-10.834883 Ha
Worker 7: Step 509 accepted, E=-10.834617 Ha
Worker 8: Step 381 accepted, E=-10.834641 Ha
Worker 9: Step 496 accepted, E=-10.834980 Ha
Worker 4: No change from 'small_principal_axis_rotation', skipping.
Worker 5: Step 482 accepted, E=-10.834575 Ha
Worker 12: Step 415 accepted, E=-10.834649 Ha
Worker 13: Step 436 accepted, E=-10.835206 Ha
Worker 11: No change from 'roto_reflection', skipping.
Worker 19: Step 323 accepted, E=-10.834628 Ha
Worker 2: Step 578 accepted, E=-10.834493 Ha
Worker 3: Step 515 accepted, E=-10.835754 Ha
Worker 6: Step 479 accepted, E=-10.834455 Ha
Worker 15: Step 400 accepted, E=-10.835148 Ha
Worker 14: Step 459 accepted, E=-10.835368 Ha
Worker 16: Step 450 accepted, E=-10.834654 Ha
Worker 18: Step 415 accepted, E=-10.835117 Ha
Worker 0: Step 490 accepted, E=-10.834717 Ha
Worker 7: Step 510, op=large_displacement, ΔE=0.0007 eV, accept=True
Worker 7: Step 510 accepted, E=-10.834590 Ha
Worker 1: Step 572 accepted, E=-10.834461 Ha
Worker 17: Step 462 accepted, E=-10.834679 Ha
Worker 8: Step 382 accepted, E=-10.834641 Ha
Worker 12: Step 416 accepted, E=-10.834646 Ha
Worker 9: Step 497 accepted, E=-10.835001 Ha
Worker 5: Step 483 accepted, E=-10.834572 Ha
Worker 13: Step 437 accepted, E=-10.835158 Ha
Worker 4: Step 487 accepted, E=-10.835672 Ha
Worker 3: Step 516 accepted, E=-10.834794 Ha
Worker 19: Step 324 accepted, E=-10.834754 Ha
Worker 15: Step 401 accepted, E=-10.835103 Ha
Worker 6: Step 480 accepted, E=-10.834491 Ha
Worker 16: Step 451 accepted, E=-10.834668 Ha
Worker 14: Step 460, op=correlated_displacement, ΔE=0.0121 eV, accept=True
Worker 14: Step 460 accepted, E=-10.834923 Ha
Worker 18: Step 416 accepted, E=-10.835131 Ha
Worker 7: Step 511 accepted, E=-10.834588 Ha
Worker 0: Step 491 accepted, E=-10.834646 Ha
Worker 17: Step 463 accepted, E=-10.834670 Ha
Worker 2: Step 579 accepted, E=-10.834494 Ha
Worker 11: Step 414 accepted, E=-10.835166 Ha
Worker 10: Step 478 accepted, E=-10.834883 Ha
Worker 12: Step 417 accepted, E=-10.834644 Ha
Worker 15: No change from 'mirror', skipping.
Worker 1: Step 573 accepted, E=-10.834405 Ha
Worker 8: Step 383 accepted, E=-10.834642 Ha
Worker 9: Step 498 accepted, E=-10.835002 Ha
Worker 5: Step 484 accepted, E=-10.834578 Ha
Worker 13: Step 438 accepted, E=-10.835167 Ha
Worker 4: Step 488 accepted, E=-10.835709 Ha
Worker 3: Step 517 accepted, E=-10.834787 Ha
Worker 19: Step 325 accepted, E=-10.834730 Ha
Worker 6: Step 481 accepted, E=-10.834491 Ha
Worker 16: Step 452 accepted, E=-10.834658 Ha
Worker 18: Step 417 accepted, E=-10.835082 Ha
Worker 17: Step 464 accepted, E=-10.834670 Ha
Worker 0: Step 492 accepted, E=-10.834672 Ha
Worker 7: Step 512 accepted, E=-10.834593 Ha
Worker 12: Step 418 accepted, E=-10.834660 Ha
Worker 10: Step 479 accepted, E=-10.834919 Ha
Worker 1: Step 574 accepted, E=-10.834447 Ha
Worker 9: Step 499 accepted, E=-10.834991 Ha
Worker 15: Step 403 accepted, E=-10.834357 Ha
Worker 5: Step 485 accepted, E=-10.834581 Ha
Worker 14: No change from 'roto_reflection', skipping.
Worker 8: Step 384 accepted, E=-10.834360 Ha
Worker 13: Step 439 accepted, E=-10.835132 Ha
Worker 4: Step 489 accepted, E=-10.835517 Ha
Worker 3: Step 518 accepted, E=-10.834769 Ha
Worker 2: Step 580 accepted, E=-10.834494 Ha
Worker 19: Step 326 accepted, E=-10.834754 Ha
Worker 16: Step 453 accepted, E=-10.834640 Ha
Worker 6: Step 482 accepted, E=-10.834465 Ha
Worker 13: No change from 'small_principal_axis_rotation', skipping.
Worker 11: Step 415 accepted, E=-10.835185 Ha
Worker 18: Step 418 accepted, E=-10.835098 Ha
Worker 17: Step 465 accepted, E=-10.834660 Ha
Worker 7: Step 513 accepted, E=-10.834593 Ha
Worker 12: Step 419 accepted, E=-10.834637 Ha
Worker 0: Step 493 accepted, E=-10.834729 Ha
Worker 10: Step 480 accepted, E=-10.834930 Ha
Worker 9: Step 500, op=random_rotation, ΔE=0.0001 eV, accept=True
Worker 1: Step 575 accepted, E=-10.834282 Ha
Worker 9: Step 500 accepted, E=-10.834988 Ha
Worker 15: Step 404 accepted, E=-10.834347 Ha
Worker 5: Step 486 accepted, E=-10.834587 Ha
Worker 8: Step 385 accepted, E=-10.834435 Ha
Worker 14: Step 463 accepted, E=-10.834980 Ha
Worker 19: Step 327 accepted, E=-10.834752 Ha
Worker 3: Step 519 accepted, E=-10.834783 Ha
Worker 4: Step 490 accepted, E=-10.835539 Ha
Worker 16: Step 454 accepted, E=-10.834636 Ha
Worker 6: Step 483 accepted, E=-10.834505 Ha
Worker 11: No change from 'mirror', skipping.
Worker 13: Step 441 accepted, E=-10.835307 Ha
Worker 9: No change from 'mirror', skipping.
Worker 17: Step 466 accepted, E=-10.834649 Ha
Worker 18: Step 419 accepted, E=-10.835093 Ha
Worker 7: Step 514 accepted, E=-10.834595 Ha
Worker 12: Step 420 accepted, E=-10.834646 Ha
Worker 2: Step 581 accepted, E=-10.834494 Ha
Worker 0: Step 494 accepted, E=-10.834689 Ha
Worker 10: Step 481 accepted, E=-10.834944 Ha
Worker 4: No change from 'mirror', skipping.
Worker 15: Step 405 accepted, E=-10.834427 Ha
Worker 1: Step 576 accepted, E=-10.834214 Ha
Worker 5: Step 487 accepted, E=-10.834583 Ha
Worker 19: Step 328 accepted, E=-10.834698 Ha
Worker 3: Step 520 accepted, E=-10.834784 Ha
Worker 8: Step 386 accepted, E=-10.834438 Ha
Worker 14: Step 464 accepted, E=-10.834973 Ha
Worker 13: Step 442 accepted, E=-10.835307 Ha
Worker 6: Step 484 accepted, E=-10.834474 Ha
Worker 16: Step 455 accepted, E=-10.834652 Ha
Worker 19: No change from 'small_principal_axis_rotation', skipping.
Worker 9: Step 502 accepted, E=-10.834955 Ha
Worker 17: Step 467 accepted, E=-10.834634 Ha
Worker 2: No change from 'mirror', skipping.
Worker 7: Step 515 accepted, E=-10.834587 Ha
Worker 18: Step 420 accepted, E=-10.835095 Ha
Worker 12: Step 421 accepted, E=-10.834652 Ha
Worker 0: Step 495 accepted, E=-10.834687 Ha
Worker 10: Step 482 accepted, E=-10.834847 Ha
Worker 15: Step 406 accepted, E=-10.834423 Ha
Worker 5: Step 488 accepted, E=-10.834574 Ha
Worker 11: Step 417 accepted, E=-10.835159 Ha
Worker 1: Step 577 accepted, E=-10.834206 Ha
Worker 8: Step 387 accepted, E=-10.834438 Ha
Worker 3: Step 521 accepted, E=-10.834765 Ha
Worker 14: Step 465 accepted, E=-10.834972 Ha
Worker 13: Step 443 accepted, E=-10.835371 Ha
Worker 9: Step 503 accepted, E=-10.834975 Ha
Worker 6: Step 485 accepted, E=-10.834477 Ha
Worker 19: Step 330, op=local_twist, ΔE=0.0001 eV, accept=True
Worker 16: Step 456 accepted, E=-10.834661 Ha
Worker 7: Step 516 accepted, E=-10.834588 Ha
Worker 19: Step 330 accepted, E=-10.834695 Ha
Worker 17: Step 468 accepted, E=-10.834631 Ha
Worker 18: Step 421 accepted, E=-10.835137 Ha
Worker 12: Step 422 accepted, E=-10.834657 Ha
Worker 0: Step 496 accepted, E=-10.834700 Ha
Worker 10: Step 483 accepted, E=-10.834725 Ha
Worker 2: Step 583 accepted, E=-10.834494 Ha
Worker 4: Step 493 accepted, E=-10.835548 Ha
Worker 5: Step 489 accepted, E=-10.834578 Ha
Worker 15: Step 407 accepted, E=-10.834350 Ha
Worker 3: Step 522 accepted, E=-10.835237 Ha
Worker 8: Step 388 accepted, E=-10.834440 Ha
Worker 16: Step 457 accepted, E=-10.834648 Ha
Worker 14: Step 466 accepted, E=-10.834979 Ha
Worker 9: Step 504 accepted, E=-10.834966 Ha
Worker 13: Step 444 accepted, E=-10.835420 Ha
Worker 7: Step 517 accepted, E=-10.834588 Ha
Worker 17: Step 469 accepted, E=-10.834644 Ha
Worker 18: Step 422 accepted, E=-10.835123 Ha
Worker 19: Step 331 accepted, E=-10.834707 Ha
Worker 12: Step 423 accepted, E=-10.834658 Ha
Worker 0: Step 497 accepted, E=-10.834712 Ha
Worker 11: Step 418 accepted, E=-10.835447 Ha
Worker 10: Step 484 accepted, E=-10.834602 Ha
Worker 6: Step 486 accepted, E=-10.834493 Ha
Worker 5: Step 490 accepted, E=-10.834589 Ha
Worker 4: Step 494 accepted, E=-10.835566 Ha
Worker 15: Step 408 accepted, E=-10.834309 Ha
Worker 3: Step 523 accepted, E=-10.835361 Ha
Worker 8: Step 389 accepted, E=-10.834439 Ha
Worker 16: Step 458 accepted, E=-10.834643 Ha
Worker 17: Step 470, op=random_displacement, ΔE=0.0001 eV, accept=True
Worker 2: Step 584 accepted, E=-10.834494 Ha
Worker 9: Step 505 accepted, E=-10.834952 Ha
Worker 17: Step 470 accepted, E=-10.834641 Ha
Worker 7: Step 518 accepted, E=-10.834577 Ha
Worker 14: Step 467 accepted, E=-10.835023 Ha
Worker 13: Step 445 accepted, E=-10.835408 Ha
Worker 18: Step 423 accepted, E=-10.835112 Ha
Worker 19: Step 332 accepted, E=-10.834706 Ha
Worker 1: Step 579 accepted, E=-10.834322 Ha
Worker 12: Step 424 accepted, E=-10.834657 Ha
Worker 0: Step 498 accepted, E=-10.834726 Ha
Worker 10: Step 485 accepted, E=-10.835655 Ha
Worker 6: Step 487 accepted, E=-10.834480 Ha
Worker 1: No change from 'small_principal_axis_rotation', skipping.
Worker 15: Step 409 accepted, E=-10.834309 Ha
Worker 5: Step 491 accepted, E=-10.834582 Ha
Worker 4: Step 495 accepted, E=-10.835189 Ha
Worker 3: Step 524 accepted, E=-10.835304 Ha
Worker 16: Step 459 accepted, E=-10.834647 Ha
Worker 8: Step 390 accepted, E=-10.834441 Ha
Worker 2: No change from 'roto_reflection', skipping.
Worker 17: Step 471 accepted, E=-10.834637 Ha
Worker 13: Step 446 accepted, E=-10.835404 Ha
Worker 9: Step 506 accepted, E=-10.834952 Ha
Worker 7: Step 519 accepted, E=-10.834577 Ha
Worker 18: Step 424 accepted, E=-10.835081 Ha
Worker 12: Step 425 accepted, E=-10.834670 Ha
Worker 19: Step 333 accepted, E=-10.834936 Ha
Worker 0: Step 499 accepted, E=-10.834687 Ha
Worker 6: Step 488 accepted, E=-10.834458 Ha
Worker 10: Step 486 accepted, E=-10.835668 Ha
Worker 17: No change from 'roto_reflection', skipping.
Worker 15: Step 410 accepted, E=-10.834383 Ha
Worker 1: Step 581 accepted, E=-10.834277 Ha
Worker 5: Step 492 accepted, E=-10.834582 Ha
Worker 16: Step 460, op=small_principal_axis_rotation, ΔE=0.0010 eV, accept=True
Worker 3: Step 525 accepted, E=-10.835307 Ha
Worker 16: Step 460 accepted, E=-10.834611 Ha
Worker 4: Step 496 accepted, E=-10.835175 Ha
Worker 8: Step 391 accepted, E=-10.834462 Ha
Worker 7: Step 520 accepted, E=-10.834580 Ha
Worker 9: Step 507 accepted, E=-10.834856 Ha
Worker 14: Step 469 accepted, E=-10.833178 Ha
Worker 13: Step 447 accepted, E=-10.835404 Ha
Worker 12: Step 426 accepted, E=-10.834656 Ha
Worker 18: Step 425 accepted, E=-10.835068 Ha
Worker 19: Step 334 accepted, E=-10.834935 Ha
Worker 2: Step 586 accepted, E=-10.834494 Ha
Worker 0: Step 500, op=local_twist, ΔE=0.0003 eV, accept=True
Worker 10: Step 487 accepted, E=-10.835666 Ha
Worker 0: Step 500 accepted, E=-10.834677 Ha
Worker 6: Step 489 accepted, E=-10.834436 Ha
Worker 4: No change from 'roto_reflection', skipping.
Worker 17: Step 473 accepted, E=-10.834644 Ha
Worker 11: Step 420 accepted, E=-10.835495 Ha
Worker 5: Step 493 accepted, E=-10.834582 Ha
Worker 15: Step 411 accepted, E=-10.834358 Ha
Worker 1: Step 582 accepted, E=-10.834692 Ha
Worker 3: Step 526 accepted, E=-10.835316 Ha
Worker 7: Step 521 accepted, E=-10.834577 Ha
Worker 8: Step 392 accepted, E=-10.834452 Ha
Worker 9: Step 508 accepted, E=-10.834864 Ha
Worker 14: Step 470, op=correlated_displacement, ΔE=0.0892 eV, accept=False
Worker 12: Step 427 accepted, E=-10.834660 Ha
Worker 13: Step 448 accepted, E=-10.835415 Ha
Worker 19: Step 335 accepted, E=-10.834922 Ha
Worker 18: Step 426 accepted, E=-10.835077 Ha
Worker 17: Step 474 accepted, E=-10.834642 Ha
Worker 0: Step 501 accepted, E=-10.834686 Ha
Worker 6: Step 490, op=correlated_displacement, ΔE=0.0011 eV, accept=True
Worker 10: Step 488 accepted, E=-10.835644 Ha
Worker 6: Step 490 accepted, E=-10.834397 Ha
Worker 4: Step 498 accepted, E=-10.835185 Ha
Worker 15: Step 412 accepted, E=-10.834440 Ha
Worker 5: Step 494 accepted, E=-10.834589 Ha
Worker 16: Step 462 accepted, E=-10.834614 Ha
Worker 2: Step 587 accepted, E=-10.834494 Ha
Worker 1: Step 583 accepted, E=-10.834513 Ha
Worker 0: No change from 'mirror', skipping.
Worker 3: Step 527 accepted, E=-10.835321 Ha
Worker 7: Step 522 accepted, E=-10.834576 Ha
Worker 8: Step 393 accepted, E=-10.834443 Ha
Worker 9: Step 509 accepted, E=-10.834854 Ha
Worker 12: Step 428 accepted, E=-10.834657 Ha
Worker 14: Step 471 accepted, E=-10.833234 Ha
Worker 11: Step 421 accepted, E=-10.835551 Ha
Worker 19: Step 336 accepted, E=-10.834917 Ha
Worker 17: Step 475 accepted, E=-10.834641 Ha
Worker 18: Step 427 accepted, E=-10.835048 Ha
Worker 13: Step 449 accepted, E=-10.835362 Ha
Worker 10: Step 489 accepted, E=-10.835675 Ha
Worker 6: Step 491 accepted, E=-10.834452 Ha
Worker 5: Step 495 accepted, E=-10.834577 Ha
Worker 16: Step 463 accepted, E=-10.834385 Ha
Worker 15: Step 413 accepted, E=-10.834452 Ha
Worker 4: Step 499 accepted, E=-10.835072 Ha
Worker 3: Step 528 accepted, E=-10.835303 Ha
Worker 7: Step 523 accepted, E=-10.834575 Ha
Worker 1: Step 584 accepted, E=-10.834500 Ha
Worker 0: Step 503 accepted, E=-10.834772 Ha
Worker 9: Step 510 accepted, E=-10.835119 Ha
Worker 8: Step 394 accepted, E=-10.834447 Ha
Worker 12: Step 429 accepted, E=-10.834659 Ha
Worker 14: Step 472 accepted, E=-10.833235 Ha
Worker 2: Step 588 accepted, E=-10.834494 Ha
Worker 17: Step 476 accepted, E=-10.834641 Ha
Worker 19: Step 337 accepted, E=-10.834923 Ha
Worker 13: Step 450, op=random_rotation, ΔE=0.0011 eV, accept=True
Worker 13: Step 450 accepted, E=-10.835321 Ha
Worker 18: Step 428 accepted, E=-10.834341 Ha
Worker 10: Step 490 accepted, E=-10.835724 Ha
Worker 16: Step 464 accepted, E=-10.834614 Ha
Worker 5: Step 496 accepted, E=-10.834584 Ha
Worker 6: Step 492 accepted, E=-10.834466 Ha
Worker 15: Step 414 accepted, E=-10.834483 Ha
Worker 4: Step 500, op=small_principal_axis_rotation, ΔE=0.0004 eV, accept=True
Worker 3: Step 529 accepted, E=-10.835300 Ha
Worker 7: Step 524 accepted, E=-10.834575 Ha
Worker 4: Step 500 accepted, E=-10.835059 Ha
Worker 11: Step 422 accepted, E=-10.835497 Ha
Worker 6: No change from 'small_principal_axis_rotation', skipping.
Worker 0: Step 504 accepted, E=-10.834682 Ha
Worker 1: Step 585 accepted, E=-10.834417 Ha
Worker 9: Step 511 accepted, E=-10.835138 Ha
Worker 8: Step 395 accepted, E=-10.834446 Ha
Worker 12: Step 430 accepted, E=-10.834662 Ha
Worker 17: Step 477 accepted, E=-10.834667 Ha
Worker 14: Step 473 accepted, E=-10.833142 Ha
Worker 19: Step 338 accepted, E=-10.834914 Ha
Worker 14: No change from 'small_principal_axis_rotation', skipping.
Worker 13: Step 451 accepted, E=-10.835320 Ha
Worker 18: Step 429 accepted, E=-10.834343 Ha
Worker 16: Step 465 accepted, E=-10.834599 Ha
Worker 10: Step 491 accepted, E=-10.835714 Ha
Worker 5: Step 497 accepted, E=-10.834581 Ha
Worker 2: Step 589 accepted, E=-10.834494 Ha
Worker 15: Step 415 accepted, E=-10.834724 Ha
Worker 17: No change from 'mirror', skipping.
Worker 7: Step 525 accepted, E=-10.834575 Ha
Worker 3: Step 530 accepted, E=-10.835332 Ha
Worker 10: No change from 'small_principal_axis_rotation', skipping.
Worker 0: Step 505 accepted, E=-10.834685 Ha
Worker 12: Step 431 accepted, E=-10.834649 Ha
Worker 7: No change from 'small_principal_axis_rotation', skipping.
Worker 9: Step 512 accepted, E=-10.835116 Ha
Worker 8: Step 396 accepted, E=-10.834461 Ha
Worker 6: Step 494 accepted, E=-10.834400 Ha
Worker 19: Step 339 accepted, E=-10.834894 Ha
Worker 0: No change from 'random_displacement', skipping.
Worker 14: Step 475 accepted, E=-10.832365 Ha
Worker 1: Step 586 accepted, E=-10.834726 Ha
Worker 18: Step 430, op=random_rotation, ΔE=0.0000 eV, accept=True
Worker 16: Step 466 accepted, E=-10.834592 Ha
Worker 5: Step 498 accepted, E=-10.834579 Ha
Worker 18: Step 430 accepted, E=-10.834342 Ha
Worker 13: Step 452 accepted, E=-10.835290 Ha
Worker 11: Step 423 accepted, E=-10.835168 Ha
Worker 15: Step 416 accepted, E=-10.834689 Ha
Worker 9: No change from 'roto_reflection', skipping.
Worker 10: Step 493 accepted, E=-10.835712 Ha
Worker 17: Step 479 accepted, E=-10.834655 Ha
Worker 3: Step 531 accepted, E=-10.835306 Ha
Worker 0: No change from 'random_displacement', skipping.
Worker 4: Step 502 accepted, E=-10.835091 Ha
Worker 2: Step 590, op=random_rotation, ΔE=0.0000 eV, accept=True
Worker 7: Step 527 accepted, E=-10.834573 Ha
Worker 12: Step 432 accepted, E=-10.834647 Ha
Worker 2: Step 590 accepted, E=-10.834493 Ha
Worker 8: Step 397 accepted, E=-10.834459 Ha
Worker 6: Step 495 accepted, E=-10.835435 Ha
Worker 19: Step 340 accepted, E=-10.834961 Ha
Worker 1: Step 587 accepted, E=-10.834789 Ha
Worker 14: Step 476 accepted, E=-10.832372 Ha
Worker 16: Step 467 accepted, E=-10.834605 Ha
Worker 5: Step 499 accepted, E=-10.834582 Ha
Worker 18: Step 431 accepted, E=-10.834340 Ha
Worker 15: Step 417 accepted, E=-10.834695 Ha
Worker 17: Step 480 accepted, E=-10.834655 Ha
Worker 9: Step 514 accepted, E=-10.835128 Ha
Worker 13: Step 453 accepted, E=-10.835125 Ha
Worker 0: Step 508 accepted, E=-10.834646 Ha
Worker 3: Step 532 accepted, E=-10.835303 Ha
Worker 10: Step 494 accepted, E=-10.835701 Ha
Worker 7: Step 528 accepted, E=-10.834571 Ha
Worker 4: Step 503 accepted, E=-10.835083 Ha
Worker 12: Step 433 accepted, E=-10.834641 Ha
Worker 19: Step 341 accepted, E=-10.834961 Ha
Worker 8: Step 398 accepted, E=-10.834453 Ha
Worker 6: Step 496 accepted, E=-10.835439 Ha
Worker 0: No change from 'random_rotation', skipping.
Worker 11: Step 424 accepted, E=-10.835221 Ha
Worker 2: Step 591 accepted, E=-10.834492 Ha
Worker 12: No change from 'exchange', skipping.
Worker 5: Step 500 accepted, E=-10.834583 Ha
Worker 16: Step 468 accepted, E=-10.834600 Ha
Worker 1: Step 588 accepted, E=-10.834922 Ha
Worker 14: Step 477 accepted, E=-10.834195 Ha
Worker 18: Step 432 accepted, E=-10.834336 Ha
Worker 15: Step 418 accepted, E=-10.834665 Ha
Worker 17: Step 481 accepted, E=-10.834656 Ha
Worker 3: Step 533 accepted, E=-10.835314 Ha
Worker 9: Step 515 accepted, E=-10.835136 Ha
Worker 13: Step 454 accepted, E=-10.835164 Ha
Worker 7: Step 529 accepted, E=-10.834571 Ha
Worker 12: No change from 'exchange', skipping.
Worker 10: Step 495 accepted, E=-10.835636 Ha
Worker 13: No change from 'small_principal_axis_rotation', skipping.
Worker 19: Step 342 accepted, E=-10.834964 Ha
Worker 4: Step 504 accepted, E=-10.834940 Ha
Worker 6: Step 497 accepted, E=-10.835403 Ha
Worker 8: Step 399 accepted, E=-10.834462 Ha
Worker 0: Step 510 accepted, E=-10.834685 Ha
Worker 16: Step 469 accepted, E=-10.834589 Ha
Worker 5: Step 501 accepted, E=-10.834580 Ha
Worker 18: Step 433 accepted, E=-10.834319 Ha
Worker 1: Step 589 accepted, E=-10.834690 Ha
Worker 15: Step 419 accepted, E=-10.834672 Ha
Worker 14: Step 478 accepted, E=-10.834226 Ha
Worker 17: Step 482 accepted, E=-10.834648 Ha
Worker 3: Step 534 accepted, E=-10.835305 Ha
Worker 9: Step 516 accepted, E=-10.835264 Ha
Worker 7: Step 530, op=local_twist, ΔE=0.0000 eV, accept=True
Worker 12: Step 436 accepted, E=-10.834640 Ha
Worker 7: Step 530 accepted, E=-10.834570 Ha
Worker 2: Step 592 accepted, E=-10.834492 Ha
Worker 10: Step 496 accepted, E=-10.833873 Ha
Worker 11: Step 425 accepted, E=-10.834027 Ha
Worker 19: Step 343 accepted, E=-10.834947 Ha
Worker 18: No change from 'exchange', skipping.
Worker 13: Step 456 accepted, E=-10.835161 Ha
Worker 4: Step 505 accepted, E=-10.835097 Ha
Worker 16: Step 470, op=random_displacement, ΔE=0.0006 eV, accept=True
Worker 6: Step 498 accepted, E=-10.835238 Ha
Worker 16: Step 470 accepted, E=-10.834567 Ha
Worker 8: Step 400 accepted, E=-10.834468 Ha
Worker 0: Step 511 accepted, E=-10.834705 Ha
Worker 5: Step 502 accepted, E=-10.834571 Ha
Worker 1: Step 590 accepted, E=-10.834813 Ha
Worker 15: Step 420 accepted, E=-10.834687 Ha
Worker 17: Step 483 accepted, E=-10.834630 Ha
Worker 14: Step 479 accepted, E=-10.835638 Ha
Worker 3: Step 535 accepted, E=-10.835296 Ha
Worker 9: Step 517 accepted, E=-10.835251 Ha
Worker 7: Step 531 accepted, E=-10.834575 Ha
Worker 12: Step 437 accepted, E=-10.834661 Ha
Worker 19: Step 344 accepted, E=-10.834939 Ha
Worker 10: Step 497 accepted, E=-10.833883 Ha
Worker 18: Step 435 accepted, E=-10.834316 Ha
Worker 13: Step 457 accepted, E=-10.835174 Ha
Worker 4: Step 506 accepted, E=-10.835525 Ha
Worker 16: Step 471 accepted, E=-10.834559 Ha
Worker 2: Step 593 accepted, E=-10.834492 Ha
Worker 0: Step 512 accepted, E=-10.834720 Ha
Worker 6: Step 499 accepted, E=-10.835190 Ha
Worker 8: Step 401 accepted, E=-10.834472 Ha
Worker 5: Step 503 accepted, E=-10.834562 Ha
Worker 17: Step 484 accepted, E=-10.834632 Ha
Worker 1: Step 591 accepted, E=-10.834812 Ha
Worker 15: Step 421 accepted, E=-10.834680 Ha
Worker 7: Step 532 accepted, E=-10.834582 Ha
Worker 3: Step 536 accepted, E=-10.835300 Ha
Worker 11: Step 426 accepted, E=-10.834030 Ha
Worker 9: Step 518 accepted, E=-10.835352 Ha
Worker 14: Step 480 accepted, E=-10.835667 Ha
Worker 12: Step 438 accepted, E=-10.834664 Ha
Worker 17: No change from 'small_principal_axis_rotation', skipping.
Worker 1: No change from 'small_principal_axis_rotation', skipping.
Worker 10: Step 498 accepted, E=-10.833881 Ha
Worker 19: Step 345 accepted, E=-10.834932 Ha
Worker 18: Step 436 accepted, E=-10.834307 Ha
Worker 16: Step 472 accepted, E=-10.834552 Ha
Worker 4: Step 507 accepted, E=-10.835431 Ha
Worker 13: Step 458 accepted, E=-10.835168 Ha
Worker 6: Step 500, op=random_displacement, ΔE=0.0009 eV, accept=True
Worker 0: Step 513 accepted, E=-10.834720 Ha
Worker 8: Step 402 accepted, E=-10.834490 Ha
Worker 6: Step 500 accepted, E=-10.835158 Ha
Worker 5: Step 504 accepted, E=-10.834565 Ha
Worker 7: Step 533 accepted, E=-10.834582 Ha
Worker 2: Step 594 accepted, E=-10.834492 Ha
Worker 3: Step 537 accepted, E=-10.835270 Ha
Worker 12: Step 439 accepted, E=-10.834666 Ha
Worker 15: Step 422 accepted, E=-10.834687 Ha
Worker 17: Step 486 accepted, E=-10.834643 Ha
Worker 9: Step 519 accepted, E=-10.835167 Ha
Worker 14: Step 481 accepted, E=-10.835670 Ha
Worker 18: Step 437 accepted, E=-10.834302 Ha
Worker 19: Step 346 accepted, E=-10.834941 Ha
Worker 10: Step 499 accepted, E=-10.833885 Ha
Worker 1: Step 593 accepted, E=-10.834816 Ha
Worker 16: Step 473 accepted, E=-10.834554 Ha
Worker 0: No change from 'local_twist', skipping.
Worker 13: Step 459 accepted, E=-10.835189 Ha
Worker 4: Step 508 accepted, E=-10.835932 Ha
Worker 7: Step 534 accepted, E=-10.834579 Ha
Worker 6: Step 501 accepted, E=-10.835096 Ha
Worker 11: Step 427 accepted, E=-10.834367 Ha
Worker 3: Step 538 accepted, E=-10.834798 Ha
Worker 12: Step 440 accepted, E=-10.834675 Ha
Worker 8: Step 403 accepted, E=-10.834496 Ha
Worker 17: Step 487 accepted, E=-10.834643 Ha
Worker 15: Step 423 accepted, E=-10.834719 Ha
Worker 1: No change from 'local_twist', skipping.
Worker 14: Step 482 accepted, E=-10.835443 Ha
Worker 18: Step 438 accepted, E=-10.834288 Ha
Worker 19: Step 347 accepted, E=-10.834909 Ha
Worker 5: Step 505 accepted, E=-10.834564 Ha
Worker 9: Step 520, op=roto_reflection, ΔE=0.0065 eV, accept=False
Worker 10: Step 500, op=local_twist, ΔE=0.0001 eV, accept=True
Worker 16: Step 474 accepted, E=-10.834548 Ha
Worker 10: Step 500 accepted, E=-10.833880 Ha
Worker 2: Step 595 accepted, E=-10.834492 Ha
Worker 14: No change from 'small_principal_axis_rotation', skipping.
Worker 13: Step 460 accepted, E=-10.835359 Ha
Worker 14: Clash after 'large_displacement', rejecting.
Worker 1: No change from 'random_rotation', skipping.
Worker 4: Step 509 accepted, E=-10.835841 Ha
Worker 7: Step 535 accepted, E=-10.834580 Ha
Worker 3: Step 539 accepted, E=-10.834798 Ha
Worker 15: Step 424 accepted, E=-10.834685 Ha
Worker 12: Step 441 accepted, E=-10.834676 Ha
Worker 8: Step 404 accepted, E=-10.834483 Ha
Worker 17: Step 488 accepted, E=-10.834535 Ha
Worker 6: Step 502 accepted, E=-10.835097 Ha
Worker 18: Step 439 accepted, E=-10.835212 Ha
Worker 19: Step 348 accepted, E=-10.834877 Ha
Worker 9: Step 521 accepted, E=-10.835156 Ha
Worker 16: Step 475 accepted, E=-10.834526 Ha
Worker 0: Step 515 accepted, E=-10.835036 Ha
Worker 10: Step 501 accepted, E=-10.833868 Ha
Worker 11: Step 428 accepted, E=-10.834424 Ha
Worker 13: Step 461 accepted, E=-10.835111 Ha
Worker 7: Step 536 accepted, E=-10.834447 Ha
Worker 1: Step 596 accepted, E=-10.834860 Ha
Worker 14: Step 485 accepted, E=-10.835436 Ha
Worker 4: Step 510 accepted, E=-10.835841 Ha
Worker 5: Step 506 accepted, E=-10.834561 Ha
Worker 15: Step 425 accepted, E=-10.834652 Ha
Worker 2: Step 596 accepted, E=-10.834491 Ha
Worker 12: Step 442 accepted, E=-10.834684 Ha
Worker 3: Step 540, op=small_principal_axis_rotation, ΔE=0.0009 eV, accept=True
Worker 17: Step 489 accepted, E=-10.834651 Ha
Worker 3: Step 540 accepted, E=-10.834763 Ha
Worker 1: No change from 'small_principal_axis_rotation', skipping.
Worker 8: Step 405 accepted, E=-10.834384 Ha
Worker 18: Step 440, op=random_rotation, ΔE=0.0002 eV, accept=True
Worker 18: Step 440 accepted, E=-10.835203 Ha
Worker 16: Step 476 accepted, E=-10.834541 Ha
Worker 19: Step 349 accepted, E=-10.834864 Ha
Worker 6: Step 503 accepted, E=-10.835094 Ha
Worker 9: Step 522 accepted, E=-10.835134 Ha
Worker 10: Step 502 accepted, E=-10.833860 Ha
Worker 7: Step 537 accepted, E=-10.834445 Ha
Worker 14: Step 486 accepted, E=-10.835438 Ha
Worker 15: Step 426 accepted, E=-10.834652 Ha
Worker 12: Step 443 accepted, E=-10.834694 Ha
Worker 4: Step 511 accepted, E=-10.835843 Ha
Worker 3: Step 541 accepted, E=-10.834702 Ha
Worker 17: Step 490, op=principal_axis_rotation, ΔE=0.0007 eV, accept=True
Worker 0: Step 516 accepted, E=-10.835037 Ha
Worker 1: Step 598 accepted, E=-10.834858 Ha
Worker 17: Step 490 accepted, E=-10.834625 Ha
Worker 8: Step 406 accepted, E=-10.834382 Ha
Worker 2: Step 597 accepted, E=-10.834492 Ha
Worker 16: Step 477 accepted, E=-10.834543 Ha
Worker 11: Step 429 accepted, E=-10.834388 Ha
Worker 19: Step 350, op=random_rotation, ΔE=0.0001 eV, accept=True
Worker 18: Step 441 accepted, E=-10.835153 Ha
Worker 5: Step 507 accepted, E=-10.834583 Ha
Worker 19: Step 350 accepted, E=-10.834861 Ha
Worker 10: Step 503 accepted, E=-10.833863 Ha
Worker 9: Step 523 accepted, E=-10.834881 Ha
Worker 6: Step 504 accepted, E=-10.835111 Ha
Worker 7: Step 538 accepted, E=-10.834445 Ha
Worker 13: Step 463 accepted, E=-10.835302 Ha
Worker 14: Step 487 accepted, E=-10.835392 Ha
Worker 15: Step 427 accepted, E=-10.834666 Ha
Worker 12: Step 444 accepted, E=-10.834695 Ha
Worker 4: Step 512 accepted, E=-10.835832 Ha
Worker 3: Step 542 accepted, E=-10.834694 Ha
Worker 17: Step 491 accepted, E=-10.834620 Ha
Worker 8: Step 407 accepted, E=-10.834384 Ha
Worker 1: Step 599 accepted, E=-10.834882 Ha
Worker 16: Step 478 accepted, E=-10.834546 Ha
Worker 18: Step 442 accepted, E=-10.835146 Ha
Worker 19: Step 351 accepted, E=-10.834924 Ha
Worker 10: Step 504 accepted, E=-10.833868 Ha
Worker 9: Step 524 accepted, E=-10.834779 Ha
Worker 7: Step 539 accepted, E=-10.834446 Ha
Worker 0: Step 517 accepted, E=-10.835055 Ha
Worker 8: No change from 'roto_reflection', skipping.
Worker 13: Step 464 accepted, E=-10.835316 Ha
Worker 11: Step 430, op=random_displacement, ΔE=0.0069 eV, accept=True
Worker 15: Step 428 accepted, E=-10.834661 Ha
Worker 14: Step 488 accepted, E=-10.835802 Ha
Worker 5: Step 508 accepted, E=-10.834575 Ha
Worker 6: Step 505 accepted, E=-10.835113 Ha
Worker 3: Step 543 accepted, E=-10.834689 Ha
Worker 11: Step 430 accepted, E=-10.834134 Ha
Worker 12: Step 445 accepted, E=-10.834693 Ha
Worker 4: Step 513 accepted, E=-10.835852 Ha
Worker 17: Step 492 accepted, E=-10.834619 Ha
Worker 16: Step 479 accepted, E=-10.834545 Ha
Worker 1: Step 600, op=small_principal_axis_rotation, ΔE=0.0009 eV, accept=True
Worker 1: Step 600 accepted, E=-10.834848 Ha
Worker 18: Step 443 accepted, E=-10.835051 Ha
Worker 19: Step 352 accepted, E=-10.834900 Ha
Worker 10: Step 505 accepted, E=-10.833852 Ha
Worker 7: Step 540 accepted, E=-10.834446 Ha
Worker 9: Step 525 accepted, E=-10.834779 Ha
Worker 2: Step 599 accepted, E=-10.834492 Ha
Worker 15: Step 429 accepted, E=-10.834660 Ha
Worker 14: Step 489 accepted, E=-10.835740 Ha
Worker 8: Step 409 accepted, E=-10.834701 Ha
Worker 12: Step 446 accepted, E=-10.834731 Ha
Worker 3: Step 544 accepted, E=-10.834671 Ha
Worker 16: Step 480 accepted, E=-10.834549 Ha
Worker 17: Step 493 accepted, E=-10.834611 Ha
Worker 6: Step 506 accepted, E=-10.835136 Ha
Worker 4: Step 514 accepted, E=-10.835851 Ha
Worker 0: Step 518 accepted, E=-10.835059 Ha
Worker 5: Step 509 accepted, E=-10.834565 Ha
Worker 18: Step 444 accepted, E=-10.835065 Ha
Worker 7: Step 541 accepted, E=-10.834446 Ha
Worker 12: No change from 'mirror', skipping.
Worker 19: Step 353 accepted, E=-10.834862 Ha
Worker 10: Step 506 accepted, E=-10.833873 Ha
Worker 1: Step 601 accepted, E=-10.834767 Ha
Worker 11: Step 431 accepted, E=-10.834088 Ha
Worker 9: Step 526 accepted, E=-10.834860 Ha
Worker 15: Step 430, op=mirror, ΔE=0.0000 eV, accept=True
Worker 14: Step 490 accepted, E=-10.835755 Ha
Worker 15: Step 430 accepted, E=-10.834660 Ha
Worker 16: Step 481 accepted, E=-10.834548 Ha
Worker 17: Step 494 accepted, E=-10.834614 Ha
Worker 3: Step 545 accepted, E=-10.834611 Ha
Worker 6: Step 507 accepted, E=-10.835127 Ha
Worker 4: Step 515 accepted, E=-10.835490 Ha
Worker 8: Step 410, op=local_twist, ΔE=0.0000 eV, accept=True
Worker 2: Step 600, op=local_twist, ΔE=0.0000 eV, accept=True
Worker 8: Step 410 accepted, E=-10.834700 Ha
Worker 7: Step 542 accepted, E=-10.834442 Ha
Worker 2: Step 600 accepted, E=-10.834492 Ha
Worker 18: Step 445 accepted, E=-10.835068 Ha
Worker 12: Step 448 accepted, E=-10.834743 Ha
Worker 1: Step 602 accepted, E=-10.834757 Ha
Worker 10: Step 507 accepted, E=-10.834035 Ha
Worker 13: Step 467 accepted, E=-10.835314 Ha
Worker 0: Step 519 accepted, E=-10.835079 Ha
Worker 9: Step 527 accepted, E=-10.834956 Ha
Worker 19: Step 354 accepted, E=-10.834910 Ha
Worker 5: Step 510, op=local_twist, ΔE=0.0002 eV, accept=True
Worker 15: Step 431 accepted, E=-10.834667 Ha
Worker 16: Step 482 accepted, E=-10.834561 Ha
Worker 14: Step 491 accepted, E=-10.835550 Ha
Worker 17: Step 495 accepted, E=-10.834613 Ha
Worker 5: Step 510 accepted, E=-10.834557 Ha
Worker 3: Step 546 accepted, E=-10.834627 Ha
Worker 2: No change from 'large_displacement', skipping.
Worker 6: Step 508 accepted, E=-10.835156 Ha
Worker 7: Step 543 accepted, E=-10.834442 Ha
Worker 4: Step 516 accepted, E=-10.835483 Ha
Worker 1: No change from 'correlated_displacement', skipping.
Worker 14: No change from 'small_principal_axis_rotation', skipping.
Worker 18: Step 446 accepted, E=-10.835114 Ha
Worker 8: Step 411 accepted, E=-10.834696 Ha
Worker 12: Step 449 accepted, E=-10.834744 Ha
Worker 11: Step 432 accepted, E=-10.834161 Ha
Worker 10: Step 508 accepted, E=-10.833970 Ha
Worker 9: Step 528 accepted, E=-10.834828 Ha
Worker 15: Step 432 accepted, E=-10.834656 Ha
Worker 13: Step 468 accepted, E=-10.835305 Ha
Worker 16: Step 483 accepted, E=-10.834553 Ha
Worker 3: Step 547 accepted, E=-10.834637 Ha
Worker 17: Step 496 accepted, E=-10.834607 Ha
Worker 19: Step 355 accepted, E=-10.835065 Ha
Worker 6: Step 509 accepted, E=-10.835218 Ha
Worker 7: Step 544 accepted, E=-10.834610 Ha
Worker 14: Step 493 accepted, E=-10.835662 Ha
Worker 4: Step 517 accepted, E=-10.835497 Ha
Worker 1: Step 604 accepted, E=-10.834641 Ha
Worker 18: Step 447 accepted, E=-10.835079 Ha
Worker 0: Step 520, op=local_twist, ΔE=0.0000 eV, accept=True
Worker 8: Step 412 accepted, E=-10.834718 Ha
Worker 5: Step 511 accepted, E=-10.834551 Ha
Worker 12: Step 450 accepted, E=-10.834802 Ha
Worker 0: Step 520 accepted, E=-10.835078 Ha
Worker 16: No change from 'roto_reflection', skipping.
Worker 2: Step 602 accepted, E=-10.834492 Ha
Worker 10: Step 509 accepted, E=-10.833956 Ha
Worker 15: Step 433 accepted, E=-10.834543 Ha
Worker 7: No change from 'roto_reflection', skipping.
Worker 9: Step 529 accepted, E=-10.834639 Ha
Worker 13: Step 469 accepted, E=-10.835198 Ha
Worker 17: Step 497 accepted, E=-10.834607 Ha
Worker 3: Step 548 accepted, E=-10.834666 Ha
Worker 11: Step 433 accepted, E=-10.834198 Ha
Worker 6: Step 510, op=local_twist, ΔE=0.0003 eV, accept=True
Worker 19: Step 356 accepted, E=-10.835049 Ha
Worker 14: Step 494 accepted, E=-10.835664 Ha
Worker 18: Step 448 accepted, E=-10.835062 Ha
Worker 12: Step 451 accepted, E=-10.834771 Ha
Worker 6: Step 510 accepted, E=-10.835206 Ha
Worker 8: Step 413 accepted, E=-10.834761 Ha
Worker 4: Step 518 accepted, E=-10.835846 Ha
Worker 1: Step 605 accepted, E=-10.834619 Ha
Worker 16: Step 485 accepted, E=-10.834543 Ha
Worker 10: Step 510, op=com_com_approach, ΔE=0.0022 eV, accept=True
Worker 7: Step 546 accepted, E=-10.834609 Ha
Worker 10: Step 510 accepted, E=-10.833874 Ha
Worker 15: Step 434 accepted, E=-10.834551 Ha
Worker 17: Step 498 accepted, E=-10.834606 Ha
Worker 5: Step 512 accepted, E=-10.834562 Ha
Worker 9: Step 530, op=twist, ΔE=0.0007 eV, accept=True
Worker 2: Step 603 accepted, E=-10.834492 Ha
Worker 9: Step 530 accepted, E=-10.834615 Ha
Worker 13: Step 470, op=small_principal_axis_rotation, ΔE=0.0000 eV, accept=True
Worker 3: Step 549 accepted, E=-10.834720 Ha
Worker 13: Step 470 accepted, E=-10.835196 Ha
Worker 0: Step 521 accepted, E=-10.835079 Ha
Worker 16: Step 486 accepted, E=-10.834548 Ha
Worker 14: Step 495 accepted, E=-10.835679 Ha
Worker 12: Step 452 accepted, E=-10.834779 Ha
Worker 19: Step 357 accepted, E=-10.834964 Ha
Worker 8: Step 414 accepted, E=-10.834745 Ha
Worker 4: Step 519 accepted, E=-10.835928 Ha
Worker 18: Step 449 accepted, E=-10.835044 Ha
Worker 1: Step 606 accepted, E=-10.834572 Ha
Worker 6: Step 511 accepted, E=-10.835206 Ha
Worker 7: Step 547 accepted, E=-10.834606 Ha
Worker 11: Step 434 accepted, E=-10.834190 Ha
Worker 15: Step 435 accepted, E=-10.834545 Ha
Worker 17: Step 499 accepted, E=-10.834602 Ha
Worker 10: Step 511 accepted, E=-10.834024 Ha
Worker 3: Step 550, op=random_displacement, ΔE=0.0003 eV, accept=True
Worker 9: Step 531 accepted, E=-10.834668 Ha
Worker 0: No change from 'exchange', skipping.
Worker 3: Step 550 accepted, E=-10.834707 Ha
Worker 1: No change from 'random_displacement', skipping.
Worker 13: Step 471 accepted, E=-10.835200 Ha
Worker 12: Step 453 accepted, E=-10.834769 Ha
Worker 16: Step 487 accepted, E=-10.834556 Ha
Worker 8: Step 415 accepted, E=-10.834746 Ha
Worker 14: Step 496 accepted, E=-10.835678 Ha
Worker 7: Step 548 accepted, E=-10.834606 Ha
Worker 18: Step 450 accepted, E=-10.835054 Ha
Worker 4: Step 520 accepted, E=-10.835930 Ha
Worker 6: Step 512 accepted, E=-10.835207 Ha
Worker 5: Step 513 accepted, E=-10.834410 Ha
Worker 19: Step 358 accepted, E=-10.834967 Ha
Worker 15: Step 436 accepted, E=-10.834572 Ha
Worker 17: Step 500 accepted, E=-10.834607 Ha
Worker 10: Step 512 accepted, E=-10.833857 Ha
Worker 9: Step 532 accepted, E=-10.834665 Ha
Worker 3: Step 551 accepted, E=-10.834718 Ha
Worker 1: Step 608 accepted, E=-10.834668 Ha
Worker 13: Step 472 accepted, E=-10.835322 Ha
Worker 2: Step 604 accepted, E=-10.834489 Ha
Worker 16: Step 488 accepted, E=-10.834560 Ha
Worker 12: Step 454 accepted, E=-10.834762 Ha
Worker 7: Step 549 accepted, E=-10.834606 Ha
Worker 10: No change from 'mirror', skipping.
Worker 18: Step 451 accepted, E=-10.835062 Ha
Worker 8: Step 416 accepted, E=-10.834794 Ha
Worker 14: Step 497 accepted, E=-10.835673 Ha
Worker 11: Step 435 accepted, E=-10.834101 Ha
Worker 4: Step 521 accepted, E=-10.835965 Ha
Worker 0: Step 523 accepted, E=-10.835071 Ha
Worker 6: Step 513 accepted, E=-10.835651 Ha
Worker 17: Step 501 accepted, E=-10.834611 Ha
Worker 15: Step 437 accepted, E=-10.834572 Ha
Worker 19: Step 359 accepted, E=-10.834964 Ha
Worker 9: Step 533 accepted, E=-10.834624 Ha
Worker 3: Step 552 accepted, E=-10.834751 Ha
Worker 5: Step 514 accepted, E=-10.834410 Ha
Worker 13: Step 473 accepted, E=-10.835347 Ha
Worker 17: No change from 'correlated_displacement', skipping.
Worker 16: Step 489 accepted, E=-10.834562 Ha
Worker 12: Step 455 accepted, E=-10.834837 Ha
Worker 7: Step 550 accepted, E=-10.834608 Ha
Worker 10: Step 514 accepted, E=-10.834288 Ha
Worker 18: Step 452 accepted, E=-10.835092 Ha
Worker 1: Step 609 accepted, E=-10.834615 Ha
Worker 14: Step 498 accepted, E=-10.835683 Ha
Worker 4: Step 522 accepted, E=-10.835928 Ha
Worker 8: Step 417 accepted, E=-10.834800 Ha
Worker 2: Step 605 accepted, E=-10.834489 Ha
Worker 6: Step 514 accepted, E=-10.835689 Ha
Worker 15: Step 438 accepted, E=-10.834568 Ha
Worker 19: Step 360 accepted, E=-10.834966 Ha
Worker 9: Step 534 accepted, E=-10.834630 Ha
Worker 3: Step 553 accepted, E=-10.834684 Ha
Worker 0: Step 524 accepted, E=-10.835052 Ha
Worker 11: Step 436 accepted, E=-10.834266 Ha
Worker 17: Step 503 accepted, E=-10.834615 Ha
Worker 16: Step 490, op=correlated_displacement, ΔE=0.0002 eV, accept=True
Worker 8: No change from 'mirror', skipping.
Worker 12: Step 456 accepted, E=-10.834828 Ha
Worker 13: Step 474 accepted, E=-10.835335 Ha
Worker 16: Step 490 accepted, E=-10.834555 Ha
Worker 7: Step 551 accepted, E=-10.834609 Ha
Worker 10: Step 515 accepted, E=-10.834284 Ha
Worker 18: Step 453 accepted, E=-10.835077 Ha
Worker 1: Step 610, op=random_rotation, ΔE=0.0022 eV, accept=True
Worker 14: Step 499 accepted, E=-10.835671 Ha
Worker 1: Step 610 accepted, E=-10.834536 Ha
Worker 4: Step 523 accepted, E=-10.835954 Ha
Worker 5: Step 515 accepted, E=-10.834408 Ha
Worker 8: No change from 'mirror', skipping.
Worker 15: Step 439 accepted, E=-10.834594 Ha
Worker 6: Step 515 accepted, E=-10.835663 Ha
Worker 9: Step 535 accepted, E=-10.834622 Ha
Worker 3: Step 554 accepted, E=-10.834725 Ha
Worker 2: Step 606 accepted, E=-10.834490 Ha
Worker 17: Step 504 accepted, E=-10.834619 Ha
Worker 19: Step 361 accepted, E=-10.834981 Ha
Worker 16: Step 491 accepted, E=-10.834539 Ha
Worker 12: Step 457 accepted, E=-10.834816 Ha
Worker 7: Step 552 accepted, E=-10.834615 Ha
Worker 13: Step 475 accepted, E=-10.835292 Ha
Worker 10: Step 516 accepted, E=-10.834284 Ha
Worker 18: Step 454 accepted, E=-10.835140 Ha
Worker 14: Step 500 accepted, E=-10.835679 Ha
Worker 1: Step 611 accepted, E=-10.834308 Ha
Worker 4: Step 524 accepted, E=-10.835958 Ha
Worker 0: Step 525 accepted, E=-10.835052 Ha
Worker 11: Step 437 accepted, E=-10.834403 Ha
Worker 7: No change from 'mirror', skipping.
Worker 8: Step 420, op=twist, ΔE=0.0004 eV, accept=False
Worker 15: Step 440 accepted, E=-10.834601 Ha
Worker 9: Step 536 accepted, E=-10.834624 Ha
Worker 6: Step 516 accepted, E=-10.835697 Ha
Worker 3: Step 555 accepted, E=-10.834733 Ha
Worker 17: Step 505 accepted, E=-10.834624 Ha
Worker 19: Step 362 accepted, E=-10.834987 Ha
Worker 5: Step 516 accepted, E=-10.834408 Ha
Worker 12: Step 458 accepted, E=-10.834820 Ha
Worker 3: No change from 'small_principal_axis_rotation', skipping.
Worker 16: Step 492 accepted, E=-10.834142 Ha
Worker 13: Step 476 accepted, E=-10.835263 Ha
Worker 18: Step 455 accepted, E=-10.835126 Ha
Worker 2: Step 607 accepted, E=-10.834490 Ha
Worker 10: Step 517 accepted, E=-10.834316 Ha
Worker 12: No change from 'small_principal_axis_rotation', skipping.
Worker 14: Step 501 accepted, E=-10.835667 Ha
Worker 12: No change from 'small_principal_axis_rotation', skipping.
Worker 4: Step 525 accepted, E=-10.835677 Ha
Worker 7: Step 554 accepted, E=-10.834612 Ha
Worker 15: Step 441 accepted, E=-10.834602 Ha
Worker 1: Step 612 accepted, E=-10.834453 Ha
Worker 8: Step 421 accepted, E=-10.834815 Ha
Worker 9: Step 537 accepted, E=-10.834613 Ha
Worker 6: Step 517 accepted, E=-10.835694 Ha
Worker 17: Step 506 accepted, E=-10.834614 Ha
Worker 19: Step 363 accepted, E=-10.834987 Ha
Worker 3: Step 557 accepted, E=-10.834751 Ha
Worker 16: Step 493 accepted, E=-10.834137 Ha
Worker 0: Step 526 accepted, E=-10.835017 Ha
Worker 10: Step 518 accepted, E=-10.834323 Ha
Worker 13: Step 477 accepted, E=-10.833412 Ha
Worker 18: Step 456 accepted, E=-10.835142 Ha
Worker 11: Step 438 accepted, E=-10.834404 Ha
Worker 14: Step 502 accepted, E=-10.835620 Ha
Worker 17: No change from 'roto_reflection', skipping.
Worker 10: No change from 'small_principal_axis_rotation', skipping.
Worker 12: Step 461 accepted, E=-10.834825 Ha
Worker 5: Step 517 accepted, E=-10.834410 Ha
Worker 7: Step 555 accepted, E=-10.834611 Ha
Worker 15: Step 442 accepted, E=-10.834595 Ha
Worker 2: Step 608 accepted, E=-10.834490 Ha
Worker 4: Step 526 accepted, E=-10.834762 Ha
Worker 8: Step 422 accepted, E=-10.834807 Ha
Worker 1: Step 613 accepted, E=-10.834545 Ha
Worker 9: Step 538 accepted, E=-10.834626 Ha
Worker 6: Step 518 accepted, E=-10.835754 Ha
Worker 19: Step 364 accepted, E=-10.834955 Ha
Worker 3: Step 558 accepted, E=-10.834781 Ha
Worker 16: Step 494 accepted, E=-10.834138 Ha
Worker 13: Step 478 accepted, E=-10.833549 Ha
Worker 18: Step 457 accepted, E=-10.835066 Ha
Worker 11: No change from 'roto_reflection', skipping.
Worker 10: Step 520, op=correlated_displacement, ΔE=0.0001 eV, accept=True
Worker 17: Step 508 accepted, E=-10.834608 Ha
Worker 10: Step 520 accepted, E=-10.834320 Ha
Worker 14: Step 503 accepted, E=-10.835713 Ha
Worker 12: Step 462 accepted, E=-10.834846 Ha
Worker 15: Step 443 accepted, E=-10.834484 Ha
Worker 7: Step 556 accepted, E=-10.834613 Ha
Worker 8: Step 423 accepted, E=-10.834779 Ha
Worker 9: Step 539 accepted, E=-10.834599 Ha
Worker 0: Step 527 accepted, E=-10.835029 Ha
Worker 6: Step 519 accepted, E=-10.835630 Ha
Worker 19: Step 365 accepted, E=-10.834989 Ha
Worker 2: Step 609 accepted, E=-10.834489 Ha
Worker 3: Step 559 accepted, E=-10.834765 Ha
Worker 5: Step 518 accepted, E=-10.834651 Ha
Worker 16: Step 495 accepted, E=-10.834115 Ha
Worker 1: No change from 'large_displacement', skipping.
Worker 11: No change from 'mirror', skipping.
Worker 13: Step 479 accepted, E=-10.833579 Ha
Worker 17: Step 509 accepted, E=-10.834614 Ha
Worker 7: Step 557 accepted, E=-10.834619 Ha
Worker 12: Step 463 accepted, E=-10.834886 Ha
Worker 14: Step 504 accepted, E=-10.835603 Ha
Worker 10: Step 521 accepted, E=-10.834330 Ha
Worker 15: Step 444 accepted, E=-10.834627 Ha
Worker 11: No change from 'small_principal_axis_rotation', skipping.
Worker 9: Step 540 accepted, E=-10.834612 Ha
Worker 4: Step 528 accepted, E=-10.835070 Ha
Worker 8: Step 424 accepted, E=-10.834771 Ha
Worker 17: No change from 'small_principal_axis_rotation', skipping.
Worker 12: No change from 'exchange', skipping.
Worker 19: Step 366 accepted, E=-10.834973 Ha
Worker 16: Step 496 accepted, E=-10.834132 Ha
Worker 6: Step 520 accepted, E=-10.835648 Ha
Worker 3: Step 560, op=local_twist, ΔE=0.0002 eV, accept=True
Worker 3: Step 560 accepted, E=-10.834758 Ha
Worker 18: Step 459 accepted, E=-10.835052 Ha
Worker 6: No change from 'principal_axis_rotation', skipping.
Worker 2: Step 610 accepted, E=-10.834489 Ha
Worker 13: Step 480 accepted, E=-10.833818 Ha
Worker 7: Step 558 accepted, E=-10.834617 Ha
Worker 0: Step 528 accepted, E=-10.835835 Ha
Worker 14: Step 505 accepted, E=-10.835741 Ha
Worker 10: Step 522 accepted, E=-10.834327 Ha
Worker 15: Step 445 accepted, E=-10.834636 Ha
Worker 5: Step 519 accepted, E=-10.834652 Ha
Worker 1: Step 616 accepted, E=-10.834596 Ha
Worker 9: Step 541 accepted, E=-10.834614 Ha
Worker 17: Step 511 accepted, E=-10.834614 Ha
Worker 4: Step 529 accepted, E=-10.835574 Ha
Worker 19: Step 367 accepted, E=-10.834979 Ha
Worker 8: Step 425 accepted, E=-10.834771 Ha
Worker 16: Step 497 accepted, E=-10.834132 Ha
Worker 12: Step 465 accepted, E=-10.834898 Ha
Worker 3: Step 561 accepted, E=-10.834789 Ha
Worker 15: No change from 'roto_reflection', skipping.
Worker 18: Step 460, op=correlated_displacement, ΔE=0.0008 eV, accept=True
Worker 6: Step 522 accepted, E=-10.835623 Ha
Worker 7: Step 559 accepted, E=-10.834621 Ha
Worker 11: Step 442 accepted, E=-10.834415 Ha
Worker 0: No change from 'correlated_displacement', skipping.
Worker 18: Step 460 accepted, E=-10.835023 Ha
Worker 13: Step 481 accepted, E=-10.833818 Ha
Worker 14: Step 506 accepted, E=-10.835739 Ha
Worker 10: Step 523 accepted, E=-10.834329 Ha
Worker 9: Step 542 accepted, E=-10.834846 Ha
Worker 2: Step 611 accepted, E=-10.834489 Ha
Worker 17: Step 512 accepted, E=-10.834614 Ha
Worker 1: Step 617 accepted, E=-10.834640 Ha
Worker 16: Step 498 accepted, E=-10.834131 Ha
Worker 4: Step 530, op=random_displacement, ΔE=0.0116 eV, accept=True
Worker 5: Step 520 accepted, E=-10.834653 Ha
Worker 19: Step 368 accepted, E=-10.834919 Ha
Worker 8: Step 426 accepted, E=-10.834781 Ha
Worker 4: Step 530 accepted, E=-10.835147 Ha
Worker 12: Step 466 accepted, E=-10.834906 Ha
Worker 15: Step 447 accepted, E=-10.834626 Ha
Worker 3: Step 562 accepted, E=-10.834791 Ha
Worker 7: Step 560, op=random_displacement, ΔE=0.0004 eV, accept=True
Worker 7: Step 560 accepted, E=-10.834608 Ha
Worker 18: Step 461 accepted, E=-10.835033 Ha
Worker 10: Step 524 accepted, E=-10.834357 Ha
Worker 13: Step 482 accepted, E=-10.833819 Ha
Worker 14: Step 507 accepted, E=-10.835876 Ha
Worker 17: Step 513 accepted, E=-10.834614 Ha
Worker 9: Step 543 accepted, E=-10.834846 Ha
Worker 16: Step 499 accepted, E=-10.834152 Ha
Worker 8: Step 427 accepted, E=-10.834782 Ha
Worker 11: Step 443 accepted, E=-10.834442 Ha
Worker 0: Step 530 accepted, E=-10.835839 Ha
Worker 1: Step 618 accepted, E=-10.834771 Ha
Worker 19: Step 369 accepted, E=-10.834907 Ha
Worker 12: Step 467 accepted, E=-10.834891 Ha
Worker 4: Step 531 accepted, E=-10.835157 Ha
Worker 2: Step 612 accepted, E=-10.834457 Ha
Worker 7: Step 561 accepted, E=-10.834609 Ha
Worker 3: Step 563 accepted, E=-10.834804 Ha
Worker 15: Step 448 accepted, E=-10.834626 Ha
Worker 11: No change from 'small_principal_axis_rotation', skipping.
Worker 10: Step 525 accepted, E=-10.834356 Ha
Worker 18: Step 462 accepted, E=-10.835037 Ha
Worker 6: Step 524 accepted, E=-10.835614 Ha
Worker 5: Step 521 accepted, E=-10.834654 Ha
Worker 14: Step 508 accepted, E=-10.835849 Ha
Worker 13: Step 483 accepted, E=-10.833823 Ha
Worker 9: Step 544 accepted, E=-10.834971 Ha
Worker 16: Step 500 accepted, E=-10.834154 Ha
Worker 17: Step 514 accepted, E=-10.834614 Ha
Worker 8: Step 428 accepted, E=-10.834775 Ha
Worker 19: Step 370, op=correlated_displacement, ΔE=0.0000 eV, accept=True
Worker 12: Step 468 accepted, E=-10.834883 Ha
Worker 1: Step 619 accepted, E=-10.834781 Ha
Worker 19: Step 370 accepted, E=-10.834906 Ha
Worker 15: Step 449 accepted, E=-10.834639 Ha
Worker 3: Step 564 accepted, E=-10.834819 Ha
Worker 7: Step 562 accepted, E=-10.834609 Ha
Worker 4: Step 532 accepted, E=-10.834708 Ha
Worker 18: Step 463 accepted, E=-10.835034 Ha
Worker 10: Step 526 accepted, E=-10.834365 Ha
Worker 6: Step 525 accepted, E=-10.835679 Ha
Worker 2: Step 613 accepted, E=-10.834458 Ha
Worker 14: Step 509 accepted, E=-10.835909 Ha
Worker 13: Step 484 accepted, E=-10.833831 Ha
Worker 9: Step 545 accepted, E=-10.834976 Ha
Worker 0: Step 531 accepted, E=-10.835900 Ha
Worker 17: Step 515 accepted, E=-10.834611 Ha
Worker 16: Step 501 accepted, E=-10.834154 Ha
Worker 8: Step 429 accepted, E=-10.834809 Ha
Worker 5: Step 522 accepted, E=-10.834649 Ha
Worker 11: Step 445 accepted, E=-10.834441 Ha
Worker 7: Step 563 accepted, E=-10.834604 Ha
Worker 16: No change from 'small_principal_axis_rotation', skipping.
Worker 3: Step 565 accepted, E=-10.834813 Ha
Worker 1: Step 620, op=correlated_displacement, ΔE=0.0022 eV, accept=True
Worker 15: Step 450, op=small_principal_axis_rotation, ΔE=0.0003 eV, accept=True
Worker 12: Step 469 accepted, E=-10.834880 Ha
Worker 15: Step 450 accepted, E=-10.834628 Ha
Worker 1: Step 620 accepted, E=-10.834700 Ha
Worker 19: Step 371 accepted, E=-10.834870 Ha
Worker 4: Step 533 accepted, E=-10.834715 Ha
Worker 18: Step 464 accepted, E=-10.835035 Ha
Worker 10: Step 527 accepted, E=-10.834394 Ha
Worker 6: Step 526 accepted, E=-10.835756 Ha
Worker 2: No change from 'roto_reflection', skipping.
Worker 14: Step 510, op=correlated_displacement, ΔE=0.0021 eV, accept=True
Worker 14: Step 510 accepted, E=-10.835833 Ha
Worker 13: Step 485 accepted, E=-10.833770 Ha
Worker 9: Step 546 accepted, E=-10.834978 Ha
Worker 6: No change from 'small_principal_axis_rotation', skipping.
Worker 7: Step 564 accepted, E=-10.834607 Ha
Worker 8: Step 430 accepted, E=-10.834813 Ha
Worker 12: Step 470, op=random_displacement, ΔE=0.0001 eV, accept=True
Worker 16: Step 503 accepted, E=-10.834158 Ha
Worker 12: Step 470 accepted, E=-10.834878 Ha
Worker 15: Step 451 accepted, E=-10.834637 Ha
Worker 3: Step 566 accepted, E=-10.834820 Ha
Worker 1: Step 621 accepted, E=-10.834502 Ha
Worker 4: Step 534 accepted, E=-10.834754 Ha
Worker 0: Step 532 accepted, E=-10.835901 Ha
Worker 19: Step 372 accepted, E=-10.834832 Ha
Worker 18: Step 465 accepted, E=-10.835028 Ha
Worker 5: Step 523 accepted, E=-10.834648 Ha
Worker 10: Step 528 accepted, E=-10.834385 Ha
Worker 11: Step 446 accepted, E=-10.834501 Ha
Worker 14: Step 511 accepted, E=-10.835862 Ha
Worker 13: Step 486 accepted, E=-10.833619 Ha
Worker 9: Step 547 accepted, E=-10.834976 Ha
Worker 6: Step 528 accepted, E=-10.835706 Ha
Worker 2: Step 615 accepted, E=-10.834458 Ha
Worker 7: Step 565 accepted, E=-10.834597 Ha
Worker 8: Step 431 accepted, E=-10.834817 Ha
Worker 17: Step 517 accepted, E=-10.834601 Ha
Worker 16: Step 504 accepted, E=-10.834154 Ha
Worker 12: Step 471 accepted, E=-10.834876 Ha
Worker 15: Step 452 accepted, E=-10.834625 Ha
Worker 3: Step 567 accepted, E=-10.834816 Ha
Worker 18: Step 466 accepted, E=-10.835028 Ha
Worker 19: Step 373 accepted, E=-10.834837 Ha
Worker 4: Step 535 accepted, E=-10.834600 Ha
Worker 10: Step 529 accepted, E=-10.834419 Ha
Worker 12: No change from 'random_displacement', skipping.
Worker 1: Step 622 accepted, E=-10.834425 Ha
Worker 14: Step 512 accepted, E=-10.835931 Ha
Worker 13: Step 487 accepted, E=-10.833827 Ha
Worker 9: Step 548 accepted, E=-10.834978 Ha
Worker 6: Step 529 accepted, E=-10.835731 Ha
Worker 17: Step 518 accepted, E=-10.834599 Ha
Worker 16: Step 505 accepted, E=-10.834163 Ha
Worker 5: Step 524 accepted, E=-10.834648 Ha
Worker 7: Step 566 accepted, E=-10.834602 Ha
Worker 0: Step 533 accepted, E=-10.835905 Ha
Worker 4: No change from 'roto_reflection', skipping.
Worker 8: Step 432 accepted, E=-10.834814 Ha
Worker 15: Step 453 accepted, E=-10.834660 Ha
Worker 3: Step 568 accepted, E=-10.834865 Ha
Worker 11: Step 447 accepted, E=-10.834530 Ha
Worker 18: Step 467 accepted, E=-10.835003 Ha
Worker 2: Step 616 accepted, E=-10.834458 Ha
Worker 15: No change from 'small_principal_axis_rotation', skipping.
Worker 10: Step 530 accepted, E=-10.834420 Ha
Worker 12: Step 473 accepted, E=-10.834871 Ha
Worker 15: No change from 'small_principal_axis_rotation', skipping.
Worker 9: Step 549 accepted, E=-10.834960 Ha
Worker 13: Step 488 accepted, E=-10.833915 Ha
Worker 14: Step 513 accepted, E=-10.835961 Ha
Worker 7: Step 567 accepted, E=-10.834606 Ha
Worker 16: Step 506 accepted, E=-10.834166 Ha
Worker 6: Step 530 accepted, E=-10.835743 Ha
Worker 17: Step 519 accepted, E=-10.834598 Ha
Worker 8: Step 433 accepted, E=-10.834808 Ha
Worker 4: Step 537 accepted, E=-10.834315 Ha
Worker 18: Step 468 accepted, E=-10.835056 Ha
Worker 1: Step 623 accepted, E=-10.834220 Ha
Worker 3: Step 569 accepted, E=-10.834870 Ha
Worker 19: Step 375 accepted, E=-10.834846 Ha
Worker 5: Step 525 accepted, E=-10.834413 Ha
Worker 12: Step 474 accepted, E=-10.834856 Ha
Worker 4: No change from 'small_principal_axis_rotation', skipping.
Worker 10: Step 531 accepted, E=-10.834387 Ha
Worker 15: Step 456 accepted, E=-10.834636 Ha
Worker 9: Step 550 accepted, E=-10.835037 Ha
Worker 2: Step 617 accepted, E=-10.834458 Ha
Worker 16: Step 507 accepted, E=-10.834166 Ha
Worker 0: Step 534 accepted, E=-10.835912 Ha
Worker 13: Step 489 accepted, E=-10.833922 Ha
Worker 7: Step 568 accepted, E=-10.834613 Ha
Worker 14: Step 514 accepted, E=-10.835946 Ha
Worker 6: Step 531 accepted, E=-10.835640 Ha
Worker 17: Step 520, op=small_principal_axis_rotation, ΔE=0.0000 eV, accept=True
Worker 9: No change from 'small_principal_axis_rotation', skipping.
Worker 11: Step 448 accepted, E=-10.834541 Ha
Worker 17: Step 520 accepted, E=-10.834598 Ha
Worker 8: Step 434 accepted, E=-10.834777 Ha
Worker 18: Step 469 accepted, E=-10.835145 Ha
Worker 3: Step 570 accepted, E=-10.834897 Ha
Worker 19: Step 376 accepted, E=-10.834851 Ha
Worker 15: Step 457 accepted, E=-10.834640 Ha
Worker 12: Step 475 accepted, E=-10.834881 Ha
Worker 10: Step 532 accepted, E=-10.834447 Ha
Worker 4: Step 539 accepted, E=-10.834314 Ha
Worker 7: Step 569 accepted, E=-10.834524 Ha
Worker 16: Step 508 accepted, E=-10.834150 Ha
Worker 13: Step 490 accepted, E=-10.834041 Ha
Worker 14: Step 515 accepted, E=-10.835905 Ha
Worker 6: Step 532 accepted, E=-10.835672 Ha
Worker 17: Step 521 accepted, E=-10.834599 Ha
Worker 5: Step 526 accepted, E=-10.834412 Ha
Worker 9: Step 552 accepted, E=-10.835186 Ha
Worker 1: Step 624 accepted, E=-10.834201 Ha
Worker 8: Step 435 accepted, E=-10.834777 Ha
Worker 2: Step 618 accepted, E=-10.834459 Ha
Worker 3: Step 571 accepted, E=-10.834864 Ha
Worker 18: Step 470 accepted, E=-10.835194 Ha
Worker 14: No change from 'large_displacement', skipping.
Worker 19: Step 377 accepted, E=-10.834851 Ha
Worker 15: Step 458 accepted, E=-10.834660 Ha
Worker 12: Step 476 accepted, E=-10.834906 Ha
Worker 17: No change from 'roto_reflection', skipping.
Worker 10: Step 533 accepted, E=-10.834430 Ha
Worker 0: Step 535 accepted, E=-10.835901 Ha
Worker 16: Step 509 accepted, E=-10.834149 Ha
Worker 11: Step 449 accepted, E=-10.834538 Ha
Worker 4: Step 540 accepted, E=-10.835203 Ha
Worker 7: Step 570 accepted, E=-10.834525 Ha
Worker 13: Step 491 accepted, E=-10.834038 Ha
Worker 9: Step 553 accepted, E=-10.835189 Ha
Worker 6: Step 533 accepted, E=-10.835685 Ha
Worker 4: No change from 'exchange', skipping.
Worker 1: Step 625 accepted, E=-10.834036 Ha
Worker 2: No change from 'roto_reflection', skipping.
Worker 18: Step 471 accepted, E=-10.835188 Ha
Worker 15: Step 459 accepted, E=-10.834661 Ha
Worker 0: No change from 'exchange', skipping.
Worker 3: Step 572 accepted, E=-10.834790 Ha
Worker 14: Step 517 accepted, E=-10.835911 Ha
Worker 5: Step 527 accepted, E=-10.834413 Ha
Worker 19: Step 378 accepted, E=-10.834760 Ha
Worker 12: Step 477 accepted, E=-10.834949 Ha
Worker 16: Step 510, op=random_rotation, ΔE=0.0000 eV, accept=True
Worker 17: Step 523 accepted, E=-10.834588 Ha
Worker 16: Step 510 accepted, E=-10.834149 Ha
Worker 10: Step 534 accepted, E=-10.834456 Ha
Worker 8: Step 436 accepted, E=-10.834811 Ha
Worker 7: Step 571 accepted, E=-10.834531 Ha
Worker 1: No change from 'exchange', skipping.
Worker 13: Step 492 accepted, E=-10.833974 Ha
Worker 9: Step 554 accepted, E=-10.835146 Ha
Worker 15: Step 460, op=correlated_displacement, ΔE=0.0002 eV, accept=True
Worker 6: Step 534 accepted, E=-10.835405 Ha
Worker 4: Step 542 accepted, E=-10.835165 Ha
Worker 11: Step 450, op=random_rotation, ΔE=0.0015 eV, accept=True
Worker 15: Step 460 accepted, E=-10.834654 Ha
Worker 3: Step 573 accepted, E=-10.834810 Ha
Worker 11: Step 450 accepted, E=-10.834482 Ha
Worker 5: No change from 'roto_reflection', skipping.
Worker 18: Step 472 accepted, E=-10.835159 Ha
Worker 14: Step 518 accepted, E=-10.835913 Ha
Worker 16: Step 511 accepted, E=-10.834148 Ha
Worker 12: Step 478 accepted, E=-10.834941 Ha
Worker 19: Step 379 accepted, E=-10.834752 Ha
Worker 17: Step 524 accepted, E=-10.834585 Ha
Worker 2: Step 620, op=twist, ΔE=0.0000 eV, accept=True
Worker 10: Step 535 accepted, E=-10.834452 Ha
Worker 7: Step 572 accepted, E=-10.834530 Ha
Worker 8: Step 437 accepted, E=-10.834757 Ha
Worker 2: Step 620 accepted, E=-10.834459 Ha
Worker 13: Step 493 accepted, E=-10.833977 Ha
Worker 9: Step 555 accepted, E=-10.835166 Ha
Worker 8: No change from 'principal_axis_rotation', skipping.
Worker 0: Step 537 accepted, E=-10.835889 Ha
Worker 7: No change from 'mirror', skipping.
Worker 15: Step 461 accepted, E=-10.834647 Ha
Worker 8: No change from 'small_principal_axis_rotation', skipping.
Worker 4: Step 543 accepted, E=-10.835295 Ha
Worker 18: Step 473 accepted, E=-10.835157 Ha
Worker 3: Step 574 accepted, E=-10.834811 Ha
Worker 6: Step 535 accepted, E=-10.834203 Ha
Worker 14: Step 519 accepted, E=-10.835910 Ha
Worker 12: Step 479 accepted, E=-10.834940 Ha
Worker 17: Step 525 accepted, E=-10.834578 Ha
Worker 19: Step 380 accepted, E=-10.834762 Ha
Worker 16: Step 512 accepted, E=-10.834907 Ha
Worker 10: Step 536 accepted, E=-10.834448 Ha
Worker 13: Step 494 accepted, E=-10.833988 Ha
Worker 5: Step 529 accepted, E=-10.834413 Ha
Worker 9: Step 556 accepted, E=-10.835183 Ha
Worker 11: Step 451 accepted, E=-10.834419 Ha
Worker 2: Step 621 accepted, E=-10.834459 Ha
Worker 1: Step 628 accepted, E=-10.834085 Ha
Worker 7: Step 574 accepted, E=-10.834433 Ha
Worker 15: Step 462 accepted, E=-10.834649 Ha
Worker 3: Step 575 accepted, E=-10.834842 Ha
Worker 4: Step 544 accepted, E=-10.833965 Ha
Worker 18: Step 474 accepted, E=-10.835158 Ha
Worker 17: Step 526 accepted, E=-10.834570 Ha
Worker 14: Step 520, op=small_principal_axis_rotation, ΔE=0.0000 eV, accept=True
Worker 6: Step 536 accepted, E=-10.834199 Ha
Worker 12: Step 480, op=small_principal_axis_rotation, ΔE=0.0003 eV, accept=True
Worker 16: Step 513 accepted, E=-10.834906 Ha
Worker 8: Step 440 accepted, E=-10.834769 Ha
Worker 14: Step 520 accepted, E=-10.835909 Ha
Worker 12: Step 480 accepted, E=-10.834929 Ha
Worker 10: Step 537 accepted, E=-10.834483 Ha
Worker 19: Step 381 accepted, E=-10.834757 Ha
Worker 0: Step 538 accepted, E=-10.835902 Ha
Worker 13: Step 495 accepted, E=-10.834056 Ha
Worker 9: Step 557 accepted, E=-10.834720 Ha
Worker 7: Step 575 accepted, E=-10.834434 Ha
Worker 5: Step 530, op=com_com_approach, ΔE=0.0000 eV, accept=True
Worker 1: Step 629 accepted, E=-10.833974 Ha
Worker 2: Step 622 accepted, E=-10.834459 Ha
Worker 15: Step 463 accepted, E=-10.834639 Ha
Worker 3: Step 576 accepted, E=-10.834844 Ha
Worker 17: Step 527 accepted, E=-10.834569 Ha
Worker 18: Step 475 accepted, E=-10.835191 Ha
Worker 5: Step 530 accepted, E=-10.834413 Ha
Worker 12: Step 481 accepted, E=-10.834929 Ha
Worker 16: Step 514 accepted, E=-10.834905 Ha
Worker 6: Step 537 accepted, E=-10.834208 Ha
Worker 14: Step 521 accepted, E=-10.835870 Ha
Worker 10: Step 538 accepted, E=-10.834412 Ha
Worker 19: Step 382 accepted, E=-10.834750 Ha
Worker 8: Step 441 accepted, E=-10.834773 Ha
Worker 11: Step 452 accepted, E=-10.834458 Ha
Worker 13: Step 496 accepted, E=-10.834048 Ha
Worker 9: Step 558 accepted, E=-10.834681 Ha
Worker 7: Step 576 accepted, E=-10.834435 Ha
Worker 15: Step 464 accepted, E=-10.834638 Ha
Worker 3: Step 577 accepted, E=-10.834800 Ha
Worker 0: Step 539 accepted, E=-10.836031 Ha
Worker 18: Step 476 accepted, E=-10.835177 Ha
Worker 16: Step 515 accepted, E=-10.834904 Ha
Worker 17: Step 528 accepted, E=-10.834568 Ha
Worker 1: Step 630, op=principal_axis_rotation, ΔE=0.0001 eV, accept=True
Worker 12: Step 482 accepted, E=-10.834918 Ha
Worker 1: Step 630 accepted, E=-10.833970 Ha
Worker 4: Step 546 accepted, E=-10.834745 Ha
Worker 14: Step 522 accepted, E=-10.835954 Ha
Worker 10: Step 539 accepted, E=-10.834380 Ha
Worker 19: Step 383 accepted, E=-10.834788 Ha
Worker 2: Step 623 accepted, E=-10.834459 Ha
Worker 6: Step 538 accepted, E=-10.834208 Ha
Worker 8: Step 442 accepted, E=-10.834772 Ha
Worker 13: Step 497 accepted, E=-10.834035 Ha
Worker 5: Step 531 accepted, E=-10.834413 Ha
Worker 9: Step 559 accepted, E=-10.834668 Ha
Worker 7: Step 577 accepted, E=-10.834435 Ha
Worker 1: No change from 'random_displacement', skipping.
Worker 3: Step 578 accepted, E=-10.834897 Ha
Worker 17: Step 529 accepted, E=-10.834558 Ha
Worker 11: Step 453 accepted, E=-10.834441 Ha
Worker 15: Step 465 accepted, E=-10.834675 Ha
Worker 16: Step 516 accepted, E=-10.834905 Ha
Worker 12: Step 483 accepted, E=-10.834868 Ha
Worker 18: Step 477 accepted, E=-10.835176 Ha
Worker 3: No change from 'small_principal_axis_rotation', skipping.
Worker 4: Step 547 accepted, E=-10.835351 Ha
Worker 19: Step 384 accepted, E=-10.834906 Ha
Worker 5: No change from 'mirror', skipping.
Worker 14: Step 523 accepted, E=-10.835956 Ha
Worker 8: Step 443 accepted, E=-10.834881 Ha
Worker 10: Step 540 accepted, E=-10.834384 Ha
Worker 6: Step 539 accepted, E=-10.833661 Ha
Worker 13: Step 498 accepted, E=-10.834040 Ha
Worker 0: Step 540, op=correlated_displacement, ΔE=0.0018 eV, accept=True
Worker 7: Step 578 accepted, E=-10.834435 Ha
Worker 9: Step 560 accepted, E=-10.834669 Ha
Worker 0: Step 540 accepted, E=-10.835967 Ha
Worker 1: Step 632 accepted, E=-10.833383 Ha
Worker 2: Step 624 accepted, E=-10.834461 Ha
Worker 17: Step 530, op=principal_axis_rotation, ΔE=0.0061 eV, accept=False
Worker 12: Step 484 accepted, E=-10.834843 Ha
Worker 18: Step 478 accepted, E=-10.835140 Ha
Worker 15: Step 466 accepted, E=-10.834677 Ha
Worker 3: Step 580 accepted, E=-10.834937 Ha
Worker 17: No change from 'small_principal_axis_rotation', skipping.
Worker 19: Step 385 accepted, E=-10.834897 Ha
Worker 4: Step 548 accepted, E=-10.835243 Ha
Worker 10: Step 541 accepted, E=-10.834366 Ha
Worker 14: Step 524 accepted, E=-10.835992 Ha
Worker 8: Step 444 accepted, E=-10.834878 Ha
Worker 7: Step 579 accepted, E=-10.834434 Ha
Worker 13: Step 499 accepted, E=-10.833744 Ha
Worker 6: Step 540, op=local_twist, ΔE=0.0010 eV, accept=True
Worker 9: Step 561 accepted, E=-10.834701 Ha
Worker 12: No change from 'correlated_displacement', skipping.
Worker 6: Step 540 accepted, E=-10.833626 Ha
Worker 18: No change from 'large_displacement', skipping.
Worker 11: Step 454 accepted, E=-10.834397 Ha
Worker 1: Step 633 accepted, E=-10.833390 Ha
Worker 5: Step 533 accepted, E=-10.834415 Ha
Worker 14: No change from 'mirror', skipping.
Worker 16: Step 518 accepted, E=-10.834895 Ha
Worker 6: No change from 'mirror', skipping.
Worker 15: Step 467 accepted, E=-10.834675 Ha
Worker 2: Step 625 accepted, E=-10.834460 Ha
Worker 3: Step 581 accepted, E=-10.834972 Ha
Worker 7: Step 580, op=random_displacement, ΔE=0.0001 eV, accept=True
Worker 0: Step 541 accepted, E=-10.835942 Ha
Worker 7: Step 580 accepted, E=-10.834432 Ha
Worker 17: Step 532 accepted, E=-10.834502 Ha
Worker 19: Step 386 accepted, E=-10.834869 Ha
Worker 10: Step 542 accepted, E=-10.834378 Ha
Worker 4: Step 549 accepted, E=-10.835789 Ha
Worker 8: Step 445 accepted, E=-10.834891 Ha
Worker 13: Step 500, op=random_displacement, ΔE=0.0048 eV, accept=True
Worker 9: Step 562 accepted, E=-10.834636 Ha
Worker 12: Step 486 accepted, E=-10.834862 Ha
Worker 13: Step 500 accepted, E=-10.833569 Ha
Worker 18: Step 480 accepted, E=-10.835169 Ha
Worker 1: Step 634 accepted, E=-10.832657 Ha
Worker 14: Step 526 accepted, E=-10.836000 Ha
Worker 15: Step 468 accepted, E=-10.834675 Ha
Worker 3: Step 582 accepted, E=-10.834934 Ha
Worker 17: Step 533 accepted, E=-10.834502 Ha
Worker 7: Step 581 accepted, E=-10.834432 Ha
Worker 6: Step 542 accepted, E=-10.833595 Ha
Worker 5: Step 534 accepted, E=-10.834416 Ha
Worker 19: Step 387 accepted, E=-10.834880 Ha
Worker 11: Step 455 accepted, E=-10.834320 Ha
Worker 10: Step 543 accepted, E=-10.834455 Ha
Worker 2: Step 626 accepted, E=-10.834459 Ha
Worker 4: Step 550, op=local_twist, ΔE=0.0004 eV, accept=True
Worker 9: Step 563 accepted, E=-10.834662 Ha
Worker 4: Step 550 accepted, E=-10.835772 Ha
Worker 12: Step 487 accepted, E=-10.834846 Ha
Worker 13: Step 501 accepted, E=-10.833642 Ha
Worker 18: Step 481 accepted, E=-10.835174 Ha
Worker 8: Step 446 accepted, E=-10.834891 Ha
Worker 14: Step 527 accepted, E=-10.836027 Ha
Worker 1: Step 635 accepted, E=-10.832621 Ha
Worker 16: Step 520 accepted, E=-10.834895 Ha
Worker 0: Step 542 accepted, E=-10.835949 Ha
Worker 12: No change from 'mirror', skipping.
Worker 17: Step 534 accepted, E=-10.834514 Ha
Worker 7: Step 582 accepted, E=-10.834431 Ha
Worker 3: Step 583 accepted, E=-10.834929 Ha
Worker 15: Step 469 accepted, E=-10.834682 Ha
Worker 6: Step 543 accepted, E=-10.833399 Ha
Worker 2: No change from 'mirror', skipping.
Worker 10: Step 544 accepted, E=-10.834462 Ha
Worker 19: Step 388 accepted, E=-10.834620 Ha
Worker 9: Step 564 accepted, E=-10.834605 Ha
Worker 13: Step 502 accepted, E=-10.833642 Ha
Worker 4: Step 551 accepted, E=-10.835749 Ha
Worker 18: Step 482 accepted, E=-10.835149 Ha
Worker 5: Step 535 accepted, E=-10.834417 Ha
Worker 14: Step 528 accepted, E=-10.836050 Ha
Worker 8: Step 447 accepted, E=-10.834888 Ha
Worker 16: Step 521 accepted, E=-10.834880 Ha
Worker 7: Step 583 accepted, E=-10.834430 Ha
Worker 12: Step 489 accepted, E=-10.834846 Ha
Worker 1: Step 636 accepted, E=-10.832624 Ha
Worker 3: Step 584 accepted, E=-10.834872 Ha
Worker 17: Step 535 accepted, E=-10.834510 Ha
Worker 15: Step 470 accepted, E=-10.834745 Ha
Worker 12: No change from 'small_principal_axis_rotation', skipping.
Worker 0: Step 543 accepted, E=-10.835943 Ha
Worker 6: Step 544 accepted, E=-10.833268 Ha
Worker 11: Step 456 accepted, E=-10.834320 Ha
Worker 3: No change from 'small_principal_axis_rotation', skipping.
Worker 10: Step 545 accepted, E=-10.834367 Ha
Worker 19: Step 389 accepted, E=-10.834624 Ha
Worker 9: Step 565 accepted, E=-10.834961 Ha
Worker 13: Step 503 accepted, E=-10.833767 Ha
Worker 4: Step 552 accepted, E=-10.835737 Ha
Worker 5: Step 536 accepted, E=-10.834417 Ha
Worker 18: Step 483 accepted, E=-10.835128 Ha
Worker 2: Step 628 accepted, E=-10.834457 Ha
Worker 16: Step 522 accepted, E=-10.834878 Ha
Worker 14: Step 529 accepted, E=-10.836049 Ha
Worker 7: Step 584 accepted, E=-10.834431 Ha
Worker 17: Step 536 accepted, E=-10.834515 Ha
Worker 8: Step 448 accepted, E=-10.834896 Ha
Worker 15: Step 471 accepted, E=-10.834710 Ha
Worker 1: Step 637 accepted, E=-10.832630 Ha
Worker 12: Step 491 accepted, E=-10.834826 Ha
Worker 3: Step 586 accepted, E=-10.834849 Ha
Worker 0: Step 544 accepted, E=-10.835946 Ha
Worker 6: Step 545 accepted, E=-10.833428 Ha
Worker 10: Step 546 accepted, E=-10.834613 Ha
Worker 9: Step 566 accepted, E=-10.834957 Ha
Worker 19: Step 390 accepted, E=-10.834664 Ha
Worker 13: Step 504 accepted, E=-10.833820 Ha
Worker 18: Step 484 accepted, E=-10.835127 Ha
Worker 4: Step 553 accepted, E=-10.835719 Ha
Worker 16: Step 523 accepted, E=-10.834877 Ha
Worker 5: Step 537 accepted, E=-10.834411 Ha
Worker 14: Step 530, op=large_displacement, ΔE=0.0124 eV, accept=True
Worker 7: Step 585 accepted, E=-10.834430 Ha
Worker 11: Step 457 accepted, E=-10.834307 Ha
Worker 17: Step 537 accepted, E=-10.834509 Ha
Worker 14: Step 530 accepted, E=-10.835592 Ha
Worker 15: Step 472 accepted, E=-10.834710 Ha
Worker 9: No change from 'mirror', skipping.
Worker 8: Step 449 accepted, E=-10.834910 Ha
Worker 3: Step 587 accepted, E=-10.834848 Ha
Worker 12: Step 492 accepted, E=-10.834814 Ha
Worker 2: Step 629 accepted, E=-10.834457 Ha
Worker 0: Step 545 accepted, E=-10.835956 Ha
Worker 6: Step 546 accepted, E=-10.833410 Ha
Worker 10: Step 547 accepted, E=-10.834599 Ha
Worker 19: Step 391 accepted, E=-10.834624 Ha
Worker 13: Step 505 accepted, E=-10.833823 Ha
Worker 18: Step 485 accepted, E=-10.835228 Ha
Worker 5: Step 538 accepted, E=-10.834411 Ha
Worker 16: Step 524 accepted, E=-10.834880 Ha
Worker 17: Step 538 accepted, E=-10.834525 Ha
Worker 4: Step 554 accepted, E=-10.835683 Ha
Worker 7: Step 586 accepted, E=-10.834426 Ha
Worker 10: No change from 'mirror', skipping.
Worker 14: Step 531 accepted, E=-10.835590 Ha
Worker 15: Step 473 accepted, E=-10.834729 Ha
Worker 2: No change from 'mirror', skipping.
Worker 8: Step 450, op=random_rotation, ΔE=0.0000 eV, accept=True
Worker 9: Step 568 accepted, E=-10.835155 Ha
Worker 8: Step 450 accepted, E=-10.834908 Ha
Worker 1: Step 639 accepted, E=-10.832678 Ha
Worker 12: Step 493 accepted, E=-10.834801 Ha
Worker 3: Step 588 accepted, E=-10.834853 Ha
Worker 17: No change from 'principal_axis_rotation', skipping.
Worker 0: Step 546 accepted, E=-10.836146 Ha
Worker 6: Step 547 accepted, E=-10.833423 Ha
Worker 11: Step 458 accepted, E=-10.834311 Ha
Worker 19: Step 392 accepted, E=-10.834614 Ha
Worker 13: Step 506 accepted, E=-10.833839 Ha
Worker 7: Step 587 accepted, E=-10.834424 Ha
Worker 18: Step 486 accepted, E=-10.835148 Ha
Worker 16: Step 525 accepted, E=-10.834845 Ha
Worker 12: No change from 'local_twist', skipping.
Worker 5: Step 539 accepted, E=-10.834413 Ha
Worker 4: Step 555 accepted, E=-10.835679 Ha
Worker 14: Step 532 accepted, E=-10.835588 Ha
Worker 10: Step 549 accepted, E=-10.834617 Ha
Worker 15: Step 474 accepted, E=-10.834735 Ha
Worker 9: Step 569 accepted, E=-10.835150 Ha
Worker 8: Step 451 accepted, E=-10.834900 Ha
Worker 17: Step 540, op=small_principal_axis_rotation, ΔE=0.0001 eV, accept=True
Worker 1: Step 640 accepted, E=-10.832731 Ha
Worker 3: Step 589 accepted, E=-10.834846 Ha
Worker 17: Step 540 accepted, E=-10.834520 Ha
Worker 2: Step 631 accepted, E=-10.834458 Ha
Worker 0: Step 547 accepted, E=-10.836136 Ha
Worker 6: Step 548 accepted, E=-10.833740 Ha
Worker 7: Step 588 accepted, E=-10.834421 Ha
Worker 19: Step 393 accepted, E=-10.834610 Ha
Worker 16: Step 526 accepted, E=-10.834829 Ha
Worker 12: Step 495 accepted, E=-10.834832 Ha
Worker 13: Step 507 accepted, E=-10.833843 Ha
Worker 5: Step 540 accepted, E=-10.834415 Ha
Worker 18: Step 487 accepted, E=-10.835149 Ha
Worker 17: No change from 'twist', skipping.
Worker 4: Step 556 accepted, E=-10.835648 Ha
Worker 10: Step 550 accepted, E=-10.834688 Ha
Worker 14: Step 533 accepted, E=-10.835582 Ha
Worker 15: Step 475 accepted, E=-10.834737 Ha
Worker 9: Step 570 accepted, E=-10.835212 Ha
Worker 8: Step 452 accepted, E=-10.834899 Ha
Worker 3: Step 590, op=random_displacement, ΔE=0.0007 eV, accept=True
Worker 14: No change from 'small_principal_axis_rotation', skipping.
Worker 1: Step 641 accepted, E=-10.832798 Ha
Worker 11: Step 459 accepted, E=-10.834392 Ha
Worker 3: Step 590 accepted, E=-10.834819 Ha
Worker 0: Step 548 accepted, E=-10.836136 Ha
Worker 7: Step 589 accepted, E=-10.834420 Ha
Worker 6: Step 549 accepted, E=-10.833604 Ha
Worker 16: Step 527 accepted, E=-10.834839 Ha
Worker 19: Step 394 accepted, E=-10.834357 Ha
Worker 12: Step 496 accepted, E=-10.834834 Ha
Worker 5: Step 541 accepted, E=-10.834415 Ha
Worker 2: Step 632 accepted, E=-10.834458 Ha
Worker 17: Step 542 accepted, E=-10.834520 Ha
Worker 13: Step 508 accepted, E=-10.833923 Ha
Worker 18: Step 488 accepted, E=-10.835197 Ha
Worker 4: Step 557 accepted, E=-10.835826 Ha
Worker 10: Step 551 accepted, E=-10.834723 Ha
Worker 15: Step 476 accepted, E=-10.834727 Ha
Worker 9: Step 571 accepted, E=-10.834316 Ha
Worker 17: No change from 'correlated_displacement', skipping.
Worker 3: Step 591 accepted, E=-10.834786 Ha
Worker 14: Step 535 accepted, E=-10.835574 Ha
Worker 8: Step 453 accepted, E=-10.834901 Ha
Worker 0: Step 549 accepted, E=-10.836137 Ha
Worker 7: Step 590, op=local_twist, ΔE=0.0000 eV, accept=True
Worker 1: Step 642 accepted, E=-10.832520 Ha
Worker 7: Step 590 accepted, E=-10.834420 Ha
Worker 6: Step 550, op=random_displacement, ΔE=0.0122 eV, accept=True
Worker 5: Step 542 accepted, E=-10.834415 Ha
Worker 16: Step 528 accepted, E=-10.834831 Ha
Worker 19: Step 395 accepted, E=-10.834185 Ha
Worker 6: Step 550 accepted, E=-10.833156 Ha
Worker 12: Step 497 accepted, E=-10.834843 Ha
Worker 18: Step 489 accepted, E=-10.835275 Ha
Worker 13: Step 509 accepted, E=-10.833925 Ha
Worker 11: Step 460 accepted, E=-10.834533 Ha
Worker 4: Step 558 accepted, E=-10.835901 Ha
Worker 9: Step 572 accepted, E=-10.834306 Ha
Worker 10: Step 552 accepted, E=-10.834720 Ha
Worker 2: Step 633 accepted, E=-10.834459 Ha
Worker 15: Step 477 accepted, E=-10.834734 Ha
Worker 17: Step 544 accepted, E=-10.834505 Ha
Worker 4: No change from 'principal_axis_rotation', skipping.
Worker 14: Step 536 accepted, E=-10.835581 Ha
Worker 0: Step 550, op=random_displacement, ΔE=0.0027 eV, accept=True
Worker 7: Step 591 accepted, E=-10.834420 Ha
Worker 3: Step 592 accepted, E=-10.834786 Ha
Worker 0: Step 550 accepted, E=-10.836037 Ha
Worker 8: Step 454 accepted, E=-10.834914 Ha
Worker 5: Step 543 accepted, E=-10.834415 Ha
Worker 16: Step 529 accepted, E=-10.834833 Ha
Worker 6: Step 551 accepted, E=-10.833158 Ha
Worker 12: Step 498 accepted, E=-10.834851 Ha
Worker 18: Step 490, op=random_displacement, ΔE=0.0001 eV, accept=True
Worker 1: Step 643 accepted, E=-10.832520 Ha
Worker 19: Step 396 accepted, E=-10.834143 Ha
Worker 0: No change from 'small_principal_axis_rotation', skipping.
Worker 18: Step 490 accepted, E=-10.835271 Ha
Worker 13: Step 510 accepted, E=-10.833976 Ha
Worker 0: No change from 'small_principal_axis_rotation', skipping.
Worker 9: Step 573 accepted, E=-10.834307 Ha
Worker 17: Step 545 accepted, E=-10.834515 Ha
Worker 10: Step 553 accepted, E=-10.834767 Ha
Worker 4: Step 560, op=random_displacement, ΔE=0.0013 eV, accept=True
Worker 7: Step 592 accepted, E=-10.834421 Ha
Worker 3: Step 593 accepted, E=-10.834780 Ha
Worker 15: Step 478 accepted, E=-10.834724 Ha
Worker 4: Step 560 accepted, E=-10.835855 Ha
Worker 14: Step 537 accepted, E=-10.835722 Ha
Worker 5: Step 544 accepted, E=-10.834412 Ha
Worker 16: Step 530, op=random_displacement, ΔE=0.0001 eV, accept=True
Worker 8: Step 455 accepted, E=-10.834916 Ha
Worker 0: No change from 'mirror', skipping.
Worker 16: Step 530 accepted, E=-10.834830 Ha
Worker 12: Step 499 accepted, E=-10.834872 Ha
Worker 11: Step 461 accepted, E=-10.834560 Ha
Worker 2: Step 634 accepted, E=-10.834459 Ha
Worker 6: Step 552 accepted, E=-10.833108 Ha
Worker 19: Step 397 accepted, E=-10.833936 Ha
Worker 13: Step 511 accepted, E=-10.833980 Ha
Worker 1: Step 644 accepted, E=-10.832416 Ha
Worker 18: Step 491 accepted, E=-10.835276 Ha
Worker 16: No change from 'small_principal_axis_rotation', skipping.
Worker 9: Step 574 accepted, E=-10.834293 Ha
Worker 17: Step 546 accepted, E=-10.834505 Ha
Worker 10: Step 554 accepted, E=-10.834744 Ha
Worker 5: Step 545 accepted, E=-10.834411 Ha
Worker 3: Step 594 accepted, E=-10.834770 Ha
Worker 15: Step 479 accepted, E=-10.834717 Ha
Worker 7: Step 593 accepted, E=-10.834421 Ha
Worker 14: Step 538 accepted, E=-10.835718 Ha
Worker 4: Step 561 accepted, E=-10.835851 Ha
Worker 0: Step 554 accepted, E=-10.836046 Ha
Worker 8: Step 456 accepted, E=-10.834926 Ha
Worker 12: Step 500, op=correlated_displacement, ΔE=0.0011 eV, accept=True
Worker 17: No change from 'large_displacement', skipping.
Worker 12: Step 500 accepted, E=-10.834832 Ha
Worker 0: No change from 'small_principal_axis_rotation', skipping.
Worker 18: Step 492 accepted, E=-10.834856 Ha
Worker 6: Step 553 accepted, E=-10.833112 Ha
Worker 1: Step 645 accepted, E=-10.832566 Ha
Worker 13: Step 512 accepted, E=-10.833973 Ha
Worker 19: Step 398 accepted, E=-10.834066 Ha
Worker 16: Step 532 accepted, E=-10.834831 Ha
Worker 10: Step 555 accepted, E=-10.834745 Ha
Worker 9: Step 575 accepted, E=-10.834307 Ha
Worker 2: Step 635 accepted, E=-10.834460 Ha
Worker 5: Step 546 accepted, E=-10.834411 Ha
Worker 3: Step 595 accepted, E=-10.834797 Ha
Worker 11: Step 462 accepted, E=-10.834570 Ha
Worker 15: Step 480 accepted, E=-10.834791 Ha
Worker 7: Step 594 accepted, E=-10.834422 Ha
Worker 14: Step 539 accepted, E=-10.835709 Ha
Worker 4: Step 562 accepted, E=-10.835878 Ha
Worker 8: Step 457 accepted, E=-10.834946 Ha
Worker 17: Step 548 accepted, E=-10.834511 Ha
Worker 12: Step 501 accepted, E=-10.834834 Ha
Worker 0: Step 556 accepted, E=-10.835927 Ha
Worker 18: Step 493 accepted, E=-10.834858 Ha
Worker 6: Step 554 accepted, E=-10.833119 Ha
Worker 13: Step 513 accepted, E=-10.833974 Ha
Worker 16: Step 533 accepted, E=-10.834919 Ha
Worker 1: Step 646 accepted, E=-10.832578 Ha
Worker 19: Step 399 accepted, E=-10.834049 Ha
Worker 18: No change from 'small_principal_axis_rotation', skipping.
Worker 2: No change from 'roto_reflection', skipping.
Worker 12: No change from 'correlated_displacement', skipping.
Worker 10: Step 556 accepted, E=-10.834776 Ha
Worker 5: Step 547 accepted, E=-10.834412 Ha
Worker 9: Step 576 accepted, E=-10.834292 Ha
Worker 7: Step 595 accepted, E=-10.834424 Ha
Worker 3: Step 596 accepted, E=-10.834802 Ha
Worker 14: Step 540 accepted, E=-10.835726 Ha
Worker 19: No change from 'roto_reflection', skipping.
Worker 17: Step 549 accepted, E=-10.834505 Ha
Worker 15: Step 481 accepted, E=-10.834786 Ha
Worker 4: Step 563 accepted, E=-10.835877 Ha
Worker 8: Step 458 accepted, E=-10.834927 Ha
Worker 0: Step 557 accepted, E=-10.836022 Ha
Worker 6: Step 555 accepted, E=-10.835531 Ha
Worker 16: Step 534 accepted, E=-10.834907 Ha
Worker 13: Step 514 accepted, E=-10.833999 Ha
Worker 18: Step 495 accepted, E=-10.834886 Ha
Worker 1: Step 647 accepted, E=-10.832527 Ha
Worker 11: Step 463 accepted, E=-10.834565 Ha
Worker 5: Step 548 accepted, E=-10.834413 Ha
Worker 12: Step 503 accepted, E=-10.834830 Ha
Worker 10: Step 557 accepted, E=-10.834777 Ha
Worker 7: Step 596 accepted, E=-10.834425 Ha
Worker 9: Step 577 accepted, E=-10.834272 Ha
Worker 3: Step 597 accepted, E=-10.834747 Ha
Worker 14: Step 541 accepted, E=-10.835716 Ha
Worker 19: Step 401 accepted, E=-10.834500 Ha
Worker 17: Step 550 accepted, E=-10.834518 Ha
Worker 15: Step 482 accepted, E=-10.834783 Ha
Worker 2: Step 637 accepted, E=-10.834459 Ha
Worker 12: No change from 'principal_axis_rotation', skipping.
Worker 4: Step 564 accepted, E=-10.835871 Ha
Worker 8: Step 459 accepted, E=-10.834946 Ha
Worker 0: Step 558 accepted, E=-10.836099 Ha
Worker 6: Step 556 accepted, E=-10.835510 Ha
Worker 13: Step 515 accepted, E=-10.834002 Ha
Worker 16: Step 535 accepted, E=-10.834922 Ha
Worker 18: Step 496 accepted, E=-10.834916 Ha
Worker 5: Step 549 accepted, E=-10.834416 Ha
Worker 1: Step 648 accepted, E=-10.834974 Ha
Worker 7: Step 597 accepted, E=-10.834521 Ha
Worker 10: Step 558 accepted, E=-10.834777 Ha
Worker 4: No change from 'mirror', skipping.
Worker 0: No change from 'mirror', skipping.
Worker 9: Step 578 accepted, E=-10.834271 Ha
Worker 3: Step 598 accepted, E=-10.834740 Ha
Worker 14: Step 542 accepted, E=-10.835727 Ha
Worker 17: Step 551 accepted, E=-10.834519 Ha
Worker 0: No change from 'small_principal_axis_rotation', skipping.
Worker 15: Step 483 accepted, E=-10.834798 Ha
Worker 12: Step 505 accepted, E=-10.834833 Ha
Worker 2: No change from 'roto_reflection', skipping.
Worker 19: Step 402 accepted, E=-10.834401 Ha
Worker 10: No change from 'mirror', skipping.
Worker 11: Step 464 accepted, E=-10.834514 Ha
Worker 8: Step 460 accepted, E=-10.834948 Ha
Worker 6: Step 557 accepted, E=-10.835550 Ha
Worker 16: Step 536 accepted, E=-10.834967 Ha
Worker 3: No change from 'roto_reflection', skipping.
Worker 18: Step 497 accepted, E=-10.834895 Ha
Worker 13: Step 516 accepted, E=-10.834003 Ha
Worker 5: Step 550 accepted, E=-10.834420 Ha
Worker 7: Step 598 accepted, E=-10.834522 Ha
Worker 4: Step 566 accepted, E=-10.835799 Ha
Worker 17: Step 552 accepted, E=-10.834521 Ha
Worker 9: Step 579 accepted, E=-10.834344 Ha
Worker 1: Step 649 accepted, E=-10.834971 Ha
Worker 14: Step 543 accepted, E=-10.835757 Ha
Worker 12: Step 506 accepted, E=-10.834833 Ha
Worker 0: Step 561 accepted, E=-10.836082 Ha
Worker 19: Step 403 accepted, E=-10.834270 Ha
Worker 15: Step 484 accepted, E=-10.834803 Ha
Worker 10: Step 560 accepted, E=-10.834847 Ha
Worker 8: Step 461 accepted, E=-10.835050 Ha
Worker 3: Step 600, op=exchange, ΔE=0.0040 eV, accept=True
Worker 17: No change from 'large_displacement', skipping.
Worker 6: Step 558 accepted, E=-10.835474 Ha
Worker 3: Step 600 accepted, E=-10.834594 Ha
Worker 15: No change from 'small_principal_axis_rotation', skipping.
Worker 16: Step 537 accepted, E=-10.834969 Ha
Worker 5: Step 551 accepted, E=-10.834419 Ha
Worker 2: Step 639 accepted, E=-10.834460 Ha
Worker 13: Step 517 accepted, E=-10.834001 Ha
Worker 7: Step 599 accepted, E=-10.834522 Ha
Worker 18: Step 498 accepted, E=-10.834808 Ha
Worker 17: No change from 'small_principal_axis_rotation', skipping.
Worker 1: No change from 'roto_reflection', skipping.
Worker 4: Step 567 accepted, E=-10.835759 Ha
Worker 9: Step 580, op=large_displacement, ΔE=0.0005 eV, accept=True
Worker 11: Step 465 accepted, E=-10.834508 Ha
Worker 9: Step 580 accepted, E=-10.834324 Ha
Worker 14: Step 544 accepted, E=-10.835702 Ha
Worker 4: No change from 'small_principal_axis_rotation', skipping.
Worker 0: Step 562 accepted, E=-10.836063 Ha
Worker 12: Step 507 accepted, E=-10.834831 Ha
Worker 19: Step 404 accepted, E=-10.834167 Ha
Worker 10: Step 561 accepted, E=-10.834946 Ha
Worker 8: Step 462 accepted, E=-10.834912 Ha
Worker 3: Step 601 accepted, E=-10.834595 Ha
Worker 7: Step 600, op=random_displacement, ΔE=0.0001 eV, accept=True
Worker 6: Step 559 accepted, E=-10.834949 Ha
Worker 15: Step 486 accepted, E=-10.834809 Ha
Worker 16: Step 538 accepted, E=-10.834404 Ha
Worker 7: Step 600 accepted, E=-10.834520 Ha
Worker 5: Step 552 accepted, E=-10.834417 Ha
Worker 17: Step 555 accepted, E=-10.834494 Ha
Worker 13: Step 518 accepted, E=-10.833929 Ha
Worker 18: Step 499 accepted, E=-10.834807 Ha
Worker 1: Step 651 accepted, E=-10.834925 Ha
Worker 10: No change from 'roto_reflection', skipping.
Worker 9: Step 581 accepted, E=-10.834328 Ha
Worker 14: Step 545 accepted, E=-10.835702 Ha
Worker 2: Step 640 accepted, E=-10.834460 Ha
Worker 4: Step 569 accepted, E=-10.835823 Ha
Worker 3: Step 602 accepted, E=-10.834595 Ha
Worker 0: Step 563 accepted, E=-10.835316 Ha
Worker 19: Step 405 accepted, E=-10.834115 Ha
Worker 12: Step 508 accepted, E=-10.834831 Ha
Worker 8: Step 463 accepted, E=-10.835314 Ha
Worker 16: Step 539 accepted, E=-10.834402 Ha
Worker 5: Step 553 accepted, E=-10.834416 Ha
Worker 7: Step 601 accepted, E=-10.834519 Ha
Worker 6: Step 560 accepted, E=-10.835371 Ha
Worker 15: Step 487 accepted, E=-10.834816 Ha
Worker 11: Step 466 accepted, E=-10.834534 Ha
Worker 17: Step 556 accepted, E=-10.834506 Ha
Worker 18: Step 500 accepted, E=-10.834862 Ha
Worker 13: Step 519 accepted, E=-10.833923 Ha
Worker 1: Step 652 accepted, E=-10.834915 Ha
Worker 8: No change from 'random_displacement', skipping.
Worker 10: Step 563 accepted, E=-10.834961 Ha
Worker 9: Step 582 accepted, E=-10.834327 Ha
Worker 17: No change from 'mirror', skipping.
Worker 14: Step 546 accepted, E=-10.835706 Ha
Worker 4: Step 570 accepted, E=-10.835865 Ha
Worker 3: Step 603 accepted, E=-10.834596 Ha
Worker 5: Step 554 accepted, E=-10.834416 Ha
Worker 19: Step 406 accepted, E=-10.834194 Ha
Worker 0: Step 564 accepted, E=-10.835343 Ha
Worker 2: Step 641 accepted, E=-10.834461 Ha
Worker 12: Step 509 accepted, E=-10.834832 Ha
Worker 15: Step 488 accepted, E=-10.834816 Ha
Worker 16: Step 540 accepted, E=-10.834646 Ha
Worker 6: Step 561 accepted, E=-10.835298 Ha
Worker 18: Step 501 accepted, E=-10.834798 Ha
Worker 13: Step 520 accepted, E=-10.833933 Ha
Worker 10: Step 564 accepted, E=-10.834948 Ha
Worker 1: Step 653 accepted, E=-10.834902 Ha
Worker 17: Step 558 accepted, E=-10.834500 Ha
Worker 7: Step 602 accepted, E=-10.834519 Ha
Worker 9: Step 583 accepted, E=-10.834314 Ha
Worker 14: Step 547 accepted, E=-10.835702 Ha
Worker 2: No change from 'mirror', skipping.
Worker 4: Step 571 accepted, E=-10.835864 Ha
Worker 11: Step 467 accepted, E=-10.834577 Ha
Worker 5: Step 555 accepted, E=-10.834417 Ha
Worker 3: Step 604 accepted, E=-10.834601 Ha
Worker 8: No change from 'mirror', skipping.
Worker 15: Step 489 accepted, E=-10.834792 Ha
Worker 0: Step 565 accepted, E=-10.835404 Ha
Worker 19: Step 407 accepted, E=-10.834372 Ha
Worker 14: No change from 'small_principal_axis_rotation', skipping.
Worker 12: Step 510, op=random_displacement, ΔE=0.0002 eV, accept=True
Worker 4: No change from 'small_principal_axis_rotation', skipping.
Worker 16: Step 541 accepted, E=-10.834617 Ha
Worker 12: Step 510 accepted, E=-10.834825 Ha
Worker 6: Step 562 accepted, E=-10.835319 Ha
Worker 14: No change from 'small_principal_axis_rotation', skipping.
Worker 18: Step 502 accepted, E=-10.834808 Ha
Worker 13: Step 521 accepted, E=-10.833921 Ha
Worker 10: Step 565 accepted, E=-10.835063 Ha
Worker 17: Step 559 accepted, E=-10.834509 Ha
Worker 7: Step 603 accepted, E=-10.834519 Ha
Worker 1: Step 654 accepted, E=-10.834891 Ha
Worker 9: Step 584 accepted, E=-10.834314 Ha
Worker 5: Step 556 accepted, E=-10.834417 Ha
Worker 2: Step 643 accepted, E=-10.834461 Ha
Worker 15: Step 490, op=correlated_displacement, ΔE=0.0003 eV, accept=True
Worker 3: Step 605 accepted, E=-10.834625 Ha
Worker 12: No change from 'principal_axis_rotation', skipping.
Worker 15: Step 490 accepted, E=-10.834780 Ha
Worker 19: Step 408 accepted, E=-10.834362 Ha
Worker 11: Step 468 accepted, E=-10.834586 Ha
Worker 0: Step 566 accepted, E=-10.835410 Ha
Worker 8: Step 467 accepted, E=-10.835253 Ha
Worker 4: Step 573 accepted, E=-10.835865 Ha
Worker 16: Step 542 accepted, E=-10.834596 Ha
Worker 14: Step 550 accepted, E=-10.835714 Ha
Worker 6: Step 563 accepted, E=-10.835422 Ha
Worker 18: Step 503 accepted, E=-10.834811 Ha
Worker 17: Step 560, op=random_displacement, ΔE=0.0000 eV, accept=True
Worker 13: Step 522 accepted, E=-10.833919 Ha
Worker 4: No change from 'small_principal_axis_rotation', skipping.
Worker 17: Step 560 accepted, E=-10.834509 Ha
Worker 7: Step 604 accepted, E=-10.834519 Ha
Worker 10: Step 566 accepted, E=-10.835060 Ha
Worker 5: Step 557 accepted, E=-10.834417 Ha
Worker 1: Step 655 accepted, E=-10.834904 Ha
Worker 9: Step 585 accepted, E=-10.834270 Ha
Worker 2: Step 644 accepted, E=-10.834461 Ha
Worker 18: No change from 'mirror', skipping.
Worker 3: Step 606 accepted, E=-10.834640 Ha
Worker 15: Step 491 accepted, E=-10.834781 Ha
Worker 19: Step 409 accepted, E=-10.834432 Ha
Worker 16: Step 543 accepted, E=-10.834565 Ha
Worker 12: Step 512 accepted, E=-10.834827 Ha
Worker 3: No change from 'small_principal_axis_rotation', skipping.
Worker 0: Step 567 accepted, E=-10.835223 Ha
Worker 8: Step 468 accepted, E=-10.835234 Ha
Worker 1: No change from 'roto_reflection', skipping.
Worker 11: Step 469 accepted, E=-10.834572 Ha
Worker 6: Step 564 accepted, E=-10.835543 Ha
Worker 4: Step 575 accepted, E=-10.835489 Ha
Worker 17: Step 561 accepted, E=-10.834512 Ha
Worker 13: Step 523 accepted, E=-10.833935 Ha
Worker 5: Step 558 accepted, E=-10.834415 Ha
Worker 10: Step 567 accepted, E=-10.834690 Ha
Worker 2: Step 645 accepted, E=-10.834461 Ha
Worker 7: Step 605 accepted, E=-10.834518 Ha
Worker 9: Step 586 accepted, E=-10.834246 Ha
Worker 18: Step 505 accepted, E=-10.834791 Ha
Worker 7: No change from 'small_principal_axis_rotation', skipping.
Worker 15: Step 492 accepted, E=-10.834769 Ha
Worker 16: Step 544 accepted, E=-10.834562 Ha
Worker 19: Step 410 accepted, E=-10.834541 Ha
Worker 3: Step 608 accepted, E=-10.834662 Ha
Worker 0: Step 568 accepted, E=-10.835276 Ha
Worker 12: Step 513 accepted, E=-10.834858 Ha
Worker 8: Step 469 accepted, E=-10.835218 Ha
Worker 14: Step 552 accepted, E=-10.835642 Ha
Worker 11: Step 470, op=correlated_displacement, ΔE=0.0009 eV, accept=True
Worker 1: Step 657 accepted, E=-10.834929 Ha
Worker 11: Step 470 accepted, E=-10.834539 Ha
Worker 17: Step 562 accepted, E=-10.834519 Ha
Worker 6: Step 565 accepted, E=-10.835562 Ha
Worker 2: Step 646 accepted, E=-10.834460 Ha
Worker 5: Step 559 accepted, E=-10.834415 Ha
Worker 13: Step 524 accepted, E=-10.833951 Ha
Worker 4: Step 576 accepted, E=-10.835557 Ha
Worker 10: Step 568 accepted, E=-10.834670 Ha
Worker 0: No change from 'roto_reflection', skipping.
Worker 9: Step 587 accepted, E=-10.835592 Ha
Worker 7: Step 607 accepted, E=-10.834518 Ha
Worker 5: No change from 'small_principal_axis_rotation', skipping.
Worker 15: Step 493 accepted, E=-10.834760 Ha
Worker 16: Step 545 accepted, E=-10.834541 Ha
Worker 3: Step 609 accepted, E=-10.834657 Ha
Worker 19: Step 411 accepted, E=-10.834548 Ha
Worker 8: Step 470, op=small_principal_axis_rotation, ΔE=0.0002 eV, accept=True
Worker 8: Step 470 accepted, E=-10.835212 Ha
Worker 1: Step 658 accepted, E=-10.835021 Ha
Worker 14: Step 553 accepted, E=-10.834310 Ha
Worker 12: Step 514 accepted, E=-10.834859 Ha
Worker 2: Step 647 accepted, E=-10.834460 Ha
Worker 10: Step 569 accepted, E=-10.834652 Ha
Worker 13: Step 525 accepted, E=-10.833954 Ha
Worker 4: Step 577 accepted, E=-10.835562 Ha
Worker 0: Step 570, op=exchange, ΔE=0.0176 eV, accept=True
Worker 0: Step 570 accepted, E=-10.834628 Ha
Worker 7: Step 608 accepted, E=-10.834425 Ha
Worker 9: Step 588 accepted, E=-10.834246 Ha
Worker 18: Step 507 accepted, E=-10.834791 Ha
Worker 16: Step 546 accepted, E=-10.834528 Ha
Worker 15: Step 494 accepted, E=-10.834742 Ha
Worker 17: Step 563 accepted, E=-10.834500 Ha
Worker 3: Step 610, op=random_displacement, ΔE=0.0021 eV, accept=True
Worker 3: Step 610 accepted, E=-10.834580 Ha
Worker 19: Step 412 accepted, E=-10.833976 Ha
Worker 5: Step 561 accepted, E=-10.834416 Ha
Worker 2: Step 648 accepted, E=-10.834461 Ha
Worker 14: Step 554 accepted, E=-10.834308 Ha
Worker 8: Step 471 accepted, E=-10.835296 Ha
Worker 11: Step 472 accepted, E=-10.834538 Ha
Worker 1: Step 659 accepted, E=-10.834966 Ha
Worker 10: Step 570, op=random_rotation, ΔE=0.0003 eV, accept=True
Worker 10: Step 570 accepted, E=-10.834640 Ha
Worker 14: No change from 'small_principal_axis_rotation', skipping.
Worker 12: Step 515 accepted, E=-10.834839 Ha
Worker 0: Step 571 accepted, E=-10.834624 Ha
Worker 13: Step 526 accepted, E=-10.833962 Ha
Worker 7: Step 609 accepted, E=-10.834426 Ha
Worker 6: Step 567 accepted, E=-10.835568 Ha
Worker 18: Step 508 accepted, E=-10.834816 Ha
Worker 9: Step 589 accepted, E=-10.834280 Ha
Worker 16: Step 547 accepted, E=-10.834642 Ha
Worker 15: Step 495 accepted, E=-10.834743 Ha
Worker 3: Step 611 accepted, E=-10.834543 Ha
Worker 2: Step 649 accepted, E=-10.834461 Ha
Worker 12: No change from 'correlated_displacement', skipping.
Worker 19: Step 413 accepted, E=-10.832782 Ha
Worker 11: Step 473 accepted, E=-10.834761 Ha
Worker 1: Step 660 accepted, E=-10.835037 Ha
Worker 8: Step 472 accepted, E=-10.835250 Ha
Worker 17: Step 564 accepted, E=-10.834500 Ha
Worker 5: Step 562 accepted, E=-10.834419 Ha
Worker 14: Step 556 accepted, E=-10.834333 Ha
Worker 10: Step 571 accepted, E=-10.834680 Ha
Worker 7: Step 610 accepted, E=-10.834426 Ha
Worker 6: Step 568 accepted, E=-10.835655 Ha
Worker 13: Step 527 accepted, E=-10.833950 Ha
Worker 16: Step 548 accepted, E=-10.834649 Ha
Worker 9: Step 590, op=local_twist, ΔE=0.0008 eV, accept=True
Worker 4: Step 579 accepted, E=-10.835556 Ha
Worker 9: Step 590 accepted, E=-10.834252 Ha
Worker 15: Step 496 accepted, E=-10.834763 Ha
Worker 2: Step 650, op=small_principal_axis_rotation, ΔE=0.0000 eV, accept=True
Worker 2: Step 650 accepted, E=-10.834461 Ha
Worker 12: Step 517 accepted, E=-10.834852 Ha
Worker 19: Step 414 accepted, E=-10.832776 Ha
Worker 11: Step 474 accepted, E=-10.834742 Ha
Worker 1: Step 661 accepted, E=-10.834612 Ha
Worker 8: Step 473 accepted, E=-10.835222 Ha
Worker 14: Step 557 accepted, E=-10.834300 Ha
Worker 7: Step 611 accepted, E=-10.834426 Ha
Worker 16: Step 549 accepted, E=-10.834655 Ha
Worker 18: Step 510, op=random_displacement, ΔE=0.0003 eV, accept=True
Worker 10: Step 572 accepted, E=-10.834669 Ha
Worker 6: Step 569 accepted, E=-10.835796 Ha
Worker 11: No change from 'small_principal_axis_rotation', skipping.
Worker 3: Step 612 accepted, E=-10.834540 Ha
Worker 13: Step 528 accepted, E=-10.833941 Ha
Worker 18: Step 510 accepted, E=-10.834805 Ha
Worker 0: Step 573 accepted, E=-10.834506 Ha
Worker 4: Step 580, op=random_displacement, ΔE=0.0200 eV, accept=True
Worker 9: Step 591 accepted, E=-10.834231 Ha
Worker 4: Step 580 accepted, E=-10.834820 Ha
Worker 15: Step 497 accepted, E=-10.834770 Ha
Worker 19: No change from 'roto_reflection', skipping.
Worker 8: No change from 'large_displacement', skipping.
Worker 2: Step 651 accepted, E=-10.834475 Ha
Worker 7: No change from 'mirror', skipping.
Worker 17: Step 565 accepted, E=-10.834507 Ha
Worker 5: Step 563 accepted, E=-10.834418 Ha
Worker 12: Step 518 accepted, E=-10.834808 Ha
Worker 1: Step 662 accepted, E=-10.834614 Ha
Worker 16: Step 550 accepted, E=-10.834661 Ha
Worker 14: Step 558 accepted, E=-10.834311 Ha
Worker 3: Step 613 accepted, E=-10.834556 Ha
Worker 11: Step 476 accepted, E=-10.834760 Ha
Worker 10: Step 573 accepted, E=-10.834692 Ha
Worker 13: Step 529 accepted, E=-10.833934 Ha
Worker 6: Step 570, op=small_principal_axis_rotation, ΔE=0.0007 eV, accept=True
Worker 0: Step 574 accepted, E=-10.834358 Ha
Worker 18: Step 511 accepted, E=-10.834791 Ha
Worker 9: Step 592 accepted, E=-10.834271 Ha
Worker 6: Step 570 accepted, E=-10.835771 Ha
Worker 15: Step 498 accepted, E=-10.834773 Ha
Worker 2: Step 652 accepted, E=-10.834475 Ha
Worker 19: Step 416 accepted, E=-10.832791 Ha
Worker 4: Step 581 accepted, E=-10.834651 Ha
Worker 8: Step 475 accepted, E=-10.835213 Ha
Worker 7: Step 613 accepted, E=-10.834426 Ha
Worker 16: Step 551 accepted, E=-10.834662 Ha
Worker 12: Step 519 accepted, E=-10.834823 Ha
Worker 14: Step 559 accepted, E=-10.834320 Ha
Worker 3: Step 614 accepted, E=-10.834562 Ha
Worker 13: Step 530 accepted, E=-10.833939 Ha
Worker 17: Step 566 accepted, E=-10.834523 Ha
Worker 5: Step 564 accepted, E=-10.834416 Ha
Worker 10: Step 574 accepted, E=-10.834663 Ha
Worker 1: Step 663 accepted, E=-10.834612 Ha
Worker 9: Step 593 accepted, E=-10.834252 Ha
Worker 2: Step 653 accepted, E=-10.834475 Ha
Worker 0: Step 575 accepted, E=-10.834355 Ha
Worker 18: Step 512 accepted, E=-10.834771 Ha
Worker 11: Step 477 accepted, E=-10.834756 Ha
Worker 19: Step 417 accepted, E=-10.832772 Ha
Worker 6: Step 571 accepted, E=-10.835794 Ha
Worker 15: Step 499 accepted, E=-10.834687 Ha
Worker 4: Step 582 accepted, E=-10.834637 Ha
Worker 8: Step 476 accepted, E=-10.835214 Ha
Worker 7: Step 614 accepted, E=-10.834429 Ha
Worker 16: Step 552 accepted, E=-10.834661 Ha
Worker 19: No change from 'roto_reflection', skipping.
Worker 14: Step 560, op=random_displacement, ΔE=0.0056 eV, accept=True
Worker 2: Step 654 accepted, E=-10.834475 Ha
Worker 8: No change from 'random_displacement', skipping.
Worker 3: Step 615 accepted, E=-10.834528 Ha
Worker 10: Step 575 accepted, E=-10.834672 Ha
Worker 14: Step 560 accepted, E=-10.834113 Ha
Worker 12: Step 520, op=random_rotation, ΔE=0.0002 eV, accept=True
Worker 13: Step 531 accepted, E=-10.834036 Ha
Worker 1: Step 664 accepted, E=-10.834613 Ha
Worker 9: Step 594 accepted, E=-10.834250 Ha
Worker 12: Step 520 accepted, E=-10.834817 Ha
Worker 11: Step 478 accepted, E=-10.834703 Ha
Worker 0: Step 576 accepted, E=-10.834272 Ha
Worker 15: Step 500, op=random_displacement, ΔE=0.0007 eV, accept=True
Worker 18: Step 513 accepted, E=-10.834775 Ha
Worker 6: Step 572 accepted, E=-10.835799 Ha
Worker 15: Step 500 accepted, E=-10.834660 Ha
Worker 4: Step 583 accepted, E=-10.834668 Ha
Worker 5: Step 565 accepted, E=-10.834418 Ha
Worker 16: Step 553 accepted, E=-10.834663 Ha
Worker 7: Step 615 accepted, E=-10.834428 Ha
Worker 17: Step 567 accepted, E=-10.834537 Ha
Worker 2: Step 655 accepted, E=-10.834476 Ha
Worker 15: No change from 'mirror', skipping.
Worker 8: Step 478 accepted, E=-10.835232 Ha
Worker 3: Step 616 accepted, E=-10.834537 Ha
Worker 19: Step 419 accepted, E=-10.832210 Ha
Worker 17: No change from 'small_principal_axis_rotation', skipping.
Worker 10: Step 576 accepted, E=-10.834687 Ha
Worker 9: Step 595 accepted, E=-10.834238 Ha
Worker 13: Step 532 accepted, E=-10.834038 Ha
Worker 14: Step 561 accepted, E=-10.834113 Ha
Worker 12: Step 521 accepted, E=-10.834816 Ha
Worker 11: Step 479 accepted, E=-10.834698 Ha
Worker 0: Step 577 accepted, E=-10.834191 Ha
Worker 6: Step 573 accepted, E=-10.835748 Ha
Worker 18: Step 514 accepted, E=-10.835033 Ha
Worker 7: Step 616 accepted, E=-10.834428 Ha
Worker 4: Step 584 accepted, E=-10.832783 Ha
Worker 16: Step 554 accepted, E=-10.834677 Ha
Worker 13: No change from 'large_displacement', skipping.
Worker 1: Step 665 accepted, E=-10.834607 Ha
Worker 17: No change from 'large_displacement', skipping.
Worker 2: Step 656 accepted, E=-10.834477 Ha
Worker 15: Step 502 accepted, E=-10.834653 Ha
Worker 5: Step 566 accepted, E=-10.834418 Ha
Worker 8: Step 479 accepted, E=-10.835230 Ha
Worker 10: Step 577 accepted, E=-10.834689 Ha
Worker 19: Step 420, op=correlated_displacement, ΔE=0.0510 eV, accept=True
Worker 3: Step 617 accepted, E=-10.835018 Ha
Worker 9: Step 596 accepted, E=-10.834238 Ha
Worker 19: Step 420 accepted, E=-10.830337 Ha
Worker 12: Step 522 accepted, E=-10.834826 Ha
Worker 14: Step 562 accepted, E=-10.834115 Ha
Worker 0: Step 578 accepted, E=-10.834212 Ha
Worker 11: Step 480, op=small_principal_axis_rotation, ΔE=0.0008 eV, accept=True
Worker 11: Step 480 accepted, E=-10.834667 Ha
Worker 7: Step 617 accepted, E=-10.834428 Ha
Worker 18: Step 515 accepted, E=-10.835093 Ha
Worker 6: Step 574 accepted, E=-10.835832 Ha
Worker 16: Step 555 accepted, E=-10.834664 Ha
Worker 13: Step 534 accepted, E=-10.834041 Ha
Worker 1: Step 666 accepted, E=-10.834606 Ha
Worker 2: Step 657 accepted, E=-10.834478 Ha
Worker 15: Step 503 accepted, E=-10.834661 Ha
Worker 8: Step 480, op=random_displacement, ΔE=0.0003 eV, accept=True
Worker 8: Step 480 accepted, E=-10.835220 Ha
Worker 3: Step 618 accepted, E=-10.835027 Ha
Worker 10: Step 578 accepted, E=-10.834694 Ha
Worker 9: Step 597 accepted, E=-10.834231 Ha
Worker 12: Step 523 accepted, E=-10.834855 Ha
Worker 19: Step 421 accepted, E=-10.834306 Ha
Worker 0: Step 579 accepted, E=-10.834289 Ha
Worker 7: Step 618 accepted, E=-10.834429 Ha
Worker 14: Step 563 accepted, E=-10.834112 Ha
Worker 11: Step 481 accepted, E=-10.834664 Ha
Worker 17: Step 570 accepted, E=-10.834541 Ha
Worker 18: Step 516 accepted, E=-10.834948 Ha
Worker 5: Step 567 accepted, E=-10.834425 Ha
Worker 6: Step 575 accepted, E=-10.835877 Ha
Worker 1: Step 667 accepted, E=-10.834605 Ha
Worker 16: Step 556 accepted, E=-10.834677 Ha
Worker 4: Step 586 accepted, E=-10.833017 Ha
Worker 2: Step 658 accepted, E=-10.834479 Ha
Worker 13: Step 535 accepted, E=-10.834030 Ha
Worker 15: Step 504 accepted, E=-10.834664 Ha
Worker 8: Step 481 accepted, E=-10.835216 Ha
Worker 3: Step 619 accepted, E=-10.835022 Ha
Worker 10: Step 579 accepted, E=-10.834738 Ha
Worker 9: Step 598 accepted, E=-10.834238 Ha
Worker 7: Step 619 accepted, E=-10.834428 Ha
Worker 13: No change from 'roto_reflection', skipping.
Worker 12: Step 524 accepted, E=-10.834857 Ha
Worker 0: Step 580 accepted, E=-10.834362 Ha
Worker 19: Step 422 accepted, E=-10.834367 Ha
Worker 10: No change from 'small_principal_axis_rotation', skipping.
Worker 11: Step 482 accepted, E=-10.834715 Ha
Worker 18: Step 517 accepted, E=-10.834916 Ha
Worker 14: Step 564 accepted, E=-10.833948 Ha
Worker 1: Step 668 accepted, E=-10.834554 Ha
Worker 2: Step 659 accepted, E=-10.834481 Ha
Worker 6: Step 576 accepted, E=-10.835844 Ha
Worker 16: Step 557 accepted, E=-10.834680 Ha
Worker 15: Step 505 accepted, E=-10.834614 Ha
Worker 4: Step 587 accepted, E=-10.832981 Ha
Worker 5: Step 568 accepted, E=-10.834427 Ha
Worker 3: Step 620, op=random_rotation, ΔE=0.0001 eV, accept=True
Worker 3: Step 620 accepted, E=-10.835018 Ha
Worker 8: Step 482 accepted, E=-10.835290 Ha
Worker 17: Step 571 accepted, E=-10.834536 Ha
Worker 7: Step 620, op=random_rotation, ΔE=0.0000 eV, accept=True
Worker 12: Step 525 accepted, E=-10.834845 Ha
Worker 7: Step 620 accepted, E=-10.834428 Ha
Worker 13: Step 537 accepted, E=-10.833957 Ha
Worker 10: Step 581 accepted, E=-10.834733 Ha
Worker 9: Step 599 accepted, E=-10.834688 Ha
Worker 11: Step 483 accepted, E=-10.834713 Ha
Worker 0: Step 581 accepted, E=-10.834422 Ha
Worker 19: Step 423 accepted, E=-10.834361 Ha
Worker 2: Step 660 accepted, E=-10.834481 Ha
Worker 14: Step 565 accepted, E=-10.833846 Ha
Worker 18: Step 518 accepted, E=-10.834368 Ha
Worker 1: Step 669 accepted, E=-10.834545 Ha
Worker 15: Step 506 accepted, E=-10.834611 Ha
Worker 6: Step 577 accepted, E=-10.835855 Ha
Worker 16: Step 558 accepted, E=-10.834803 Ha
Worker 3: Step 621 accepted, E=-10.835069 Ha
Worker 8: Step 483 accepted, E=-10.835235 Ha
Worker 12: Step 526 accepted, E=-10.834848 Ha
Worker 7: Step 621 accepted, E=-10.834429 Ha
Worker 10: Step 582 accepted, E=-10.834738 Ha
Worker 9: Step 600, op=random_displacement, ΔE=0.0004 eV, accept=True
Worker 13: Step 538 accepted, E=-10.833919 Ha
Worker 16: No change from 'mirror', skipping.
Worker 9: Step 600 accepted, E=-10.834674 Ha
Worker 0: Step 582 accepted, E=-10.834435 Ha
Worker 5: Step 569 accepted, E=-10.834426 Ha
Worker 18: Step 519 accepted, E=-10.834362 Ha
Worker 19: Step 424 accepted, E=-10.834347 Ha
Worker 2: Step 661 accepted, E=-10.834473 Ha
Worker 14: Step 566 accepted, E=-10.833841 Ha
Worker 17: Step 572 accepted, E=-10.834536 Ha
Worker 15: Step 507 accepted, E=-10.834615 Ha
Worker 11: Step 484 accepted, E=-10.834743 Ha
Worker 6: Step 578 accepted, E=-10.835886 Ha
Worker 12: No change from 'exchange', skipping.
Worker 1: Step 670 accepted, E=-10.834549 Ha
Worker 4: Step 589 accepted, E=-10.832994 Ha
Worker 3: Step 622 accepted, E=-10.835062 Ha
Worker 8: Step 484 accepted, E=-10.834787 Ha
Worker 10: Step 583 accepted, E=-10.834755 Ha
Worker 7: Step 622 accepted, E=-10.834429 Ha
Worker 13: Step 539 accepted, E=-10.833877 Ha
Worker 2: Step 662 accepted, E=-10.834472 Ha
Worker 9: Step 601 accepted, E=-10.834704 Ha
Worker 0: Step 583 accepted, E=-10.834421 Ha
Worker 16: Step 560, op=roto_reflection, ΔE=0.0056 eV, accept=True
Worker 16: Step 560 accepted, E=-10.834599 Ha
Worker 19: Step 425 accepted, E=-10.834179 Ha
Worker 18: Step 520 accepted, E=-10.834507 Ha
Worker 15: Step 508 accepted, E=-10.834616 Ha
Worker 11: Step 485 accepted, E=-10.834841 Ha
Worker 14: Step 567 accepted, E=-10.833841 Ha
Worker 12: Step 528 accepted, E=-10.834850 Ha
Worker 6: Step 579 accepted, E=-10.835851 Ha
Worker 1: Step 671 accepted, E=-10.834600 Ha
Worker 3: Step 623 accepted, E=-10.835113 Ha
Worker 4: Step 590, op=random_displacement, ΔE=0.0578 eV, accept=False
Worker 5: Step 570 accepted, E=-10.834428 Ha
Worker 17: Step 573 accepted, E=-10.834532 Ha
Worker 8: Step 485 accepted, E=-10.835009 Ha
Worker 10: Step 584 accepted, E=-10.834714 Ha
Worker 2: Step 663 accepted, E=-10.834478 Ha
Worker 7: Step 623 accepted, E=-10.834429 Ha
Worker 13: Step 540, op=random_displacement, ΔE=0.0000 eV, accept=True
Worker 13: Step 540 accepted, E=-10.833876 Ha
Worker 9: Step 602 accepted, E=-10.834676 Ha
Worker 15: Step 509 accepted, E=-10.834622 Ha
Worker 0: Step 584 accepted, E=-10.834480 Ha
Worker 16: Step 561 accepted, E=-10.834605 Ha
Worker 19: Step 426 accepted, E=-10.833474 Ha
Worker 18: Step 521 accepted, E=-10.834491 Ha
Worker 14: Step 568 accepted, E=-10.833842 Ha
Worker 11: Step 486 accepted, E=-10.834810 Ha
Worker 1: Step 672 accepted, E=-10.834600 Ha
Worker 12: Step 529 accepted, E=-10.834853 Ha
Worker 6: Step 580, op=correlated_displacement, ΔE=0.0019 eV, accept=True
Worker 6: Step 580 accepted, E=-10.835783 Ha
Worker 3: Step 624 accepted, E=-10.835118 Ha
Worker 4: Step 591 accepted, E=-10.833113 Ha
Worker 0: No change from 'roto_reflection', skipping.
Worker 7: Step 624 accepted, E=-10.834429 Ha
Worker 8: Step 486 accepted, E=-10.834364 Ha
Worker 5: Step 571 accepted, E=-10.834427 Ha
Worker 10: Step 585 accepted, E=-10.835226 Ha
Worker 2: Step 664 accepted, E=-10.834478 Ha
Worker 13: Step 541 accepted, E=-10.833872 Ha
Worker 9: Step 603 accepted, E=-10.834701 Ha
Worker 15: Step 510 accepted, E=-10.834623 Ha
Worker 16: Step 562 accepted, E=-10.834600 Ha
Worker 19: Step 427 accepted, E=-10.834082 Ha
Worker 14: Step 569 accepted, E=-10.833876 Ha
Worker 1: Step 673 accepted, E=-10.834611 Ha
Worker 18: Step 522 accepted, E=-10.835237 Ha
Worker 12: Step 530, op=correlated_displacement, ΔE=0.0002 eV, accept=True
Worker 11: Step 487 accepted, E=-10.834846 Ha
Worker 17: Step 574 accepted, E=-10.834537 Ha
Worker 3: Step 625 accepted, E=-10.835224 Ha
Worker 12: Step 530 accepted, E=-10.834845 Ha
Worker 6: Step 581 accepted, E=-10.835746 Ha
Worker 0: Step 586 accepted, E=-10.833653 Ha
Worker 7: Step 625 accepted, E=-10.834429 Ha
Worker 16: No change from 'roto_reflection', skipping.
Worker 14: No change from 'correlated_displacement', skipping.
Worker 2: Step 665 accepted, E=-10.834478 Ha
Worker 10: Step 586 accepted, E=-10.835206 Ha
Worker 12: No change from 'random_displacement', skipping.
Worker 8: Step 487 accepted, E=-10.834368 Ha
Worker 9: Step 604 accepted, E=-10.834720 Ha
Worker 13: Step 542 accepted, E=-10.833834 Ha
Worker 15: Step 511 accepted, E=-10.834621 Ha
Worker 1: Step 674 accepted, E=-10.834614 Ha
Worker 19: Step 428 accepted, E=-10.834084 Ha
Worker 5: Step 572 accepted, E=-10.834426 Ha
Worker 3: Step 626 accepted, E=-10.835201 Ha
Worker 18: Step 523 accepted, E=-10.835247 Ha
Worker 11: Step 488 accepted, E=-10.834804 Ha
Worker 7: Step 626 accepted, E=-10.834428 Ha
Worker 6: Step 582 accepted, E=-10.835741 Ha
Worker 16: Step 564 accepted, E=-10.834600 Ha
Worker 0: Step 587 accepted, E=-10.833698 Ha
Worker 2: Step 666 accepted, E=-10.834479 Ha
Worker 4: Step 593 accepted, E=-10.833110 Ha
Worker 14: Step 571 accepted, E=-10.833863 Ha
Worker 10: Step 587 accepted, E=-10.835320 Ha
Worker 17: Step 575 accepted, E=-10.834538 Ha
Worker 12: Step 532 accepted, E=-10.834838 Ha
Worker 8: Step 488 accepted, E=-10.834160 Ha
Worker 9: Step 605 accepted, E=-10.834730 Ha
Worker 15: Step 512 accepted, E=-10.834770 Ha
Worker 13: Step 543 accepted, E=-10.833789 Ha
Worker 1: Step 675 accepted, E=-10.834602 Ha
Worker 3: Step 627 accepted, E=-10.835199 Ha
Worker 11: Step 489 accepted, E=-10.834799 Ha
Worker 19: Step 429 accepted, E=-10.834083 Ha
Worker 7: Step 627 accepted, E=-10.834428 Ha
Worker 18: Step 524 accepted, E=-10.835287 Ha
Worker 2: Step 667 accepted, E=-10.834479 Ha
Worker 16: Step 565 accepted, E=-10.834606 Ha
Worker 6: Step 583 accepted, E=-10.835748 Ha
Worker 5: Step 573 accepted, E=-10.834427 Ha
Worker 14: Step 572 accepted, E=-10.833880 Ha
Worker 10: Step 588 accepted, E=-10.835343 Ha
Worker 4: Step 594 accepted, E=-10.832701 Ha
Worker 12: Step 533 accepted, E=-10.834836 Ha
Worker 15: Step 513 accepted, E=-10.834769 Ha
Worker 8: Step 489 accepted, E=-10.834163 Ha
Worker 9: Step 606 accepted, E=-10.834751 Ha
Worker 13: Step 544 accepted, E=-10.833787 Ha
Worker 1: Step 676 accepted, E=-10.834607 Ha
Worker 3: Step 628 accepted, E=-10.835189 Ha
Worker 11: Step 490, op=small_principal_axis_rotation, ΔE=0.0016 eV, accept=True
Worker 7: Step 628 accepted, E=-10.834427 Ha
Worker 17: Step 576 accepted, E=-10.834539 Ha
Worker 19: Step 430, op=random_displacement, ΔE=0.0030 eV, accept=True
Worker 19: Step 430 accepted, E=-10.833973 Ha
Worker 11: Step 490 accepted, E=-10.834739 Ha
Worker 2: Step 668 accepted, E=-10.834477 Ha
Worker 18: Step 525 accepted, E=-10.834430 Ha
Worker 1: No change from 'small_principal_axis_rotation', skipping.
Worker 0: Step 589 accepted, E=-10.833245 Ha
Worker 16: Step 566 accepted, E=-10.834598 Ha
Worker 6: Step 584 accepted, E=-10.835744 Ha
Worker 10: Step 589 accepted, E=-10.835361 Ha
Worker 14: Step 573 accepted, E=-10.833875 Ha
Worker 15: Step 514 accepted, E=-10.834779 Ha
Worker 8: Step 490, op=correlated_displacement, ΔE=0.0066 eV, accept=True
Worker 9: Step 607 accepted, E=-10.834751 Ha
Worker 12: Step 534 accepted, E=-10.834830 Ha
Worker 8: Step 490 accepted, E=-10.833920 Ha
Worker 13: Step 545 accepted, E=-10.833813 Ha
Worker 3: Step 629 accepted, E=-10.835170 Ha
Worker 5: Step 574 accepted, E=-10.834428 Ha
Worker 2: Step 669 accepted, E=-10.834478 Ha
Worker 19: Step 431 accepted, E=-10.833622 Ha
Worker 7: Step 629 accepted, E=-10.834518 Ha
Worker 16: Step 567 accepted, E=-10.834609 Ha
Worker 2: No change from 'small_principal_axis_rotation', skipping.
Worker 0: Step 590 accepted, E=-10.834172 Ha
Worker 1: Step 678 accepted, E=-10.834599 Ha
Worker 6: Step 585 accepted, E=-10.835804 Ha
Worker 19: No change from 'small_principal_axis_rotation', skipping.
Worker 11: Step 491 accepted, E=-10.834765 Ha
Worker 10: Step 590 accepted, E=-10.835372 Ha
Worker 14: Step 574 accepted, E=-10.833734 Ha
Worker 15: Step 515 accepted, E=-10.834779 Ha
Worker 17: Step 577 accepted, E=-10.834533 Ha
Worker 9: Step 608 accepted, E=-10.834736 Ha
Worker 13: Step 546 accepted, E=-10.833786 Ha
Worker 8: Step 491 accepted, E=-10.833902 Ha
Worker 3: Step 630, op=small_principal_axis_rotation, ΔE=0.0003 eV, accept=True
Worker 3: Step 630 accepted, E=-10.835160 Ha
Worker 7: Step 630 accepted, E=-10.834518 Ha
Worker 2: Step 671 accepted, E=-10.834479 Ha
Worker 1: Step 679 accepted, E=-10.834603 Ha
Worker 16: Step 568 accepted, E=-10.834614 Ha
Worker 5: Step 575 accepted, E=-10.834428 Ha
Worker 0: Step 591 accepted, E=-10.834339 Ha
Worker 10: Step 591 accepted, E=-10.835361 Ha
Worker 19: Step 433 accepted, E=-10.833615 Ha
Worker 6: Step 586 accepted, E=-10.835729 Ha
Worker 12: Step 535 accepted, E=-10.834272 Ha
Worker 11: Step 492 accepted, E=-10.834760 Ha
Worker 14: Step 575 accepted, E=-10.833993 Ha
Worker 4: Step 597 accepted, E=-10.832733 Ha
Worker 18: Step 527 accepted, E=-10.834478 Ha
Worker 15: Step 516 accepted, E=-10.834773 Ha
Worker 9: Step 609 accepted, E=-10.834748 Ha
Worker 13: Step 547 accepted, E=-10.833777 Ha
Worker 3: Step 631 accepted, E=-10.835150 Ha
Worker 7: Step 631 accepted, E=-10.834518 Ha
Worker 2: Step 672 accepted, E=-10.834479 Ha
Worker 1: Step 680 accepted, E=-10.834623 Ha
Worker 17: Step 578 accepted, E=-10.834532 Ha
Worker 10: Step 592 accepted, E=-10.835361 Ha
Worker 0: Step 592 accepted, E=-10.834153 Ha
Worker 11: Step 493 accepted, E=-10.834764 Ha
Worker 6: Step 587 accepted, E=-10.835677 Ha
Worker 14: Step 576 accepted, E=-10.833956 Ha
Worker 19: Step 434 accepted, E=-10.833590 Ha
Worker 5: Step 576 accepted, E=-10.834432 Ha
Worker 4: Step 598 accepted, E=-10.832500 Ha
Worker 15: Step 517 accepted, E=-10.834773 Ha
Worker 9: Step 610 accepted, E=-10.834748 Ha
Worker 2: Step 673 accepted, E=-10.834478 Ha
Worker 13: Step 548 accepted, E=-10.833755 Ha
Worker 3: Step 632 accepted, E=-10.835241 Ha
Worker 7: Step 632 accepted, E=-10.834518 Ha
Worker 8: Step 493 accepted, E=-10.833944 Ha
Worker 12: Step 536 accepted, E=-10.834957 Ha
Worker 18: Step 528 accepted, E=-10.835075 Ha
Worker 1: Step 681 accepted, E=-10.834620 Ha
Worker 8: No change from 'principal_axis_rotation', skipping.
Worker 16: Step 570 accepted, E=-10.834869 Ha
Worker 0: Step 593 accepted, E=-10.834669 Ha
Worker 10: Step 593 accepted, E=-10.835396 Ha
Worker 11: Step 494 accepted, E=-10.834749 Ha
Worker 3: No change from 'roto_reflection', skipping.
Worker 6: Step 588 accepted, E=-10.835743 Ha
Worker 14: Step 577 accepted, E=-10.833804 Ha
Worker 19: Step 435 accepted, E=-10.833192 Ha
Worker 2: Step 674 accepted, E=-10.834477 Ha
Worker 17: Step 579 accepted, E=-10.834503 Ha
Worker 4: Step 599 accepted, E=-10.832469 Ha
Worker 15: Step 518 accepted, E=-10.834784 Ha
Worker 7: Step 633 accepted, E=-10.834516 Ha
Worker 13: Step 549 accepted, E=-10.833740 Ha
Worker 12: Step 537 accepted, E=-10.834958 Ha
Worker 5: Step 577 accepted, E=-10.834433 Ha
Worker 18: Step 529 accepted, E=-10.834926 Ha
Worker 0: Step 594 accepted, E=-10.834651 Ha
Worker 11: Step 495 accepted, E=-10.834756 Ha
Worker 8: Step 495 accepted, E=-10.833911 Ha
Worker 10: Step 594 accepted, E=-10.835410 Ha
Worker 3: Step 634 accepted, E=-10.835242 Ha
Worker 16: Step 571 accepted, E=-10.834873 Ha
Worker 2: Step 675 accepted, E=-10.834476 Ha
Worker 9: Step 611 accepted, E=-10.834736 Ha
Worker 1: Step 682 accepted, E=-10.834610 Ha
Worker 14: Step 578 accepted, E=-10.833782 Ha
Worker 6: Step 589 accepted, E=-10.835718 Ha
Worker 19: Step 436 accepted, E=-10.833178 Ha
Worker 15: Step 519 accepted, E=-10.834793 Ha
Worker 7: Step 634 accepted, E=-10.834516 Ha
Worker 4: Step 600 accepted, E=-10.832494 Ha
Worker 13: Step 550, op=local_twist, ΔE=0.0002 eV, accept=True
Worker 13: Step 550 accepted, E=-10.833732 Ha
Worker 1: No change from 'mirror', skipping.
Worker 17: Step 580, op=random_displacement, ΔE=0.0003 eV, accept=True
Worker 17: Step 580 accepted, E=-10.834492 Ha
Worker 2: Step 676 accepted, E=-10.834476 Ha
Worker 12: Step 538 accepted, E=-10.834958 Ha
Worker 3: Step 635 accepted, E=-10.835218 Ha
Worker 7: No change from 'mirror', skipping.
Worker 0: Step 595 accepted, E=-10.834654 Ha
Worker 10: Step 595 accepted, E=-10.835382 Ha
Worker 18: Step 530, op=random_displacement, ΔE=0.0108 eV, accept=True
Worker 8: Step 496 accepted, E=-10.834184 Ha
Worker 11: Step 496 accepted, E=-10.834773 Ha
Worker 16: Step 572 accepted, E=-10.834884 Ha
Worker 18: Step 530 accepted, E=-10.834531 Ha
Worker 14: Step 579 accepted, E=-10.833432 Ha
Worker 9: Step 612 accepted, E=-10.834731 Ha
Worker 6: Step 590, op=random_so3, ΔE=0.0154 eV, accept=True
Worker 6: Step 590 accepted, E=-10.835153 Ha
Worker 15: Step 520, op=random_displacement, ΔE=0.0008 eV, accept=True
Worker 19: Step 437 accepted, E=-10.833202 Ha
Worker 5: Step 578 accepted, E=-10.834432 Ha
Worker 15: Step 520 accepted, E=-10.834763 Ha
Worker 1: Step 684 accepted, E=-10.834605 Ha
Worker 4: Step 601 accepted, E=-10.832445 Ha
Worker 13: Step 551 accepted, E=-10.833738 Ha
Worker 2: Step 677 accepted, E=-10.834487 Ha
Worker 7: Step 636 accepted, E=-10.834516 Ha
Worker 13: No change from 'small_principal_axis_rotation', skipping.
Worker 0: Step 596 accepted, E=-10.834658 Ha
Worker 10: Step 596 accepted, E=-10.835322 Ha
Worker 3: Step 636 accepted, E=-10.835233 Ha
Worker 11: Step 497 accepted, E=-10.834739 Ha
Worker 8: Step 497 accepted, E=-10.834194 Ha
Worker 16: Step 573 accepted, E=-10.834884 Ha
Worker 0: No change from 'small_principal_axis_rotation', skipping.
Worker 14: Step 580 accepted, E=-10.833432 Ha
Worker 9: Step 613 accepted, E=-10.834747 Ha
Worker 18: Step 531 accepted, E=-10.834528 Ha
Worker 17: Step 581 accepted, E=-10.834495 Ha
Worker 19: Step 438 accepted, E=-10.832809 Ha
Worker 6: Step 591 accepted, E=-10.835177 Ha
Worker 15: Step 521 accepted, E=-10.834762 Ha
Worker 12: No change from 'principal_axis_rotation', skipping.
Worker 2: Step 678 accepted, E=-10.834487 Ha
Worker 4: Step 602 accepted, E=-10.832462 Ha
Worker 1: Step 685 accepted, E=-10.834606 Ha
Worker 5: Step 579 accepted, E=-10.834567 Ha
Worker 11: No change from 'roto_reflection', skipping.
Worker 10: Step 597 accepted, E=-10.834961 Ha
Worker 13: Step 553 accepted, E=-10.833696 Ha
Worker 3: Step 637 accepted, E=-10.835149 Ha
Worker 7: Step 637 accepted, E=-10.834517 Ha
Worker 8: Step 498 accepted, E=-10.835242 Ha
Worker 16: Step 574 accepted, E=-10.834865 Ha
Worker 0: Step 598 accepted, E=-10.834658 Ha
Worker 9: Step 614 accepted, E=-10.834788 Ha
Worker 19: Step 439 accepted, E=-10.832564 Ha
Worker 18: Step 532 accepted, E=-10.832841 Ha
Worker 14: Step 581 accepted, E=-10.832895 Ha
Worker 15: Step 522 accepted, E=-10.834790 Ha
Worker 6: Step 592 accepted, E=-10.835174 Ha
Worker 2: Step 679 accepted, E=-10.834487 Ha
Worker 10: No change from 'roto_reflection', skipping.
Worker 12: Step 541 accepted, E=-10.834939 Ha
Worker 15: No change from 'small_principal_axis_rotation', skipping.
Worker 17: Step 582 accepted, E=-10.834498 Ha
Worker 4: Step 603 accepted, E=-10.833156 Ha
Worker 1: Step 686 accepted, E=-10.834612 Ha
Worker 12: No change from 'small_principal_axis_rotation', skipping.
Worker 11: Step 499 accepted, E=-10.834680 Ha
Worker 7: Step 638 accepted, E=-10.834517 Ha
Worker 13: Step 554 accepted, E=-10.833679 Ha
Worker 8: Step 499 accepted, E=-10.835360 Ha
Worker 16: Step 575 accepted, E=-10.834558 Ha
Worker 0: Step 599 accepted, E=-10.834655 Ha
Worker 5: Step 580 accepted, E=-10.834568 Ha
Worker 9: Step 615 accepted, E=-10.834474 Ha
Worker 19: Step 440 accepted, E=-10.833186 Ha
Worker 2: Step 680 accepted, E=-10.834487 Ha
Worker 14: Step 582 accepted, E=-10.832950 Ha
Worker 18: Step 533 accepted, E=-10.832649 Ha
Worker 10: Step 599 accepted, E=-10.835003 Ha
Worker 6: Step 593 accepted, E=-10.835146 Ha
Worker 15: Step 524 accepted, E=-10.834741 Ha
Worker 4: Step 604 accepted, E=-10.834083 Ha
Worker 1: Step 687 accepted, E=-10.834597 Ha
Worker 12: Step 543 accepted, E=-10.834948 Ha
Worker 7: Step 639 accepted, E=-10.834516 Ha
Worker 11: Step 500 accepted, E=-10.834694 Ha
Worker 3: Step 639 accepted, E=-10.835156 Ha
Worker 13: Step 555 accepted, E=-10.833687 Ha
Worker 8: Step 500, op=random_displacement, ΔE=0.0072 eV, accept=True
Worker 16: Step 576 accepted, E=-10.834550 Ha
Worker 17: Step 583 accepted, E=-10.834503 Ha
Worker 8: Step 500 accepted, E=-10.835096 Ha
Worker 0: Step 600, op=random_rotation, ΔE=0.0004 eV, accept=True
Worker 0: Step 600 accepted, E=-10.834639 Ha
Worker 2: Step 681 accepted, E=-10.834492 Ha
Worker 9: Step 616 accepted, E=-10.834428 Ha
Worker 19: Step 441 accepted, E=-10.833183 Ha
Worker 10: Step 600, op=com_com_separation, ΔE=0.0004 eV, accept=True
Worker 14: Step 583 accepted, E=-10.832918 Ha
Worker 18: Step 534 accepted, E=-10.832646 Ha
Worker 10: Step 600 accepted, E=-10.834987 Ha
Worker 6: Step 594 accepted, E=-10.835148 Ha
Worker 15: Step 525 accepted, E=-10.834768 Ha
Worker 5: Step 581 accepted, E=-10.834573 Ha
Worker 7: Step 640 accepted, E=-10.834518 Ha
Worker 1: Step 688 accepted, E=-10.834601 Ha
Worker 4: Step 605 accepted, E=-10.834567 Ha
Worker 12: Step 544 accepted, E=-10.834961 Ha
Worker 3: Step 640, op=local_twist, ΔE=0.0001 eV, accept=True
Worker 11: Step 501 accepted, E=-10.834946 Ha
Worker 16: Step 577 accepted, E=-10.834543 Ha
Worker 13: Step 556 accepted, E=-10.833539 Ha
Worker 3: Step 640 accepted, E=-10.835150 Ha
Worker 0: Step 601 accepted, E=-10.834647 Ha
Worker 2: Step 682 accepted, E=-10.834486 Ha
Worker 9: Step 617 accepted, E=-10.834425 Ha
Worker 19: Step 442 accepted, E=-10.833224 Ha
Worker 17: Step 584 accepted, E=-10.834504 Ha
Worker 6: Step 595 accepted, E=-10.835148 Ha
Worker 15: Step 526 accepted, E=-10.834772 Ha
Worker 10: Step 601 accepted, E=-10.834985 Ha
Worker 7: Step 641 accepted, E=-10.834516 Ha
Worker 4: Step 606 accepted, E=-10.834549 Ha
Worker 1: Step 689 accepted, E=-10.834606 Ha
Worker 12: Step 545 accepted, E=-10.834971 Ha
Worker 11: Step 502 accepted, E=-10.834946 Ha
Worker 5: Step 582 accepted, E=-10.834576 Ha
Worker 13: Step 557 accepted, E=-10.833627 Ha
Worker 16: Step 578 accepted, E=-10.834529 Ha
Worker 3: Step 641 accepted, E=-10.835129 Ha
Worker 2: Step 683 accepted, E=-10.834486 Ha
Worker 8: Step 502 accepted, E=-10.835361 Ha
Worker 0: Step 602 accepted, E=-10.834647 Ha
Worker 14: Step 585 accepted, E=-10.833128 Ha
Worker 9: Step 618 accepted, E=-10.834410 Ha
Worker 18: Step 536 accepted, E=-10.832655 Ha
Worker 15: Step 527 accepted, E=-10.834771 Ha
Worker 7: Step 642 accepted, E=-10.834516 Ha
Worker 10: Step 602 accepted, E=-10.835023 Ha
Worker 19: Step 443 accepted, E=-10.833488 Ha
Worker 1: Step 690, op=random_displacement, ΔE=0.0001 eV, accept=True
Worker 4: Step 607 accepted, E=-10.834552 Ha
Worker 1: Step 690 accepted, E=-10.834602 Ha
Worker 6: Step 596 accepted, E=-10.835417 Ha
Worker 11: Step 503 accepted, E=-10.834980 Ha
Worker 12: Step 546 accepted, E=-10.834972 Ha
Worker 17: Step 585 accepted, E=-10.834504 Ha
Worker 13: Step 558 accepted, E=-10.833747 Ha
Worker 16: Step 579 accepted, E=-10.834540 Ha
Worker 2: Step 684 accepted, E=-10.834485 Ha
Worker 3: Step 642 accepted, E=-10.835107 Ha
Worker 8: Step 503 accepted, E=-10.835345 Ha
Worker 7: Step 643 accepted, E=-10.834517 Ha
Worker 0: Step 603 accepted, E=-10.834613 Ha
Worker 15: Step 528 accepted, E=-10.834745 Ha
Worker 9: Step 619 accepted, E=-10.834433 Ha
Worker 10: Step 603 accepted, E=-10.835039 Ha
Worker 14: Step 586 accepted, E=-10.830969 Ha
Worker 5: Step 583 accepted, E=-10.834576 Ha
Worker 4: Step 608 accepted, E=-10.834554 Ha
Worker 19: Step 444 accepted, E=-10.833708 Ha
Worker 1: Step 691 accepted, E=-10.834602 Ha
Worker 12: Step 547 accepted, E=-10.835114 Ha
Worker 11: Step 504 accepted, E=-10.834982 Ha
Worker 16: Step 580, op=random_displacement, ΔE=0.0005 eV, accept=True
Worker 2: Step 685 accepted, E=-10.834486 Ha
Worker 16: Step 580 accepted, E=-10.834523 Ha
Worker 13: Step 559 accepted, E=-10.833725 Ha
Worker 3: Step 643 accepted, E=-10.835107 Ha
Worker 6: Step 597 accepted, E=-10.835499 Ha
Worker 8: Step 504 accepted, E=-10.835329 Ha
Worker 7: Step 644 accepted, E=-10.834453 Ha
Worker 17: Step 586 accepted, E=-10.834503 Ha
Worker 0: Step 604 accepted, E=-10.834577 Ha
Worker 10: Step 604 accepted, E=-10.835074 Ha
Worker 15: Step 529 accepted, E=-10.834750 Ha
Worker 9: Step 620 accepted, E=-10.835488 Ha
Worker 14: Step 587 accepted, E=-10.830222 Ha
Worker 4: Step 609 accepted, E=-10.834554 Ha
Worker 19: Step 445 accepted, E=-10.833708 Ha
Worker 5: Step 584 accepted, E=-10.834584 Ha
Worker 2: Step 686 accepted, E=-10.834486 Ha
Worker 12: Step 548 accepted, E=-10.835080 Ha
Worker 8: No change from 'roto_reflection', skipping.
Worker 16: Step 581 accepted, E=-10.834508 Ha
Worker 3: Step 644 accepted, E=-10.835107 Ha
Worker 13: Step 560 accepted, E=-10.833749 Ha
Worker 11: Step 505 accepted, E=-10.835043 Ha
Worker 1: Step 692 accepted, E=-10.834602 Ha
Worker 6: Step 598 accepted, E=-10.835471 Ha
Worker 10: Step 605 accepted, E=-10.835030 Ha
Worker 0: Step 605 accepted, E=-10.834565 Ha
Worker 15: Step 530, op=small_principal_axis_rotation, ΔE=0.0000 eV, accept=True
Worker 15: Step 530 accepted, E=-10.834750 Ha
Worker 7: Step 645 accepted, E=-10.834453 Ha
Worker 4: Step 610, op=random_displacement, ΔE=0.0004 eV, accept=True
Worker 9: Step 621 accepted, E=-10.835383 Ha
Worker 4: Step 610 accepted, E=-10.834539 Ha
Worker 14: Step 588 accepted, E=-10.829975 Ha
Worker 17: Step 587 accepted, E=-10.834508 Ha
Worker 12: Step 549 accepted, E=-10.835094 Ha
Worker 2: Step 687 accepted, E=-10.834483 Ha
Worker 8: Step 506 accepted, E=-10.835200 Ha
Worker 16: Step 582 accepted, E=-10.834515 Ha
Worker 3: Step 645 accepted, E=-10.835104 Ha
Worker 11: Step 506 accepted, E=-10.834975 Ha
Worker 13: Step 561 accepted, E=-10.833714 Ha
Worker 1: Step 693 accepted, E=-10.834610 Ha
Worker 5: Step 585 accepted, E=-10.834584 Ha
Worker 0: Step 606 accepted, E=-10.834576 Ha
Worker 6: Step 599 accepted, E=-10.835465 Ha
Worker 7: Step 646 accepted, E=-10.834453 Ha
Worker 10: Step 606 accepted, E=-10.834998 Ha
Worker 15: Step 531 accepted, E=-10.834750 Ha
Worker 9: Step 622 accepted, E=-10.835355 Ha
Worker 4: Step 611 accepted, E=-10.834539 Ha
Worker 18: Step 540 accepted, E=-10.832689 Ha
Worker 2: Step 688 accepted, E=-10.834482 Ha
Worker 12: Step 550, op=twist, ΔE=0.0011 eV, accept=True
Worker 19: Step 447 accepted, E=-10.833837 Ha
Worker 12: Step 550 accepted, E=-10.835052 Ha
Worker 16: Step 583 accepted, E=-10.834862 Ha
Worker 3: Step 646 accepted, E=-10.835116 Ha
Worker 11: Step 507 accepted, E=-10.834958 Ha
Worker 13: Step 562 accepted, E=-10.833724 Ha
Worker 1: Step 694 accepted, E=-10.834627 Ha
Worker 0: Step 607 accepted, E=-10.834566 Ha
Worker 7: Step 647 accepted, E=-10.834452 Ha
Worker 17: Step 588 accepted, E=-10.834509 Ha
Worker 15: Step 532 accepted, E=-10.834737 Ha
Worker 10: Step 607 accepted, E=-10.834966 Ha
Worker 6: Step 600 accepted, E=-10.835513 Ha
Worker 9: Step 623 accepted, E=-10.835371 Ha
Worker 4: Step 612 accepted, E=-10.834539 Ha
Worker 2: Step 689 accepted, E=-10.834481 Ha
Worker 18: Step 541 accepted, E=-10.832350 Ha
Worker 14: Step 590 accepted, E=-10.829989 Ha
Worker 12: Step 551 accepted, E=-10.835114 Ha
Worker 4: No change from 'small_principal_axis_rotation', skipping.
Worker 5: Step 586 accepted, E=-10.834582 Ha
Worker 19: Step 448 accepted, E=-10.834845 Ha
Worker 16: Step 584 accepted, E=-10.834862 Ha
Worker 8: Step 508 accepted, E=-10.835245 Ha
Worker 3: Step 647 accepted, E=-10.834435 Ha
Worker 13: Step 563 accepted, E=-10.833722 Ha
Worker 1: Step 695 accepted, E=-10.834632 Ha
Worker 11: Step 508 accepted, E=-10.834933 Ha
Worker 7: Step 648 accepted, E=-10.834452 Ha
Worker 0: Step 608 accepted, E=-10.834571 Ha
Worker 15: Step 533 accepted, E=-10.834737 Ha
Worker 4: No change from 'twist', skipping.
Worker 2: Step 690, op=small_principal_axis_rotation, ΔE=0.0000 eV, accept=True
Worker 6: Step 601 accepted, E=-10.835551 Ha
Worker 9: Step 624 accepted, E=-10.835379 Ha
Worker 2: Step 690 accepted, E=-10.834481 Ha
Worker 14: Step 591 accepted, E=-10.832191 Ha
Worker 7: No change from 'roto_reflection', skipping.
Worker 18: Step 542 accepted, E=-10.832304 Ha
Worker 5: No change from 'roto_reflection', skipping.
Worker 17: Step 589 accepted, E=-10.834514 Ha
Worker 16: Step 585 accepted, E=-10.834853 Ha
Worker 12: Step 552 accepted, E=-10.835104 Ha
Worker 10: Step 608 accepted, E=-10.834994 Ha
Worker 19: Step 449 accepted, E=-10.834785 Ha
Worker 3: Step 648 accepted, E=-10.835116 Ha
Worker 1: Step 696 accepted, E=-10.834629 Ha
Worker 8: Step 509 accepted, E=-10.835224 Ha
Worker 13: Step 564 accepted, E=-10.833721 Ha
Worker 11: Step 509 accepted, E=-10.834919 Ha
Worker 0: Step 609 accepted, E=-10.834573 Ha
Worker 15: Step 534 accepted, E=-10.834731 Ha
Worker 4: Step 615 accepted, E=-10.834534 Ha
Worker 2: Step 691 accepted, E=-10.834482 Ha
Worker 9: Step 625 accepted, E=-10.835333 Ha
Worker 7: Step 650 accepted, E=-10.834453 Ha
Worker 14: Step 592 accepted, E=-10.832265 Ha
Worker 6: Step 602 accepted, E=-10.835500 Ha
Worker 12: Step 553 accepted, E=-10.835108 Ha
Worker 16: Step 586 accepted, E=-10.834850 Ha
Worker 18: Step 543 accepted, E=-10.832324 Ha
Worker 19: Step 450, op=random_rotation, ΔE=0.0009 eV, accept=True
Worker 10: Step 609 accepted, E=-10.835013 Ha
Worker 1: Step 697 accepted, E=-10.834621 Ha
Worker 19: Step 450 accepted, E=-10.834753 Ha
Worker 3: Step 649 accepted, E=-10.835109 Ha
Worker 8: Step 510 accepted, E=-10.835391 Ha
Worker 11: Step 510 accepted, E=-10.834919 Ha
Worker 13: Step 565 accepted, E=-10.833748 Ha
Worker 17: Step 590 accepted, E=-10.834514 Ha
Worker 0: Step 610 accepted, E=-10.834573 Ha
Worker 15: Step 535 accepted, E=-10.834614 Ha
Worker 4: Step 616 accepted, E=-10.834521 Ha
Worker 5: Step 588 accepted, E=-10.834580 Ha
Worker 2: Step 692 accepted, E=-10.834482 Ha
Worker 7: Step 651 accepted, E=-10.834454 Ha
Worker 9: Step 626 accepted, E=-10.835332 Ha
Worker 4: No change from 'small_principal_axis_rotation', skipping.
Worker 12: Step 554 accepted, E=-10.835136 Ha
Worker 14: Step 593 accepted, E=-10.832268 Ha
Worker 16: Step 587 accepted, E=-10.834845 Ha
Worker 18: Step 544 accepted, E=-10.832309 Ha
Worker 6: Step 603 accepted, E=-10.835449 Ha
Worker 10: Step 610 accepted, E=-10.835015 Ha
Worker 11: Step 511 accepted, E=-10.834925 Ha
Worker 3: Step 650, op=small_principal_axis_rotation, ΔE=0.0022 eV, accept=True
Worker 1: Step 698 accepted, E=-10.834603 Ha
Worker 0: Step 611 accepted, E=-10.834580 Ha
Worker 3: Step 650 accepted, E=-10.835028 Ha
Worker 19: Step 451 accepted, E=-10.834762 Ha
Worker 13: Step 566 accepted, E=-10.833527 Ha
Worker 2: Step 693 accepted, E=-10.834483 Ha
Worker 8: Step 511 accepted, E=-10.835363 Ha
Worker 15: Step 536 accepted, E=-10.834580 Ha
Worker 7: Step 652 accepted, E=-10.834455 Ha
Worker 4: Step 618 accepted, E=-10.834521 Ha
Worker 9: Step 627 accepted, E=-10.835332 Ha
Worker 12: Step 555 accepted, E=-10.835038 Ha
Worker 5: Step 589 accepted, E=-10.834570 Ha
Worker 17: Step 591 accepted, E=-10.834439 Ha
Worker 16: Step 588 accepted, E=-10.834832 Ha
Worker 14: Step 594 accepted, E=-10.833082 Ha
Worker 18: Step 545 accepted, E=-10.832271 Ha
Worker 2: Step 694 accepted, E=-10.834482 Ha
Worker 10: Step 611 accepted, E=-10.835014 Ha
Worker 6: Step 604 accepted, E=-10.835424 Ha
Worker 11: Step 512 accepted, E=-10.834731 Ha
Worker 1: Step 699 accepted, E=-10.834614 Ha
Worker 0: Step 612 accepted, E=-10.834570 Ha
Worker 3: Step 651 accepted, E=-10.835030 Ha
Worker 19: Step 452 accepted, E=-10.834756 Ha
Worker 13: Step 567 accepted, E=-10.833525 Ha
Worker 15: Step 537 accepted, E=-10.834579 Ha
Worker 8: Step 512 accepted, E=-10.835348 Ha
Worker 7: Step 653 accepted, E=-10.834456 Ha
Worker 4: Step 619 accepted, E=-10.834524 Ha
Worker 9: Step 628 accepted, E=-10.835349 Ha
Worker 12: Step 556 accepted, E=-10.835016 Ha
Worker 16: Step 589 accepted, E=-10.834817 Ha
Worker 2: Step 695 accepted, E=-10.834481 Ha
Worker 14: Step 595 accepted, E=-10.834106 Ha
Worker 10: Step 612 accepted, E=-10.834929 Ha
Worker 18: Step 546 accepted, E=-10.832391 Ha
Worker 0: Step 613 accepted, E=-10.834562 Ha
Worker 3: Step 652 accepted, E=-10.835015 Ha
Worker 5: Step 590, op=random_displacement, ΔE=0.0000 eV, accept=True
Worker 1: Step 700 accepted, E=-10.834618 Ha
Worker 6: Step 605 accepted, E=-10.835429 Ha
Worker 19: Step 453 accepted, E=-10.834772 Ha
Worker 11: Step 513 accepted, E=-10.834714 Ha
Worker 5: Step 590 accepted, E=-10.834570 Ha
Worker 7: Step 654 accepted, E=-10.834455 Ha
Worker 15: Step 538 accepted, E=-10.834578 Ha
Worker 17: Step 592 accepted, E=-10.834437 Ha
Worker 13: Step 568 accepted, E=-10.833337 Ha
Worker 8: Step 513 accepted, E=-10.835361 Ha
Worker 4: Step 620, op=correlated_displacement, ΔE=0.0006 eV, accept=True
Worker 4: Step 620 accepted, E=-10.834501 Ha
Worker 9: Step 629 accepted, E=-10.835315 Ha
Worker 12: Step 557 accepted, E=-10.835006 Ha
Worker 16: Step 590 accepted, E=-10.834820 Ha
Worker 15: No change from 'roto_reflection', skipping.
Worker 2: Step 696 accepted, E=-10.834477 Ha
Worker 10: Step 613 accepted, E=-10.834894 Ha
Worker 8: No change from 'large_displacement', skipping.
Worker 0: Step 614 accepted, E=-10.834552 Ha
Worker 3: Step 653 accepted, E=-10.835013 Ha
Worker 18: Step 547 accepted, E=-10.831737 Ha
Worker 1: Step 701 accepted, E=-10.834617 Ha
Worker 10: No change from 'small_principal_axis_rotation', skipping.
Worker 11: Step 514 accepted, E=-10.834725 Ha
Worker 6: Step 606 accepted, E=-10.835403 Ha
Worker 7: Step 655 accepted, E=-10.834455 Ha
Worker 13: Step 569 accepted, E=-10.833335 Ha
Worker 9: Step 630 accepted, E=-10.835334 Ha
Worker 4: Step 621 accepted, E=-10.834501 Ha
Worker 3: No change from 'roto_reflection', skipping.
Worker 12: Step 558 accepted, E=-10.834975 Ha
Worker 17: Step 593 accepted, E=-10.834429 Ha
Worker 15: Step 540, op=random_rotation, ΔE=0.0003 eV, accept=True
Worker 2: Step 697 accepted, E=-10.834477 Ha
Worker 16: Step 591 accepted, E=-10.834709 Ha
Worker 15: Step 540 accepted, E=-10.834566 Ha
Worker 8: Step 515 accepted, E=-10.835217 Ha
Worker 14: Step 597 accepted, E=-10.834103 Ha
Worker 5: Step 591 accepted, E=-10.834449 Ha
Worker 0: Step 615 accepted, E=-10.834548 Ha
Worker 11: Step 515 accepted, E=-10.834755 Ha
Worker 18: Step 548 accepted, E=-10.832627 Ha
Worker 7: Step 656 accepted, E=-10.834455 Ha
Worker 1: Step 702 accepted, E=-10.834635 Ha
Worker 6: Step 607 accepted, E=-10.835441 Ha
Worker 10: Step 615 accepted, E=-10.835049 Ha
Worker 19: Step 455 accepted, E=-10.834920 Ha
Worker 13: Step 570, op=local_twist, ΔE=0.0000 eV, accept=True
Worker 13: Step 570 accepted, E=-10.833335 Ha
Worker 4: Step 622 accepted, E=-10.834503 Ha
Worker 3: Step 655 accepted, E=-10.835017 Ha
Worker 12: Step 559 accepted, E=-10.834979 Ha
Worker 2: Step 698 accepted, E=-10.834478 Ha
Worker 16: Step 592 accepted, E=-10.834728 Ha
Worker 13: No change from 'small_principal_axis_rotation', skipping.
Worker 4: No change from 'small_principal_axis_rotation', skipping.
Worker 15: Step 541 accepted, E=-10.834616 Ha
Worker 14: Step 598 accepted, E=-10.834109 Ha
Worker 0: Step 616 accepted, E=-10.834544 Ha
Worker 8: Step 516 accepted, E=-10.835211 Ha
Worker 11: Step 516 accepted, E=-10.834780 Ha
Worker 7: Step 657 accepted, E=-10.834455 Ha
Worker 17: Step 594 accepted, E=-10.834432 Ha
Worker 18: Step 549 accepted, E=-10.830578 Ha
Worker 1: Step 703 accepted, E=-10.834627 Ha
Worker 6: Step 608 accepted, E=-10.835331 Ha
Worker 10: Step 616 accepted, E=-10.835026 Ha
Worker 19: Step 456 accepted, E=-10.834971 Ha
Worker 5: Step 592 accepted, E=-10.834447 Ha
Worker 12: Step 560, op=random_displacement, ΔE=0.0013 eV, accept=True
Worker 2: Step 699 accepted, E=-10.834477 Ha
Worker 3: Step 656 accepted, E=-10.834919 Ha
Worker 12: Step 560 accepted, E=-10.834931 Ha
Worker 9: Step 632 accepted, E=-10.835347 Ha
Worker 16: Step 593 accepted, E=-10.834740 Ha
Worker 13: Step 572 accepted, E=-10.833372 Ha
Worker 15: Step 542 accepted, E=-10.834615 Ha
Worker 4: Step 624 accepted, E=-10.834504 Ha
Worker 0: Step 617 accepted, E=-10.834516 Ha
Worker 7: Step 658 accepted, E=-10.834455 Ha
Worker 11: Step 517 accepted, E=-10.834780 Ha
Worker 18: Step 550, op=random_displacement, ΔE=0.0161 eV, accept=True
Worker 9: No change from 'roto_reflection', skipping.
Worker 1: Step 704 accepted, E=-10.834635 Ha
Worker 18: Step 550 accepted, E=-10.829986 Ha
Worker 10: Step 617 accepted, E=-10.834960 Ha
Worker 13: No change from 'roto_reflection', skipping.
Worker 2: Step 700 accepted, E=-10.834477 Ha
Worker 19: Step 457 accepted, E=-10.834953 Ha
Worker 16: Step 594 accepted, E=-10.834750 Ha
Worker 3: Step 657 accepted, E=-10.834950 Ha
Worker 17: Step 595 accepted, E=-10.834433 Ha
Worker 12: Step 561 accepted, E=-10.834953 Ha
Worker 15: Step 543 accepted, E=-10.834611 Ha
Worker 4: Step 625 accepted, E=-10.834521 Ha
Worker 1: No change from 'roto_reflection', skipping.
Worker 14: Step 600 accepted, E=-10.834111 Ha
Worker 0: Step 618 accepted, E=-10.834517 Ha
Worker 6: Step 609 accepted, E=-10.835322 Ha
Worker 7: Step 659 accepted, E=-10.834455 Ha
Worker 5: Step 593 accepted, E=-10.834449 Ha
Worker 8: Step 518 accepted, E=-10.835220 Ha
Worker 11: Step 518 accepted, E=-10.834783 Ha
Worker 10: Step 618 accepted, E=-10.834960 Ha
Worker 9: Step 634 accepted, E=-10.835350 Ha
Worker 2: Step 701 accepted, E=-10.834478 Ha
Worker 18: Step 551 accepted, E=-10.832963 Ha
Worker 13: Step 574 accepted, E=-10.833238 Ha
Worker 19: Step 458 accepted, E=-10.834930 Ha
Worker 16: Step 595 accepted, E=-10.834750 Ha
Worker 3: Step 658 accepted, E=-10.834947 Ha
Worker 15: Step 544 accepted, E=-10.834598 Ha
Worker 12: Step 562 accepted, E=-10.834979 Ha
Worker 7: Step 660, op=random_rotation, ΔE=0.0000 eV, accept=True
Worker 0: Step 619 accepted, E=-10.834504 Ha
Worker 7: Step 660 accepted, E=-10.834455 Ha
Worker 4: Step 626 accepted, E=-10.834519 Ha
Worker 1: Step 706 accepted, E=-10.834617 Ha
Worker 14: Step 601 accepted, E=-10.834105 Ha
Worker 6: Step 610, op=small_principal_axis_rotation, ΔE=0.0001 eV, accept=True
Worker 6: Step 610 accepted, E=-10.835317 Ha
Worker 11: Step 519 accepted, E=-10.834782 Ha
Worker 8: Step 519 accepted, E=-10.835248 Ha
Worker 17: Step 596 accepted, E=-10.834601 Ha
Worker 10: Step 619 accepted, E=-10.834949 Ha
Worker 2: Step 702 accepted, E=-10.834484 Ha
Worker 9: Step 635 accepted, E=-10.835347 Ha
Worker 13: Step 575 accepted, E=-10.833258 Ha
Worker 18: Step 552 accepted, E=-10.836125 Ha
Worker 16: Step 596 accepted, E=-10.834755 Ha
Worker 5: Step 594 accepted, E=-10.834448 Ha
Worker 19: Step 459 accepted, E=-10.834951 Ha
Worker 3: Step 659 accepted, E=-10.834476 Ha
Worker 2: No change from 'exchange', skipping.
Worker 15: Step 545 accepted, E=-10.834607 Ha
Worker 10: No change from 'mirror', skipping.
Worker 12: Step 563 accepted, E=-10.834974 Ha
Worker 0: Step 620, op=local_twist, ΔE=0.0001 eV, accept=True
Worker 1: No change from 'roto_reflection', skipping.
Worker 7: Step 661 accepted, E=-10.834455 Ha
Worker 4: Step 627 accepted, E=-10.834502 Ha
Worker 0: Step 620 accepted, E=-10.834502 Ha
Worker 14: Step 602 accepted, E=-10.834076 Ha
Worker 19: No change from 'random_displacement', skipping.
Worker 6: Step 611 accepted, E=-10.835307 Ha
Worker 8: Step 520, op=local_twist, ΔE=0.0002 eV, accept=True
Worker 8: Step 520 accepted, E=-10.835239 Ha
Worker 12: No change from 'roto_reflection', skipping.
Worker 11: Step 520, op=random_rotation, ΔE=0.0000 eV, accept=True
Worker 11: Step 520 accepted, E=-10.834782 Ha
Worker 9: Step 636 accepted, E=-10.835339 Ha
Worker 3: Step 660 accepted, E=-10.834478 Ha
Worker 2: Step 704 accepted, E=-10.834486 Ha
Worker 18: Step 553 accepted, E=-10.836132 Ha
Worker 13: Step 576 accepted, E=-10.834455 Ha
Worker 17: Step 597 accepted, E=-10.834589 Ha
Worker 7: Step 662 accepted, E=-10.834455 Ha
Worker 16: Step 597 accepted, E=-10.834741 Ha
Worker 10: Step 621 accepted, E=-10.834954 Ha
Worker 15: Step 546 accepted, E=-10.834623 Ha
Worker 0: Step 621 accepted, E=-10.834502 Ha
Worker 1: Step 708 accepted, E=-10.834622 Ha
Worker 13: No change from 'small_principal_axis_rotation', skipping.
Worker 4: Step 628 accepted, E=-10.834502 Ha
Worker 19: Step 461 accepted, E=-10.834954 Ha
Worker 14: Step 603 accepted, E=-10.835314 Ha
Worker 6: Step 612 accepted, E=-10.835051 Ha
Worker 5: Step 595 accepted, E=-10.834447 Ha
Worker 8: Step 521 accepted, E=-10.835069 Ha
Worker 11: Step 521 accepted, E=-10.834756 Ha
Worker 9: Step 637 accepted, E=-10.835338 Ha
Worker 3: Step 661 accepted, E=-10.834471 Ha
Worker 2: Step 705 accepted, E=-10.834482 Ha
Worker 7: Step 663 accepted, E=-10.834455 Ha
Worker 18: Step 554 accepted, E=-10.836115 Ha
Worker 16: Step 598 accepted, E=-10.834759 Ha
Worker 10: Step 622 accepted, E=-10.834955 Ha
Worker 0: Step 622 accepted, E=-10.834435 Ha
Worker 4: Step 629 accepted, E=-10.834702 Ha
Worker 1: Step 709 accepted, E=-10.834615 Ha
Worker 13: Step 578 accepted, E=-10.834434 Ha
Worker 15: Step 547 accepted, E=-10.834659 Ha
Worker 14: Step 604 accepted, E=-10.835504 Ha
Worker 6: Step 613 accepted, E=-10.835049 Ha
Worker 12: Step 566 accepted, E=-10.834945 Ha
Worker 17: Step 598 accepted, E=-10.834590 Ha
Worker 2: Step 706 accepted, E=-10.834482 Ha
Worker 11: Step 522 accepted, E=-10.834759 Ha
Worker 9: Step 638 accepted, E=-10.835379 Ha
Worker 16: No change from 'roto_reflection', skipping.
Worker 3: Step 662 accepted, E=-10.834466 Ha
Worker 7: Step 664 accepted, E=-10.834427 Ha
Worker 5: Step 596 accepted, E=-10.834444 Ha
Worker 18: Step 555 accepted, E=-10.836088 Ha
Worker 10: Step 623 accepted, E=-10.834964 Ha
Worker 0: Step 623 accepted, E=-10.834435 Ha
Worker 1: Step 710 accepted, E=-10.834616 Ha
Worker 4: Step 630 accepted, E=-10.834709 Ha
Worker 15: Step 548 accepted, E=-10.834656 Ha
Worker 13: Step 579 accepted, E=-10.834418 Ha
Worker 14: Step 605 accepted, E=-10.835534 Ha
Worker 12: Step 567 accepted, E=-10.834946 Ha
Worker 19: Step 463 accepted, E=-10.834941 Ha
Worker 2: Step 707 accepted, E=-10.834482 Ha
Worker 11: Step 523 accepted, E=-10.834756 Ha
Worker 8: Step 523 accepted, E=-10.835069 Ha
Worker 9: Step 639 accepted, E=-10.835378 Ha
Worker 16: Step 600, op=random_displacement, ΔE=0.0002 eV, accept=True
Worker 3: Step 663 accepted, E=-10.834484 Ha
Worker 7: Step 665 accepted, E=-10.834428 Ha
Worker 16: Step 600 accepted, E=-10.834751 Ha
Worker 18: Step 556 accepted, E=-10.836077 Ha
Worker 10: Step 624 accepted, E=-10.835002 Ha
Worker 0: Step 624 accepted, E=-10.834437 Ha
Worker 2: No change from 'mirror', skipping.
Worker 17: Step 599 accepted, E=-10.834495 Ha
Worker 4: Step 631 accepted, E=-10.834718 Ha
Worker 1: Step 711 accepted, E=-10.834622 Ha
Worker 13: Step 580 accepted, E=-10.834741 Ha
Worker 15: Step 549 accepted, E=-10.834671 Ha
Worker 12: Step 568 accepted, E=-10.834954 Ha
Worker 14: Step 606 accepted, E=-10.835500 Ha
Worker 19: Step 464 accepted, E=-10.834967 Ha
Worker 6: Step 615 accepted, E=-10.835058 Ha
Worker 5: Step 597 accepted, E=-10.834443 Ha
Worker 11: Step 524 accepted, E=-10.834716 Ha
Worker 7: Step 666 accepted, E=-10.834428 Ha
Worker 9: Step 640 accepted, E=-10.835381 Ha
Worker 3: Step 664 accepted, E=-10.834485 Ha
Worker 8: Step 524 accepted, E=-10.835011 Ha
Worker 2: Step 709 accepted, E=-10.834482 Ha
Worker 0: Step 625 accepted, E=-10.834439 Ha
Worker 10: Step 625 accepted, E=-10.835013 Ha
Worker 18: Step 557 accepted, E=-10.836074 Ha
Worker 16: Step 601 accepted, E=-10.834739 Ha
Worker 4: Step 632 accepted, E=-10.834700 Ha
Worker 1: Step 712 accepted, E=-10.834627 Ha
Worker 13: Step 581 accepted, E=-10.834748 Ha
Worker 15: Step 550 accepted, E=-10.834671 Ha
Worker 12: Step 569 accepted, E=-10.834900 Ha
Worker 19: Step 465 accepted, E=-10.834947 Ha
Worker 14: Step 607 accepted, E=-10.835648 Ha
Worker 6: Step 616 accepted, E=-10.835062 Ha
Worker 17: Step 600 accepted, E=-10.834505 Ha
Worker 11: Step 525 accepted, E=-10.834717 Ha
Worker 4: No change from 'roto_reflection', skipping.
Worker 7: Step 667 accepted, E=-10.834427 Ha
Worker 9: Step 641 accepted, E=-10.835387 Ha
Worker 3: Step 665 accepted, E=-10.834530 Ha
Worker 8: Step 525 accepted, E=-10.835041 Ha
Worker 2: Step 710 accepted, E=-10.834483 Ha
Worker 0: Step 626 accepted, E=-10.834445 Ha
Worker 10: Step 626 accepted, E=-10.835025 Ha
Worker 18: Step 558 accepted, E=-10.836062 Ha
Worker 5: Step 598 accepted, E=-10.834441 Ha
Worker 1: Step 713 accepted, E=-10.834625 Ha
Worker 13: Step 582 accepted, E=-10.834813 Ha
Worker 16: Step 602 accepted, E=-10.834742 Ha
Worker 12: Step 570 accepted, E=-10.834915 Ha
Worker 14: Step 608 accepted, E=-10.835764 Ha
Worker 15: Step 551 accepted, E=-10.834668 Ha
Worker 19: Step 466 accepted, E=-10.834934 Ha
Worker 7: Step 668 accepted, E=-10.834428 Ha
Worker 11: Step 526 accepted, E=-10.834717 Ha
Worker 6: Step 617 accepted, E=-10.835057 Ha
Worker 3: Step 666 accepted, E=-10.834535 Ha
Worker 4: Step 634 accepted, E=-10.835045 Ha
Worker 9: Step 642 accepted, E=-10.835250 Ha
Worker 2: Step 711 accepted, E=-10.834481 Ha
Worker 13: No change from 'roto_reflection', skipping.
Worker 0: Step 627 accepted, E=-10.834439 Ha
Worker 10: Step 627 accepted, E=-10.835032 Ha
Worker 8: Step 526 accepted, E=-10.835041 Ha
Worker 18: Step 559 accepted, E=-10.836105 Ha
Worker 17: Step 601 accepted, E=-10.834508 Ha
Worker 0: No change from 'small_principal_axis_rotation', skipping.
Worker 12: Step 571 accepted, E=-10.834902 Ha
Worker 16: Step 603 accepted, E=-10.834744 Ha
Worker 1: Step 714 accepted, E=-10.834629 Ha
Worker 7: Step 669 accepted, E=-10.834428 Ha
Worker 15: Step 552 accepted, E=-10.834663 Ha
Worker 19: Step 467 accepted, E=-10.835055 Ha
Worker 5: Step 599 accepted, E=-10.834441 Ha
Worker 6: Step 618 accepted, E=-10.835057 Ha
Worker 2: Step 712 accepted, E=-10.834452 Ha
Worker 4: Step 635 accepted, E=-10.835074 Ha
Worker 13: Step 584 accepted, E=-10.834865 Ha
Worker 3: Step 667 accepted, E=-10.834697 Ha
Worker 9: Step 643 accepted, E=-10.835245 Ha
Worker 11: Step 527 accepted, E=-10.834721 Ha
Worker 10: Step 628 accepted, E=-10.835072 Ha
Worker 0: Step 629 accepted, E=-10.834440 Ha
Worker 8: Step 527 accepted, E=-10.835040 Ha
Worker 18: Step 560, op=correlated_displacement, ΔE=0.0033 eV, accept=True
Worker 12: Step 572 accepted, E=-10.834898 Ha
Worker 18: Step 560 accepted, E=-10.835982 Ha
Worker 14: Step 610, op=small_principal_axis_rotation, ΔE=0.0014 eV, accept=True
Worker 1: Step 715 accepted, E=-10.834631 Ha
Worker 14: Step 610 accepted, E=-10.835714 Ha
Worker 7: Step 670 accepted, E=-10.834429 Ha
Worker 16: Step 604 accepted, E=-10.834768 Ha
Worker 19: Step 468 accepted, E=-10.835081 Ha
Worker 15: Step 553 accepted, E=-10.834668 Ha
Worker 17: Step 602 accepted, E=-10.834507 Ha
Worker 6: Step 619 accepted, E=-10.834956 Ha
Worker 2: Step 713 accepted, E=-10.834452 Ha
Worker 4: Step 636 accepted, E=-10.835073 Ha
Worker 3: Step 668 accepted, E=-10.835053 Ha
Worker 11: Step 528 accepted, E=-10.834704 Ha
Worker 6: No change from 'principal_axis_rotation', skipping.
Worker 13: Step 585 accepted, E=-10.834868 Ha
Worker 9: Step 644 accepted, E=-10.835203 Ha
Worker 5: Step 600 accepted, E=-10.834442 Ha
Worker 0: Step 630, op=random_rotation, ΔE=0.0001 eV, accept=True
Worker 10: Step 629 accepted, E=-10.835066 Ha
Worker 0: Step 630 accepted, E=-10.834436 Ha
Worker 12: Step 573 accepted, E=-10.834900 Ha
Worker 8: Step 528 accepted, E=-10.835064 Ha
Worker 16: No change from 'principal_axis_rotation', skipping.
Worker 18: Step 561 accepted, E=-10.835942 Ha
Worker 7: Step 671 accepted, E=-10.834430 Ha
Worker 1: Step 716 accepted, E=-10.834624 Ha
Worker 14: Step 611 accepted, E=-10.835733 Ha
Worker 2: Step 714 accepted, E=-10.834452 Ha
Worker 19: Step 469 accepted, E=-10.835064 Ha
Worker 3: Step 669 accepted, E=-10.835033 Ha
Worker 4: Step 637 accepted, E=-10.835084 Ha
Worker 11: Step 529 accepted, E=-10.834784 Ha
Worker 15: Step 554 accepted, E=-10.834668 Ha
Worker 13: Step 586 accepted, E=-10.834842 Ha
Worker 9: Step 645 accepted, E=-10.835224 Ha
Worker 6: Step 621 accepted, E=-10.834889 Ha
Worker 0: Step 631 accepted, E=-10.834436 Ha
Worker 10: Step 630, op=random_rotation, ΔE=0.0000 eV, accept=True
Worker 10: Step 630 accepted, E=-10.835066 Ha
Worker 12: Step 574 accepted, E=-10.834891 Ha
Worker 18: Step 562 accepted, E=-10.835942 Ha
Worker 8: Step 529 accepted, E=-10.835258 Ha
Worker 17: Step 603 accepted, E=-10.834494 Ha
Worker 7: Step 672 accepted, E=-10.834430 Ha
Worker 1: Step 717 accepted, E=-10.834616 Ha
Worker 16: Step 606 accepted, E=-10.834768 Ha
Worker 5: Step 601 accepted, E=-10.834433 Ha
Worker 2: Step 715 accepted, E=-10.834452 Ha
Worker 14: Step 612 accepted, E=-10.835725 Ha
Worker 19: Step 470, op=local_twist, ΔE=0.0005 eV, accept=True
Worker 10: No change from 'roto_reflection', skipping.
Worker 19: Step 470 accepted, E=-10.835044 Ha
Worker 3: Step 670 accepted, E=-10.835040 Ha
Worker 8: No change from 'correlated_displacement', skipping.
Worker 11: Step 530 accepted, E=-10.834793 Ha
Worker 9: Step 646 accepted, E=-10.835293 Ha
Worker 13: Step 587 accepted, E=-10.834859 Ha
Worker 0: Step 632 accepted, E=-10.834436 Ha
Worker 15: Step 555 accepted, E=-10.834651 Ha
Worker 6: Step 622 accepted, E=-10.834921 Ha
Worker 12: Step 575 accepted, E=-10.834685 Ha
Worker 7: Step 673 accepted, E=-10.834430 Ha
Worker 18: Step 563 accepted, E=-10.835950 Ha
Worker 1: Step 718 accepted, E=-10.834626 Ha
Worker 7: No change from 'small_principal_axis_rotation', skipping.
Worker 2: Step 716 accepted, E=-10.834452 Ha
Worker 4: Step 638 accepted, E=-10.835094 Ha
Worker 14: Step 613 accepted, E=-10.835710 Ha
Worker 17: Step 604 accepted, E=-10.834496 Ha
Worker 16: Step 607 accepted, E=-10.834778 Ha
Worker 10: Step 632 accepted, E=-10.835060 Ha
Worker 3: Step 671 accepted, E=-10.835025 Ha
Worker 19: Step 471 accepted, E=-10.834968 Ha
Worker 11: Step 531 accepted, E=-10.834816 Ha
Worker 8: Step 531 accepted, E=-10.835246 Ha
Worker 5: Step 602 accepted, E=-10.834433 Ha
Worker 9: Step 647 accepted, E=-10.835307 Ha
Worker 13: Step 588 accepted, E=-10.834902 Ha
Worker 15: Step 556 accepted, E=-10.834679 Ha
Worker 12: Step 576 accepted, E=-10.834866 Ha
Worker 6: Step 623 accepted, E=-10.834929 Ha
Worker 7: Step 675 accepted, E=-10.834431 Ha
Worker 2: Step 717 accepted, E=-10.834452 Ha
Worker 1: Step 719 accepted, E=-10.834625 Ha
Worker 18: Step 564 accepted, E=-10.835949 Ha
Worker 8: No change from 'correlated_displacement', skipping.
Worker 4: Step 639 accepted, E=-10.835215 Ha
Worker 9: No change from 'roto_reflection', skipping.
Worker 0: Step 633 accepted, E=-10.834432 Ha
Worker 14: Step 614 accepted, E=-10.835735 Ha
Worker 3: Step 672 accepted, E=-10.835032 Ha
Worker 4: No change from 'small_principal_axis_rotation', skipping.
Worker 10: Step 633 accepted, E=-10.835130 Ha
Worker 19: Step 472 accepted, E=-10.834969 Ha
Worker 16: Step 608 accepted, E=-10.834776 Ha
Worker 11: Step 532 accepted, E=-10.834793 Ha
Worker 12: Step 577 accepted, E=-10.834870 Ha
Worker 13: Step 589 accepted, E=-10.834893 Ha
Worker 15: Step 557 accepted, E=-10.834785 Ha
Worker 6: Step 624 accepted, E=-10.835020 Ha
Worker 17: Step 605 accepted, E=-10.834493 Ha
Worker 2: Step 718 accepted, E=-10.834452 Ha
Worker 7: Step 676 accepted, E=-10.834431 Ha
Worker 1: Step 720, op=correlated_displacement, ΔE=0.0002 eV, accept=True
Worker 18: Step 565 accepted, E=-10.836075 Ha
Worker 5: Step 603 accepted, E=-10.834439 Ha
Worker 8: Step 533 accepted, E=-10.835242 Ha
Worker 1: Step 720 accepted, E=-10.834617 Ha
Worker 9: Step 649 accepted, E=-10.835240 Ha
Worker 3: Step 673 accepted, E=-10.835086 Ha
Worker 14: Step 615 accepted, E=-10.835745 Ha
Worker 10: Step 634 accepted, E=-10.835096 Ha
Worker 1: No change from 'small_principal_axis_rotation', skipping.
Worker 0: Step 634 accepted, E=-10.834432 Ha
Worker 4: Step 641 accepted, E=-10.835205 Ha
Worker 19: Step 473 accepted, E=-10.834945 Ha
Worker 11: Step 533 accepted, E=-10.834825 Ha
Worker 14: No change from 'principal_axis_rotation', skipping.
Worker 15: Step 558 accepted, E=-10.834733 Ha
Worker 13: Step 590 accepted, E=-10.834936 Ha
Worker 16: Step 609 accepted, E=-10.834823 Ha
Worker 12: Step 578 accepted, E=-10.834889 Ha
Worker 2: Step 719 accepted, E=-10.834452 Ha
Worker 7: Step 677 accepted, E=-10.834431 Ha
Worker 6: Step 625 accepted, E=-10.835079 Ha
Worker 1: No change from 'mirror', skipping.
Worker 18: Step 566 accepted, E=-10.836146 Ha
Worker 17: Step 606 accepted, E=-10.834484 Ha
Worker 0: Step 635 accepted, E=-10.834432 Ha
Worker 8: Step 534 accepted, E=-10.835238 Ha
Worker 9: Step 650 accepted, E=-10.835285 Ha
Worker 18: No change from 'small_principal_axis_rotation', skipping.
Worker 3: Step 674 accepted, E=-10.835142 Ha
Worker 10: Step 635 accepted, E=-10.835105 Ha
Worker 4: Step 642 accepted, E=-10.835225 Ha
Worker 5: Step 604 accepted, E=-10.834440 Ha
Worker 9: No change from 'small_principal_axis_rotation', skipping.
Worker 19: Step 474 accepted, E=-10.834764 Ha
Worker 11: Step 534 accepted, E=-10.834816 Ha
Worker 14: Step 617 accepted, E=-10.835763 Ha
Worker 13: Step 591 accepted, E=-10.834954 Ha
Worker 2: Step 720 accepted, E=-10.834488 Ha
Worker 12: Step 579 accepted, E=-10.834886 Ha
Worker 15: Step 559 accepted, E=-10.834683 Ha
Worker 16: Step 610 accepted, E=-10.834824 Ha
Worker 7: Step 678 accepted, E=-10.834431 Ha
Worker 6: Step 626 accepted, E=-10.835160 Ha
Worker 2: No change from 'random_so3', skipping.
Worker 1: Step 723 accepted, E=-10.834608 Ha
Worker 14: No change from 'roto_reflection', skipping.
Worker 0: Step 636 accepted, E=-10.834431 Ha
Worker 3: Step 675 accepted, E=-10.835142 Ha
Worker 18: Step 568 accepted, E=-10.836153 Ha
Worker 8: Step 535 accepted, E=-10.835231 Ha
Worker 10: Step 636 accepted, E=-10.835104 Ha
Worker 4: Step 643 accepted, E=-10.835231 Ha
Worker 9: Step 652 accepted, E=-10.835301 Ha
Worker 11: Step 535 accepted, E=-10.834856 Ha
Worker 17: Step 607 accepted, E=-10.834489 Ha
Worker 15: Step 560 accepted, E=-10.834684 Ha
Worker 2: No change from 'roto_reflection', skipping.
Worker 12: Step 580 accepted, E=-10.834893 Ha
Worker 19: Step 475 accepted, E=-10.834790 Ha
Worker 11: No change from 'principal_axis_rotation', skipping.
Worker 7: Step 679 accepted, E=-10.834430 Ha
Worker 5: Step 605 accepted, E=-10.834441 Ha
Worker 6: Step 627 accepted, E=-10.835111 Ha
Worker 16: Step 611 accepted, E=-10.834821 Ha
Worker 3: Step 676 accepted, E=-10.835075 Ha
Worker 14: Step 619 accepted, E=-10.835774 Ha
Worker 0: Step 637 accepted, E=-10.834426 Ha
Worker 1: Step 724 accepted, E=-10.834617 Ha
Worker 18: Step 569 accepted, E=-10.836152 Ha
Worker 10: Step 637 accepted, E=-10.835101 Ha
Worker 8: Step 536 accepted, E=-10.835228 Ha
Worker 4: Step 644 accepted, E=-10.835236 Ha
Worker 2: Step 723 accepted, E=-10.834488 Ha
Worker 9: Step 653 accepted, E=-10.835296 Ha
Worker 13: Step 593 accepted, E=-10.834954 Ha
Worker 1: No change from 'exchange', skipping.
Worker 15: Step 561 accepted, E=-10.834663 Ha
Worker 12: Step 581 accepted, E=-10.834893 Ha
Worker 11: Step 537 accepted, E=-10.834870 Ha
Worker 19: Step 476 accepted, E=-10.834973 Ha
Worker 7: Step 680, op=random_rotation, ΔE=0.0000 eV, accept=True
Worker 13: No change from 'small_principal_axis_rotation', skipping.
Worker 8: No change from 'large_displacement', skipping.
Worker 7: Step 680 accepted, E=-10.834430 Ha
Worker 6: Step 628 accepted, E=-10.835097 Ha
Worker 4: No change from 'roto_reflection', skipping.
Worker 14: Step 620, op=random_displacement, ΔE=0.0050 eV, accept=True
Worker 16: Step 612 accepted, E=-10.834820 Ha
Worker 3: Step 677 accepted, E=-10.835070 Ha
Worker 0: Step 638 accepted, E=-10.834425 Ha
Worker 14: Step 620 accepted, E=-10.835590 Ha
Worker 18: Step 570, op=random_rotation, ΔE=0.0001 eV, accept=True
Worker 17: Step 608 accepted, E=-10.834401 Ha
Worker 2: Step 724 accepted, E=-10.834488 Ha
Worker 18: Step 570 accepted, E=-10.836150 Ha
Worker 10: Step 638 accepted, E=-10.835104 Ha
Worker 5: Step 606 accepted, E=-10.834451 Ha
Worker 1: Step 726 accepted, E=-10.834619 Ha
Worker 9: Step 654 accepted, E=-10.835290 Ha
Worker 12: Step 582 accepted, E=-10.834884 Ha
Worker 15: Step 562 accepted, E=-10.834646 Ha
Worker 11: Step 538 accepted, E=-10.834835 Ha
Worker 7: Step 681 accepted, E=-10.834430 Ha
Worker 13: Step 595 accepted, E=-10.834945 Ha
Worker 11: No change from 'small_principal_axis_rotation', skipping.
Worker 8: Step 538 accepted, E=-10.835232 Ha
Worker 4: Step 646 accepted, E=-10.835260 Ha
Worker 12: No change from 'large_displacement', skipping.
Worker 6: Step 629 accepted, E=-10.834999 Ha
Worker 14: Step 621 accepted, E=-10.835579 Ha
Worker 3: Step 678 accepted, E=-10.835064 Ha
Worker 16: Step 613 accepted, E=-10.834836 Ha
Worker 0: Step 639 accepted, E=-10.834424 Ha
Worker 2: Step 725 accepted, E=-10.834488 Ha
Worker 10: Step 639 accepted, E=-10.835087 Ha
Worker 18: Step 571 accepted, E=-10.836109 Ha
Worker 9: Step 655 accepted, E=-10.835208 Ha
Worker 1: Step 727 accepted, E=-10.834636 Ha
Worker 15: Step 563 accepted, E=-10.834640 Ha
Worker 6: No change from 'roto_reflection', skipping.
Worker 11: Step 540, op=random_displacement, ΔE=0.0001 eV, accept=True
Worker 7: Step 682 accepted, E=-10.834430 Ha
Worker 17: Step 609 accepted, E=-10.834403 Ha
Worker 19: Step 478 accepted, E=-10.834876 Ha
Worker 11: Step 540 accepted, E=-10.834829 Ha
Worker 13: Step 596 accepted, E=-10.834946 Ha
Worker 5: Step 607 accepted, E=-10.834451 Ha
Worker 8: Step 539 accepted, E=-10.835232 Ha
Worker 0: Step 640, op=random_displacement, ΔE=0.0000 eV, accept=True
Worker 0: Step 640 accepted, E=-10.834422 Ha
Worker 4: Step 647 accepted, E=-10.835241 Ha
Worker 12: Step 584 accepted, E=-10.834863 Ha
Worker 7: No change from 'random_so3', skipping.
Worker 2: Step 726 accepted, E=-10.834462 Ha
Worker 14: Step 622 accepted, E=-10.835546 Ha
Worker 10: Step 640, op=local_twist, ΔE=0.0000 eV, accept=True
Worker 10: Step 640 accepted, E=-10.835086 Ha
Worker 16: Step 614 accepted, E=-10.834871 Ha
Worker 18: Step 572 accepted, E=-10.836094 Ha
Worker 13: No change from 'roto_reflection', skipping.
Worker 9: Step 656 accepted, E=-10.835083 Ha
Worker 1: Step 728 accepted, E=-10.834643 Ha
Worker 15: Step 564 accepted, E=-10.834651 Ha
Worker 6: Step 631 accepted, E=-10.834733 Ha
Worker 11: Step 541 accepted, E=-10.834830 Ha
Worker 19: Step 479 accepted, E=-10.834890 Ha
Worker 0: Step 641 accepted, E=-10.834423 Ha
Worker 7: Step 684 accepted, E=-10.834430 Ha
Worker 2: Step 727 accepted, E=-10.834463 Ha
Worker 8: Step 540, op=correlated_displacement, ΔE=0.0183 eV, accept=True
Worker 3: Step 680 accepted, E=-10.835069 Ha
Worker 4: Step 648 accepted, E=-10.835232 Ha
Worker 8: Step 540 accepted, E=-10.834559 Ha
Worker 12: Step 585 accepted, E=-10.834855 Ha
Worker 14: Step 623 accepted, E=-10.836172 Ha
Worker 17: Step 610 accepted, E=-10.834403 Ha
Worker 10: Step 641 accepted, E=-10.835069 Ha
Worker 5: Step 608 accepted, E=-10.834450 Ha
Worker 13: Step 598 accepted, E=-10.834920 Ha
Worker 18: Step 573 accepted, E=-10.836128 Ha
Worker 16: Step 615 accepted, E=-10.834958 Ha
Worker 14: No change from 'principal_axis_rotation', skipping.
Worker 2: No change from 'random_so3', skipping.
Worker 9: Step 657 accepted, E=-10.835092 Ha
Worker 1: Step 729 accepted, E=-10.834653 Ha
Worker 15: Step 565 accepted, E=-10.834683 Ha
Worker 11: Step 542 accepted, E=-10.834872 Ha
Worker 6: Step 632 accepted, E=-10.834720 Ha
Worker 0: Step 642 accepted, E=-10.834422 Ha
Worker 7: Step 685 accepted, E=-10.834430 Ha
Worker 3: Step 681 accepted, E=-10.835067 Ha
Worker 19: Step 480 accepted, E=-10.834901 Ha
Worker 4: Step 649 accepted, E=-10.835225 Ha
Worker 12: Step 586 accepted, E=-10.834867 Ha
Worker 8: Step 541 accepted, E=-10.834541 Ha
Worker 10: Step 642 accepted, E=-10.835076 Ha
Worker 2: Step 729 accepted, E=-10.834462 Ha
Worker 18: Step 574 accepted, E=-10.836104 Ha
Worker 14: Step 625 accepted, E=-10.836183 Ha
Worker 9: Step 658 accepted, E=-10.835050 Ha
Worker 13: Step 599 accepted, E=-10.834477 Ha
Worker 15: Step 566 accepted, E=-10.834698 Ha
Worker 12: No change from 'twist', skipping.
Worker 16: Step 616 accepted, E=-10.834959 Ha
Worker 1: Step 730, op=small_principal_axis_rotation, ΔE=0.0003 eV, accept=True
Worker 11: Step 543 accepted, E=-10.834866 Ha
Worker 1: Step 730 accepted, E=-10.834641 Ha
Worker 17: Step 611 accepted, E=-10.834404 Ha
Worker 13: No change from 'principal_axis_rotation', skipping.
Worker 5: Step 609 accepted, E=-10.834451 Ha
Worker 6: Step 633 accepted, E=-10.834757 Ha
Worker 3: Step 682 accepted, E=-10.835038 Ha
Worker 7: Step 686 accepted, E=-10.834431 Ha
Worker 0: Step 643 accepted, E=-10.834421 Ha
Worker 19: Step 481 accepted, E=-10.833591 Ha
Worker 11: No change from 'large_displacement', skipping.
Worker 10: Step 643 accepted, E=-10.835063 Ha
Worker 8: Step 542 accepted, E=-10.834550 Ha
Worker 2: Step 730, op=local_twist, ΔE=0.0000 eV, accept=True
Worker 2: Step 730 accepted, E=-10.834462 Ha
Worker 18: Step 575 accepted, E=-10.836128 Ha
Worker 9: Step 659 accepted, E=-10.835053 Ha
Worker 12: Step 588 accepted, E=-10.834880 Ha
Worker 19: No change from 'large_displacement', skipping.
Worker 15: Step 567 accepted, E=-10.834686 Ha
Worker 13: Step 601 accepted, E=-10.834489 Ha
Worker 7: Step 687 accepted, E=-10.834432 Ha
Worker 4: Step 650 accepted, E=-10.835265 Ha
Worker 6: Step 634 accepted, E=-10.834478 Ha
Worker 3: Step 683 accepted, E=-10.835023 Ha
Worker 1: Step 731 accepted, E=-10.834648 Ha
Worker 14: Step 626 accepted, E=-10.836178 Ha
Worker 15: No change from 'mirror', skipping.
Worker 2: Step 731 accepted, E=-10.834462 Ha
Worker 11: Step 545 accepted, E=-10.834851 Ha
Worker 0: Step 644 accepted, E=-10.834412 Ha
Worker 10: Step 644 accepted, E=-10.835002 Ha
Worker 16: Step 617 accepted, E=-10.835018 Ha
Worker 8: Step 543 accepted, E=-10.834615 Ha
Worker 5: Step 610 accepted, E=-10.834454 Ha
Worker 17: Step 612 accepted, E=-10.834399 Ha
Worker 9: Step 660, op=correlated_displacement, ΔE=0.0001 eV, accept=True
Worker 18: Step 576 accepted, E=-10.836123 Ha
Worker 9: Step 660 accepted, E=-10.835049 Ha
Worker 12: Step 589 accepted, E=-10.834880 Ha
Worker 19: Step 483 accepted, E=-10.833398 Ha
Worker 7: Step 688 accepted, E=-10.834432 Ha
Worker 13: Step 602 accepted, E=-10.834476 Ha
Worker 6: Step 635 accepted, E=-10.834512 Ha
Worker 1: Step 732 accepted, E=-10.834650 Ha
Worker 3: Step 684 accepted, E=-10.835014 Ha
Worker 8: No change from 'roto_reflection', skipping.
Worker 15: Step 569 accepted, E=-10.834662 Ha
Worker 2: Step 732 accepted, E=-10.834463 Ha
Worker 14: Step 627 accepted, E=-10.836203 Ha
Worker 11: Step 546 accepted, E=-10.834850 Ha
Worker 10: Step 645 accepted, E=-10.835001 Ha
Worker 0: Step 645 accepted, E=-10.834412 Ha
Worker 4: Step 651 accepted, E=-10.835264 Ha
Worker 9: Step 661 accepted, E=-10.835093 Ha
Worker 12: Step 590 accepted, E=-10.834889 Ha
Worker 7: Step 689 accepted, E=-10.834432 Ha
Worker 2: No change from 'mirror', skipping.
Worker 19: Step 484 accepted, E=-10.833356 Ha
Worker 12: No change from 'small_principal_axis_rotation', skipping.
Worker 13: Step 603 accepted, E=-10.834466 Ha
Worker 16: Step 618 accepted, E=-10.835011 Ha
Worker 5: Step 611 accepted, E=-10.834453 Ha
Worker 17: Step 613 accepted, E=-10.834410 Ha
Worker 3: Step 685 accepted, E=-10.835132 Ha
Worker 1: Step 733 accepted, E=-10.834646 Ha
Worker 2: No change from 'small_principal_axis_rotation', skipping.
Worker 6: Step 636 accepted, E=-10.834570 Ha
Worker 8: Step 545 accepted, E=-10.834809 Ha
Worker 15: Step 570, op=random_displacement, ΔE=0.0002 eV, accept=True
Worker 13: No change from 'small_principal_axis_rotation', skipping.
Worker 15: Step 570 accepted, E=-10.834657 Ha
Worker 11: Step 547 accepted, E=-10.834837 Ha
Worker 14: Step 628 accepted, E=-10.836205 Ha
Worker 10: Step 646 accepted, E=-10.834967 Ha
Worker 0: Step 646 accepted, E=-10.834412 Ha
Worker 11: No change from 'small_principal_axis_rotation', skipping.
Worker 9: Step 662 accepted, E=-10.835081 Ha
Worker 7: Step 690, op=random_rotation, ΔE=0.0000 eV, accept=True
Worker 7: Step 690 accepted, E=-10.834432 Ha
Worker 18: Step 578 accepted, E=-10.836135 Ha
Worker 19: Step 485 accepted, E=-10.832386 Ha
Worker 12: Step 592 accepted, E=-10.834877 Ha
Worker 2: Step 735 accepted, E=-10.834463 Ha
Worker 1: Step 734 accepted, E=-10.834662 Ha
Worker 3: Step 686 accepted, E=-10.835206 Ha
Worker 4: Step 652 accepted, E=-10.835240 Ha
Worker 15: Step 571 accepted, E=-10.834668 Ha
Worker 8: Step 546 accepted, E=-10.833516 Ha
Worker 14: Step 629 accepted, E=-10.836173 Ha
Worker 6: Step 637 accepted, E=-10.834577 Ha
Worker 10: Step 647 accepted, E=-10.834766 Ha
Worker 16: Step 619 accepted, E=-10.835006 Ha
Worker 11: Step 549 accepted, E=-10.834871 Ha
Worker 5: Step 612 accepted, E=-10.834453 Ha
Worker 0: Step 647 accepted, E=-10.834413 Ha
Worker 9: Step 663 accepted, E=-10.835082 Ha
Worker 17: Step 614 accepted, E=-10.834419 Ha
Worker 7: Step 691 accepted, E=-10.834432 Ha
Worker 18: Step 579 accepted, E=-10.836135 Ha
Worker 12: Step 593 accepted, E=-10.834882 Ha
Worker 2: Step 736 accepted, E=-10.834462 Ha
Worker 19: Step 486 accepted, E=-10.832440 Ha
Worker 1: Step 735 accepted, E=-10.834659 Ha
Worker 4: No change from 'mirror', skipping.
Worker 3: Step 687 accepted, E=-10.835224 Ha
Worker 13: Step 606 accepted, E=-10.834452 Ha
Worker 14: Step 630, op=large_displacement, ΔE=0.0248 eV, accept=False
Worker 15: Step 572 accepted, E=-10.834610 Ha
Worker 6: Step 638 accepted, E=-10.834714 Ha
Worker 2: No change from 'random_so3', skipping.
Worker 10: Step 648 accepted, E=-10.835105 Ha
Worker 7: Step 692 accepted, E=-10.834432 Ha
Worker 11: Step 550 accepted, E=-10.834883 Ha
Worker 6: No change from 'small_principal_axis_rotation', skipping.
Worker 9: Step 664 accepted, E=-10.835070 Ha
Worker 0: Step 648 accepted, E=-10.834413 Ha
Worker 16: Step 620 accepted, E=-10.835027 Ha
Worker 12: Step 594 accepted, E=-10.834897 Ha
Worker 5: Step 613 accepted, E=-10.834455 Ha
Worker 18: Step 580 accepted, E=-10.836135 Ha
Worker 2: No change from 'roto_reflection', skipping.
Worker 1: Step 736 accepted, E=-10.834656 Ha
Worker 3: Step 688 accepted, E=-10.835234 Ha
Worker 13: Step 607 accepted, E=-10.834453 Ha
Worker 17: Step 615 accepted, E=-10.834420 Ha
Worker 15: Step 573 accepted, E=-10.834611 Ha
Worker 19: Step 487 accepted, E=-10.832440 Ha
Worker 7: Step 693 accepted, E=-10.834433 Ha
Worker 14: Step 631 accepted, E=-10.835910 Ha
Worker 8: Step 548 accepted, E=-10.833553 Ha
Worker 10: Step 649 accepted, E=-10.835096 Ha
Worker 6: Step 640 accepted, E=-10.835025 Ha
Worker 11: Step 551 accepted, E=-10.834875 Ha
Worker 4: Step 654 accepted, E=-10.835216 Ha
Worker 9: Step 665 accepted, E=-10.835063 Ha
Worker 2: Step 739 accepted, E=-10.834462 Ha
Worker 0: Step 649 accepted, E=-10.834416 Ha
Worker 12: Step 595 accepted, E=-10.834902 Ha
Worker 18: Step 581 accepted, E=-10.836123 Ha
Worker 3: Step 689 accepted, E=-10.835237 Ha
Worker 13: Step 608 accepted, E=-10.834480 Ha
Worker 15: Step 574 accepted, E=-10.834633 Ha
Worker 14: Step 632 accepted, E=-10.835920 Ha
Worker 7: Step 694 accepted, E=-10.834431 Ha
Worker 19: Step 488 accepted, E=-10.833506 Ha
Worker 1: Step 737 accepted, E=-10.834393 Ha
Worker 16: Step 621 accepted, E=-10.835029 Ha
Worker 4: No change from 'twist', skipping.
Worker 10: Step 650 accepted, E=-10.835097 Ha
Worker 8: Step 549 accepted, E=-10.833474 Ha
Worker 9: Step 666 accepted, E=-10.835090 Ha
Worker 2: Step 740, op=correlated_displacement, ΔE=0.0000 eV, accept=True
Worker 11: Step 552 accepted, E=-10.834860 Ha
Worker 6: Step 641 accepted, E=-10.834979 Ha
Worker 2: Step 740 accepted, E=-10.834462 Ha
Worker 17: Step 616 accepted, E=-10.834412 Ha
Worker 12: Step 596 accepted, E=-10.834890 Ha
Worker 3: Step 690 accepted, E=-10.835257 Ha
Worker 18: Step 582 accepted, E=-10.836141 Ha
Worker 0: Step 650, op=local_twist, ΔE=0.0001 eV, accept=True
Worker 0: Step 650 accepted, E=-10.834414 Ha
Worker 13: Step 609 accepted, E=-10.834451 Ha
Worker 5: Step 614 accepted, E=-10.834457 Ha
Worker 15: Step 575 accepted, E=-10.834665 Ha
Worker 7: Step 695 accepted, E=-10.834431 Ha
Worker 14: Step 633 accepted, E=-10.835930 Ha
Worker 1: Step 738 accepted, E=-10.834399 Ha
Worker 10: Step 651 accepted, E=-10.835126 Ha
Worker 19: Step 489 accepted, E=-10.832917 Ha
Worker 9: Step 667 accepted, E=-10.835133 Ha
Worker 8: Step 550, op=random_rotation, ΔE=0.0018 eV, accept=True
Worker 2: Step 741 accepted, E=-10.834462 Ha
Worker 8: Step 550 accepted, E=-10.833407 Ha
Worker 11: Step 553 accepted, E=-10.834844 Ha
Worker 6: Step 642 accepted, E=-10.835019 Ha
Worker 12: Step 597 accepted, E=-10.834889 Ha
Worker 3: Step 691 accepted, E=-10.835264 Ha
Worker 16: Step 622 accepted, E=-10.835029 Ha
Worker 18: Step 583 accepted, E=-10.836118 Ha
Worker 4: Step 656 accepted, E=-10.835224 Ha
Worker 13: Step 610, op=random_displacement, ΔE=0.0045 eV, accept=False
Worker 0: Step 651 accepted, E=-10.834413 Ha
Worker 7: Step 696 accepted, E=-10.834432 Ha
Worker 14: Step 634 accepted, E=-10.835913 Ha
Worker 15: Step 576 accepted, E=-10.834681 Ha
Worker 10: Step 652 accepted, E=-10.835125 Ha
Worker 17: Step 617 accepted, E=-10.834407 Ha
Worker 2: Step 742 accepted, E=-10.834461 Ha
Worker 1: Step 739 accepted, E=-10.834390 Ha
Worker 19: Step 490 accepted, E=-10.832942 Ha
Worker 9: Step 668 accepted, E=-10.835136 Ha
Worker 11: Step 554 accepted, E=-10.834823 Ha
Worker 5: Step 615 accepted, E=-10.834458 Ha
Worker 1: No change from 'small_principal_axis_rotation', skipping.
Worker 8: Step 551 accepted, E=-10.833286 Ha
Worker 6: Step 643 accepted, E=-10.834849 Ha
Worker 12: Step 598 accepted, E=-10.834880 Ha
Worker 3: Step 692 accepted, E=-10.835351 Ha
Worker 18: Step 584 accepted, E=-10.836118 Ha
Worker 13: Step 611 accepted, E=-10.834443 Ha
Worker 7: Step 697 accepted, E=-10.834432 Ha
Worker 2: Step 743 accepted, E=-10.834461 Ha
Worker 14: Step 635 accepted, E=-10.835913 Ha
Worker 15: Step 577 accepted, E=-10.834657 Ha
Worker 0: Step 652 accepted, E=-10.834413 Ha
Worker 10: Step 653 accepted, E=-10.835112 Ha
Worker 9: Step 669 accepted, E=-10.835136 Ha
Worker 11: Step 555 accepted, E=-10.834829 Ha
Worker 16: Step 623 accepted, E=-10.835010 Ha
Worker 1: Step 741 accepted, E=-10.834393 Ha
Worker 4: Step 657 accepted, E=-10.835216 Ha
Worker 6: Step 644 accepted, E=-10.834862 Ha
Worker 17: Step 618 accepted, E=-10.834396 Ha
Worker 8: Step 552 accepted, E=-10.833276 Ha
Worker 12: Step 599 accepted, E=-10.834878 Ha
Worker 3: Step 693 accepted, E=-10.835320 Ha
Worker 7: Step 698 accepted, E=-10.834432 Ha
Worker 13: Step 612 accepted, E=-10.834585 Ha
Worker 2: Step 744 accepted, E=-10.834462 Ha
Worker 18: Step 585 accepted, E=-10.836093 Ha
Worker 5: Step 616 accepted, E=-10.834459 Ha
Worker 10: Step 654 accepted, E=-10.835106 Ha
Worker 1: No change from 'roto_reflection', skipping.
Worker 15: Step 578 accepted, E=-10.834666 Ha
Worker 0: Step 653 accepted, E=-10.834413 Ha
Worker 9: Step 670 accepted, E=-10.835179 Ha
Worker 19: Step 492 accepted, E=-10.832845 Ha
Worker 11: Step 556 accepted, E=-10.834830 Ha
Worker 6: Step 645 accepted, E=-10.834980 Ha
Worker 12: Step 600, op=large_displacement, ΔE=0.0061 eV, accept=True
Worker 12: Step 600 accepted, E=-10.834655 Ha
Worker 3: Step 694 accepted, E=-10.835308 Ha
Worker 2: Step 745 accepted, E=-10.834462 Ha
Worker 7: Step 699 accepted, E=-10.834433 Ha
Worker 18: Step 586 accepted, E=-10.836094 Ha
Worker 13: Step 613 accepted, E=-10.834576 Ha
Worker 14: Step 637 accepted, E=-10.836019 Ha
Worker 17: Step 619 accepted, E=-10.834395 Ha
Worker 10: Step 655 accepted, E=-10.835048 Ha
Worker 15: Step 579 accepted, E=-10.834670 Ha
Worker 4: Step 658 accepted, E=-10.835209 Ha
Worker 16: Step 624 accepted, E=-10.835023 Ha
Worker 1: Step 743 accepted, E=-10.834380 Ha
Worker 9: Step 671 accepted, E=-10.835172 Ha
Worker 5: Step 617 accepted, E=-10.834459 Ha
Worker 0: Step 654 accepted, E=-10.834412 Ha
Worker 19: Step 493 accepted, E=-10.832012 Ha
Worker 11: Step 557 accepted, E=-10.834832 Ha
Worker 12: Step 601 accepted, E=-10.834653 Ha
Worker 7: Step 700, op=com_com_approach, ΔE=0.0000 eV, accept=True
Worker 2: Step 746 accepted, E=-10.834461 Ha
Worker 3: Step 695 accepted, E=-10.835316 Ha
Worker 7: Step 700 accepted, E=-10.834432 Ha
Worker 18: Step 587 accepted, E=-10.836094 Ha
Worker 14: Step 638 accepted, E=-10.836040 Ha
Worker 10: Step 656 accepted, E=-10.835121 Ha
Worker 15: Step 580, op=local_twist, ΔE=0.0002 eV, accept=True
Worker 1: Step 744 accepted, E=-10.834372 Ha
Worker 15: Step 580 accepted, E=-10.834662 Ha
Worker 9: Step 672 accepted, E=-10.835164 Ha
Worker 3: No change from 'mirror', skipping.
Worker 17: Step 620, op=random_displacement, ΔE=0.0004 eV, accept=True
Worker 19: Step 494 accepted, E=-10.833850 Ha
Worker 11: Step 558 accepted, E=-10.835435 Ha
Worker 0: Step 655 accepted, E=-10.834411 Ha
Worker 2: Step 747 accepted, E=-10.834460 Ha
Worker 6: Step 647 accepted, E=-10.835016 Ha
Worker 17: Step 620 accepted, E=-10.834381 Ha
Worker 12: Step 602 accepted, E=-10.834664 Ha
Worker 7: Step 701 accepted, E=-10.834432 Ha
Worker 5: Step 618 accepted, E=-10.834460 Ha
Worker 4: Step 659 accepted, E=-10.835203 Ha
Worker 16: Step 625 accepted, E=-10.835002 Ha
Worker 8: Step 555 accepted, E=-10.835401 Ha
Worker 18: Step 588 accepted, E=-10.836068 Ha
Worker 10: Step 657 accepted, E=-10.835122 Ha
Worker 14: Step 639 accepted, E=-10.836026 Ha
Worker 13: Step 615 accepted, E=-10.834576 Ha
Worker 15: Step 581 accepted, E=-10.834653 Ha
Worker 9: Step 673 accepted, E=-10.835179 Ha
Worker 3: Step 697 accepted, E=-10.835320 Ha
Worker 1: Step 745 accepted, E=-10.834354 Ha
Worker 2: Step 748 accepted, E=-10.834460 Ha
Worker 11: Step 559 accepted, E=-10.835433 Ha
Worker 12: Step 603 accepted, E=-10.834678 Ha
Worker 6: Step 648 accepted, E=-10.835033 Ha
Worker 13: No change from 'large_displacement', skipping.
Worker 7: Step 702 accepted, E=-10.834432 Ha
Worker 0: Step 656 accepted, E=-10.834411 Ha
Worker 8: Step 556 accepted, E=-10.835475 Ha
Worker 10: Step 658 accepted, E=-10.835103 Ha
Worker 18: Step 589 accepted, E=-10.836066 Ha
Worker 14: Step 640, op=local_twist, ΔE=0.0001 eV, accept=True
Worker 17: Step 621 accepted, E=-10.834379 Ha
Worker 14: Step 640 accepted, E=-10.836023 Ha
Worker 5: Step 619 accepted, E=-10.834460 Ha
Worker 7: No change from 'roto_reflection', skipping.
Worker 15: Step 582 accepted, E=-10.834656 Ha
Worker 9: Step 674 accepted, E=-10.835195 Ha
Worker 3: Step 698 accepted, E=-10.835529 Ha
Worker 2: Step 749 accepted, E=-10.834460 Ha
Worker 4: Step 660 accepted, E=-10.835261 Ha
Worker 1: Step 746 accepted, E=-10.834342 Ha
Worker 16: Step 626 accepted, E=-10.835008 Ha
Worker 2: No change from 'small_principal_axis_rotation', skipping.
Worker 11: Step 560 accepted, E=-10.835524 Ha
Worker 13: Step 617 accepted, E=-10.834658 Ha
Worker 19: Step 496 accepted, E=-10.833800 Ha
Worker 6: Step 649 accepted, E=-10.835061 Ha
Worker 12: Step 604 accepted, E=-10.834678 Ha
Worker 2: Done. Accepted=689, Rejected=61, Rate=91.9%
Worker 11: No change from 'small_principal_axis_rotation', skipping.
Worker 0: Step 657 accepted, E=-10.834397 Ha
Worker 10: Step 659 accepted, E=-10.835079 Ha
Worker 18: Step 590 accepted, E=-10.836067 Ha
Worker 8: Step 557 accepted, E=-10.834967 Ha
Worker 7: Step 704 accepted, E=-10.834432 Ha
Worker 14: Step 641 accepted, E=-10.835992 Ha
Worker 9: Step 675 accepted, E=-10.835201 Ha
Worker 15: Step 583 accepted, E=-10.834736 Ha
Worker 3: Step 699 accepted, E=-10.835506 Ha
Worker 1: Step 747 accepted, E=-10.834331 Ha
Worker 17: Step 622 accepted, E=-10.834380 Ha
Worker 12: Step 605 accepted, E=-10.834665 Ha
Worker 13: Step 618 accepted, E=-10.834644 Ha
Worker 8: No change from 'random_displacement', skipping.
Worker 6: Step 650, op=principal_axis_rotation, ΔE=0.0125 eV, accept=True
Worker 5: Step 620 accepted, E=-10.834462 Ha
Worker 6: Step 650 accepted, E=-10.834601 Ha
Worker 11: Step 562 accepted, E=-10.835505 Ha
Worker 10: Step 660, op=random_rotation, ΔE=0.0001 eV, accept=True
Worker 7: Step 705 accepted, E=-10.834432 Ha
Worker 10: Step 660 accepted, E=-10.835076 Ha
Worker 0: Step 658 accepted, E=-10.834398 Ha
Worker 16: Step 627 accepted, E=-10.834992 Ha
Worker 4: Step 661 accepted, E=-10.835268 Ha
Worker 5: No change from 'small_principal_axis_rotation', skipping.
Worker 8: No change from 'random_displacement', skipping.
Worker 14: Step 642 accepted, E=-10.836009 Ha
Worker 9: Step 676 accepted, E=-10.835254 Ha
Worker 15: Step 584 accepted, E=-10.834737 Ha
Worker 3: Step 700, op=large_displacement, ΔE=0.0244 eV, accept=False
Worker 12: Step 606 accepted, E=-10.834659 Ha
Worker 13: Step 619 accepted, E=-10.834621 Ha
Worker 1: Step 748 accepted, E=-10.834329 Ha
Worker 19: Step 498 accepted, E=-10.833762 Ha
Worker 6: Step 651 accepted, E=-10.834831 Ha
Worker 11: Step 563 accepted, E=-10.835357 Ha
Worker 7: Step 706 accepted, E=-10.834431 Ha
Worker 4: No change from 'large_displacement', skipping.
Worker 10: Step 661 accepted, E=-10.835075 Ha
Worker 0: Step 659 accepted, E=-10.834400 Ha
Worker 11: No change from 'small_principal_axis_rotation', skipping.
Worker 8: Step 560, op=random_rotation, ΔE=0.0000 eV, accept=True
Worker 18: Step 592 accepted, E=-10.836063 Ha
Worker 9: Step 677 accepted, E=-10.835231 Ha
Worker 17: Step 623 accepted, E=-10.834377 Ha
Worker 8: Step 560 accepted, E=-10.834966 Ha
Worker 15: Step 585 accepted, E=-10.834733 Ha
Worker 14: Step 643 accepted, E=-10.835971 Ha
Worker 3: Step 701 accepted, E=-10.835525 Ha
Worker 12: Step 607 accepted, E=-10.834659 Ha
Worker 13: Step 620 accepted, E=-10.834624 Ha
Worker 5: Step 622 accepted, E=-10.834458 Ha
Worker 1: Step 749 accepted, E=-10.834341 Ha
Worker 19: Step 499 accepted, E=-10.834969 Ha
Worker 0: No change from 'roto_reflection', skipping.
Worker 16: Step 628 accepted, E=-10.834972 Ha
Worker 8: No change from 'correlated_displacement', skipping.
Worker 7: Step 707 accepted, E=-10.834430 Ha
Worker 6: Step 652 accepted, E=-10.834958 Ha
Worker 10: Step 662 accepted, E=-10.835079 Ha
Worker 11: Step 565 accepted, E=-10.835356 Ha
Worker 9: Step 678 accepted, E=-10.835178 Ha
Worker 18: Step 593 accepted, E=-10.836062 Ha
Worker 15: Step 586 accepted, E=-10.834743 Ha
Worker 14: Step 644 accepted, E=-10.835964 Ha
Worker 12: Step 608 accepted, E=-10.834644 Ha
Worker 3: Step 702 accepted, E=-10.835431 Ha
Worker 18: No change from 'principal_axis_rotation', skipping.
Worker 4: Step 663 accepted, E=-10.835340 Ha
Worker 13: Step 621 accepted, E=-10.834672 Ha
Worker 1: Step 750, op=random_rotation, ΔE=0.0001 eV, accept=True
Worker 14: No change from 'small_principal_axis_rotation', skipping.
Worker 17: Step 624 accepted, E=-10.834767 Ha
Worker 1: Step 750 accepted, E=-10.834339 Ha
Worker 19: Step 500 accepted, E=-10.835024 Ha
Worker 7: Step 708 accepted, E=-10.834430 Ha
Worker 1: Done. Accepted=639, Rejected=111, Rate=85.2%
Worker 0: Step 661 accepted, E=-10.834403 Ha
Worker 6: Step 653 accepted, E=-10.834931 Ha
Worker 10: Step 663 accepted, E=-10.835069 Ha
Worker 5: Step 623 accepted, E=-10.834460 Ha
Worker 11: Step 566 accepted, E=-10.835438 Ha
Worker 9: Step 679 accepted, E=-10.835183 Ha
Worker 16: Step 629 accepted, E=-10.835003 Ha
Worker 15: Step 587 accepted, E=-10.834711 Ha
Worker 12: Step 609 accepted, E=-10.834644 Ha
Worker 3: Step 703 accepted, E=-10.835478 Ha
Worker 18: Step 595 accepted, E=-10.836064 Ha
Worker 7: Step 709 accepted, E=-10.834430 Ha
Worker 13: Step 622 accepted, E=-10.834710 Ha
Worker 14: Step 646 accepted, E=-10.835930 Ha
Worker 19: Step 501 accepted, E=-10.835088 Ha
Worker 8: Step 563 accepted, E=-10.834955 Ha
Worker 6: Step 654 accepted, E=-10.835053 Ha
Worker 0: Step 662 accepted, E=-10.834405 Ha
Worker 10: Step 664 accepted, E=-10.835086 Ha
Worker 9: Step 680 accepted, E=-10.835515 Ha
Worker 11: Step 567 accepted, E=-10.835447 Ha
Worker 4: Step 664 accepted, E=-10.835348 Ha
Worker 17: Step 625 accepted, E=-10.834745 Ha
Worker 12: Step 610, op=random_rotation, ΔE=0.0003 eV, accept=True
Worker 15: Step 588 accepted, E=-10.834647 Ha
Worker 12: Step 610 accepted, E=-10.834632 Ha
Worker 7: Step 710, op=random_rotation, ΔE=0.0000 eV, accept=True
Worker 3: Step 704 accepted, E=-10.835480 Ha
Worker 7: Step 710 accepted, E=-10.834430 Ha
Worker 5: Step 624 accepted, E=-10.834460 Ha
Worker 18: Step 596 accepted, E=-10.836069 Ha
Worker 13: Step 623 accepted, E=-10.834692 Ha
Worker 14: Step 647 accepted, E=-10.835837 Ha
Worker 12: No change from 'small_principal_axis_rotation', skipping.
Worker 8: Step 564 accepted, E=-10.834432 Ha
Worker 6: Step 655 accepted, E=-10.835084 Ha
Worker 10: Step 665 accepted, E=-10.835063 Ha
Worker 19: Step 502 accepted, E=-10.835041 Ha
Worker 11: Step 568 accepted, E=-10.835423 Ha
Worker 9: Step 681 accepted, E=-10.835522 Ha
Worker 0: Step 663 accepted, E=-10.834384 Ha
Worker 15: Step 589 accepted, E=-10.834600 Ha
Worker 3: Step 705 accepted, E=-10.835638 Ha
Worker 7: Step 711 accepted, E=-10.834430 Ha
Worker 17: Step 626 accepted, E=-10.834746 Ha
Worker 12: Step 612 accepted, E=-10.834657 Ha
Worker 18: Step 597 accepted, E=-10.836074 Ha
Worker 13: Step 624 accepted, E=-10.834700 Ha
Worker 16: Step 630 accepted, E=-10.835030 Ha
Worker 14: Step 648 accepted, E=-10.835825 Ha
Worker 4: Step 665 accepted, E=-10.835339 Ha
Worker 5: Step 625 accepted, E=-10.834457 Ha
Worker 8: Step 565 accepted, E=-10.834315 Ha
Worker 10: Step 666 accepted, E=-10.835061 Ha
Worker 6: Step 656 accepted, E=-10.835066 Ha
Worker 11: Step 569 accepted, E=-10.835424 Ha
Worker 19: Step 503 accepted, E=-10.835041 Ha
Worker 9: Step 682 accepted, E=-10.835526 Ha
Worker 0: Step 664 accepted, E=-10.834385 Ha
Worker 15: Step 590 accepted, E=-10.834611 Ha
Worker 3: Step 706 accepted, E=-10.835629 Ha
Worker 7: Step 712 accepted, E=-10.834430 Ha
Worker 8: No change from 'random_displacement', skipping.
Worker 12: Step 613 accepted, E=-10.834653 Ha
Worker 19: No change from 'correlated_displacement', skipping.
Worker 18: Step 598 accepted, E=-10.836064 Ha
Worker 16: No change from 'roto_reflection', skipping.
Worker 13: Step 625 accepted, E=-10.834837 Ha
Worker 14: Step 649 accepted, E=-10.835803 Ha
Worker 8: No change from 'random_so3', skipping.
Worker 11: Step 570, op=local_twist, ΔE=0.0002 eV, accept=True
Worker 10: Step 667 accepted, E=-10.835060 Ha
Worker 6: Step 657 accepted, E=-10.835456 Ha
Worker 11: Step 570 accepted, E=-10.835417 Ha
Worker 17: Step 627 accepted, E=-10.834762 Ha
Worker 15: Step 591 accepted, E=-10.834603 Ha
Worker 7: Step 713 accepted, E=-10.834430 Ha
Worker 4: Step 666 accepted, E=-10.835264 Ha
Worker 0: Step 665 accepted, E=-10.834404 Ha
Worker 3: Step 707 accepted, E=-10.835585 Ha
Worker 5: Step 626 accepted, E=-10.834457 Ha
Worker 12: Step 614 accepted, E=-10.834667 Ha
Worker 19: Step 505 accepted, E=-10.835348 Ha
Worker 18: Step 599 accepted, E=-10.836063 Ha
Worker 13: Step 626 accepted, E=-10.834880 Ha
Worker 14: Step 650, op=local_twist, ΔE=0.0004 eV, accept=True
Worker 14: Step 650 accepted, E=-10.835789 Ha
Worker 9: Step 683 accepted, E=-10.835525 Ha
Worker 10: Step 668 accepted, E=-10.835100 Ha
Worker 6: Step 658 accepted, E=-10.835414 Ha
Worker 8: Step 568 accepted, E=-10.834294 Ha
Worker 11: Step 571 accepted, E=-10.835424 Ha
Worker 7: Step 714 accepted, E=-10.834430 Ha
Worker 16: Step 632 accepted, E=-10.835003 Ha
Worker 15: Step 592 accepted, E=-10.834586 Ha
Worker 3: Step 708 accepted, E=-10.835515 Ha
Worker 12: Step 615 accepted, E=-10.834682 Ha
Worker 19: Step 506 accepted, E=-10.835321 Ha
Worker 0: Step 666 accepted, E=-10.834403 Ha
Worker 18: Step 600 accepted, E=-10.836064 Ha
Worker 17: Step 628 accepted, E=-10.834755 Ha
Worker 13: Step 627 accepted, E=-10.834931 Ha
Worker 5: Step 627 accepted, E=-10.834457 Ha
Worker 4: Step 667 accepted, E=-10.835262 Ha
Worker 10: Step 669 accepted, E=-10.835126 Ha
Worker 14: Step 651 accepted, E=-10.835831 Ha
Worker 6: Step 659 accepted, E=-10.835393 Ha
Worker 7: Step 715 accepted, E=-10.834430 Ha
Worker 8: Step 569 accepted, E=-10.834266 Ha
Worker 11: Step 572 accepted, E=-10.835434 Ha
Worker 15: Step 593 accepted, E=-10.834547 Ha
Worker 3: Step 709 accepted, E=-10.835484 Ha
Worker 12: Step 616 accepted, E=-10.834687 Ha
Worker 7: No change from 'exchange', skipping.
Worker 19: Step 507 accepted, E=-10.835385 Ha
Worker 0: Step 667 accepted, E=-10.834403 Ha
Worker 6: No change from 'roto_reflection', skipping.
Worker 9: Step 684 accepted, E=-10.835526 Ha
Worker 18: Step 601 accepted, E=-10.835987 Ha
Worker 16: Step 633 accepted, E=-10.834998 Ha
Worker 13: Step 628 accepted, E=-10.834960 Ha
Worker 10: Step 670 accepted, E=-10.835131 Ha
Worker 14: Step 652 accepted, E=-10.835830 Ha
Worker 11: Step 573 accepted, E=-10.835351 Ha
Worker 17: Step 629 accepted, E=-10.834759 Ha
Worker 8: Step 570 accepted, E=-10.834388 Ha
Worker 15: Step 594 accepted, E=-10.834574 Ha
Worker 7: Step 717 accepted, E=-10.834430 Ha
Worker 3: Step 710 accepted, E=-10.835500 Ha
Worker 12: Step 617 accepted, E=-10.834685 Ha
Worker 4: Step 668 accepted, E=-10.835238 Ha
Worker 5: Step 628 accepted, E=-10.834458 Ha
Worker 19: Step 508 accepted, E=-10.835334 Ha
Worker 6: Step 661 accepted, E=-10.835318 Ha
Worker 18: Step 602 accepted, E=-10.835987 Ha
Worker 0: Step 668 accepted, E=-10.834403 Ha
Worker 6: No change from 'small_principal_axis_rotation', skipping.
Worker 10: Step 671 accepted, E=-10.835161 Ha
Worker 13: Step 629 accepted, E=-10.834916 Ha
Worker 14: Step 653 accepted, E=-10.835779 Ha
Worker 11: Step 574 accepted, E=-10.835367 Ha
Worker 9: Step 685 accepted, E=-10.835566 Ha
Worker 7: Step 718 accepted, E=-10.834432 Ha
Worker 8: Step 571 accepted, E=-10.834706 Ha
Worker 15: Step 595 accepted, E=-10.834576 Ha
Worker 16: Step 634 accepted, E=-10.834418 Ha
Worker 3: Step 711 accepted, E=-10.835462 Ha
Worker 12: Step 618 accepted, E=-10.834669 Ha
Worker 17: Step 630, op=large_displacement, ΔE=0.0033 eV, accept=True
Worker 19: Step 509 accepted, E=-10.835337 Ha
Worker 17: Step 630 accepted, E=-10.834636 Ha
Worker 18: Step 603 accepted, E=-10.835991 Ha
Worker 0: Step 669 accepted, E=-10.834405 Ha
Worker 10: Step 672 accepted, E=-10.835144 Ha
Worker 6: Step 663 accepted, E=-10.835320 Ha
Worker 4: Step 669 accepted, E=-10.835235 Ha
Worker 13: Step 630 accepted, E=-10.834929 Ha
Worker 5: Step 629 accepted, E=-10.834463 Ha
Worker 14: Step 654 accepted, E=-10.835731 Ha
Worker 11: Step 575 accepted, E=-10.835382 Ha
Worker 7: Step 719 accepted, E=-10.834430 Ha
Worker 15: Step 596 accepted, E=-10.834611 Ha
Worker 10: No change from 'mirror', skipping.
Worker 3: Step 712 accepted, E=-10.835479 Ha
Worker 12: Step 619 accepted, E=-10.834655 Ha
Worker 4: No change from 'large_displacement', skipping.
Worker 0: Step 670, op=random_displacement, ΔE=0.0000 eV, accept=True
Worker 9: Step 686 accepted, E=-10.835567 Ha
Worker 0: Step 670 accepted, E=-10.834405 Ha
Worker 18: Step 604 accepted, E=-10.835985 Ha
Worker 19: Step 510 accepted, E=-10.835348 Ha
Worker 16: Step 635 accepted, E=-10.834402 Ha
Worker 13: Step 631 accepted, E=-10.834962 Ha
Worker 6: Step 664 accepted, E=-10.835330 Ha
Worker 7: Step 720 accepted, E=-10.834432 Ha
Worker 14: Step 655 accepted, E=-10.835794 Ha
Worker 11: Step 576 accepted, E=-10.835390 Ha
Worker 17: Step 631 accepted, E=-10.834631 Ha
Worker 15: Step 597 accepted, E=-10.834620 Ha
Worker 10: Step 674 accepted, E=-10.835126 Ha
Worker 5: Step 630 accepted, E=-10.834464 Ha
Worker 12: Step 620 accepted, E=-10.834668 Ha
Worker 8: Step 573 accepted, E=-10.834716 Ha
Worker 14: No change from 'roto_reflection', skipping.
Worker 18: Step 605 accepted, E=-10.835845 Ha
Worker 13: Step 632 accepted, E=-10.834895 Ha
Worker 0: Step 671 accepted, E=-10.834416 Ha
Worker 19: Step 511 accepted, E=-10.835415 Ha
Worker 10: No change from 'mirror', skipping.
Worker 3: Step 713 accepted, E=-10.835446 Ha
Worker 6: Step 665 accepted, E=-10.835324 Ha
Worker 7: Step 721 accepted, E=-10.834432 Ha
Worker 4: Step 671 accepted, E=-10.835242 Ha
Worker 9: Step 687 accepted, E=-10.835481 Ha
Worker 15: Step 598 accepted, E=-10.834577 Ha
Worker 19: No change from 'roto_reflection', skipping.
Worker 11: Step 577 accepted, E=-10.835381 Ha
Worker 16: Step 636 accepted, E=-10.834436 Ha
Worker 12: Step 621 accepted, E=-10.834658 Ha
Worker 17: Step 632 accepted, E=-10.834630 Ha
Worker 8: Step 574 accepted, E=-10.834669 Ha
Worker 14: Step 657 accepted, E=-10.835630 Ha
Worker 13: Step 633 accepted, E=-10.834866 Ha
Worker 18: Step 606 accepted, E=-10.835806 Ha
Worker 10: Step 676 accepted, E=-10.835265 Ha
Worker 0: Step 672 accepted, E=-10.834415 Ha
Worker 5: Step 631 accepted, E=-10.834460 Ha
Worker 7: Step 722 accepted, E=-10.834432 Ha
Worker 6: Step 666 accepted, E=-10.835310 Ha
Worker 18: No change from 'large_displacement', skipping.
Worker 19: Step 513 accepted, E=-10.835444 Ha
Worker 11: Step 578 accepted, E=-10.835385 Ha
Worker 3: Step 714 accepted, E=-10.835465 Ha
Worker 12: Step 622 accepted, E=-10.834648 Ha
Worker 15: Step 599 accepted, E=-10.834581 Ha
Worker 14: Step 658 accepted, E=-10.835647 Ha
Worker 8: Step 575 accepted, E=-10.834638 Ha
Worker 4: Step 672 accepted, E=-10.835243 Ha
Worker 13: Step 634 accepted, E=-10.834860 Ha
Worker 7: Step 723 accepted, E=-10.834432 Ha
Worker 0: Step 673 accepted, E=-10.834414 Ha
Worker 10: Step 677 accepted, E=-10.835256 Ha
Worker 16: Step 637 accepted, E=-10.834462 Ha
Worker 17: Step 633 accepted, E=-10.834638 Ha
Worker 9: Step 688 accepted, E=-10.835477 Ha
Worker 6: Step 667 accepted, E=-10.835316 Ha
Worker 18: Step 608 accepted, E=-10.835767 Ha
Worker 19: Step 514 accepted, E=-10.835443 Ha
Worker 11: Step 579 accepted, E=-10.835384 Ha
Worker 5: Step 632 accepted, E=-10.834463 Ha
Worker 12: Step 623 accepted, E=-10.834678 Ha
Worker 3: Step 715 accepted, E=-10.835354 Ha
Worker 15: Step 600 accepted, E=-10.834583 Ha
Worker 7: Step 724 accepted, E=-10.834432 Ha
Worker 14: Step 659 accepted, E=-10.835770 Ha
Worker 13: Step 635 accepted, E=-10.834905 Ha
Worker 10: Step 678 accepted, E=-10.834604 Ha
Worker 8: Step 576 accepted, E=-10.833918 Ha
Worker 0: Step 674 accepted, E=-10.834415 Ha
Worker 11: Step 580, op=local_twist, ΔE=0.0000 eV, accept=True
Worker 18: Step 609 accepted, E=-10.835753 Ha
Worker 12: Step 624 accepted, E=-10.834675 Ha
Worker 6: Step 668 accepted, E=-10.835255 Ha
Worker 19: Step 515 accepted, E=-10.835439 Ha
Worker 4: Step 673 accepted, E=-10.835239 Ha
Worker 11: Step 580 accepted, E=-10.835384 Ha
Worker 16: Step 638 accepted, E=-10.834463 Ha
Worker 17: Step 634 accepted, E=-10.834635 Ha
Worker 9: Step 689 accepted, E=-10.835491 Ha
Worker 7: Step 725 accepted, E=-10.834433 Ha
Worker 15: Step 601 accepted, E=-10.834592 Ha
Worker 3: Step 716 accepted, E=-10.835359 Ha
Worker 14: Step 660, op=exchange, ΔE=0.0344 eV, accept=False
Worker 13: Step 636 accepted, E=-10.834879 Ha
Worker 10: Step 679 accepted, E=-10.834599 Ha
Worker 8: Step 577 accepted, E=-10.833993 Ha
Worker 0: Step 675 accepted, E=-10.834415 Ha
Worker 5: Step 633 accepted, E=-10.834469 Ha
Worker 12: Step 625 accepted, E=-10.834671 Ha
Worker 11: Step 581 accepted, E=-10.835457 Ha
Worker 14: No change from 'roto_reflection', skipping.
Worker 13: No change from 'roto_reflection', skipping.
Worker 19: Step 516 accepted, E=-10.835456 Ha
Worker 18: Step 610 accepted, E=-10.835757 Ha
Worker 6: Step 669 accepted, E=-10.835258 Ha
Worker 7: Step 726 accepted, E=-10.834433 Ha
Worker 3: Step 717 accepted, E=-10.835460 Ha
Worker 15: Step 602 accepted, E=-10.834566 Ha
Worker 10: Step 680, op=random_displacement, ΔE=0.0003 eV, accept=True
Worker 10: Step 680 accepted, E=-10.834589 Ha
Worker 14: No change from 'random_so3', skipping.
Worker 4: Step 674 accepted, E=-10.835269 Ha
Worker 16: Step 639 accepted, E=-10.834464 Ha
Worker 17: Step 635 accepted, E=-10.834632 Ha
Worker 8: Step 578 accepted, E=-10.833913 Ha
Worker 0: Step 676 accepted, E=-10.834438 Ha
Worker 9: Step 690 accepted, E=-10.835502 Ha
Worker 11: Step 582 accepted, E=-10.835455 Ha
Worker 7: Step 727 accepted, E=-10.834432 Ha
Worker 18: Step 611 accepted, E=-10.835751 Ha
Worker 5: Step 634 accepted, E=-10.834468 Ha
Worker 12: Step 626 accepted, E=-10.834697 Ha
Worker 3: Step 718 accepted, E=-10.835452 Ha
Worker 6: Step 670 accepted, E=-10.835658 Ha
Worker 19: Step 517 accepted, E=-10.835447 Ha
Worker 15: Step 603 accepted, E=-10.834579 Ha
Worker 10: Step 681 accepted, E=-10.834594 Ha
Worker 14: Step 663 accepted, E=-10.835684 Ha
Worker 0: Step 677 accepted, E=-10.834438 Ha
Worker 8: Step 579 accepted, E=-10.833245 Ha
Worker 7: Step 728 accepted, E=-10.834434 Ha
Worker 11: Step 583 accepted, E=-10.835434 Ha
Worker 17: Step 636 accepted, E=-10.834631 Ha
Worker 18: Step 612 accepted, E=-10.835767 Ha
Worker 13: Step 639 accepted, E=-10.834913 Ha
Worker 16: Step 640 accepted, E=-10.834473 Ha
Worker 12: Step 627 accepted, E=-10.834690 Ha
Worker 4: Step 675 accepted, E=-10.835297 Ha
Worker 3: Step 719 accepted, E=-10.835450 Ha
Worker 6: Step 671 accepted, E=-10.835614 Ha
Worker 15: Step 604 accepted, E=-10.834578 Ha
Worker 10: Step 682 accepted, E=-10.834610 Ha
Worker 9: Step 691 accepted, E=-10.835504 Ha
Worker 19: Step 518 accepted, E=-10.835392 Ha
Worker 14: Step 664 accepted, E=-10.835759 Ha
Worker 5: Step 635 accepted, E=-10.834479 Ha
Worker 7: Step 729 accepted, E=-10.834434 Ha
Worker 0: Step 678 accepted, E=-10.834439 Ha
Worker 8: Step 580 accepted, E=-10.833261 Ha
Worker 11: Step 584 accepted, E=-10.835434 Ha
Worker 18: Step 613 accepted, E=-10.835721 Ha
Worker 13: Step 640, op=local_twist, ΔE=0.0017 eV, accept=True
Worker 3: Step 720, op=random_displacement, ΔE=0.0006 eV, accept=True
Worker 13: Step 640 accepted, E=-10.834852 Ha
Worker 15: Step 605 accepted, E=-10.834580 Ha
Worker 3: Step 720 accepted, E=-10.835426 Ha
Worker 10: Step 683 accepted, E=-10.834663 Ha
Worker 12: Step 628 accepted, E=-10.834557 Ha
Worker 17: Step 637 accepted, E=-10.834615 Ha
Worker 6: Step 672 accepted, E=-10.835220 Ha
Worker 19: Step 519 accepted, E=-10.835341 Ha
Worker 7: Step 730, op=large_displacement, ΔE=0.0001 eV, accept=True
Worker 14: Step 665 accepted, E=-10.835777 Ha
Worker 7: Step 730 accepted, E=-10.834431 Ha
Worker 16: Step 641 accepted, E=-10.834485 Ha
Worker 0: Step 679 accepted, E=-10.834441 Ha
Worker 11: Step 585 accepted, E=-10.835422 Ha
Worker 4: Step 676 accepted, E=-10.835316 Ha
Worker 9: Step 692 accepted, E=-10.835338 Ha
Worker 5: Step 636 accepted, E=-10.834479 Ha
Worker 18: Step 614 accepted, E=-10.835819 Ha
Worker 13: Step 641 accepted, E=-10.834873 Ha
Worker 3: Step 721 accepted, E=-10.835428 Ha
Worker 10: Step 684 accepted, E=-10.834647 Ha
Worker 12: Step 629 accepted, E=-10.834555 Ha
Worker 15: Step 606 accepted, E=-10.834556 Ha
Worker 7: Step 731 accepted, E=-10.834430 Ha
Worker 6: Step 673 accepted, E=-10.835212 Ha
Worker 19: Step 520 accepted, E=-10.835363 Ha
Worker 14: Step 666 accepted, E=-10.835431 Ha
Worker 9: No change from 'large_displacement', skipping.
Worker 17: Step 638 accepted, E=-10.834617 Ha
Worker 11: Step 586 accepted, E=-10.835386 Ha
Worker 0: Step 680 accepted, E=-10.834449 Ha
Worker 8: Step 582 accepted, E=-10.833322 Ha
Worker 16: Step 642 accepted, E=-10.834484 Ha
Worker 10: Step 685 accepted, E=-10.834648 Ha
Worker 18: Step 615 accepted, E=-10.835812 Ha
Worker 13: Step 642 accepted, E=-10.834806 Ha
Worker 12: Step 630, op=small_principal_axis_rotation, ΔE=0.0003 eV, accept=True
Worker 3: Step 722 accepted, E=-10.835408 Ha
Worker 15: Step 607 accepted, E=-10.834574 Ha
Worker 12: Step 630 accepted, E=-10.834543 Ha
Worker 7: Step 732 accepted, E=-10.834432 Ha
Worker 4: Step 677 accepted, E=-10.835308 Ha
Worker 19: Step 521 accepted, E=-10.835379 Ha
Worker 6: Step 674 accepted, E=-10.835199 Ha
Worker 5: Step 637 accepted, E=-10.834472 Ha
Worker 14: Step 667 accepted, E=-10.835343 Ha
Worker 0: Step 681 accepted, E=-10.834455 Ha
Worker 8: Step 583 accepted, E=-10.833354 Ha
Worker 10: Step 686 accepted, E=-10.834656 Ha
Worker 13: Step 643 accepted, E=-10.835006 Ha
Worker 18: Step 616 accepted, E=-10.835816 Ha
Worker 12: Step 631 accepted, E=-10.834539 Ha
Worker 15: Step 608 accepted, E=-10.834549 Ha
Worker 7: Step 733 accepted, E=-10.834430 Ha
Worker 3: Step 723 accepted, E=-10.835410 Ha
Worker 9: Step 694 accepted, E=-10.835333 Ha
Worker 17: Step 639 accepted, E=-10.834607 Ha
Worker 18: No change from 'small_principal_axis_rotation', skipping.
Worker 16: Step 643 accepted, E=-10.834464 Ha
Worker 19: Step 522 accepted, E=-10.835371 Ha
Worker 6: Step 675 accepted, E=-10.835160 Ha
Worker 14: Step 668 accepted, E=-10.835357 Ha
Worker 11: Step 588 accepted, E=-10.835434 Ha
Worker 0: Step 682 accepted, E=-10.834450 Ha
Worker 8: Step 584 accepted, E=-10.833980 Ha
Worker 10: Step 687 accepted, E=-10.834641 Ha
Worker 7: Step 734 accepted, E=-10.834431 Ha
Worker 5: Step 638 accepted, E=-10.834470 Ha
Worker 12: Step 632 accepted, E=-10.834537 Ha
Worker 13: Step 644 accepted, E=-10.834956 Ha
Worker 15: Step 609 accepted, E=-10.834564 Ha
Worker 3: Step 724 accepted, E=-10.835414 Ha
Worker 18: Step 618 accepted, E=-10.835554 Ha
Worker 8: No change from 'random_displacement', skipping.
Worker 19: Step 523 accepted, E=-10.835347 Ha
Worker 6: Step 676 accepted, E=-10.835178 Ha
Worker 11: Step 589 accepted, E=-10.835359 Ha
Worker 14: Step 669 accepted, E=-10.834826 Ha
Worker 17: Step 640 accepted, E=-10.834614 Ha
Worker 9: Step 695 accepted, E=-10.835326 Ha
Worker 7: Step 735 accepted, E=-10.834432 Ha
Worker 10: Step 688 accepted, E=-10.834621 Ha
Worker 0: Step 683 accepted, E=-10.834453 Ha
Worker 16: Step 644 accepted, E=-10.834445 Ha
Worker 15: Step 610 accepted, E=-10.834579 Ha
Worker 13: Step 645 accepted, E=-10.834980 Ha
Worker 3: Step 725 accepted, E=-10.835401 Ha
Worker 4: Step 679 accepted, E=-10.835322 Ha
Worker 19: No change from 'correlated_displacement', skipping.
Worker 12: Step 633 accepted, E=-10.834522 Ha
Worker 18: Step 619 accepted, E=-10.835557 Ha
Worker 8: Step 586 accepted, E=-10.833941 Ha
Worker 11: Step 590, op=mirror, ΔE=0.0000 eV, accept=True
Worker 6: Step 677 accepted, E=-10.835181 Ha
Worker 14: Step 670, op=correlated_displacement, ΔE=0.0161 eV, accept=False
Worker 18: No change from 'small_principal_axis_rotation', skipping.
Worker 11: Step 590 accepted, E=-10.835359 Ha
Worker 0: No change from 'roto_reflection', skipping.
Worker 7: Step 736 accepted, E=-10.834433 Ha
Worker 5: Step 639 accepted, E=-10.834471 Ha
Worker 19: No change from 'random_displacement', skipping.
Worker 10: Step 689 accepted, E=-10.834563 Ha
Worker 15: Step 611 accepted, E=-10.834579 Ha
Worker 3: Step 726 accepted, E=-10.835392 Ha
Worker 13: Step 646 accepted, E=-10.834947 Ha
Worker 17: Step 641 accepted, E=-10.834624 Ha
Worker 12: Step 634 accepted, E=-10.834530 Ha
Worker 9: Step 696 accepted, E=-10.835326 Ha
Worker 16: Step 645 accepted, E=-10.834416 Ha
Worker 6: Step 678 accepted, E=-10.835161 Ha
Worker 11: Step 591 accepted, E=-10.835359 Ha
Worker 14: Step 671 accepted, E=-10.833876 Ha
Worker 7: Step 737 accepted, E=-10.834432 Ha
Worker 18: Step 621 accepted, E=-10.835557 Ha
Worker 19: Step 526 accepted, E=-10.835328 Ha
Worker 0: Step 685 accepted, E=-10.834452 Ha
Worker 4: Step 680, op=random_rotation, ΔE=0.0001 eV, accept=True
Worker 10: Step 690 accepted, E=-10.834579 Ha
Worker 4: Step 680 accepted, E=-10.835320 Ha
Worker 3: Step 727 accepted, E=-10.835396 Ha
Worker 15: Step 612 accepted, E=-10.834553 Ha
Worker 13: Step 647 accepted, E=-10.835011 Ha
Worker 12: Step 635 accepted, E=-10.834545 Ha
Worker 5: Step 640 accepted, E=-10.834474 Ha
Worker 8: Step 588 accepted, E=-10.835359 Ha
Worker 11: Step 592 accepted, E=-10.835337 Ha
Worker 7: Step 738 accepted, E=-10.834432 Ha
Worker 6: Step 679 accepted, E=-10.835086 Ha
Worker 14: Step 672 accepted, E=-10.833891 Ha
Worker 19: Step 527 accepted, E=-10.835334 Ha
Worker 18: Step 622 accepted, E=-10.835556 Ha
Worker 10: Step 691 accepted, E=-10.834572 Ha
Worker 17: Step 642 accepted, E=-10.834615 Ha
Worker 0: Step 686 accepted, E=-10.834458 Ha
Worker 6: No change from 'small_principal_axis_rotation', skipping.
Worker 3: Step 728 accepted, E=-10.835345 Ha
Worker 16: Step 646 accepted, E=-10.834397 Ha
Worker 9: Step 697 accepted, E=-10.835320 Ha
Worker 15: Step 613 accepted, E=-10.834544 Ha
Worker 19: No change from 'random_so3', skipping.
Worker 13: Step 648 accepted, E=-10.835048 Ha
Worker 12: Step 636 accepted, E=-10.834550 Ha
Worker 7: Step 739 accepted, E=-10.834432 Ha
Worker 8: Step 589 accepted, E=-10.835387 Ha
Worker 11: Step 593 accepted, E=-10.835402 Ha
Worker 4: Step 681 accepted, E=-10.835280 Ha
Worker 14: Step 673 accepted, E=-10.833844 Ha
Worker 18: Step 623 accepted, E=-10.835565 Ha
Worker 10: Step 692 accepted, E=-10.834547 Ha
Worker 5: Step 641 accepted, E=-10.834475 Ha
Worker 0: Step 687 accepted, E=-10.834458 Ha
Worker 6: Step 681 accepted, E=-10.835082 Ha
Worker 3: Step 729 accepted, E=-10.835316 Ha
Worker 15: Step 614 accepted, E=-10.834544 Ha
Worker 19: Step 529 accepted, E=-10.835330 Ha
Worker 12: Step 637 accepted, E=-10.834569 Ha
Worker 7: Step 740 accepted, E=-10.834433 Ha
Worker 13: Step 649 accepted, E=-10.834965 Ha
Worker 8: Step 590 accepted, E=-10.835649 Ha
Worker 11: Step 594 accepted, E=-10.835415 Ha
Worker 16: Step 647 accepted, E=-10.834698 Ha
Worker 9: Step 698 accepted, E=-10.835236 Ha
Worker 14: Step 674 accepted, E=-10.831150 Ha
Worker 18: Step 624 accepted, E=-10.835575 Ha
Worker 10: Step 693 accepted, E=-10.834551 Ha
Worker 3: Step 730, op=random_displacement, ΔE=0.0014 eV, accept=True
Worker 19: Step 530, op=random_displacement, ΔE=0.0004 eV, accept=True
Worker 3: Step 730 accepted, E=-10.835264 Ha
Worker 6: Step 682 accepted, E=-10.835087 Ha
Worker 19: Step 530 accepted, E=-10.835314 Ha
Worker 11: No change from 'mirror', skipping.
Worker 17: Step 643 accepted, E=-10.834624 Ha
Worker 12: Step 638 accepted, E=-10.834561 Ha
Worker 7: Step 741 accepted, E=-10.834433 Ha
Worker 4: Step 682 accepted, E=-10.835383 Ha
Worker 0: Step 688 accepted, E=-10.834458 Ha
Worker 5: Step 642 accepted, E=-10.834471 Ha
Worker 13: Step 650, op=local_twist, ΔE=0.0019 eV, accept=True
Worker 13: Step 650 accepted, E=-10.834896 Ha
Worker 8: Step 591 accepted, E=-10.835644 Ha
Worker 6: No change from 'roto_reflection', skipping.
Worker 15: Step 615 accepted, E=-10.834549 Ha
Worker 14: Step 675 accepted, E=-10.831154 Ha
Worker 18: Step 625 accepted, E=-10.835896 Ha
Worker 10: Step 694 accepted, E=-10.834551 Ha
Worker 19: Step 531 accepted, E=-10.835315 Ha
Worker 3: Step 731 accepted, E=-10.835248 Ha
Worker 7: Step 742 accepted, E=-10.834432 Ha
Worker 9: Step 699 accepted, E=-10.835237 Ha
Worker 16: Step 648 accepted, E=-10.834638 Ha
Worker 11: Step 596 accepted, E=-10.835435 Ha
Worker 12: Step 639 accepted, E=-10.834551 Ha
Worker 0: Step 689 accepted, E=-10.834458 Ha
Worker 6: Step 684 accepted, E=-10.835044 Ha
Worker 8: Step 592 accepted, E=-10.835567 Ha
Worker 17: Step 644 accepted, E=-10.834636 Ha
Worker 15: Step 616 accepted, E=-10.834550 Ha
Worker 14: Step 676 accepted, E=-10.831036 Ha
Worker 4: Step 683 accepted, E=-10.835283 Ha
Worker 5: Step 643 accepted, E=-10.834474 Ha
Worker 10: Step 695 accepted, E=-10.834536 Ha
Worker 7: Step 743 accepted, E=-10.834432 Ha
Worker 18: Step 626 accepted, E=-10.835865 Ha
Worker 3: Step 732 accepted, E=-10.835400 Ha
Worker 11: Step 597 accepted, E=-10.835418 Ha
Worker 19: Step 532 accepted, E=-10.834884 Ha
Worker 7: No change from 'small_principal_axis_rotation', skipping.
Worker 12: Step 640, op=local_twist, ΔE=0.0002 eV, accept=True
Worker 0: Step 690, op=small_principal_axis_rotation, ΔE=0.0000 eV, accept=True
Worker 12: Step 640 accepted, E=-10.834543 Ha
Worker 0: Step 690 accepted, E=-10.834456 Ha
Worker 13: Step 652 accepted, E=-10.834948 Ha
Worker 9: Step 700 accepted, E=-10.835238 Ha
Worker 16: Step 649 accepted, E=-10.834641 Ha
Worker 6: Step 685 accepted, E=-10.835107 Ha
Worker 15: Step 617 accepted, E=-10.834531 Ha
Worker 8: Step 593 accepted, E=-10.834675 Ha
Worker 14: Step 677 accepted, E=-10.831035 Ha
Worker 10: Step 696 accepted, E=-10.834543 Ha
Worker 3: Step 733 accepted, E=-10.835412 Ha
Worker 18: Step 627 accepted, E=-10.835862 Ha
Worker 11: Step 598 accepted, E=-10.835381 Ha
Worker 7: Step 745 accepted, E=-10.834431 Ha
Worker 17: Step 645 accepted, E=-10.834646 Ha
Worker 5: Step 644 accepted, E=-10.834485 Ha
Worker 19: Step 533 accepted, E=-10.834374 Ha
Worker 4: Step 684 accepted, E=-10.835230 Ha
Worker 12: Step 641 accepted, E=-10.834557 Ha
Worker 13: Step 653 accepted, E=-10.834934 Ha
Worker 6: Step 686 accepted, E=-10.835173 Ha
Worker 0: Step 691 accepted, E=-10.834459 Ha
Worker 15: Step 618 accepted, E=-10.834522 Ha
Worker 8: Step 594 accepted, E=-10.834942 Ha
Worker 10: Step 697 accepted, E=-10.834519 Ha
Worker 14: Step 678 accepted, E=-10.830717 Ha
Worker 11: Step 599 accepted, E=-10.835323 Ha
Worker 3: Step 734 accepted, E=-10.835417 Ha
Worker 18: Step 628 accepted, E=-10.835861 Ha
Worker 7: Step 746 accepted, E=-10.834531 Ha
Worker 9: Step 701 accepted, E=-10.835215 Ha
Worker 16: Step 650 accepted, E=-10.834648 Ha
Worker 19: Step 534 accepted, E=-10.834225 Ha
Worker 17: Step 646 accepted, E=-10.834660 Ha
Worker 13: Step 654 accepted, E=-10.834868 Ha
Worker 6: Step 687 accepted, E=-10.835165 Ha
Worker 5: Step 645 accepted, E=-10.834491 Ha
Worker 0: Step 692 accepted, E=-10.834457 Ha
Worker 15: Step 619 accepted, E=-10.834528 Ha
Worker 8: Step 595 accepted, E=-10.834964 Ha
Worker 11: Step 600, op=local_twist, ΔE=0.0000 eV, accept=True
Worker 7: Step 747 accepted, E=-10.834530 Ha
Worker 3: Step 735 accepted, E=-10.835284 Ha
Worker 10: Step 698 accepted, E=-10.834465 Ha
Worker 11: Step 600 accepted, E=-10.835322 Ha
Worker 14: Step 679 accepted, E=-10.833418 Ha
Worker 18: Step 629 accepted, E=-10.835783 Ha
Worker 12: Step 642 accepted, E=-10.834543 Ha
Worker 4: Step 685 accepted, E=-10.835279 Ha
Worker 19: Step 535 accepted, E=-10.834311 Ha
Worker 11: No change from 'roto_reflection', skipping.
Worker 16: Step 651 accepted, E=-10.834651 Ha
Worker 9: Step 702 accepted, E=-10.835042 Ha
Worker 13: Step 655 accepted, E=-10.834914 Ha
Worker 6: Step 688 accepted, E=-10.835101 Ha
Worker 15: Step 620 accepted, E=-10.834898 Ha
Worker 0: Step 693 accepted, E=-10.834458 Ha
Worker 3: Step 736 accepted, E=-10.835277 Ha
Worker 7: Step 748 accepted, E=-10.834530 Ha
Worker 8: Step 596 accepted, E=-10.834704 Ha
Worker 10: Step 699 accepted, E=-10.834487 Ha
Worker 12: Step 643 accepted, E=-10.834532 Ha
Worker 14: Step 680, op=small_principal_axis_rotation, ΔE=0.0004 eV, accept=True
Worker 11: No change from 'mirror', skipping.
Worker 18: Step 630, op=local_twist, ΔE=0.0001 eV, accept=True
Worker 14: Step 680 accepted, E=-10.833403 Ha
Worker 18: Step 630 accepted, E=-10.835778 Ha
Worker 17: Step 647 accepted, E=-10.834670 Ha
Worker 5: Step 646 accepted, E=-10.834489 Ha
Worker 19: Step 536 accepted, E=-10.834665 Ha
Worker 13: Step 656 accepted, E=-10.834922 Ha
Worker 6: Step 689 accepted, E=-10.835100 Ha
Worker 7: Step 749 accepted, E=-10.834528 Ha
Worker 4: Step 686 accepted, E=-10.835283 Ha
Worker 18: No change from 'roto_reflection', skipping.
Worker 19: No change from 'large_displacement', skipping.
Worker 15: Step 621 accepted, E=-10.834900 Ha
Worker 3: Step 737 accepted, E=-10.835272 Ha
Worker 12: Step 644 accepted, E=-10.834556 Ha
Worker 0: Step 694 accepted, E=-10.834460 Ha
Worker 10: Step 700, op=mirror, ΔE=0.0000 eV, accept=True
Worker 11: Step 603 accepted, E=-10.835329 Ha
Worker 16: Step 652 accepted, E=-10.834661 Ha
Worker 8: Step 597 accepted, E=-10.834984 Ha
Worker 14: Step 681 accepted, E=-10.832481 Ha
Worker 10: Step 700 accepted, E=-10.834487 Ha
Worker 9: Step 703 accepted, E=-10.835041 Ha
Worker 15: No change from 'mirror', skipping.
Worker 7: Step 750 accepted, E=-10.834532 Ha
Worker 7: Done. Accepted=700, Rejected=50, Rate=93.3%
Worker 13: Step 657 accepted, E=-10.834864 Ha
Worker 19: Step 538 accepted, E=-10.834631 Ha
Worker 6: Step 690, op=small_principal_axis_rotation, ΔE=0.0003 eV, accept=True
Worker 18: Step 632 accepted, E=-10.834223 Ha
Worker 3: Step 738 accepted, E=-10.835274 Ha
Worker 6: Step 690 accepted, E=-10.835089 Ha
Worker 17: Step 648 accepted, E=-10.834674 Ha
Worker 5: Step 647 accepted, E=-10.834483 Ha
Worker 12: Step 645 accepted, E=-10.834538 Ha
Worker 13: No change from 'small_principal_axis_rotation', skipping.
Worker 0: Step 695 accepted, E=-10.834460 Ha
Worker 14: Step 682 accepted, E=-10.833118 Ha
Worker 10: Step 701 accepted, E=-10.834504 Ha
Worker 8: Step 598 accepted, E=-10.835073 Ha
Worker 4: Step 687 accepted, E=-10.835305 Ha
Worker 15: Step 623 accepted, E=-10.834887 Ha
Worker 11: No change from 'roto_reflection', skipping.
Worker 9: Step 704 accepted, E=-10.835042 Ha
Worker 19: Step 539 accepted, E=-10.834598 Ha
Worker 16: Step 653 accepted, E=-10.834661 Ha
Worker 3: Step 739 accepted, E=-10.835278 Ha
Worker 12: Step 646 accepted, E=-10.834535 Ha
Worker 6: Step 691 accepted, E=-10.835121 Ha
Worker 18: Step 633 accepted, E=-10.835256 Ha
Worker 13: Step 659 accepted, E=-10.834870 Ha
Worker 0: Step 696 accepted, E=-10.834461 Ha
Worker 10: Step 702 accepted, E=-10.834505 Ha
Worker 8: Step 599 accepted, E=-10.835043 Ha
Worker 17: Step 649 accepted, E=-10.834666 Ha
Worker 15: Step 624 accepted, E=-10.834888 Ha
Worker 5: Step 648 accepted, E=-10.834487 Ha
Worker 11: Step 606 accepted, E=-10.835317 Ha
Worker 9: Step 705 accepted, E=-10.835043 Ha
Worker 3: Step 740 accepted, E=-10.835287 Ha
Worker 13: Step 660, op=local_twist, ΔE=0.0001 eV, accept=True
Worker 18: Step 634 accepted, E=-10.835257 Ha
Worker 6: Step 692 accepted, E=-10.835087 Ha
Worker 4: Step 688 accepted, E=-10.835338 Ha
Worker 19: Step 540, op=random_displacement, ΔE=0.0035 eV, accept=True
Worker 13: Step 660 accepted, E=-10.834865 Ha
Worker 19: Step 540 accepted, E=-10.834469 Ha
Worker 12: Step 647 accepted, E=-10.834531 Ha
Worker 16: Step 654 accepted, E=-10.834653 Ha
Worker 14: Step 684 accepted, E=-10.833090 Ha
Worker 10: Step 703 accepted, E=-10.834532 Ha
Worker 0: Step 697 accepted, E=-10.834458 Ha
Worker 8: Step 600, op=correlated_displacement, ΔE=0.0516 eV, accept=False
Worker 15: Step 625 accepted, E=-10.834891 Ha
Worker 11: Step 607 accepted, E=-10.835368 Ha
Worker 16: No change from 'small_principal_axis_rotation', skipping.
Worker 3: Step 741 accepted, E=-10.834371 Ha
Worker 18: Step 635 accepted, E=-10.835258 Ha
Worker 17: Step 650 accepted, E=-10.834674 Ha
Worker 6: Step 693 accepted, E=-10.835089 Ha
Worker 13: Step 661 accepted, E=-10.834960 Ha
Worker 5: Step 649 accepted, E=-10.834490 Ha
Worker 12: Step 648 accepted, E=-10.834532 Ha
Worker 19: Step 541 accepted, E=-10.834314 Ha
Worker 9: Step 706 accepted, E=-10.835043 Ha
Worker 14: Step 685 accepted, E=-10.833073 Ha
Worker 10: Step 704 accepted, E=-10.834534 Ha
Worker 15: Step 626 accepted, E=-10.834887 Ha
Worker 12: No change from 'small_principal_axis_rotation', skipping.
Worker 0: Step 698 accepted, E=-10.834462 Ha
Worker 8: Step 601 accepted, E=-10.835043 Ha
Worker 11: Step 608 accepted, E=-10.835336 Ha
Worker 4: Step 689 accepted, E=-10.835183 Ha
Worker 3: Step 742 accepted, E=-10.834375 Ha
Worker 6: Step 694 accepted, E=-10.835151 Ha
Worker 13: Step 662 accepted, E=-10.835132 Ha
Worker 16: Step 656 accepted, E=-10.834685 Ha
Worker 18: Step 636 accepted, E=-10.835694 Ha
Worker 15: Step 627 accepted, E=-10.834887 Ha
Worker 14: Step 686 accepted, E=-10.833080 Ha
Worker 10: Step 705 accepted, E=-10.834565 Ha
Worker 12: Step 650, op=local_twist, ΔE=0.0001 eV, accept=True
Worker 0: Step 699 accepted, E=-10.834462 Ha
Worker 12: Step 650 accepted, E=-10.834528 Ha
Worker 17: Step 651 accepted, E=-10.834668 Ha
Worker 11: Step 609 accepted, E=-10.835336 Ha
Worker 8: Step 602 accepted, E=-10.834866 Ha
Worker 3: Step 743 accepted, E=-10.834362 Ha
Worker 5: Step 650 accepted, E=-10.834492 Ha
Worker 9: Step 707 accepted, E=-10.835042 Ha
Worker 6: Step 695 accepted, E=-10.835129 Ha
Worker 4: Step 690 accepted, E=-10.835234 Ha
Worker 13: Step 663 accepted, E=-10.835213 Ha
Worker 18: Step 637 accepted, E=-10.835689 Ha
Worker 14: Step 687 accepted, E=-10.833080 Ha
Worker 19: Step 543 accepted, E=-10.834318 Ha
Worker 15: Step 628 accepted, E=-10.834890 Ha
Worker 0: Step 700 accepted, E=-10.834464 Ha
Worker 10: Step 706 accepted, E=-10.834565 Ha
Worker 11: Step 610, op=random_displacement, ΔE=0.0031 eV, accept=True
Worker 11: Step 610 accepted, E=-10.835222 Ha
Worker 16: Step 657 accepted, E=-10.834730 Ha
Worker 12: Step 651 accepted, E=-10.835368 Ha
Worker 8: Step 603 accepted, E=-10.834802 Ha
Worker 3: Step 744 accepted, E=-10.834365 Ha
Worker 17: Step 652 accepted, E=-10.834668 Ha
Worker 8: No change from 'mirror', skipping.
Worker 18: Step 638 accepted, E=-10.835704 Ha
Worker 0: Step 701 accepted, E=-10.834464 Ha
Worker 6: Step 696 accepted, E=-10.835049 Ha
Worker 13: Step 664 accepted, E=-10.835332 Ha
Worker 4: Step 691 accepted, E=-10.835175 Ha
Worker 5: Step 651 accepted, E=-10.834483 Ha
Worker 15: Step 629 accepted, E=-10.834506 Ha
Worker 10: Step 707 accepted, E=-10.834606 Ha
Worker 19: Step 544 accepted, E=-10.834297 Ha
Worker 16: Step 658 accepted, E=-10.834727 Ha
Worker 14: Step 688 accepted, E=-10.833430 Ha
Worker 11: Step 611 accepted, E=-10.835232 Ha
Worker 12: Step 652 accepted, E=-10.835453 Ha
Worker 9: Step 708 accepted, E=-10.834776 Ha
Worker 3: Step 745 accepted, E=-10.834349 Ha
Worker 10: No change from 'roto_reflection', skipping.
Worker 0: Step 702 accepted, E=-10.834464 Ha
Worker 18: Step 639 accepted, E=-10.835700 Ha
Worker 6: Step 697 accepted, E=-10.835074 Ha
Worker 13: Step 665 accepted, E=-10.835335 Ha
Worker 8: Step 605 accepted, E=-10.834714 Ha
Worker 4: Step 692 accepted, E=-10.835192 Ha
Worker 15: Step 630, op=random_rotation, ΔE=0.0001 eV, accept=True
Worker 16: Step 659 accepted, E=-10.834726 Ha
Worker 15: Step 630 accepted, E=-10.834501 Ha
Worker 11: Step 612 accepted, E=-10.835233 Ha
Worker 19: Step 545 accepted, E=-10.834359 Ha
Worker 12: Step 653 accepted, E=-10.835474 Ha
Worker 14: Step 689 accepted, E=-10.833491 Ha
Worker 3: Step 746 accepted, E=-10.834425 Ha
Worker 17: Step 653 accepted, E=-10.834670 Ha
Worker 10: Step 709 accepted, E=-10.834642 Ha
Worker 5: Step 652 accepted, E=-10.834480 Ha
Worker 0: Step 703 accepted, E=-10.834466 Ha
Worker 9: Step 709 accepted, E=-10.834765 Ha
Worker 14: No change from 'mirror', skipping.
Worker 3: No change from 'roto_reflection', skipping.
Worker 13: Step 666 accepted, E=-10.835368 Ha
Worker 4: Step 693 accepted, E=-10.835189 Ha
Worker 6: Step 698 accepted, E=-10.835106 Ha
Worker 8: Step 606 accepted, E=-10.833790 Ha
Worker 16: Step 660, op=local_twist, ΔE=0.0001 eV, accept=True
Worker 18: Step 640, op=small_principal_axis_rotation, ΔE=0.0006 eV, accept=True
Worker 16: Step 660 accepted, E=-10.834722 Ha
Worker 18: Step 640 accepted, E=-10.835678 Ha
Worker 11: Step 613 accepted, E=-10.835236 Ha
Worker 15: Step 631 accepted, E=-10.834489 Ha
Worker 0: No change from 'mirror', skipping.
Worker 19: Step 546 accepted, E=-10.834308 Ha
Worker 10: Step 710, op=random_rotation, ΔE=0.0001 eV, accept=True
Worker 10: Step 710 accepted, E=-10.834639 Ha
Worker 3: Step 748 accepted, E=-10.834426 Ha
Worker 13: Step 667 accepted, E=-10.835307 Ha
Worker 4: Step 694 accepted, E=-10.835009 Ha
Worker 17: Step 654 accepted, E=-10.834680 Ha
Worker 14: Step 691 accepted, E=-10.833456 Ha
Worker 16: Step 661 accepted, E=-10.834721 Ha
Worker 0: Step 705 accepted, E=-10.834466 Ha
Worker 8: Step 607 accepted, E=-10.834288 Ha
Worker 18: Step 641 accepted, E=-10.835673 Ha
Worker 6: Step 699 accepted, E=-10.835053 Ha
Worker 5: Step 653 accepted, E=-10.834471 Ha
Worker 12: Step 655 accepted, E=-10.835485 Ha
Worker 9: Step 710, op=random_rotation, ΔE=0.0003 eV, accept=True
Worker 15: Step 632 accepted, E=-10.834464 Ha
Worker 9: Step 710 accepted, E=-10.834754 Ha
Worker 10: Step 711 accepted, E=-10.834631 Ha
Worker 11: Step 614 accepted, E=-10.835447 Ha
Worker 19: Step 547 accepted, E=-10.834418 Ha
Worker 3: Step 749 accepted, E=-10.834420 Ha
Worker 4: Step 695 accepted, E=-10.835024 Ha
Worker 13: Step 668 accepted, E=-10.835397 Ha
Worker 0: Step 706 accepted, E=-10.834465 Ha
Worker 18: Step 642 accepted, E=-10.835281 Ha
Worker 6: Step 700, op=random_rotation, ΔE=0.0013 eV, accept=True
Worker 8: Step 608 accepted, E=-10.834237 Ha
Worker 12: Step 656 accepted, E=-10.835483 Ha
Worker 6: Step 700 accepted, E=-10.835007 Ha
Worker 14: Step 692 accepted, E=-10.833438 Ha
Worker 15: Step 633 accepted, E=-10.834462 Ha
Worker 17: Step 655 accepted, E=-10.834703 Ha
Worker 5: Step 654 accepted, E=-10.834468 Ha
Worker 11: Step 615 accepted, E=-10.835493 Ha
Worker 10: Step 712 accepted, E=-10.834622 Ha
Worker 4: Step 696 accepted, E=-10.834874 Ha
Worker 19: Step 548 accepted, E=-10.834446 Ha
Worker 3: Step 750 accepted, E=-10.834434 Ha
Worker 3: Done. Accepted=697, Rejected=53, Rate=92.9%
Worker 13: Step 669 accepted, E=-10.835515 Ha
Worker 11: No change from 'small_principal_axis_rotation', skipping.
Worker 0: Step 707 accepted, E=-10.834484 Ha
Worker 9: Step 711 accepted, E=-10.834753 Ha
Worker 16: Step 663 accepted, E=-10.834704 Ha
Worker 18: Step 643 accepted, E=-10.835321 Ha
Worker 8: Step 609 accepted, E=-10.832529 Ha
Worker 12: Step 657 accepted, E=-10.835478 Ha
Worker 6: Step 701 accepted, E=-10.835056 Ha
Worker 15: Step 634 accepted, E=-10.834411 Ha
Worker 10: Step 713 accepted, E=-10.834590 Ha
Worker 4: Step 697 accepted, E=-10.834826 Ha
Worker 11: Step 617 accepted, E=-10.835481 Ha
Worker 19: Step 549 accepted, E=-10.834429 Ha
Worker 0: Step 708 accepted, E=-10.834484 Ha
Worker 13: Step 670, op=small_principal_axis_rotation, ΔE=0.0011 eV, accept=True
Worker 13: Step 670 accepted, E=-10.835474 Ha
Worker 17: Step 656 accepted, E=-10.834688 Ha
Worker 16: Step 664 accepted, E=-10.834702 Ha
Worker 5: Step 655 accepted, E=-10.834467 Ha
Worker 12: Step 658 accepted, E=-10.835459 Ha
Worker 8: Step 610, op=random_displacement, ΔE=0.0389 eV, accept=True
Worker 18: Step 644 accepted, E=-10.835336 Ha
Worker 8: Step 610 accepted, E=-10.831101 Ha
Worker 15: Step 635 accepted, E=-10.834409 Ha
Worker 6: Step 702 accepted, E=-10.835105 Ha
Worker 10: Step 714 accepted, E=-10.834620 Ha
Worker 4: Step 698 accepted, E=-10.834874 Ha
Worker 9: Step 712 accepted, E=-10.834794 Ha
Worker 11: Step 618 accepted, E=-10.835496 Ha
Worker 0: Step 709 accepted, E=-10.834485 Ha
Worker 19: Step 550 accepted, E=-10.835368 Ha
Worker 14: No change from 'roto_reflection', skipping.
Worker 16: Step 665 accepted, E=-10.834733 Ha
Worker 13: Step 671 accepted, E=-10.835473 Ha
Worker 12: Step 659 accepted, E=-10.835457 Ha
Worker 8: Step 611 accepted, E=-10.834167 Ha
Worker 15: Step 636 accepted, E=-10.834421 Ha
Worker 18: Step 645 accepted, E=-10.835431 Ha
Worker 5: Step 656 accepted, E=-10.834465 Ha
Worker 6: Step 703 accepted, E=-10.835292 Ha
Worker 10: Step 715 accepted, E=-10.834630 Ha
Worker 17: Step 657 accepted, E=-10.834685 Ha
Worker 4: Step 699 accepted, E=-10.834815 Ha
Worker 11: Step 619 accepted, E=-10.835458 Ha
Worker 0: Step 710 accepted, E=-10.834486 Ha
Worker 19: Step 551 accepted, E=-10.835508 Ha
Worker 12: Step 660, op=random_displacement, ΔE=0.0006 eV, accept=True
Worker 14: Step 695 accepted, E=-10.833463 Ha
Worker 16: Step 666 accepted, E=-10.834735 Ha
Worker 12: Step 660 accepted, E=-10.835437 Ha
Worker 13: Step 672 accepted, E=-10.835494 Ha
Worker 10: No change from 'roto_reflection', skipping.
Worker 9: Step 713 accepted, E=-10.834822 Ha
Worker 8: Step 612 accepted, E=-10.834979 Ha
Worker 18: Step 646 accepted, E=-10.835499 Ha
Worker 15: Step 637 accepted, E=-10.834426 Ha
Worker 6: Step 704 accepted, E=-10.835288 Ha
Worker 13: No change from 'twist', skipping.
Worker 0: Step 711 accepted, E=-10.834485 Ha
Worker 4: Step 700, op=random_rotation, ΔE=0.0008 eV, accept=True
Worker 11: Step 620 accepted, E=-10.835503 Ha
Worker 4: Step 700 accepted, E=-10.834785 Ha
Worker 5: Step 657 accepted, E=-10.834471 Ha
Worker 19: Step 552 accepted, E=-10.835407 Ha
Worker 16: Step 667 accepted, E=-10.834729 Ha
Worker 8: No change from 'roto_reflection', skipping.
Worker 12: Step 661 accepted, E=-10.835438 Ha
Worker 10: Step 717 accepted, E=-10.834597 Ha
Worker 15: No change from 'roto_reflection', skipping.
Worker 17: Step 658 accepted, E=-10.834693 Ha
Worker 0: Step 712 accepted, E=-10.834484 Ha
Worker 17: No change from 'small_principal_axis_rotation', skipping.
Worker 13: Step 674 accepted, E=-10.835483 Ha
Worker 12: No change from 'roto_reflection', skipping.
Worker 6: Step 705 accepted, E=-10.834964 Ha
Worker 9: Step 714 accepted, E=-10.834701 Ha
Worker 4: Step 701 accepted, E=-10.834868 Ha
Worker 11: Step 621 accepted, E=-10.835379 Ha
Worker 19: Step 553 accepted, E=-10.835377 Ha
Worker 18: Step 647 accepted, E=-10.835434 Ha
Worker 14: Step 697 accepted, E=-10.834352 Ha
Worker 16: Step 668 accepted, E=-10.834735 Ha
Worker 8: Step 614 accepted, E=-10.835049 Ha
Worker 10: Step 718 accepted, E=-10.834645 Ha
Worker 15: Step 639 accepted, E=-10.834438 Ha
Worker 0: Step 713 accepted, E=-10.834480 Ha
Worker 5: Step 658 accepted, E=-10.834455 Ha
Worker 12: Step 663 accepted, E=-10.835564 Ha
Worker 13: Step 675 accepted, E=-10.835363 Ha
Worker 6: Step 706 accepted, E=-10.835279 Ha
Worker 4: Step 702 accepted, E=-10.834833 Ha
Worker 11: Step 622 accepted, E=-10.834269 Ha
Worker 17: Step 660, op=random_displacement, ΔE=0.0000 eV, accept=True
Worker 16: Step 669 accepted, E=-10.834733 Ha
Worker 17: Step 660 accepted, E=-10.834691 Ha
Worker 19: Step 554 accepted, E=-10.835367 Ha
Worker 10: Step 719 accepted, E=-10.834611 Ha
Worker 18: Step 648 accepted, E=-10.835403 Ha
Worker 14: Step 698 accepted, E=-10.834332 Ha
Worker 8: Step 615 accepted, E=-10.835021 Ha
Worker 15: Step 640 accepted, E=-10.834452 Ha
Worker 16: No change from 'small_principal_axis_rotation', skipping.
Worker 0: Step 714 accepted, E=-10.834479 Ha
Worker 9: Step 715 accepted, E=-10.834702 Ha
Worker 19: No change from 'principal_axis_rotation', skipping.
Worker 12: Step 664 accepted, E=-10.835552 Ha
Worker 13: Step 676 accepted, E=-10.835224 Ha
Worker 11: Step 623 accepted, E=-10.834179 Ha
Worker 4: Step 703 accepted, E=-10.834848 Ha
Worker 6: Step 707 accepted, E=-10.835360 Ha
Worker 10: Step 720, op=correlated_displacement, ΔE=0.0006 eV, accept=True
Worker 0: Step 715 accepted, E=-10.834481 Ha
Worker 10: Step 720 accepted, E=-10.834589 Ha
Worker 14: Step 699 accepted, E=-10.834377 Ha
Worker 5: Step 659 accepted, E=-10.834460 Ha
Worker 18: Step 649 accepted, E=-10.835404 Ha
Worker 15: Step 641 accepted, E=-10.834455 Ha
Worker 16: Step 671 accepted, E=-10.834734 Ha
Worker 8: Step 616 accepted, E=-10.834495 Ha
Worker 17: Step 661 accepted, E=-10.834703 Ha
Worker 19: Step 556 accepted, E=-10.835307 Ha
Worker 12: Step 665 accepted, E=-10.835557 Ha
Worker 13: Step 677 accepted, E=-10.835166 Ha
Worker 11: Step 624 accepted, E=-10.834179 Ha
Worker 4: Step 704 accepted, E=-10.834872 Ha
Worker 12: No change from 'small_principal_axis_rotation', skipping.
Worker 0: Step 716 accepted, E=-10.834482 Ha
Worker 9: Step 716 accepted, E=-10.834740 Ha
Worker 10: Step 721 accepted, E=-10.834616 Ha
Worker 16: Step 672 accepted, E=-10.834728 Ha
Worker 14: Step 700 accepted, E=-10.834433 Ha
Worker 15: Step 642 accepted, E=-10.834462 Ha
Worker 18: Step 650 accepted, E=-10.835457 Ha
Worker 8: Step 617 accepted, E=-10.834517 Ha
Worker 8: No change from 'small_principal_axis_rotation', skipping.
Worker 19: Step 557 accepted, E=-10.835183 Ha
Worker 11: Step 625 accepted, E=-10.834180 Ha
Worker 13: Step 678 accepted, E=-10.835175 Ha
Worker 4: Step 705 accepted, E=-10.834900 Ha
Worker 5: Step 660 accepted, E=-10.834690 Ha
Worker 6: Step 709 accepted, E=-10.835264 Ha
Worker 12: Step 667 accepted, E=-10.835560 Ha
Worker 0: Step 717 accepted, E=-10.834483 Ha
Worker 10: Step 722 accepted, E=-10.834640 Ha
Worker 17: Step 662 accepted, E=-10.834354 Ha
Worker 16: Step 673 accepted, E=-10.834736 Ha
Worker 14: Step 701 accepted, E=-10.834576 Ha
Worker 18: Step 651 accepted, E=-10.835488 Ha
Worker 15: Step 643 accepted, E=-10.834800 Ha
Worker 4: No change from 'principal_axis_rotation', skipping.
Worker 9: Step 717 accepted, E=-10.834714 Ha
Worker 19: Step 558 accepted, E=-10.835139 Ha
Worker 11: Step 626 accepted, E=-10.834182 Ha
Worker 13: Step 679 accepted, E=-10.835164 Ha
Worker 12: Step 668 accepted, E=-10.835558 Ha
Worker 6: Step 710 accepted, E=-10.835348 Ha
Worker 0: Step 718 accepted, E=-10.834483 Ha
Worker 16: Step 674 accepted, E=-10.834759 Ha
Worker 10: Step 723 accepted, E=-10.834644 Ha
Worker 14: Step 702 accepted, E=-10.834597 Ha
Worker 18: Step 652 accepted, E=-10.835492 Ha
Worker 5: Step 661 accepted, E=-10.834690 Ha
Worker 15: Step 644 accepted, E=-10.834489 Ha
Worker 17: Step 663 accepted, E=-10.834355 Ha
Worker 4: Step 707 accepted, E=-10.834900 Ha
Worker 8: Step 620, op=correlated_displacement, ΔE=0.0189 eV, accept=True
Worker 19: Step 559 accepted, E=-10.835081 Ha
Worker 13: Step 680, op=random_rotation, ΔE=0.0006 eV, accept=True
Worker 11: Step 627 accepted, E=-10.834286 Ha
Worker 8: Step 620 accepted, E=-10.833823 Ha
Worker 13: Step 680 accepted, E=-10.835144 Ha
Worker 0: Step 719 accepted, E=-10.834482 Ha
Worker 16: Step 675 accepted, E=-10.834773 Ha
Worker 12: Step 669 accepted, E=-10.835729 Ha
Worker 9: Step 718 accepted, E=-10.834699 Ha
Worker 10: Step 724 accepted, E=-10.834639 Ha
Worker 6: Step 711 accepted, E=-10.835351 Ha
Worker 6: No change from 'small_principal_axis_rotation', skipping.
Worker 14: Step 703 accepted, E=-10.834601 Ha
Worker 18: Step 653 accepted, E=-10.835203 Ha
Worker 10: No change from 'roto_reflection', skipping.
Worker 4: Step 708 accepted, E=-10.834900 Ha
Worker 11: Step 628 accepted, E=-10.834715 Ha
Worker 15: Step 645 accepted, E=-10.834501 Ha
Worker 19: Step 560 accepted, E=-10.835142 Ha
Worker 0: Step 720, op=small_principal_axis_rotation, ΔE=0.0000 eV, accept=True
Worker 13: Step 681 accepted, E=-10.835223 Ha
Worker 8: Step 621 accepted, E=-10.833673 Ha
Worker 17: Step 664 accepted, E=-10.834354 Ha
Worker 0: Step 720 accepted, E=-10.834481 Ha
Worker 12: Step 670 accepted, E=-10.835774 Ha
Worker 16: Step 676 accepted, E=-10.834782 Ha
Worker 5: Step 662 accepted, E=-10.834686 Ha
Worker 17: No change from 'small_principal_axis_rotation', skipping.
Worker 6: Step 713 accepted, E=-10.835351 Ha
Worker 10: Step 726 accepted, E=-10.834759 Ha
Worker 9: Step 719 accepted, E=-10.834932 Ha
Worker 12: No change from 'roto_reflection', skipping.
Worker 14: Step 704 accepted, E=-10.834698 Ha
Worker 18: Step 654 accepted, E=-10.834381 Ha
Worker 15: Step 646 accepted, E=-10.834505 Ha
Worker 4: Step 709 accepted, E=-10.834877 Ha
Worker 11: Step 629 accepted, E=-10.834716 Ha
Worker 19: Step 561 accepted, E=-10.835263 Ha
Worker 13: Step 682 accepted, E=-10.835222 Ha
Worker 0: Step 721 accepted, E=-10.834480 Ha
Worker 16: Step 677 accepted, E=-10.834772 Ha
Worker 10: No change from 'roto_reflection', skipping.
Worker 9: No change from 'roto_reflection', skipping.
Worker 6: Step 714 accepted, E=-10.835487 Ha
Worker 12: Step 672 accepted, E=-10.835574 Ha
Worker 18: Step 655 accepted, E=-10.834388 Ha
Worker 14: Step 705 accepted, E=-10.833802 Ha
Worker 4: Step 710 accepted, E=-10.835054 Ha
Worker 15: Step 647 accepted, E=-10.834498 Ha
Worker 11: Step 630 accepted, E=-10.834718 Ha
Worker 5: Step 663 accepted, E=-10.834687 Ha
Worker 17: Step 666 accepted, E=-10.834359 Ha
Worker 0: Step 722 accepted, E=-10.834476 Ha
Worker 13: Step 683 accepted, E=-10.835216 Ha
Worker 19: Step 562 accepted, E=-10.835449 Ha
Worker 8: Step 623 accepted, E=-10.835091 Ha
Worker 16: Step 678 accepted, E=-10.834771 Ha
Worker 10: Step 728 accepted, E=-10.834772 Ha
Worker 8: No change from 'principal_axis_rotation', skipping.
Worker 6: Step 715 accepted, E=-10.835495 Ha
Worker 18: Step 656 accepted, E=-10.834404 Ha
Worker 12: Step 673 accepted, E=-10.835553 Ha
Worker 14: Step 706 accepted, E=-10.834152 Ha
Worker 4: Step 711 accepted, E=-10.835024 Ha
Worker 11: Step 631 accepted, E=-10.834718 Ha
Worker 15: Step 648 accepted, E=-10.834502 Ha
Worker 0: Step 723 accepted, E=-10.834475 Ha
Worker 13: Step 684 accepted, E=-10.835185 Ha
Worker 19: Step 563 accepted, E=-10.834955 Ha
Worker 16: Step 679 accepted, E=-10.834784 Ha
Worker 9: Step 721 accepted, E=-10.834923 Ha
Worker 10: Step 729 accepted, E=-10.834750 Ha
Worker 8: Step 625 accepted, E=-10.834035 Ha
Worker 16: No change from 'principal_axis_rotation', skipping.
Worker 17: Step 667 accepted, E=-10.834360 Ha
Worker 13: No change from 'exchange', skipping.
Worker 4: No change from 'roto_reflection', skipping.
Worker 5: Step 664 accepted, E=-10.834684 Ha
Worker 9: No change from 'small_principal_axis_rotation', skipping.
Worker 6: Step 716 accepted, E=-10.834606 Ha
Worker 18: Step 657 accepted, E=-10.834405 Ha
Worker 15: Step 649 accepted, E=-10.834494 Ha
Worker 0: Step 724 accepted, E=-10.834474 Ha
Worker 12: Step 674 accepted, E=-10.835548 Ha
Worker 11: Step 632 accepted, E=-10.834713 Ha
Worker 19: Step 564 accepted, E=-10.835015 Ha
Worker 10: Step 730, op=local_twist, ΔE=0.0003 eV, accept=True
Worker 10: Step 730 accepted, E=-10.834740 Ha
Worker 16: Step 681 accepted, E=-10.834779 Ha
Worker 8: Step 626 accepted, E=-10.835156 Ha
Worker 13: Step 686 accepted, E=-10.835212 Ha
Worker 4: Step 713 accepted, E=-10.835002 Ha
Worker 0: Step 725 accepted, E=-10.834473 Ha
Worker 18: Step 658 accepted, E=-10.834412 Ha
Worker 6: Step 717 accepted, E=-10.834528 Ha
Worker 15: Step 650, op=random_so3, ΔE=0.0006 eV, accept=True
Worker 11: Step 633 accepted, E=-10.834766 Ha
Worker 12: Step 675 accepted, E=-10.835541 Ha
Worker 9: Step 723 accepted, E=-10.834930 Ha
Worker 14: Step 708 accepted, E=-10.834152 Ha
Worker 15: Step 650 accepted, E=-10.834471 Ha
Worker 5: Step 665 accepted, E=-10.834684 Ha
Worker 17: Step 668 accepted, E=-10.834361 Ha
Worker 19: Step 565 accepted, E=-10.834926 Ha
Worker 10: Step 731 accepted, E=-10.834767 Ha
Worker 16: Step 682 accepted, E=-10.834770 Ha
Worker 13: Step 687 accepted, E=-10.835225 Ha
Worker 4: Step 714 accepted, E=-10.835109 Ha
Worker 15: No change from 'mirror', skipping.
Worker 8: Step 627 accepted, E=-10.835136 Ha
Worker 0: Step 726 accepted, E=-10.834468 Ha
Worker 18: Step 659 accepted, E=-10.834421 Ha
Worker 11: Step 634 accepted, E=-10.834794 Ha
Worker 12: Step 676 accepted, E=-10.835520 Ha
Worker 6: Step 718 accepted, E=-10.834500 Ha
Worker 14: Step 709 accepted, E=-10.834153 Ha
Worker 19: Step 566 accepted, E=-10.834967 Ha
Worker 10: Step 732 accepted, E=-10.834767 Ha
Worker 16: Step 683 accepted, E=-10.834754 Ha
Worker 9: Step 724 accepted, E=-10.834930 Ha
Worker 13: Step 688 accepted, E=-10.835290 Ha
Worker 5: Step 666 accepted, E=-10.834687 Ha
Worker 15: Step 652 accepted, E=-10.834471 Ha
Worker 4: Step 715 accepted, E=-10.835115 Ha
Worker 0: Step 727 accepted, E=-10.834533 Ha
Worker 8: Step 628 accepted, E=-10.835169 Ha
Worker 17: Step 669 accepted, E=-10.834362 Ha
Worker 12: Step 677 accepted, E=-10.835561 Ha
Worker 18: Step 660 accepted, E=-10.834423 Ha
Worker 11: Step 635 accepted, E=-10.834796 Ha
Worker 19: Step 567 accepted, E=-10.834967 Ha
Worker 14: Step 710, op=small_principal_axis_rotation, ΔE=0.0015 eV, accept=True
Worker 6: Step 719 accepted, E=-10.834517 Ha
Worker 0: No change from 'correlated_displacement', skipping.
Worker 14: Step 710 accepted, E=-10.834097 Ha
Worker 10: Step 733 accepted, E=-10.834818 Ha
Worker 16: Step 684 accepted, E=-10.834810 Ha
Worker 13: Step 689 accepted, E=-10.835212 Ha
Worker 4: Step 716 accepted, E=-10.835106 Ha
Worker 15: Step 653 accepted, E=-10.834471 Ha
Worker 8: Step 629 accepted, E=-10.835576 Ha
Worker 12: Step 678 accepted, E=-10.835553 Ha
Worker 0: Step 729 accepted, E=-10.834535 Ha
Worker 11: Step 636 accepted, E=-10.834805 Ha
Worker 18: Step 661 accepted, E=-10.834422 Ha
Worker 9: Step 725 accepted, E=-10.834924 Ha
Worker 19: Step 568 accepted, E=-10.834963 Ha
Worker 6: Step 720 accepted, E=-10.834843 Ha
Worker 5: Step 667 accepted, E=-10.834685 Ha
Worker 14: Step 711 accepted, E=-10.834099 Ha
Worker 10: Step 734 accepted, E=-10.834803 Ha
Worker 17: Step 670 accepted, E=-10.834371 Ha
Worker 13: Step 690, op=random_displacement, ΔE=0.0016 eV, accept=True
Worker 16: Step 685 accepted, E=-10.834805 Ha
Worker 13: Step 690 accepted, E=-10.835155 Ha
Worker 15: Step 654 accepted, E=-10.834478 Ha
Worker 4: Step 717 accepted, E=-10.835020 Ha
Worker 8: Step 630 accepted, E=-10.835578 Ha
Worker 12: Step 679 accepted, E=-10.835570 Ha
Worker 0: Step 730, op=correlated_displacement, ΔE=0.0000 eV, accept=True
Worker 0: Step 730 accepted, E=-10.834535 Ha
Worker 11: Step 637 accepted, E=-10.834798 Ha
Worker 18: Step 662 accepted, E=-10.834413 Ha
Worker 19: Step 569 accepted, E=-10.834971 Ha
Worker 14: Step 712 accepted, E=-10.835403 Ha
Worker 10: Step 735 accepted, E=-10.834792 Ha
Worker 6: Step 721 accepted, E=-10.834839 Ha
Worker 16: Step 686 accepted, E=-10.834817 Ha
Worker 13: Step 691 accepted, E=-10.835154 Ha
Worker 15: Step 655 accepted, E=-10.834482 Ha
Worker 9: Step 726 accepted, E=-10.834969 Ha
Worker 4: Step 718 accepted, E=-10.835024 Ha
Worker 12: Step 680, op=correlated_displacement, ΔE=0.0004 eV, accept=True
Worker 5: Step 668 accepted, E=-10.834684 Ha
Worker 12: Step 680 accepted, E=-10.835555 Ha
Worker 8: Step 631 accepted, E=-10.835718 Ha
Worker 11: Step 638 accepted, E=-10.834821 Ha
Worker 0: Step 731 accepted, E=-10.834534 Ha
Worker 19: Step 570, op=random_displacement, ΔE=0.0002 eV, accept=True
Worker 17: Step 671 accepted, E=-10.834385 Ha
Worker 18: Step 663 accepted, E=-10.834490 Ha
Worker 19: Step 570 accepted, E=-10.834965 Ha
Worker 10: Step 736 accepted, E=-10.834791 Ha
Worker 14: Step 713 accepted, E=-10.835401 Ha
Worker 6: Step 722 accepted, E=-10.834839 Ha
Worker 16: Step 687 accepted, E=-10.834833 Ha
Worker 12: No change from 'roto_reflection', skipping.
Worker 15: Step 656 accepted, E=-10.834489 Ha
Worker 13: Step 692 accepted, E=-10.835238 Ha
Worker 4: Step 719 accepted, E=-10.834989 Ha
Worker 9: Step 727 accepted, E=-10.834978 Ha
Worker 11: Step 639 accepted, E=-10.835009 Ha
Worker 0: Step 732 accepted, E=-10.834531 Ha
Worker 4: No change from 'small_principal_axis_rotation', skipping.
Worker 8: Step 632 accepted, E=-10.835663 Ha
Worker 13: No change from 'large_displacement', skipping.
Worker 19: Step 571 accepted, E=-10.835035 Ha
Worker 18: Step 664 accepted, E=-10.834490 Ha
Worker 10: Step 737 accepted, E=-10.834804 Ha
Worker 5: Step 669 accepted, E=-10.834662 Ha
Worker 14: Step 714 accepted, E=-10.835421 Ha
Worker 16: Step 688 accepted, E=-10.834824 Ha
Worker 6: Step 723 accepted, E=-10.834917 Ha
Worker 15: Step 657 accepted, E=-10.834509 Ha
Worker 12: Step 682 accepted, E=-10.835508 Ha
Worker 17: Step 672 accepted, E=-10.834385 Ha
Worker 9: Step 728 accepted, E=-10.834958 Ha
Worker 0: Step 733 accepted, E=-10.834531 Ha
Worker 4: Step 721 accepted, E=-10.834972 Ha
Worker 11: Step 640 accepted, E=-10.835014 Ha
Worker 13: Step 694 accepted, E=-10.835197 Ha
Worker 18: Step 665 accepted, E=-10.834493 Ha
Worker 19: Step 572 accepted, E=-10.835029 Ha
Worker 8: Step 633 accepted, E=-10.835667 Ha
Worker 10: Step 738 accepted, E=-10.834902 Ha
Worker 14: Step 715 accepted, E=-10.835420 Ha
Worker 16: Step 689 accepted, E=-10.834828 Ha
Worker 15: Step 658 accepted, E=-10.834510 Ha
Worker 12: Step 683 accepted, E=-10.835524 Ha
Worker 6: Step 724 accepted, E=-10.834600 Ha
Worker 0: Step 734 accepted, E=-10.834532 Ha
Worker 9: Step 729 accepted, E=-10.834962 Ha
Worker 5: Step 670, op=small_principal_axis_rotation, ΔE=0.0003 eV, accept=True
Worker 4: Step 722 accepted, E=-10.835125 Ha
Worker 5: Step 670 accepted, E=-10.834652 Ha
Worker 11: Step 641 accepted, E=-10.835016 Ha
Worker 18: Step 666 accepted, E=-10.834497 Ha
Worker 17: Step 673 accepted, E=-10.834377 Ha
Worker 13: Step 695 accepted, E=-10.835126 Ha
Worker 19: Step 573 accepted, E=-10.835024 Ha
Worker 10: Step 739 accepted, E=-10.834931 Ha
Worker 8: Step 634 accepted, E=-10.835656 Ha
Worker 14: Step 716 accepted, E=-10.834014 Ha
Worker 16: Step 690 accepted, E=-10.835125 Ha
Worker 15: Step 659 accepted, E=-10.834534 Ha
Worker 12: Step 684 accepted, E=-10.835521 Ha
Worker 0: Step 735 accepted, E=-10.834534 Ha
Worker 6: Step 725 accepted, E=-10.834662 Ha
Worker 13: No change from 'correlated_displacement', skipping.
Worker 9: Step 730 accepted, E=-10.834968 Ha
Worker 4: Step 723 accepted, E=-10.835058 Ha
Worker 11: Step 642 accepted, E=-10.834903 Ha
Worker 19: Step 574 accepted, E=-10.835056 Ha
Worker 10: Step 740, op=random_displacement, ΔE=0.0012 eV, accept=True
Worker 18: Step 667 accepted, E=-10.834496 Ha
Worker 10: Step 740 accepted, E=-10.834886 Ha
Worker 8: Step 635 accepted, E=-10.835646 Ha
Worker 19: No change from 'small_principal_axis_rotation', skipping.
Worker 14: Step 717 accepted, E=-10.834016 Ha
Worker 5: Step 671 accepted, E=-10.834655 Ha
Worker 16: Step 691 accepted, E=-10.835119 Ha
Worker 15: Step 660, op=random_displacement, ΔE=0.0001 eV, accept=True
Worker 12: Step 685 accepted, E=-10.835530 Ha
Worker 0: Step 736 accepted, E=-10.834537 Ha
Worker 15: Step 660 accepted, E=-10.834531 Ha
Worker 17: Step 674 accepted, E=-10.834368 Ha
Worker 6: Step 726 accepted, E=-10.834651 Ha
Worker 13: Step 697 accepted, E=-10.835106 Ha
Worker 9: Step 731 accepted, E=-10.834964 Ha
Worker 12: No change from 'large_displacement', skipping.
Worker 0: No change from 'random_displacement', skipping.
Worker 16: No change from 'mirror', skipping.
Worker 11: Step 643 accepted, E=-10.834920 Ha
Worker 18: Step 668 accepted, E=-10.834501 Ha
Worker 10: Step 741 accepted, E=-10.834568 Ha
Worker 19: Step 576 accepted, E=-10.835054 Ha
Worker 8: Step 636 accepted, E=-10.835589 Ha
Worker 14: Step 718 accepted, E=-10.834021 Ha
Worker 15: Step 661 accepted, E=-10.834532 Ha
Worker 6: Step 727 accepted, E=-10.834676 Ha
Worker 13: Step 698 accepted, E=-10.835149 Ha
Worker 4: Step 725 accepted, E=-10.835062 Ha
Worker 0: Step 738 accepted, E=-10.834535 Ha
Worker 5: Step 672 accepted, E=-10.834661 Ha
Worker 12: Step 687 accepted, E=-10.835485 Ha
Worker 16: Step 693 accepted, E=-10.835133 Ha
Worker 11: Step 644 accepted, E=-10.834946 Ha
Worker 18: Step 669 accepted, E=-10.834472 Ha
Worker 17: Step 675 accepted, E=-10.834367 Ha
Worker 9: Step 732 accepted, E=-10.834958 Ha
Worker 10: Step 742 accepted, E=-10.834560 Ha
Worker 0: No change from 'mirror', skipping.
Worker 19: Step 577 accepted, E=-10.835052 Ha
Worker 14: Step 719 accepted, E=-10.834141 Ha
Worker 15: Step 662 accepted, E=-10.834757 Ha
Worker 6: Step 728 accepted, E=-10.834679 Ha
Worker 13: Step 699 accepted, E=-10.835205 Ha
Worker 4: Step 726 accepted, E=-10.835070 Ha
Worker 10: No change from 'mirror', skipping.
Worker 12: Step 688 accepted, E=-10.835509 Ha
Worker 11: Step 645 accepted, E=-10.834944 Ha
Worker 16: Step 694 accepted, E=-10.835133 Ha
Worker 18: Step 670, op=small_principal_axis_rotation, ΔE=0.0019 eV, accept=True
Worker 9: Step 733 accepted, E=-10.834981 Ha
Worker 18: Step 670 accepted, E=-10.834404 Ha
Worker 0: Step 740 accepted, E=-10.834535 Ha
Worker 5: Step 673 accepted, E=-10.834660 Ha
Worker 14: Step 720, op=twist, ΔE=0.0006 eV, accept=True
Worker 19: Step 578 accepted, E=-10.835052 Ha
Worker 18: No change from 'small_principal_axis_rotation', skipping.
Worker 14: Step 720 accepted, E=-10.834120 Ha
Worker 8: Step 638 accepted, E=-10.835584 Ha
Worker 15: Step 663 accepted, E=-10.834756 Ha
Worker 13: Step 700 accepted, E=-10.835234 Ha
Worker 17: Step 676 accepted, E=-10.834369 Ha
Worker 4: Step 727 accepted, E=-10.835115 Ha
Worker 10: Step 744 accepted, E=-10.834556 Ha
Worker 6: Step 729 accepted, E=-10.834588 Ha
Worker 12: Step 689 accepted, E=-10.835425 Ha
Worker 11: Step 646 accepted, E=-10.834937 Ha
Worker 16: Step 695 accepted, E=-10.835134 Ha
Worker 14: No change from 'roto_reflection', skipping.
Worker 9: Step 734 accepted, E=-10.834973 Ha
Worker 0: Step 741 accepted, E=-10.834536 Ha
Worker 15: Step 664 accepted, E=-10.834754 Ha
Worker 18: Step 672 accepted, E=-10.834440 Ha
Worker 19: Step 579 accepted, E=-10.835059 Ha
Worker 13: Step 701 accepted, E=-10.835261 Ha
Worker 8: Step 639 accepted, E=-10.835598 Ha
Worker 10: Step 745 accepted, E=-10.834557 Ha
Worker 4: Step 728 accepted, E=-10.835105 Ha
Worker 6: Step 730 accepted, E=-10.834664 Ha
Worker 12: Step 690 accepted, E=-10.835506 Ha
Worker 5: Step 674 accepted, E=-10.834657 Ha
Worker 16: Step 696 accepted, E=-10.835136 Ha
Worker 14: Step 722 accepted, E=-10.833926 Ha
Worker 11: Step 647 accepted, E=-10.834965 Ha
Worker 13: No change from 'twist', skipping.
Worker 9: Step 735 accepted, E=-10.834953 Ha
Worker 18: No change from 'roto_reflection', skipping.
Worker 0: Step 742 accepted, E=-10.834539 Ha
Worker 17: Step 677 accepted, E=-10.834368 Ha
Worker 15: Step 665 accepted, E=-10.834717 Ha
Worker 19: Step 580, op=random_displacement, ΔE=0.0001 eV, accept=True
Worker 19: Step 580 accepted, E=-10.835056 Ha
Worker 10: Step 746 accepted, E=-10.834537 Ha
Worker 4: Step 729 accepted, E=-10.835290 Ha
Worker 8: Step 640, op=correlated_displacement, ΔE=0.0015 eV, accept=True
Worker 8: Step 640 accepted, E=-10.835543 Ha
Worker 6: Step 731 accepted, E=-10.834774 Ha
Worker 16: Step 697 accepted, E=-10.835148 Ha
Worker 14: Step 723 accepted, E=-10.833953 Ha
Worker 0: Step 743 accepted, E=-10.834539 Ha
Worker 11: Step 648 accepted, E=-10.834968 Ha
Worker 9: Step 736 accepted, E=-10.834954 Ha
Worker 13: Step 703 accepted, E=-10.835307 Ha
Worker 18: Step 674 accepted, E=-10.834420 Ha
Worker 11: No change from 'small_principal_axis_rotation', skipping.
Worker 15: Step 666 accepted, E=-10.834696 Ha
Worker 5: Step 675 accepted, E=-10.834658 Ha
Worker 19: Step 581 accepted, E=-10.835076 Ha
Worker 10: Step 747 accepted, E=-10.834536 Ha
Worker 4: Step 730 accepted, E=-10.835458 Ha
Worker 17: Step 678 accepted, E=-10.834361 Ha
Worker 8: Step 641 accepted, E=-10.835557 Ha
Worker 12: Step 692 accepted, E=-10.835502 Ha
Worker 16: Step 698 accepted, E=-10.835111 Ha
Worker 6: Step 732 accepted, E=-10.834824 Ha
Worker 0: Step 744 accepted, E=-10.834541 Ha
Worker 14: Step 724 accepted, E=-10.833820 Ha
Worker 9: Step 737 accepted, E=-10.834931 Ha
Worker 13: Step 704 accepted, E=-10.835356 Ha
Worker 18: Step 675 accepted, E=-10.834490 Ha
Worker 11: Step 650 accepted, E=-10.834989 Ha
Worker 15: Step 667 accepted, E=-10.834682 Ha
Worker 8: No change from 'large_displacement', skipping.
Worker 13: No change from 'small_principal_axis_rotation', skipping.
Worker 19: Step 582 accepted, E=-10.835070 Ha
Worker 4: Step 731 accepted, E=-10.835463 Ha
Worker 12: Step 693 accepted, E=-10.835464 Ha
Worker 10: Step 748 accepted, E=-10.835648 Ha
Worker 0: Step 745 accepted, E=-10.834550 Ha
Worker 16: Step 699 accepted, E=-10.835114 Ha
Worker 4: No change from 'small_principal_axis_rotation', skipping.
Worker 5: Step 676 accepted, E=-10.834670 Ha
Worker 14: Step 725 accepted, E=-10.833760 Ha
Worker 9: Step 738 accepted, E=-10.834941 Ha
Worker 18: Step 676 accepted, E=-10.834463 Ha
Worker 17: Step 679 accepted, E=-10.834369 Ha
Worker 15: Step 668 accepted, E=-10.834700 Ha
Worker 8: Step 643 accepted, E=-10.835240 Ha
Worker 13: Step 706 accepted, E=-10.835311 Ha
Worker 8: No change from 'small_principal_axis_rotation', skipping.
Worker 19: Step 583 accepted, E=-10.835044 Ha
Worker 10: Step 749 accepted, E=-10.835648 Ha
Worker 0: Step 746 accepted, E=-10.834557 Ha
Worker 16: Step 700, op=random_displacement, ΔE=0.0019 eV, accept=False
Worker 4: Step 733 accepted, E=-10.835467 Ha
Worker 6: Step 734 accepted, E=-10.834827 Ha
Worker 14: Step 726 accepted, E=-10.833844 Ha
Worker 18: Step 677 accepted, E=-10.834405 Ha
Worker 11: Step 652 accepted, E=-10.835000 Ha
Worker 15: Step 669 accepted, E=-10.834700 Ha
Worker 13: Step 707 accepted, E=-10.835369 Ha
Worker 9: Step 739 accepted, E=-10.834930 Ha
Worker 12: Step 695 accepted, E=-10.835463 Ha
Worker 8: Step 645 accepted, E=-10.835326 Ha
Worker 17: Step 680, op=random_rotation, ΔE=0.0000 eV, accept=True
Worker 10: Step 750 accepted, E=-10.835650 Ha
Worker 19: Step 584 accepted, E=-10.835046 Ha
Worker 10: Done. Accepted=700, Rejected=50, Rate=93.3%
Worker 17: Step 680 accepted, E=-10.834368 Ha
Worker 5: Step 677 accepted, E=-10.834519 Ha
Worker 0: Step 747 accepted, E=-10.834557 Ha
Worker 16: Step 701 accepted, E=-10.835187 Ha
Worker 4: Step 734 accepted, E=-10.835422 Ha
Worker 6: Step 735 accepted, E=-10.834709 Ha
Worker 14: Step 727 accepted, E=-10.833859 Ha
Worker 18: Step 678 accepted, E=-10.834382 Ha
Worker 11: Step 653 accepted, E=-10.835807 Ha
Worker 9: Step 740, op=random_so3, ΔE=0.0068 eV, accept=True
Worker 15: Step 670 accepted, E=-10.834707 Ha
Worker 9: Step 740 accepted, E=-10.834679 Ha
Worker 12: Step 696 accepted, E=-10.835472 Ha
Worker 8: Step 646 accepted, E=-10.835316 Ha
Worker 0: Step 748 accepted, E=-10.834559 Ha
Worker 16: Step 702 accepted, E=-10.835103 Ha
Worker 19: Step 585 accepted, E=-10.835060 Ha
Worker 13: Step 708 accepted, E=-10.835375 Ha
Worker 4: Step 735 accepted, E=-10.835461 Ha
Worker 6: Step 736 accepted, E=-10.834738 Ha
Worker 14: Step 728 accepted, E=-10.833858 Ha
Worker 17: Step 681 accepted, E=-10.834372 Ha
Worker 18: Step 679 accepted, E=-10.834382 Ha
Worker 11: Step 654 accepted, E=-10.835811 Ha
Worker 5: Step 678 accepted, E=-10.834525 Ha
Worker 15: Step 671 accepted, E=-10.834765 Ha
Worker 9: Step 741 accepted, E=-10.834681 Ha
Worker 0: Step 749 accepted, E=-10.834553 Ha
Worker 12: Step 697 accepted, E=-10.835480 Ha
Worker 8: Step 647 accepted, E=-10.835278 Ha
Worker 16: Step 703 accepted, E=-10.835057 Ha
Worker 19: Step 586 accepted, E=-10.835046 Ha
Worker 13: Step 709 accepted, E=-10.835301 Ha
Worker 4: Step 736 accepted, E=-10.835502 Ha
Worker 6: Step 737 accepted, E=-10.834745 Ha
Worker 18: Step 680, op=random_displacement, ΔE=0.0018 eV, accept=True
Worker 14: Step 729 accepted, E=-10.833839 Ha
Worker 18: Step 680 accepted, E=-10.834315 Ha
Worker 15: Step 672 accepted, E=-10.834760 Ha
Worker 11: Step 655 accepted, E=-10.835795 Ha
Worker 9: Step 742 accepted, E=-10.834662 Ha
Worker 0: Step 750 accepted, E=-10.834554 Ha
Worker 0: Done. Accepted=680, Rejected=70, Rate=90.7%
Worker 12: Step 698 accepted, E=-10.835517 Ha
Worker 5: Step 679 accepted, E=-10.834512 Ha
Worker 8: Step 648 accepted, E=-10.835220 Ha
Worker 17: Step 682 accepted, E=-10.834369 Ha
Worker 16: Step 704 accepted, E=-10.834405 Ha
Worker 13: Step 710, op=local_twist, ΔE=0.0014 eV, accept=True
Worker 4: Step 737 accepted, E=-10.835479 Ha
Worker 13: Step 710 accepted, E=-10.835250 Ha
Worker 6: Step 738 accepted, E=-10.834835 Ha
Worker 8: No change from 'small_principal_axis_rotation', skipping.
Worker 14: Step 730, op=random_rotation, ΔE=0.0005 eV, accept=True
Worker 15: Step 673 accepted, E=-10.834761 Ha
Worker 14: Step 730 accepted, E=-10.833820 Ha
Worker 18: Step 681 accepted, E=-10.834314 Ha
Worker 11: Step 656 accepted, E=-10.833751 Ha
Worker 9: Step 743 accepted, E=-10.834651 Ha
Worker 12: Step 699 accepted, E=-10.835361 Ha
Worker 19: Step 587 accepted, E=-10.835065 Ha
Worker 16: Step 705 accepted, E=-10.834391 Ha
Worker 13: Step 711 accepted, E=-10.835250 Ha
Worker 4: Step 738 accepted, E=-10.835485 Ha
Worker 8: Step 650, op=random_displacement, ΔE=0.0003 eV, accept=True
Worker 6: Step 739 accepted, E=-10.834930 Ha
Worker 8: Step 650 accepted, E=-10.835208 Ha
Worker 15: Step 674 accepted, E=-10.834740 Ha
Worker 16: No change from 'exchange', skipping.
Worker 18: Step 682 accepted, E=-10.834270 Ha
Worker 14: Step 731 accepted, E=-10.833782 Ha
Worker 5: Step 680 accepted, E=-10.834514 Ha
Worker 11: Step 657 accepted, E=-10.833732 Ha
Worker 9: Step 744 accepted, E=-10.834649 Ha
Worker 17: Step 683 accepted, E=-10.834367 Ha
Worker 12: Step 700, op=twist, ΔE=0.0017 eV, accept=True
Worker 12: Step 700 accepted, E=-10.835297 Ha
Worker 19: Step 588 accepted, E=-10.835174 Ha
Worker 4: Step 739 accepted, E=-10.834824 Ha
Worker 13: Step 712 accepted, E=-10.835293 Ha
Worker 15: Step 675 accepted, E=-10.834742 Ha
Worker 16: Step 707 accepted, E=-10.834400 Ha
Worker 6: Step 740 accepted, E=-10.834991 Ha
Worker 8: Step 651 accepted, E=-10.835188 Ha
Worker 18: Step 683 accepted, E=-10.834271 Ha
Worker 9: Step 745 accepted, E=-10.834665 Ha
Worker 14: Step 732 accepted, E=-10.833782 Ha
Worker 11: Step 658 accepted, E=-10.833708 Ha
Worker 12: Step 701 accepted, E=-10.834783 Ha
Worker 15: No change from 'roto_reflection', skipping.
Worker 8: No change from 'roto_reflection', skipping.
Worker 19: Step 589 accepted, E=-10.835166 Ha
Worker 5: Step 681 accepted, E=-10.834524 Ha
Worker 17: Step 684 accepted, E=-10.834366 Ha
Worker 4: Step 740 accepted, E=-10.834851 Ha
Worker 13: Step 713 accepted, E=-10.835366 Ha
Worker 6: Step 741 accepted, E=-10.834997 Ha
Worker 16: Step 708 accepted, E=-10.834398 Ha
Worker 18: Step 684 accepted, E=-10.834265 Ha
Worker 11: Step 659 accepted, E=-10.833706 Ha
Worker 14: Step 733 accepted, E=-10.833222 Ha
Worker 12: Step 702 accepted, E=-10.834839 Ha
Worker 15: Step 677 accepted, E=-10.834810 Ha
Worker 19: Step 590, op=large_displacement, ΔE=0.0080 eV, accept=True
Worker 8: Step 653 accepted, E=-10.835203 Ha
Worker 19: Step 590 accepted, E=-10.834871 Ha
Worker 9: Step 746 accepted, E=-10.834694 Ha
Worker 4: Step 741 accepted, E=-10.834853 Ha
Worker 13: Step 714 accepted, E=-10.835359 Ha
Worker 6: Step 742 accepted, E=-10.835005 Ha
Worker 16: Step 709 accepted, E=-10.834401 Ha
Worker 18: Step 685 accepted, E=-10.834285 Ha
Worker 11: Step 660, op=random_rotation, ΔE=0.0002 eV, accept=True
Worker 11: Step 660 accepted, E=-10.833699 Ha
Worker 17: Step 685 accepted, E=-10.834373 Ha
Worker 5: Step 682 accepted, E=-10.834536 Ha
Worker 12: Step 703 accepted, E=-10.834878 Ha
Worker 15: Step 678 accepted, E=-10.834808 Ha
Worker 14: Step 734 accepted, E=-10.833784 Ha
Worker 9: Step 747 accepted, E=-10.834735 Ha
Worker 19: Step 591 accepted, E=-10.834902 Ha
Worker 4: Step 742 accepted, E=-10.834863 Ha
Worker 13: Step 715 accepted, E=-10.835401 Ha
Worker 6: Step 743 accepted, E=-10.834961 Ha
Worker 16: Step 710 accepted, E=-10.834402 Ha
Worker 18: Step 686 accepted, E=-10.834290 Ha
Worker 11: Step 661 accepted, E=-10.833749 Ha
Worker 4: No change from 'roto_reflection', skipping.
Worker 8: Step 654 accepted, E=-10.835209 Ha
Worker 12: Step 704 accepted, E=-10.834881 Ha
Worker 15: Step 679 accepted, E=-10.834794 Ha
Worker 19: Step 592 accepted, E=-10.834907 Ha
Worker 9: Step 748 accepted, E=-10.834748 Ha
Worker 18: No change from 'roto_reflection', skipping.
Worker 13: Step 716 accepted, E=-10.835416 Ha
Worker 17: Step 686 accepted, E=-10.834375 Ha
Worker 16: Step 711 accepted, E=-10.834396 Ha
Worker 5: Step 683 accepted, E=-10.834558 Ha
Worker 6: Step 744 accepted, E=-10.834958 Ha
Worker 11: Step 662 accepted, E=-10.833827 Ha
Worker 4: Step 744 accepted, E=-10.834866 Ha
Worker 8: Step 655 accepted, E=-10.835203 Ha
Worker 12: Step 705 accepted, E=-10.834927 Ha
Worker 15: Step 680, op=small_principal_axis_rotation, ΔE=0.0000 eV, accept=True
Worker 15: Step 680 accepted, E=-10.834794 Ha
Worker 14: Step 736 accepted, E=-10.833068 Ha
Worker 19: Step 593 accepted, E=-10.834898 Ha
Worker 18: Step 688 accepted, E=-10.834252 Ha
Worker 13: Step 717 accepted, E=-10.835517 Ha
Worker 16: Step 712 accepted, E=-10.834397 Ha
Worker 9: Step 749 accepted, E=-10.834759 Ha
Worker 6: Step 745 accepted, E=-10.834693 Ha
Worker 4: Step 745 accepted, E=-10.834861 Ha
Worker 17: Step 687 accepted, E=-10.834372 Ha
Worker 11: Step 663 accepted, E=-10.833948 Ha
Worker 12: Step 706 accepted, E=-10.834905 Ha
Worker 8: Step 656 accepted, E=-10.834748 Ha
Worker 15: Step 681 accepted, E=-10.834786 Ha
Worker 5: Step 684 accepted, E=-10.834553 Ha
Worker 14: Step 737 accepted, E=-10.830832 Ha
Worker 19: Step 594 accepted, E=-10.834927 Ha
Worker 14: No change from 'small_principal_axis_rotation', skipping.
Worker 18: Step 689 accepted, E=-10.834240 Ha
Worker 16: Step 713 accepted, E=-10.834397 Ha
Worker 13: Step 718 accepted, E=-10.835406 Ha
Worker 9: Step 750 accepted, E=-10.834761 Ha
Worker 9: Done. Accepted=693, Rejected=57, Rate=92.4%
Worker 18: No change from 'small_principal_axis_rotation', skipping.
Worker 6: Step 746 accepted, E=-10.834741 Ha
Worker 12: Step 707 accepted, E=-10.834928 Ha
Worker 16: No change from 'exchange', skipping.
Worker 11: Step 664 accepted, E=-10.833946 Ha
Worker 8: Step 657 accepted, E=-10.834689 Ha
Worker 4: Step 746 accepted, E=-10.834774 Ha
Worker 15: Step 682 accepted, E=-10.834749 Ha
Worker 19: Step 595 accepted, E=-10.834927 Ha
Worker 17: Step 688 accepted, E=-10.834370 Ha
Worker 14: Step 739 accepted, E=-10.830744 Ha
Worker 13: Step 719 accepted, E=-10.835393 Ha
Worker 5: Step 685 accepted, E=-10.834554 Ha
Worker 18: Step 691 accepted, E=-10.834243 Ha
Worker 6: Step 747 accepted, E=-10.834658 Ha
Worker 16: Step 715 accepted, E=-10.834401 Ha
Worker 12: Step 708 accepted, E=-10.834938 Ha
Worker 11: Step 665 accepted, E=-10.833948 Ha
Worker 14: No change from 'mirror', skipping.
Worker 8: Step 658 accepted, E=-10.834602 Ha
Worker 4: Step 747 accepted, E=-10.834777 Ha
Worker 15: Step 683 accepted, E=-10.834749 Ha
Worker 19: Step 596 accepted, E=-10.834921 Ha
Worker 13: Step 720, op=small_principal_axis_rotation, ΔE=0.0009 eV, accept=True
Worker 13: Step 720 accepted, E=-10.835361 Ha
Worker 18: Step 692 accepted, E=-10.834146 Ha
Worker 16: Step 716 accepted, E=-10.834401 Ha
Worker 17: Step 689 accepted, E=-10.834374 Ha
Worker 6: Step 748 accepted, E=-10.834649 Ha
Worker 4: Step 748 accepted, E=-10.834778 Ha
Worker 12: Step 709 accepted, E=-10.834926 Ha
Worker 11: Step 666 accepted, E=-10.833947 Ha
Worker 15: Step 684 accepted, E=-10.834763 Ha
Worker 8: Step 659 accepted, E=-10.835169 Ha
Worker 14: Step 741 accepted, E=-10.830614 Ha
Worker 5: Step 686 accepted, E=-10.834559 Ha
Worker 19: Step 597 accepted, E=-10.834913 Ha
Worker 13: Step 721 accepted, E=-10.835307 Ha
Worker 16: Step 717 accepted, E=-10.834399 Ha
Worker 18: Step 693 accepted, E=-10.834107 Ha
Worker 4: Step 749 accepted, E=-10.834777 Ha
Worker 12: Step 710, op=correlated_displacement, ΔE=0.0007 eV, accept=True
Worker 12: Step 710 accepted, E=-10.834902 Ha
Worker 6: Step 749 accepted, E=-10.834649 Ha
Worker 15: Step 685 accepted, E=-10.834755 Ha
Worker 11: Step 667 accepted, E=-10.833959 Ha
Worker 8: Step 660, op=correlated_displacement, ΔE=0.0013 eV, accept=True
Worker 8: Step 660 accepted, E=-10.835121 Ha
Worker 14: Step 742 accepted, E=-10.833330 Ha
Worker 19: Step 598 accepted, E=-10.834949 Ha
Worker 17: Step 690, op=small_principal_axis_rotation, ΔE=0.0002 eV, accept=True
Worker 17: Step 690 accepted, E=-10.834367 Ha
Worker 13: Step 722 accepted, E=-10.835303 Ha
Worker 16: Step 718 accepted, E=-10.834398 Ha
Worker 18: Step 694 accepted, E=-10.834103 Ha
Worker 5: Step 687 accepted, E=-10.834571 Ha
Worker 4: Step 750, op=small_principal_axis_rotation, ΔE=0.0001 eV, accept=True
Worker 12: Step 711 accepted, E=-10.834887 Ha
Worker 4: Step 750 accepted, E=-10.834772 Ha
Worker 4: Done. Accepted=648, Rejected=102, Rate=86.4%
Worker 15: Step 686 accepted, E=-10.834588 Ha
Worker 6: Step 750 accepted, E=-10.834801 Ha
Worker 11: Step 668 accepted, E=-10.833938 Ha
Worker 6: Done. Accepted=683, Rejected=67, Rate=91.1%
Worker 8: Step 661 accepted, E=-10.835122 Ha
Worker 19: Step 599 accepted, E=-10.834799 Ha
Worker 14: Step 743 accepted, E=-10.833579 Ha
Worker 18: No change from 'roto_reflection', skipping.
Worker 8: No change from 'small_principal_axis_rotation', skipping.
Worker 13: Step 723 accepted, E=-10.835297 Ha
Worker 16: Step 719 accepted, E=-10.834400 Ha
Worker 12: Step 712 accepted, E=-10.834891 Ha
Worker 15: Step 687 accepted, E=-10.834597 Ha
Worker 17: Step 691 accepted, E=-10.834378 Ha
Worker 11: Step 669 accepted, E=-10.833937 Ha
Worker 19: Step 600 accepted, E=-10.834799 Ha
Worker 14: Step 744 accepted, E=-10.833588 Ha
Worker 18: Step 696 accepted, E=-10.834138 Ha
Worker 5: Step 688 accepted, E=-10.834576 Ha
Worker 8: Step 663 accepted, E=-10.835103 Ha
Worker 13: Step 724 accepted, E=-10.835360 Ha
Worker 16: Step 720 accepted, E=-10.834403 Ha
Worker 12: Step 713 accepted, E=-10.834930 Ha
Worker 15: Step 688 accepted, E=-10.834579 Ha
Worker 11: Step 670, op=random_rotation, ΔE=0.0005 eV, accept=True
Worker 16: No change from 'exchange', skipping.
Worker 13: No change from 'large_displacement', skipping.
Worker 19: Step 601 accepted, E=-10.834784 Ha
Worker 11: Step 670 accepted, E=-10.833918 Ha
Worker 14: Step 745 accepted, E=-10.833554 Ha
Worker 8: Step 664 accepted, E=-10.835085 Ha
Worker 17: Step 692 accepted, E=-10.834376 Ha
Worker 5: Step 689 accepted, E=-10.834556 Ha
Worker 12: Step 714 accepted, E=-10.834923 Ha
Worker 15: Step 689 accepted, E=-10.834587 Ha
Worker 13: Step 726 accepted, E=-10.835413 Ha
Worker 16: Step 722 accepted, E=-10.834402 Ha
Worker 19: Step 602 accepted, E=-10.834663 Ha
Worker 11: Step 671 accepted, E=-10.833988 Ha
Worker 18: Step 698 accepted, E=-10.834097 Ha
Worker 14: Step 746 accepted, E=-10.833536 Ha
Worker 8: Step 665 accepted, E=-10.835179 Ha
Worker 19: No change from 'mirror', skipping.
Worker 12: Step 715 accepted, E=-10.834944 Ha
Worker 15: Step 690 accepted, E=-10.834592 Ha
Worker 13: Step 727 accepted, E=-10.835438 Ha
Worker 16: Step 723 accepted, E=-10.834405 Ha
Worker 12: No change from 'small_principal_axis_rotation', skipping.
Worker 17: Step 693 accepted, E=-10.834373 Ha
Worker 11: Step 672 accepted, E=-10.834046 Ha
Worker 18: Step 699 accepted, E=-10.834057 Ha
Worker 13: No change from 'small_principal_axis_rotation', skipping.
Worker 5: Step 690 accepted, E=-10.834562 Ha
Worker 14: Step 747 accepted, E=-10.833501 Ha
Worker 8: Step 666 accepted, E=-10.835273 Ha
Worker 19: Step 604 accepted, E=-10.834660 Ha
Worker 12: Step 717 accepted, E=-10.834910 Ha
Worker 15: Step 691 accepted, E=-10.834584 Ha
Worker 16: Step 724 accepted, E=-10.834410 Ha
Worker 11: Step 673 accepted, E=-10.834057 Ha
Worker 13: Step 729 accepted, E=-10.835440 Ha
Worker 18: Step 700 accepted, E=-10.834058 Ha
Worker 14: Step 748 accepted, E=-10.833511 Ha
Worker 8: Step 667 accepted, E=-10.834608 Ha
Worker 19: Step 605 accepted, E=-10.834646 Ha
Worker 18: No change from 'exchange', skipping.
Worker 17: Step 694 accepted, E=-10.834377 Ha
Worker 5: Step 691 accepted, E=-10.834555 Ha
Worker 12: Step 718 accepted, E=-10.834959 Ha
Worker 15: Step 692 accepted, E=-10.834592 Ha
Worker 16: Step 725 accepted, E=-10.834460 Ha
Worker 11: Step 674 accepted, E=-10.834079 Ha
Worker 13: Step 730, op=local_twist, ΔE=0.0002 eV, accept=True
Worker 13: Step 730 accepted, E=-10.835434 Ha
Worker 8: Step 668 accepted, E=-10.834561 Ha
Worker 14: Step 749 accepted, E=-10.833829 Ha
Worker 16: No change from 'mirror', skipping.
Worker 18: Step 702 accepted, E=-10.834078 Ha
Worker 12: Step 719 accepted, E=-10.834943 Ha
Worker 15: Step 693 accepted, E=-10.834605 Ha
Worker 11: Step 675 accepted, E=-10.834269 Ha
Worker 17: Step 695 accepted, E=-10.834387 Ha
Worker 8: No change from 'roto_reflection', skipping.
Worker 19: Step 606 accepted, E=-10.834643 Ha
Worker 5: Step 692 accepted, E=-10.834556 Ha
Worker 13: Step 731 accepted, E=-10.835149 Ha
Worker 16: Step 727 accepted, E=-10.834460 Ha
Worker 14: Step 750, op=random_displacement, ΔE=0.0305 eV, accept=False
Worker 14: Done. Accepted=667, Rejected=83, Rate=88.9%
Worker 18: Step 703 accepted, E=-10.834072 Ha
Worker 12: Step 720 accepted, E=-10.835193 Ha
Worker 15: Step 694 accepted, E=-10.834605 Ha
Worker 11: Step 676 accepted, E=-10.834270 Ha
Worker 19: Step 607 accepted, E=-10.834662 Ha
Worker 8: Step 670, op=correlated_displacement, ΔE=0.0050 eV, accept=True
Worker 8: Step 670 accepted, E=-10.834379 Ha
Worker 13: Step 732 accepted, E=-10.835148 Ha
Worker 16: Step 728 accepted, E=-10.834447 Ha
Worker 17: Step 696 accepted, E=-10.834386 Ha
Worker 18: Step 704 accepted, E=-10.834067 Ha
Worker 5: Step 693 accepted, E=-10.834556 Ha
Worker 12: Step 721 accepted, E=-10.835196 Ha
Worker 15: Step 695 accepted, E=-10.834553 Ha
Worker 11: Step 677 accepted, E=-10.834725 Ha
Worker 12: No change from 'principal_axis_rotation', skipping.
Worker 19: Step 608 accepted, E=-10.834654 Ha
Worker 8: Step 671 accepted, E=-10.834380 Ha
Worker 13: Step 733 accepted, E=-10.835188 Ha
Worker 16: Step 729 accepted, E=-10.834449 Ha
Worker 15: No change from 'exchange', skipping.
Worker 18: Step 705 accepted, E=-10.834069 Ha
Worker 12: Step 723 accepted, E=-10.835196 Ha
Worker 11: Step 678 accepted, E=-10.834726 Ha
Worker 19: Step 609 accepted, E=-10.834652 Ha
Worker 17: Step 697 accepted, E=-10.834396 Ha
Worker 5: Step 694 accepted, E=-10.834560 Ha
Worker 8: Step 672 accepted, E=-10.834507 Ha
Worker 13: Step 734 accepted, E=-10.835258 Ha
Worker 16: Step 730 accepted, E=-10.834458 Ha
Worker 15: Step 697 accepted, E=-10.834524 Ha
Worker 13: No change from 'small_principal_axis_rotation', skipping.
Worker 18: Step 706 accepted, E=-10.834063 Ha
Worker 12: Step 724 accepted, E=-10.835185 Ha
Worker 11: Step 679 accepted, E=-10.834726 Ha
Worker 19: Step 610, op=random_rotation, ΔE=0.0003 eV, accept=True
Worker 18: No change from 'random_displacement', skipping.
Worker 19: Step 610 accepted, E=-10.834643 Ha
Worker 16: Step 731 accepted, E=-10.834458 Ha
Worker 8: Step 673 accepted, E=-10.834524 Ha
Worker 15: Step 698 accepted, E=-10.834533 Ha
Worker 13: Step 736 accepted, E=-10.835257 Ha
Worker 5: Step 695 accepted, E=-10.834562 Ha
Worker 17: Step 698 accepted, E=-10.834396 Ha
Worker 11: Step 680, op=local_twist, ΔE=0.0000 eV, accept=True
Worker 12: Step 725 accepted, E=-10.835184 Ha
Worker 11: Step 680 accepted, E=-10.834726 Ha
Worker 18: Step 708 accepted, E=-10.834070 Ha
Worker 16: Step 732 accepted, E=-10.834479 Ha
Worker 19: Step 611 accepted, E=-10.834662 Ha
Worker 8: Step 674 accepted, E=-10.835739 Ha
Worker 15: Step 699 accepted, E=-10.834538 Ha
Worker 13: Step 737 accepted, E=-10.835244 Ha
Worker 12: Step 726 accepted, E=-10.835254 Ha
Worker 11: Step 681 accepted, E=-10.834471 Ha
Worker 16: Step 733 accepted, E=-10.834775 Ha
Worker 18: Step 709 accepted, E=-10.834081 Ha
Worker 19: Step 612 accepted, E=-10.834716 Ha
Worker 11: No change from 'small_principal_axis_rotation', skipping.
Worker 5: Step 696 accepted, E=-10.834560 Ha
Worker 8: Step 675 accepted, E=-10.835690 Ha
Worker 17: Step 699 accepted, E=-10.834400 Ha
Worker 15: Step 700 accepted, E=-10.834547 Ha
Worker 13: Step 738 accepted, E=-10.835879 Ha
Worker 12: Step 727 accepted, E=-10.835249 Ha
Worker 18: Step 710, op=random_displacement, ΔE=0.0001 eV, accept=True
Worker 16: Step 734 accepted, E=-10.834777 Ha
Worker 18: Step 710 accepted, E=-10.834078 Ha
Worker 19: Step 613 accepted, E=-10.834714 Ha
Worker 11: Step 683 accepted, E=-10.834475 Ha
Worker 8: Step 676 accepted, E=-10.835625 Ha
Worker 15: Step 701 accepted, E=-10.834563 Ha
Worker 13: Step 739 accepted, E=-10.835876 Ha
Worker 5: Step 697 accepted, E=-10.834571 Ha
Worker 17: Step 700, op=local_twist, ΔE=0.0001 eV, accept=True
Worker 12: Step 728 accepted, E=-10.835293 Ha
Worker 16: Step 735 accepted, E=-10.834769 Ha
Worker 17: Step 700 accepted, E=-10.834396 Ha
Worker 19: Step 614 accepted, E=-10.834705 Ha
Worker 11: Step 684 accepted, E=-10.834471 Ha
Worker 18: Step 711 accepted, E=-10.834077 Ha
Worker 8: Step 677 accepted, E=-10.835671 Ha
Worker 16: No change from 'mirror', skipping.
Worker 15: Step 702 accepted, E=-10.834559 Ha
Worker 13: Step 740, op=correlated_displacement, ΔE=0.0007 eV, accept=True
Worker 13: Step 740 accepted, E=-10.835851 Ha
Worker 12: Step 729 accepted, E=-10.835374 Ha
Worker 19: Step 615 accepted, E=-10.834711 Ha
Worker 11: Step 685 accepted, E=-10.834512 Ha
Worker 18: Step 712 accepted, E=-10.834073 Ha
Worker 5: Step 698 accepted, E=-10.834574 Ha
Worker 16: Step 737 accepted, E=-10.834732 Ha
Worker 17: Step 701 accepted, E=-10.834405 Ha
Worker 8: Step 678 accepted, E=-10.835674 Ha
Worker 15: Step 703 accepted, E=-10.834542 Ha
Worker 13: Step 741 accepted, E=-10.835854 Ha
Worker 12: Step 730 accepted, E=-10.835393 Ha
Worker 19: Step 616 accepted, E=-10.834691 Ha
Worker 11: Step 686 accepted, E=-10.834531 Ha
Worker 15: No change from 'twist', skipping.
Worker 13: No change from 'random_displacement', skipping.
Worker 18: Step 713 accepted, E=-10.834062 Ha
Worker 16: Step 738 accepted, E=-10.834732 Ha
Worker 8: Step 679 accepted, E=-10.835678 Ha
Worker 12: Step 731 accepted, E=-10.835395 Ha
Worker 5: Step 699 accepted, E=-10.834569 Ha
Worker 11: Step 687 accepted, E=-10.834531 Ha
Worker 17: Step 702 accepted, E=-10.834405 Ha
Worker 19: Step 617 accepted, E=-10.834681 Ha
Worker 13: Step 743 accepted, E=-10.835829 Ha
Worker 15: Step 705 accepted, E=-10.834555 Ha
Worker 18: Step 714 accepted, E=-10.834061 Ha
Worker 16: Step 739 accepted, E=-10.834751 Ha
Worker 8: Step 680, op=random_displacement, ΔE=0.0004 eV, accept=True
Worker 8: Step 680 accepted, E=-10.835664 Ha
Worker 12: Step 732 accepted, E=-10.835481 Ha
Worker 11: Step 688 accepted, E=-10.834532 Ha
Worker 19: Step 618 accepted, E=-10.834706 Ha
Worker 13: Step 744 accepted, E=-10.835079 Ha
Worker 15: Step 706 accepted, E=-10.834559 Ha
Worker 18: Step 715 accepted, E=-10.834027 Ha
Worker 16: Step 740 accepted, E=-10.834751 Ha
Worker 17: Step 703 accepted, E=-10.834406 Ha
Worker 5: Step 700 accepted, E=-10.834573 Ha
Worker 8: Step 681 accepted, E=-10.835662 Ha
Worker 12: Step 733 accepted, E=-10.835472 Ha
Worker 16: No change from 'mirror', skipping.
Worker 19: Step 619 accepted, E=-10.834708 Ha
Worker 13: Step 745 accepted, E=-10.835067 Ha
Worker 11: Step 689 accepted, E=-10.834530 Ha
Worker 15: Step 707 accepted, E=-10.834562 Ha
Worker 18: Step 716 accepted, E=-10.834014 Ha
Worker 8: Step 682 accepted, E=-10.835684 Ha
Worker 12: Step 734 accepted, E=-10.835493 Ha
Worker 16: Step 742 accepted, E=-10.834740 Ha
Worker 17: Step 704 accepted, E=-10.834401 Ha
Worker 5: Step 701 accepted, E=-10.834570 Ha
Worker 19: Step 620, op=random_displacement, ΔE=0.0032 eV, accept=True
Worker 19: Step 620 accepted, E=-10.834590 Ha
Worker 11: Step 690, op=random_rotation, ΔE=0.0000 eV, accept=True
Worker 13: Step 746 accepted, E=-10.835077 Ha
Worker 15: Step 708 accepted, E=-10.834563 Ha
Worker 11: Step 690 accepted, E=-10.834530 Ha
Worker 16: No change from 'random_so3', skipping.
Worker 12: No change from 'large_displacement', skipping.
Worker 18: Step 717 accepted, E=-10.834006 Ha
Worker 8: Step 683 accepted, E=-10.835692 Ha
Worker 5: Step 702 accepted, E=-10.834574 Ha
Worker 19: Step 621 accepted, E=-10.834561 Ha
Worker 13: Step 747 accepted, E=-10.835078 Ha
Worker 16: Step 744 accepted, E=-10.834769 Ha
Worker 11: Step 691 accepted, E=-10.834530 Ha
Worker 15: Step 709 accepted, E=-10.834552 Ha
Worker 12: Step 736 accepted, E=-10.835492 Ha
Worker 18: Step 718 accepted, E=-10.833948 Ha
Worker 12: No change from 'small_principal_axis_rotation', skipping.
Worker 8: Step 684 accepted, E=-10.835604 Ha
Worker 17: Step 705 accepted, E=-10.834399 Ha
Worker 5: Step 703 accepted, E=-10.834577 Ha
Worker 13: Step 748 accepted, E=-10.835146 Ha
Worker 16: Step 745 accepted, E=-10.834778 Ha
Worker 11: Step 692 accepted, E=-10.834523 Ha
Worker 19: Step 622 accepted, E=-10.834535 Ha
Worker 15: Step 710 accepted, E=-10.834560 Ha
Worker 18: Step 719 accepted, E=-10.833940 Ha
Worker 8: Step 685 accepted, E=-10.835470 Ha
Worker 5: Step 704 accepted, E=-10.834571 Ha
Worker 17: Step 706 accepted, E=-10.834398 Ha
Worker 13: Step 749 accepted, E=-10.834373 Ha
Worker 16: Step 746 accepted, E=-10.834789 Ha
Worker 11: Step 693 accepted, E=-10.834528 Ha
Worker 15: Step 711 accepted, E=-10.834561 Ha
Worker 19: Step 623 accepted, E=-10.834481 Ha
Worker 18: Step 720 accepted, E=-10.833951 Ha
Worker 8: Step 686 accepted, E=-10.835422 Ha
Worker 5: Step 705 accepted, E=-10.834577 Ha
Worker 17: Step 707 accepted, E=-10.834398 Ha
Worker 13: Step 750 accepted, E=-10.834388 Ha
Worker 13: Done. Accepted=675, Rejected=75, Rate=90.0%
Worker 16: Step 747 accepted, E=-10.834793 Ha
Worker 12: Step 740 accepted, E=-10.835506 Ha
Worker 19: Step 624 accepted, E=-10.834497 Ha
Worker 15: Step 712 accepted, E=-10.834555 Ha
Worker 11: Step 694 accepted, E=-10.834488 Ha
Worker 18: Step 721 accepted, E=-10.833969 Ha
Worker 5: Step 706 accepted, E=-10.834575 Ha
Worker 17: Step 708 accepted, E=-10.834390 Ha
Worker 8: Step 687 accepted, E=-10.835382 Ha
Worker 16: Step 748 accepted, E=-10.834819 Ha
Worker 12: Step 741 accepted, E=-10.835524 Ha
Worker 15: Step 713 accepted, E=-10.834555 Ha
Worker 19: Step 625 accepted, E=-10.834519 Ha
Worker 11: Step 695 accepted, E=-10.834407 Ha
Worker 18: Step 722 accepted, E=-10.833934 Ha
Worker 15: No change from 'principal_axis_rotation', skipping.
Worker 5: Step 707 accepted, E=-10.834569 Ha
Worker 17: Step 709 accepted, E=-10.834389 Ha
Worker 8: Step 688 accepted, E=-10.835383 Ha
Worker 12: Step 742 accepted, E=-10.835565 Ha
Worker 16: Step 749 accepted, E=-10.834818 Ha
Worker 19: Step 626 accepted, E=-10.834300 Ha
Worker 11: Step 696 accepted, E=-10.834409 Ha
Worker 18: Step 723 accepted, E=-10.833929 Ha
Worker 19: No change from 'small_principal_axis_rotation', skipping.
Worker 5: Step 708 accepted, E=-10.834569 Ha
Worker 15: Step 715 accepted, E=-10.834555 Ha
Worker 17: Step 710, op=small_principal_axis_rotation, ΔE=0.0002 eV, accept=True
Worker 17: Step 710 accepted, E=-10.834382 Ha
Worker 8: Step 689 accepted, E=-10.835385 Ha
Worker 16: Step 750, op=random_rotation, ΔE=0.0000 eV, accept=True
Worker 12: Step 743 accepted, E=-10.835554 Ha
Worker 16: Step 750 accepted, E=-10.834817 Ha
Worker 16: Done. Accepted=674, Rejected=76, Rate=89.9%
Worker 11: Step 697 accepted, E=-10.834410 Ha
Worker 5: Step 709 accepted, E=-10.834574 Ha
Worker 18: Step 724 accepted, E=-10.833945 Ha
Worker 19: Step 628 accepted, E=-10.834648 Ha
Worker 15: Step 716 accepted, E=-10.834540 Ha
Worker 17: Step 711 accepted, E=-10.834380 Ha
Worker 8: Step 690, op=correlated_displacement, ΔE=0.0012 eV, accept=True
Worker 8: Step 690 accepted, E=-10.835342 Ha
Worker 12: Step 744 accepted, E=-10.835376 Ha
Worker 11: Step 698 accepted, E=-10.834421 Ha
Worker 5: Step 710 accepted, E=-10.834595 Ha
Worker 19: Step 629 accepted, E=-10.834763 Ha
Worker 18: Step 725 accepted, E=-10.833981 Ha
Worker 15: Step 717 accepted, E=-10.834550 Ha
Worker 17: Step 712 accepted, E=-10.834388 Ha
Worker 8: Step 691 accepted, E=-10.835369 Ha
Worker 12: Step 745 accepted, E=-10.835286 Ha
Worker 5: Step 711 accepted, E=-10.834603 Ha
Worker 11: Step 699 accepted, E=-10.834412 Ha
Worker 5: No change from 'small_principal_axis_rotation', skipping.
Worker 15: Step 718 accepted, E=-10.834546 Ha
Worker 19: Step 630 accepted, E=-10.834777 Ha
Worker 18: Step 726 accepted, E=-10.833991 Ha
Worker 17: Step 713 accepted, E=-10.834392 Ha
Worker 8: Step 692 accepted, E=-10.835392 Ha
Worker 12: Step 746 accepted, E=-10.835413 Ha
Worker 11: Step 700 accepted, E=-10.834418 Ha
Worker 5: Step 713 accepted, E=-10.834599 Ha
Worker 19: Step 631 accepted, E=-10.834619 Ha
Worker 8: No change from 'roto_reflection', skipping.
Worker 18: Step 727 accepted, E=-10.834066 Ha
Worker 15: Step 719 accepted, E=-10.834550 Ha
Worker 17: Step 714 accepted, E=-10.834394 Ha
Worker 12: Step 747 accepted, E=-10.835574 Ha
Worker 11: Step 701 accepted, E=-10.834412 Ha
Worker 5: Step 714 accepted, E=-10.834597 Ha
Worker 15: Step 720, op=random_rotation, ΔE=0.0001 eV, accept=True
Worker 8: Step 694 accepted, E=-10.835527 Ha
Worker 19: Step 632 accepted, E=-10.834535 Ha
Worker 15: Step 720 accepted, E=-10.834546 Ha
Worker 18: Step 728 accepted, E=-10.834096 Ha
Worker 17: Step 715 accepted, E=-10.834575 Ha
Worker 11: Step 702 accepted, E=-10.834407 Ha
Worker 12: Step 748 accepted, E=-10.835484 Ha
Worker 5: Step 715 accepted, E=-10.834583 Ha
Worker 15: Step 721 accepted, E=-10.834557 Ha
Worker 8: Step 695 accepted, E=-10.835522 Ha
Worker 17: Step 716 accepted, E=-10.834595 Ha
Worker 19: Step 633 accepted, E=-10.834661 Ha
Worker 18: Step 729 accepted, E=-10.834096 Ha
Worker 12: Step 749 accepted, E=-10.835564 Ha
Worker 11: Step 703 accepted, E=-10.834407 Ha
Worker 5: Step 716 accepted, E=-10.834588 Ha
Worker 17: Step 717 accepted, E=-10.834596 Ha
Worker 15: Step 722 accepted, E=-10.834540 Ha
Worker 8: Step 696 accepted, E=-10.835534 Ha
Worker 19: Step 634 accepted, E=-10.834736 Ha
Worker 17: No change from 'small_principal_axis_rotation', skipping.
Worker 18: Step 730 accepted, E=-10.834130 Ha
Worker 12: Step 750, op=correlated_displacement, ΔE=0.0027 eV, accept=True
Worker 5: Step 717 accepted, E=-10.834574 Ha
Worker 12: Step 750 accepted, E=-10.835465 Ha
Worker 12: Done. Accepted=652, Rejected=98, Rate=86.9%
Worker 11: Step 704 accepted, E=-10.834615 Ha
Worker 15: Step 723 accepted, E=-10.834548 Ha
Worker 8: Step 697 accepted, E=-10.835415 Ha
Worker 19: Step 635 accepted, E=-10.834733 Ha
Worker 17: Step 719 accepted, E=-10.834587 Ha
Worker 18: Step 731 accepted, E=-10.834159 Ha
Worker 19: No change from 'principal_axis_rotation', skipping.
Worker 5: Step 718 accepted, E=-10.834530 Ha
Worker 11: Step 705 accepted, E=-10.834622 Ha
Worker 15: Step 724 accepted, E=-10.834554 Ha
Worker 8: Step 698 accepted, E=-10.835395 Ha
Worker 17: Step 720 accepted, E=-10.834598 Ha
Worker 18: Step 732 accepted, E=-10.834159 Ha
Worker 5: Step 719 accepted, E=-10.834528 Ha
Worker 11: Step 706 accepted, E=-10.834628 Ha
Worker 8: No change from 'twist', skipping.
Worker 15: Step 725 accepted, E=-10.834576 Ha
Worker 17: Step 721 accepted, E=-10.834596 Ha
Worker 19: Step 638 accepted, E=-10.834843 Ha
Worker 5: Step 720 accepted, E=-10.834530 Ha
Worker 18: Step 733 accepted, E=-10.834227 Ha
Worker 11: Step 707 accepted, E=-10.834628 Ha
Worker 8: Step 700 accepted, E=-10.835397 Ha
Worker 15: Step 726 accepted, E=-10.834576 Ha
Worker 17: Step 722 accepted, E=-10.834604 Ha
Worker 5: Step 721 accepted, E=-10.834588 Ha
Worker 19: Step 639 accepted, E=-10.834794 Ha
Worker 11: Step 708 accepted, E=-10.834621 Ha
Worker 18: Step 734 accepted, E=-10.834114 Ha
Worker 8: Step 701 accepted, E=-10.835289 Ha
Worker 5: No change from 'mirror', skipping.
Worker 19: No change from 'mirror', skipping.
Worker 15: Step 727 accepted, E=-10.834589 Ha
Worker 17: Step 723 accepted, E=-10.834588 Ha
Worker 8: No change from 'random_displacement', skipping.
Worker 18: Step 735 accepted, E=-10.834097 Ha
Worker 11: Step 709 accepted, E=-10.834611 Ha
Worker 8: No change from 'random_displacement', skipping.
Worker 5: Step 723 accepted, E=-10.834597 Ha
Worker 18: No change from 'large_displacement', skipping.
Worker 15: Step 728 accepted, E=-10.834589 Ha
Worker 19: Step 641 accepted, E=-10.834798 Ha
Worker 17: Step 724 accepted, E=-10.834583 Ha
Worker 8: No change from 'correlated_displacement', skipping.
Worker 11: Step 710, op=local_twist, ΔE=0.0000 eV, accept=True
Worker 11: Step 710 accepted, E=-10.834610 Ha
Worker 17: No change from 'roto_reflection', skipping.
Worker 5: Step 724 accepted, E=-10.834601 Ha
Worker 18: Step 737 accepted, E=-10.834134 Ha
Worker 15: Step 729 accepted, E=-10.834584 Ha
Worker 19: Step 642 accepted, E=-10.834789 Ha
Worker 8: Step 705 accepted, E=-10.835300 Ha
Worker 11: Step 711 accepted, E=-10.834611 Ha
Worker 17: Step 726 accepted, E=-10.834581 Ha
Worker 5: Step 725 accepted, E=-10.834598 Ha
Worker 15: Step 730, op=large_displacement, ΔE=0.0011 eV, accept=True
Worker 18: Step 738 accepted, E=-10.834128 Ha
Worker 15: Step 730 accepted, E=-10.834542 Ha
Worker 19: Step 643 accepted, E=-10.834806 Ha
Worker 8: Step 706 accepted, E=-10.835306 Ha
Worker 11: Step 712 accepted, E=-10.834605 Ha
Worker 17: Step 727 accepted, E=-10.834586 Ha
Worker 5: Step 726 accepted, E=-10.834602 Ha
Worker 18: Step 739 accepted, E=-10.834170 Ha
Worker 15: Step 731 accepted, E=-10.834547 Ha
Worker 19: Step 644 accepted, E=-10.834777 Ha
Worker 11: Step 713 accepted, E=-10.834603 Ha
Worker 8: Step 707 accepted, E=-10.835296 Ha
Worker 17: Step 728 accepted, E=-10.834584 Ha
Worker 5: Step 727 accepted, E=-10.834592 Ha
Worker 18: Step 740 accepted, E=-10.834171 Ha
Worker 19: Step 645 accepted, E=-10.834778 Ha
Worker 15: Step 732 accepted, E=-10.834548 Ha
Worker 11: Step 714 accepted, E=-10.834604 Ha
Worker 8: Step 708 accepted, E=-10.835391 Ha
Worker 17: Step 729 accepted, E=-10.834614 Ha
Worker 5: Step 728 accepted, E=-10.834596 Ha
Worker 18: Step 741 accepted, E=-10.834144 Ha
Worker 19: Step 646 accepted, E=-10.834756 Ha
Worker 15: Step 733 accepted, E=-10.834540 Ha
Worker 11: Step 715 accepted, E=-10.834607 Ha
Worker 17: Step 730, op=random_displacement, ΔE=0.0002 eV, accept=True
Worker 17: Step 730 accepted, E=-10.834608 Ha
Worker 8: Step 709 accepted, E=-10.835331 Ha
Worker 15: No change from 'small_principal_axis_rotation', skipping.
Worker 17: No change from 'small_principal_axis_rotation', skipping.
Worker 5: Step 729 accepted, E=-10.834612 Ha
Worker 18: Step 742 accepted, E=-10.834082 Ha
Worker 19: Step 647 accepted, E=-10.834736 Ha
Worker 11: Step 716 accepted, E=-10.834624 Ha
Worker 8: Step 710 accepted, E=-10.835398 Ha
Worker 17: Step 732 accepted, E=-10.834608 Ha
Worker 15: Step 735 accepted, E=-10.834819 Ha
Worker 5: Step 730, op=random_so3, ΔE=0.0014 eV, accept=True
Worker 5: Step 730 accepted, E=-10.834559 Ha
Worker 15: No change from 'large_displacement', skipping.
Worker 19: Step 648 accepted, E=-10.834674 Ha
Worker 18: Step 743 accepted, E=-10.834088 Ha
Worker 11: Step 717 accepted, E=-10.834620 Ha
Worker 17: Step 733 accepted, E=-10.834607 Ha
Worker 8: Step 711 accepted, E=-10.835450 Ha
Worker 15: No change from 'small_principal_axis_rotation', skipping.
Worker 5: Step 731 accepted, E=-10.834775 Ha
Worker 15: No change from 'com_com_separation', skipping.
Worker 18: Step 744 accepted, E=-10.834051 Ha
Worker 19: Step 649 accepted, E=-10.834659 Ha
Worker 11: Step 718 accepted, E=-10.834620 Ha
Worker 17: Step 734 accepted, E=-10.834606 Ha
Worker 8: Step 712 accepted, E=-10.835461 Ha
Worker 5: Step 732 accepted, E=-10.834776 Ha
Worker 5: No change from 'small_principal_axis_rotation', skipping.
Worker 15: Step 739 accepted, E=-10.834850 Ha
Worker 18: Step 745 accepted, E=-10.834088 Ha
Worker 19: Step 650, op=local_twist, ΔE=0.0030 eV, accept=True
Worker 11: Step 719 accepted, E=-10.834620 Ha
Worker 19: Step 650 accepted, E=-10.834550 Ha
Worker 17: Step 735 accepted, E=-10.834595 Ha
Worker 5: No change from 'roto_reflection', skipping.
Worker 8: Step 713 accepted, E=-10.835576 Ha
Worker 15: Step 740, op=random_displacement, ΔE=0.0003 eV, accept=True
Worker 15: Step 740 accepted, E=-10.834838 Ha
Worker 18: Step 746 accepted, E=-10.834217 Ha
Worker 11: Step 720 accepted, E=-10.834633 Ha
Worker 17: Step 736 accepted, E=-10.834603 Ha
Worker 19: Step 651 accepted, E=-10.834585 Ha
Worker 5: Step 735 accepted, E=-10.834776 Ha
Worker 8: Step 714 accepted, E=-10.835418 Ha
Worker 15: Step 741 accepted, E=-10.834845 Ha
Worker 17: Step 737 accepted, E=-10.834548 Ha
Worker 18: Step 747 accepted, E=-10.834241 Ha
Worker 11: Step 721 accepted, E=-10.834661 Ha
Worker 19: Step 652 accepted, E=-10.834578 Ha
Worker 5: Step 736 accepted, E=-10.834768 Ha
Worker 8: Step 715 accepted, E=-10.835423 Ha
Worker 15: Step 742 accepted, E=-10.834822 Ha
Worker 17: Step 738 accepted, E=-10.834551 Ha
Worker 18: Step 748 accepted, E=-10.834294 Ha
Worker 11: Step 722 accepted, E=-10.834691 Ha
Worker 19: Step 653 accepted, E=-10.834617 Ha
Worker 5: Step 737 accepted, E=-10.834745 Ha
Worker 15: No change from 'random_so3', skipping.
Worker 8: Step 716 accepted, E=-10.835393 Ha
Worker 17: Step 739 accepted, E=-10.834554 Ha
Worker 11: Step 723 accepted, E=-10.834675 Ha
Worker 18: Step 749 accepted, E=-10.834284 Ha
Worker 19: Step 654 accepted, E=-10.834951 Ha
Worker 5: Step 738 accepted, E=-10.834750 Ha
Worker 15: Step 744 accepted, E=-10.834824 Ha
Worker 18: No change from 'small_principal_axis_rotation', skipping.
Worker 18: Done. Accepted=650, Rejected=100, Rate=86.7%
Worker 8: Step 717 accepted, E=-10.835409 Ha
Worker 17: Step 740 accepted, E=-10.834564 Ha
Worker 11: Step 724 accepted, E=-10.834683 Ha
Worker 19: Step 655 accepted, E=-10.834941 Ha
Worker 5: Step 739 accepted, E=-10.834756 Ha
Worker 15: Step 745 accepted, E=-10.834826 Ha
Worker 8: No change from 'random_displacement', skipping.
Worker 17: Step 741 accepted, E=-10.834562 Ha
Worker 11: Step 725 accepted, E=-10.834681 Ha
Worker 19: Step 656 accepted, E=-10.834958 Ha
Worker 5: Step 740 accepted, E=-10.834794 Ha
Worker 15: Step 746 accepted, E=-10.835026 Ha
Worker 17: Step 742 accepted, E=-10.834685 Ha
Worker 8: Step 719 accepted, E=-10.835421 Ha
Worker 11: Step 726 accepted, E=-10.834684 Ha
Worker 5: Step 741 accepted, E=-10.834814 Ha
Worker 19: Step 657 accepted, E=-10.834977 Ha
Worker 15: Step 747 accepted, E=-10.835033 Ha
Worker 17: Step 743 accepted, E=-10.834686 Ha
Worker 8: No change from 'random_rotation', skipping.
Worker 11: Step 727 accepted, E=-10.834583 Ha
Worker 5: Step 742 accepted, E=-10.834863 Ha
Worker 11: No change from 'small_principal_axis_rotation', skipping.
Worker 19: Step 658 accepted, E=-10.834980 Ha
Worker 15: Step 748 accepted, E=-10.834949 Ha
Worker 17: Step 744 accepted, E=-10.834674 Ha
Worker 17: No change from 'small_principal_axis_rotation', skipping.
Worker 5: Step 743 accepted, E=-10.834870 Ha
Worker 11: Step 729 accepted, E=-10.834583 Ha
Worker 19: Step 659 accepted, E=-10.834995 Ha
Worker 8: Step 721 accepted, E=-10.835470 Ha
Worker 15: Step 749 accepted, E=-10.834930 Ha
Worker 17: Step 746 accepted, E=-10.834682 Ha
Worker 5: Step 744 accepted, E=-10.834874 Ha
Worker 11: Step 730, op=random_rotation, ΔE=0.0001 eV, accept=True
Worker 11: Step 730 accepted, E=-10.834579 Ha
Worker 19: Step 660, op=twist, ΔE=0.0012 eV, accept=True
Worker 19: Step 660 accepted, E=-10.834951 Ha
Worker 15: Step 750, op=random_rotation, ΔE=0.0001 eV, accept=True
Worker 8: No change from 'correlated_displacement', skipping.
Worker 15: Step 750 accepted, E=-10.834927 Ha
Worker 15: Done. Accepted=679, Rejected=71, Rate=90.5%
Worker 17: Step 747 accepted, E=-10.834681 Ha
Worker 5: Step 745 accepted, E=-10.834875 Ha
Worker 11: Step 731 accepted, E=-10.834580 Ha
Worker 19: Step 661 accepted, E=-10.834953 Ha
Worker 17: Step 748 accepted, E=-10.834682 Ha
Worker 5: Step 746 accepted, E=-10.834901 Ha
Worker 11: Step 732 accepted, E=-10.834578 Ha
Worker 8: Step 723 accepted, E=-10.835736 Ha
Worker 19: Step 662 accepted, E=-10.834958 Ha
Worker 17: Step 749 accepted, E=-10.834677 Ha
Worker 19: No change from 'small_principal_axis_rotation', skipping.
Worker 5: Step 747 accepted, E=-10.834901 Ha
Worker 17: No change from 'roto_reflection', skipping.
Worker 17: Done. Accepted=676, Rejected=74, Rate=90.1%
Worker 11: Step 733 accepted, E=-10.834578 Ha
Worker 19: Step 664 accepted, E=-10.834975 Ha
Worker 5: Step 748 accepted, E=-10.834883 Ha
Worker 11: Step 734 accepted, E=-10.834574 Ha
Worker 8: Step 724 accepted, E=-10.835793 Ha
Worker 5: No change from 'small_principal_axis_rotation', skipping.
Worker 19: Step 665 accepted, E=-10.834967 Ha
Worker 11: Step 735 accepted, E=-10.834583 Ha
Worker 5: Step 750 accepted, E=-10.834891 Ha
Worker 5: Done. Accepted=706, Rejected=44, Rate=94.1%
Worker 19: Step 666 accepted, E=-10.835028 Ha
Worker 8: Step 725 accepted, E=-10.835835 Ha
Worker 11: Step 736 accepted, E=-10.834596 Ha
Worker 19: Step 667 accepted, E=-10.834996 Ha
Worker 11: Step 737 accepted, E=-10.834596 Ha
Worker 8: Step 726 accepted, E=-10.835825 Ha
Worker 19: Step 668 accepted, E=-10.834971 Ha
Worker 11: Step 738 accepted, E=-10.834597 Ha
Worker 19: Step 669 accepted, E=-10.834969 Ha
Worker 11: Step 739 accepted, E=-10.834603 Ha
Worker 19: Step 670, op=small_principal_axis_rotation, ΔE=0.0011 eV, accept=True
Worker 19: Step 670 accepted, E=-10.834928 Ha
Worker 11: Step 740, op=small_principal_axis_rotation, ΔE=0.0005 eV, accept=True
Worker 11: Step 740 accepted, E=-10.834585 Ha
Worker 19: Step 671 accepted, E=-10.834921 Ha
Worker 8: Step 728 accepted, E=-10.835881 Ha
Worker 11: Step 741 accepted, E=-10.834584 Ha
Worker 11: No change from 'small_principal_axis_rotation', skipping.
Worker 19: Step 672 accepted, E=-10.834928 Ha
Worker 8: No change from 'mirror', skipping.
Worker 11: Step 743 accepted, E=-10.834575 Ha
Worker 19: Step 673 accepted, E=-10.834917 Ha
Worker 11: Step 744 accepted, E=-10.834571 Ha
Worker 8: Step 730 accepted, E=-10.835881 Ha
Worker 19: Step 674 accepted, E=-10.834912 Ha
Worker 11: Step 745 accepted, E=-10.834576 Ha
Worker 8: Step 731 accepted, E=-10.835895 Ha
Worker 19: Step 675 accepted, E=-10.835214 Ha
Worker 11: Step 746 accepted, E=-10.834574 Ha
Worker 8: Step 732 accepted, E=-10.835817 Ha
Worker 19: Step 676 accepted, E=-10.835310 Ha
Worker 11: Step 747 accepted, E=-10.834569 Ha
Worker 8: Step 733 accepted, E=-10.835802 Ha
Worker 19: Step 677 accepted, E=-10.835253 Ha
Worker 11: Step 748 accepted, E=-10.834570 Ha
Worker 19: No change from 'small_principal_axis_rotation', skipping.
Worker 8: Step 734 accepted, E=-10.835800 Ha
Worker 11: Step 749 accepted, E=-10.834573 Ha
Worker 8: No change from 'exchange', skipping.
Worker 19: Step 679 accepted, E=-10.835292 Ha
Worker 11: Step 750 accepted, E=-10.834574 Ha
Worker 11: Done. Accepted=692, Rejected=58, Rate=92.3%
Worker 8: Step 736 accepted, E=-10.835779 Ha
Worker 19: Step 680, op=random_displacement, ΔE=0.0029 eV, accept=True
Worker 19: Step 680 accepted, E=-10.835185 Ha
Worker 19: No change from 'mirror', skipping.
Worker 8: Step 737 accepted, E=-10.835776 Ha
Worker 19: Step 682 accepted, E=-10.835302 Ha
Worker 8: Step 738 accepted, E=-10.835812 Ha
Worker 19: Step 683 accepted, E=-10.835225 Ha
Worker 8: Step 739 accepted, E=-10.835796 Ha
Worker 19: Step 684 accepted, E=-10.835302 Ha
Worker 8: Step 740, op=local_twist, ΔE=0.0003 eV, accept=True
Worker 8: Step 740 accepted, E=-10.835787 Ha
Worker 19: Step 685 accepted, E=-10.835348 Ha
Worker 8: Step 741 accepted, E=-10.835938 Ha
Worker 19: Step 686 accepted, E=-10.835332 Ha
Worker 8: No change from 'mirror', skipping.
Worker 19: Step 687 accepted, E=-10.835276 Ha
Worker 8: Step 743 accepted, E=-10.835916 Ha
Worker 19: Step 688 accepted, E=-10.835282 Ha
Worker 19: Step 689 accepted, E=-10.835280 Ha
Worker 8: Step 745 accepted, E=-10.835903 Ha
Worker 19: Step 690, op=random_rotation, ΔE=0.0003 eV, accept=True
Worker 19: Step 690 accepted, E=-10.835271 Ha
Worker 8: Step 746 accepted, E=-10.835901 Ha
Worker 19: Step 691 accepted, E=-10.835284 Ha
Worker 8: Step 747 accepted, E=-10.835906 Ha
Worker 19: Step 692 accepted, E=-10.835350 Ha
Worker 8: Step 748 accepted, E=-10.835862 Ha
Worker 19: Step 693 accepted, E=-10.835353 Ha
Worker 8: Step 749 accepted, E=-10.835863 Ha
Worker 19: Step 694 accepted, E=-10.835362 Ha
Worker 8: Step 750, op=correlated_displacement, ΔE=0.0005 eV, accept=True
Worker 8: Step 750 accepted, E=-10.835845 Ha
Worker 8: Done. Accepted=636, Rejected=114, Rate=84.8%
Worker 19: Step 696 accepted, E=-10.835480 Ha
Worker 19: Step 697 accepted, E=-10.835447 Ha
Worker 19: Step 698 accepted, E=-10.835446 Ha
Worker 19: Step 699 accepted, E=-10.835503 Ha
Worker 19: Step 700 accepted, E=-10.835532 Ha
Worker 19: Step 701 accepted, E=-10.835464 Ha
Worker 19: Step 702 accepted, E=-10.835478 Ha
Worker 19: Step 703 accepted, E=-10.835529 Ha
Worker 19: Step 704 accepted, E=-10.835520 Ha
Worker 19: Step 705 accepted, E=-10.835526 Ha
Worker 19: Step 706 accepted, E=-10.835626 Ha
Worker 19: Step 707 accepted, E=-10.835704 Ha
Worker 19: Step 708 accepted, E=-10.835728 Ha
Worker 19: Step 709 accepted, E=-10.835726 Ha
Worker 19: Step 710, op=random_displacement, ΔE=0.0013 eV, accept=True
Worker 19: Step 710 accepted, E=-10.835678 Ha
Worker 19: Step 711 accepted, E=-10.835651 Ha
Worker 19: Step 712 accepted, E=-10.835650 Ha
Worker 19: Step 713 accepted, E=-10.835686 Ha
Worker 19: Step 714 accepted, E=-10.835708 Ha
Worker 19: Step 715 accepted, E=-10.835700 Ha
Worker 19: Step 716 accepted, E=-10.835697 Ha
Worker 19: Step 717 accepted, E=-10.835653 Ha
Worker 19: Step 718 accepted, E=-10.835692 Ha
Worker 19: Step 719 accepted, E=-10.835694 Ha
Worker 19: Step 720 accepted, E=-10.835696 Ha
Worker 19: Step 721 accepted, E=-10.835761 Ha
Worker 19: Step 722 accepted, E=-10.835744 Ha
Worker 19: Step 723 accepted, E=-10.835622 Ha
Worker 19: Step 724 accepted, E=-10.835561 Ha
Worker 19: Step 725 accepted, E=-10.835520 Ha
Worker 19: Step 727 accepted, E=-10.835423 Ha
Worker 19: Step 729 accepted, E=-10.835366 Ha
Worker 19: No change from 'mirror', skipping.
Worker 19: Step 731 accepted, E=-10.835041 Ha
Worker 19: Step 732 accepted, E=-10.835012 Ha
Worker 19: Step 733 accepted, E=-10.835035 Ha
Worker 19: Step 734 accepted, E=-10.835040 Ha
Worker 19: Step 735 accepted, E=-10.835052 Ha
Worker 19: No change from 'mirror', skipping.
Worker 19: Step 737 accepted, E=-10.835002 Ha
Worker 19: Step 738 accepted, E=-10.835015 Ha
Worker 19: Step 739 accepted, E=-10.835059 Ha
Worker 19: Step 740, op=random_rotation, ΔE=0.0003 eV, accept=True
Worker 19: Step 740 accepted, E=-10.835047 Ha
Worker 19: Step 741 accepted, E=-10.835081 Ha
Worker 19: Step 742 accepted, E=-10.835077 Ha
Worker 19: Step 743 accepted, E=-10.835038 Ha
Worker 19: Step 744 accepted, E=-10.835063 Ha
Worker 19: Step 745 accepted, E=-10.835082 Ha
Worker 19: Step 746 accepted, E=-10.834994 Ha
Worker 19: Step 747 accepted, E=-10.835032 Ha
Worker 19: Step 748 accepted, E=-10.835007 Ha
Worker 19: Step 749 accepted, E=-10.834966 Ha
Worker 19: Step 750 accepted, E=-10.835040 Ha
Worker 19: Done. Accepted=690, Rejected=60, Rate=92.0%
