Worker 1: Starting energy = -152.058854 Hartree
Worker 0: Starting energy = -152.048875 Hartree
Worker 3: Starting energy = -152.057300 Hartree
Worker 3 step 0: roto_reflection — no coordinate change (box rejection?)
Worker 3 step 1: twist — no coordinate change (box rejection?)
Worker 3 step 2: large_displacement — no coordinate change (box rejection?)
Worker 3 step 3: principal_axis_rotation — no coordinate change (box rejection?)
Worker 3 step 4: mirror — no coordinate change (box rejection?)
Worker 3 step 5: roto_reflection — no coordinate change (box rejection?)
Worker 3 step 6: roto_reflection — no coordinate change (box rejection?)
Worker 2: Starting energy = -152.053954 Hartree
Worker 4: Starting energy = -152.053990 Hartree
Worker 4 step 0: random_so3 — no coordinate change (box rejection?)
Worker 4 step 1: exchange — no coordinate change (box rejection?)
Worker 4 step 2: principal_axis_rotation — no coordinate change (box rejection?)
Worker 4 step 3: twist — no coordinate change (box rejection?)
Worker 4 step 4: exchange — no coordinate change (box rejection?)
Worker 4 step 5: roto_reflection — no coordinate change (box rejection?)
Worker 4 step 6: twist — no coordinate change (box rejection?)
Worker 4 step 7: twist — no coordinate change (box rejection?)
Worker 4 step 8: mirror — no coordinate change (box rejection?)
Worker 4 step 9: roto_reflection — no coordinate change (box rejection?)
Worker 4 step 10: large_displacement — no coordinate change (box rejection?)
Worker 0 step 0: ACCEPTED mirror E=-152.048875 Ha dipole=1.4769 D
Worker 0 step 1: mirror — no coordinate change (box rejection?)
Worker 0 step 2: twist — no coordinate change (box rejection?)
Worker 0 step 3: large_displacement — no coordinate change (box rejection?)
Worker 3 step 7: ACCEPTED twist E=-152.059407 Ha dipole=0.9662 D
Worker 4 step 11: ACCEPTED mirror E=-152.053990 Ha dipole=0.9813 D
Worker 4 step 12: twist — no coordinate change (box rejection?)
Worker 1 step 1: ACCEPTED large_displacement E=-152.056134 Ha dipole=1.4646 D
Worker 1 step 2: twist — no coordinate change (box rejection?)
Worker 0 step 4: ACCEPTED roto_reflection E=-152.048399 Ha dipole=1.5154 D
Worker 0 step 4: Adaptive box growth — new radius = 3.70 Å (acc=40.00%) 
Worker 1 step 3: roto_reflection — no coordinate change (box rejection?)
Worker 0 step 5: large_displacement — no coordinate change (box rejection?)
Worker 1 step 4: large_displacement — no coordinate change (box rejection?)
Worker 3 step 8: ACCEPTED mirror E=-152.059407 Ha dipole=0.9662 D
Worker 4 step 13: ACCEPTED exchange E=-152.051818 Ha dipole=0.9818 D
Worker 4 step 14: twist — no coordinate change (box rejection?)
Worker 4 step 15: twist — no coordinate change (box rejection?)
Worker 0 step 6: ACCEPTED random_so3 E=-152.060132 Ha dipole=0.5298 D
Worker 3 step 9: Adaptive box growth — new radius = 3.90 Å (acc=20.00%) 
Worker 3: 10/100 — accepted=2, rate=20.0%
Worker 4 step 16: ACCEPTED large_displacement E=-152.051926 Ha dipole=0.9941 D
Worker 1 step 6: ACCEPTED mirror E=-152.056134 Ha dipole=1.4646 D
Worker 1 step 7: large_displacement — no coordinate change (box rejection?)
Worker 0 step 7: ACCEPTED exchange E=-152.059493 Ha dipole=0.6705 D
Worker 0 step 8: roto_reflection — no coordinate change (box rejection?)
Worker 3 step 10: ACCEPTED large_displacement E=-152.056408 Ha dipole=0.9442 D
Worker 2 step 4: roto_reflection — no coordinate change (box rejection?)
Worker 4 step 17: ACCEPTED exchange E=-152.054635 Ha dipole=0.9876 D
Worker 4 step 18: large_displacement — no coordinate change (box rejection?)
Worker 0 step 9: Adaptive box growth — new radius = 4.03 Å (acc=40.00%) 
Worker 0: 10/100 — accepted=4, rate=40.0%
Worker 1 step 9: principal_axis_rotation — no coordinate change (box rejection?)
Worker 3 step 11: ACCEPTED principal_axis_rotation E=-152.053359 Ha dipole=1.2949 D
Worker 3 step 12: roto_reflection — no coordinate change (box rejection?)
Worker 3 step 13: large_displacement — no coordinate change (box rejection?)
Worker 3 step 14: mirror — no coordinate change (box rejection?)
Worker 4 step 19: ACCEPTED random_so3 E=-152.053028 Ha dipole=1.3280 D
Worker 4 step 19: Adaptive box growth — new radius = 3.90 Å (acc=25.00%) 
Worker 4: 20/100 — accepted=5, rate=25.0%
Worker 4 step 20: mirror — no coordinate change (box rejection?)
Worker 1 step 10: ACCEPTED twist E=-152.056817 Ha dipole=1.4459 D
Worker 0 step 11: twist — no coordinate change (box rejection?)
Worker 3 step 15: ACCEPTED exchange E=-152.052999 Ha dipole=1.2799 D
Worker 3 step 16: twist — no coordinate change (box rejection?)
Worker 3 step 17: roto_reflection — no coordinate change (box rejection?)
Worker 4 step 21: ACCEPTED principal_axis_rotation E=-152.053172 Ha dipole=0.9336 D
Worker 0 step 12: ACCEPTED principal_axis_rotation E=-152.059549 Ha dipole=1.5968 D
Worker 3 step 18: ACCEPTED twist E=-152.052506 Ha dipole=1.4467 D
Worker 3 step 19: exchange — no coordinate change (box rejection?)
Worker 4 step 22: ACCEPTED twist E=-152.053714 Ha dipole=1.0180 D
Worker 1 step 13: mirror — no coordinate change (box rejection?)
Worker 3 step 20: ACCEPTED large_displacement E=-152.052768 Ha dipole=1.4519 D
Worker 2 step 8: ACCEPTED twist E=-152.056340 Ha dipole=1.4908 D
Worker 4 step 23: ACCEPTED exchange E=-152.056226 Ha dipole=1.0515 D
Worker 0 step 14: ACCEPTED large_displacement E=-152.058152 Ha dipole=1.5662 D
Worker 0 step 14: Adaptive box growth — new radius = 4.39 Å (acc=40.00%) 
Worker 1 step 14: ACCEPTED principal_axis_rotation E=-152.057834 Ha dipole=0.7203 D
Worker 1 step 14: Adaptive box growth — new radius = 3.90 Å (acc=26.67%) 
Worker 3 step 21: ACCEPTED mirror E=-152.052768 Ha dipole=1.4519 D
Worker 2 step 9: Adaptive box growth — new radius = 3.90 Å (acc=10.00%) 
Worker 2: 10/100 — accepted=1, rate=10.0%
Worker 4 step 24: ACCEPTED random_so3 E=-152.056401 Ha dipole=0.3333 D
Worker 0 step 15: ACCEPTED twist E=-152.059143 Ha dipole=1.5253 D
Worker 1 step 15: ACCEPTED principal_axis_rotation E=-152.059748 Ha dipole=0.7610 D
Worker 3 step 22: ACCEPTED mirror E=-152.055678 Ha dipole=0.6556 D
Worker 3 step 23: twist — no coordinate change (box rejection?)
Worker 3 step 24: twist — no coordinate change (box rejection?)
Worker 3 step 25: roto_reflection — no coordinate change (box rejection?)
Worker 2 step 10: ACCEPTED large_displacement E=-152.059090 Ha dipole=1.4873 D
Worker 3 step 26: ACCEPTED random_so3 E=-152.052147 Ha dipole=1.1578 D
Worker 3 step 27: large_displacement — no coordinate change (box rejection?)
Worker 4 step 26: ACCEPTED twist E=-152.057302 Ha dipole=0.7569 D
Worker 0 step 17: ACCEPTED mirror E=-152.059143 Ha dipole=1.5253 D
Worker 3 step 28: ACCEPTED random_so3 E=-152.055090 Ha dipole=0.3976 D
Worker 3 step 29: exchange — no coordinate change (box rejection?)
Worker 2 step 12: ACCEPTED exchange E=-152.054840 Ha dipole=1.4351 D
Worker 4 step 27: ACCEPTED principal_axis_rotation E=-152.057457 Ha dipole=0.7614 D
Worker 4 step 28: mirror — no coordinate change (box rejection?)
Worker 4 step 29: mirror — no coordinate change (box rejection?)
Worker 0 step 18: ACCEPTED large_displacement E=-152.059169 Ha dipole=1.5247 D
Worker 3 step 30: ACCEPTED random_so3 E=-152.055802 Ha dipole=1.5292 D
Worker 2 step 13: ACCEPTED principal_axis_rotation E=-152.053607 Ha dipole=1.2926 D
Worker 4 step 30: ACCEPTED twist E=-152.057285 Ha dipole=0.5840 D
Worker 0 step 19: ACCEPTED twist E=-152.059968 Ha dipole=1.6762 D
Worker 0: 20/100 — accepted=10, rate=50.0%
Worker 1 step 19: Adaptive box growth — new radius = 4.49 Å (acc=20.00%) 
Worker 1: 20/100 — accepted=5, rate=25.0%
Worker 1 step 20: roto_reflection — no coordinate change (box rejection?)
Worker 3 step 31: ACCEPTED principal_axis_rotation E=-152.056254 Ha dipole=1.2857 D
Worker 3 step 32: twist — no coordinate change (box rejection?)
Worker 2 step 14: ACCEPTED random_so3 E=-152.050935 Ha dipole=1.3929 D
Worker 4 step 31: ACCEPTED large_displacement E=-152.057452 Ha dipole=0.5823 D
Worker 4 step 32: large_displacement — no coordinate change (box rejection?)
Worker 4 step 33: twist — no coordinate change (box rejection?)
Worker 4 step 34: roto_reflection — no coordinate change (box rejection?)
Worker 0 step 20: ACCEPTED random_so3 E=-152.059853 Ha dipole=1.6967 D
Worker 0 step 21: twist — no coordinate change (box rejection?)
Worker 1 step 21: ACCEPTED principal_axis_rotation E=-152.059509 Ha dipole=0.8879 D
Worker 2 step 15: ACCEPTED large_displacement E=-152.052781 Ha dipole=1.4281 D
Worker 0 step 22: ACCEPTED roto_reflection E=-152.051933 Ha dipole=0.1771 D
Worker 1 step 23: twist — no coordinate change (box rejection?)
Worker 3 step 34: ACCEPTED principal_axis_rotation E=-152.056643 Ha dipole=1.3748 D
Worker 3 step 34: Adaptive box growth — new radius = 4.07 Å (acc=48.00%) 
Worker 3 step 35: large_displacement — no coordinate change (box rejection?)
Worker 3 step 36: large_displacement — no coordinate change (box rejection?)
Worker 2 step 16: ACCEPTED mirror E=-152.055882 Ha dipole=0.7284 D
Worker 0 step 23: ACCEPTED random_so3 E=-152.056203 Ha dipole=0.7895 D
Worker 1 step 24: Adaptive box growth — new radius = 5.16 Å (acc=20.00%) 
Worker 3 step 37: ACCEPTED large_displacement E=-152.058187 Ha dipole=1.3824 D
Worker 3 step 38: mirror — no coordinate change (box rejection?)
Worker 2 step 17: ACCEPTED random_so3 E=-152.056461 Ha dipole=1.0816 D
Worker 4 step 38: twist — no coordinate change (box rejection?)
Worker 0 step 24: Box stable window 1/3 (acc=60.00%)
Worker 3 step 39: Adaptive box growth — new radius = 4.68 Å (acc=20.00%) 
Worker 1 step 25: ACCEPTED mirror E=-152.059509 Ha dipole=0.8879 D
Worker 3: 40/100 — accepted=15, rate=37.5%
Worker 2 step 18: ACCEPTED large_displacement E=-152.055505 Ha dipole=1.0730 D
Worker 2 step 19: mirror — no coordinate change (box rejection?)
Worker 4 step 39: Adaptive box growth — new radius = 4.49 Å (acc=26.67%) 
Worker 4: 40/100 — accepted=13, rate=32.5%
Worker 3 step 40: ACCEPTED roto_reflection E=-152.056062 Ha dipole=0.9007 D
Worker 2 step 20: ACCEPTED random_so3 E=-152.055246 Ha dipole=1.0112 D
Worker 4 step 40: ACCEPTED principal_axis_rotation E=-152.056352 Ha dipole=1.3328 D
Worker 3 step 41: ACCEPTED principal_axis_rotation E=-152.056289 Ha dipole=0.9378 D
Worker 1 step 27: ACCEPTED large_displacement E=-152.056337 Ha dipole=0.8541 D
Worker 2 step 21: ACCEPTED mirror E=-152.055246 Ha dipole=1.0112 D
Worker 1 step 28: ACCEPTED principal_axis_rotation E=-152.055423 Ha dipole=1.3601 D
Worker 2 step 22: ACCEPTED principal_axis_rotation E=-152.056042 Ha dipole=1.0106 D
Worker 2 step 23: roto_reflection — no coordinate change (box rejection?)
Worker 4 step 42: ACCEPTED twist E=-152.052474 Ha dipole=1.0809 D
Worker 4 step 43: large_displacement — no coordinate change (box rejection?)
Worker 0 step 28: ACCEPTED principal_axis_rotation E=-152.059011 Ha dipole=1.5986 D
Worker 3 step 43: ACCEPTED mirror E=-152.056290 Ha dipole=0.9382 D
Worker 1 step 29: ACCEPTED mirror E=-152.060316 Ha dipole=0.8112 D
Worker 1: 30/100 — accepted=10, rate=33.3%
Worker 2 step 24: ACCEPTED random_so3 E=-152.053882 Ha dipole=1.2908 D
Worker 4 step 44: ACCEPTED roto_reflection E=-152.057319 Ha dipole=1.2308 D
Worker 4 step 44: Box stable window 1/3 (acc=60.00%)
Worker 0 step 29: ACCEPTED mirror E=-152.059015 Ha dipole=1.5991 D
Worker 0 step 29: Adaptive box growth — new radius = 4.79 Å (acc=40.00%) 
Worker 0: 30/100 — accepted=15, rate=50.0%
Worker 3 step 44: ACCEPTED twist E=-152.056246 Ha dipole=0.9181 D
Worker 1 step 30: ACCEPTED large_displacement E=-152.060855 Ha dipole=0.8551 D
Worker 1 step 31: mirror — no coordinate change (box rejection?)
Worker 2 step 25: ACCEPTED mirror E=-152.053882 Ha dipole=1.2908 D
Worker 2 step 26: twist — no coordinate change (box rejection?)
Worker 2 step 27: twist — no coordinate change (box rejection?)
Worker 3 step 45: ACCEPTED roto_reflection E=-152.053907 Ha dipole=1.3464 D
Worker 1 step 33: roto_reflection — no coordinate change (box rejection?)
Worker 2 step 28: ACCEPTED large_displacement E=-152.054097 Ha dipole=1.2902 D
Worker 4 step 46: ACCEPTED mirror E=-152.057319 Ha dipole=1.2308 D
Worker 4 step 47: twist — no coordinate change (box rejection?)
Worker 3 step 46: ACCEPTED mirror E=-152.057918 Ha dipole=0.9338 D
Worker 3 step 47: exchange — no coordinate change (box rejection?)
Worker 1 step 34: Adaptive box growth — new radius = 5.94 Å (acc=20.00%) 
Worker 2 step 29: ACCEPTED large_displacement E=-152.053864 Ha dipole=1.2712 D
Worker 2 step 29: Box stable window 1/3 (acc=60.00%)
Worker 2: 30/100 — accepted=16, rate=53.3%
Worker 0 step 32: ACCEPTED large_displacement E=-152.059546 Ha dipole=1.6167 D
Worker 3 step 48: ACCEPTED principal_axis_rotation E=-152.053006 Ha dipole=1.5101 D
Worker 3 step 49: mirror — no coordinate change (box rejection?)
Worker 3 step 50: twist — no coordinate change (box rejection?)
Worker 1 step 35: ACCEPTED twist E=-152.059345 Ha dipole=0.4333 D
Worker 2 step 30: ACCEPTED large_displacement E=-152.054825 Ha dipole=1.2828 D
Worker 1 step 36: exchange — no coordinate change (box rejection?)
Worker 2 step 31: mirror — no coordinate change (box rejection?)
Worker 4 step 49: ACCEPTED exchange E=-152.056482 Ha dipole=1.1978 D
Worker 4 step 49: Adaptive box growth — new radius = 4.89 Å (acc=40.00%) 
Worker 4: 50/100 — accepted=18, rate=36.0%
Worker 4 step 50: mirror — no coordinate change (box rejection?)
Worker 0 step 33: ACCEPTED large_displacement E=-152.058735 Ha dipole=1.6421 D
Worker 3 step 51: ACCEPTED random_so3 E=-152.055781 Ha dipole=0.9242 D
Worker 2 step 32: ACCEPTED mirror E=-152.054825 Ha dipole=1.2828 D
Worker 1 step 37: ACCEPTED twist E=-152.059386 Ha dipole=0.6451 D
Worker 4 step 51: ACCEPTED random_so3 E=-152.055489 Ha dipole=1.2500 D
Worker 0 step 34: Adaptive box growth — new radius = 5.22 Å (acc=40.00%) 
Worker 3 step 52: ACCEPTED twist E=-152.055623 Ha dipole=0.6880 D
Worker 2 step 33: ACCEPTED twist E=-152.055202 Ha dipole=1.1914 D
Worker 2 step 34: random_so3 — no coordinate change (box rejection?)
Worker 2 step 35: roto_reflection — no coordinate change (box rejection?)
Worker 4 step 52: ACCEPTED mirror E=-152.055489 Ha dipole=1.2500 D
Worker 3 step 53: ACCEPTED large_displacement E=-152.060272 Ha dipole=0.7336 D
Worker 2 step 36: ACCEPTED roto_reflection E=-152.057409 Ha dipole=1.0938 D
Worker 2 step 37: mirror — no coordinate change (box rejection?)
Worker 1 step 39: ACCEPTED twist E=-152.057272 Ha dipole=0.7098 D
Worker 1 step 39: Box stable window 1/3 (acc=60.00%)
Worker 1: 40/100 — accepted=14, rate=35.0%
Worker 4 step 53: ACCEPTED exchange E=-152.057236 Ha dipole=1.2660 D
Worker 3 step 54: ACCEPTED exchange E=-152.059749 Ha dipole=0.7037 D
Worker 2 step 38: ACCEPTED exchange E=-152.053761 Ha dipole=1.0574 D
Worker 1 step 41: exchange — no coordinate change (box rejection?)
Worker 4 step 54: Box stable window 1/3 (acc=60.00%)
Worker 2 step 39: ACCEPTED large_displacement E=-152.053256 Ha dipole=1.0560 D
Worker 2 step 39: Box stable window 2/3 (acc=60.00%)
Worker 2: 40/100 — accepted=22, rate=55.0%
Worker 1 step 42: ACCEPTED mirror E=-152.060546 Ha dipole=1.5015 D
Worker 4 step 55: ACCEPTED twist E=-152.057270 Ha dipole=1.5789 D
Worker 4 step 56: mirror — no coordinate change (box rejection?)
Worker 2 step 40: ACCEPTED principal_axis_rotation E=-152.052446 Ha dipole=1.5432 D
Worker 3 step 56: ACCEPTED twist E=-152.060137 Ha dipole=1.2713 D
Worker 2 step 41: large_displacement — no coordinate change (box rejection?)
Worker 4 step 57: ACCEPTED exchange E=-152.057750 Ha dipole=1.5869 D
Worker 4 step 58: twist — no coordinate change (box rejection?)
Worker 0 step 39: Adaptive box growth — new radius = 6.00 Å (acc=0.00%) 
Worker 0: 40/100 — accepted=17, rate=42.5%
Worker 2 step 42: ACCEPTED random_so3 E=-152.053505 Ha dipole=1.2232 D
Worker 2 step 43: twist — no coordinate change (box rejection?)
Worker 2 step 44: twist — no coordinate change (box rejection?)
Worker 1 step 44: Adaptive box growth — new radius = 6.83 Å (acc=20.00%) 
Worker 4 step 59: ACCEPTED large_displacement E=-152.056189 Ha dipole=1.5605 D
Worker 4 step 59: Box stable window 2/3 (acc=60.00%)
Worker 4: 60/100 — accepted=24, rate=40.0%
Worker 0 step 40: ACCEPTED principal_axis_rotation E=-152.058294 Ha dipole=1.6759 D
Worker 2 step 46: roto_reflection — no coordinate change (box rejection?)
Worker 1 step 45: ACCEPTED mirror E=-152.060546 Ha dipole=1.5015 D
Worker 0 step 41: ACCEPTED exchange E=-152.054527 Ha dipole=1.6417 D
Worker 2 step 47: ACCEPTED mirror E=-152.053505 Ha dipole=1.2232 D
Worker 3 step 59: Adaptive box growth — new radius = 5.38 Å (acc=20.00%) 
Worker 3: 60/100 — accepted=27, rate=45.0%
Worker 1 step 46: ACCEPTED roto_reflection E=-152.061671 Ha dipole=0.8986 D
Worker 4 step 61: ACCEPTED exchange E=-152.056705 Ha dipole=1.5689 D
Worker 4 step 62: roto_reflection — no coordinate change (box rejection?)
Worker 2 step 48: ACCEPTED exchange E=-152.056121 Ha dipole=1.2567 D
Worker 0 step 42: ACCEPTED twist E=-152.053272 Ha dipole=1.2463 D
Worker 2 step 49: twist — no coordinate change (box rejection?)
Worker 3 step 60: ACCEPTED twist E=-152.060487 Ha dipole=1.4741 D
Worker 4 step 63: ACCEPTED exchange E=-152.056189 Ha dipole=1.5605 D
Worker 2 step 51: twist — no coordinate change (box rejection?)
Worker 2 step 52: twist — no coordinate change (box rejection?)
Worker 0 step 43: ACCEPTED large_displacement E=-152.058875 Ha dipole=1.2819 D
Worker 4 step 64: ACCEPTED principal_axis_rotation E=-152.056600 Ha dipole=1.4644 D
Worker 4 step 64: Box stable window 3/3 (acc=60.00%)
Worker 4 step 64: Box growth stabilized after 3 windows. Stopping growth.
Worker 1 step 49: Adaptive box growth — new radius = 7.44 Å (acc=40.00%) 
Worker 1: 50/100 — accepted=17, rate=34.0%
Worker 4 step 65: ACCEPTED principal_axis_rotation E=-152.052319 Ha dipole=0.9525 D
Worker 2 step 54: ACCEPTED exchange E=-152.053505 Ha dipole=1.2232 D
Worker 2 step 54: Adaptive box growth — new radius = 4.41 Å (acc=33.33%) 
Worker 0 step 45: ACCEPTED exchange E=-152.060190 Ha dipole=1.3745 D
Worker 4 step 66: ACCEPTED large_displacement E=-152.053035 Ha dipole=0.9605 D
Worker 4 step 67: roto_reflection — no coordinate change (box rejection?)
Worker 2 step 55: ACCEPTED random_so3 E=-152.053821 Ha dipole=0.9967 D
Worker 3 step 64: ACCEPTED mirror E=-152.060487 Ha dipole=1.4741 D
Worker 3 step 64: Adaptive box growth — new radius = 5.86 Å (acc=40.00%) 
Worker 0 step 46: ACCEPTED twist E=-152.060221 Ha dipole=1.2630 D
Worker 4 step 68: ACCEPTED mirror E=-152.053035 Ha dipole=0.9605 D
Worker 4 step 69: twist — no coordinate change (box rejection?)
Worker 2 step 56: ACCEPTED principal_axis_rotation E=-152.054274 Ha dipole=1.2365 D
Worker 3 step 65: ACCEPTED twist E=-152.060800 Ha dipole=1.3544 D
Worker 4 step 70: ACCEPTED twist E=-152.056247 Ha dipole=1.3982 D
Worker 0 step 48: ACCEPTED large_displacement E=-152.058897 Ha dipole=1.1754 D
Worker 4 step 71: ACCEPTED random_so3 E=-152.057310 Ha dipole=1.5976 D
Worker 4 step 72: mirror — no coordinate change (box rejection?)
Worker 2 step 58: ACCEPTED exchange E=-152.053873 Ha dipole=1.2278 D
Worker 3 step 67: ACCEPTED mirror E=-152.060800 Ha dipole=1.3544 D
Worker 0 step 49: Box stable window 1/3 (acc=60.00%)
Worker 0: 50/100 — accepted=24, rate=48.0%
Worker 1 step 54: Adaptive box growth — new radius = 8.56 Å (acc=0.00%) 
Worker 4 step 73: ACCEPTED mirror E=-152.057310 Ha dipole=1.5976 D
Worker 2 step 59: ACCEPTED large_displacement E=-152.053725 Ha dipole=1.2231 D
Worker 2: 60/100 — accepted=31, rate=51.7%
Worker 3 step 68: ACCEPTED roto_reflection E=-152.060572 Ha dipole=1.4440 D
Worker 0 step 50: ACCEPTED mirror E=-152.056499 Ha dipole=1.1865 D
Worker 1 step 55: ACCEPTED large_displacement E=-152.061662 Ha dipole=0.9510 D
Worker 4 step 74: ACCEPTED large_displacement E=-152.058195 Ha dipole=1.6111 D
Worker 4 step 75: roto_reflection — no coordinate change (box rejection?)
Worker 2 step 60: ACCEPTED principal_axis_rotation E=-152.053074 Ha dipole=1.4930 D
Worker 3 step 69: Box stable window 1/3 (acc=60.00%)
Worker 3: 70/100 — accepted=32, rate=45.7%
Worker 0 step 51: ACCEPTED mirror E=-152.057281 Ha dipole=1.1203 D
Worker 2 step 61: ACCEPTED twist E=-152.053052 Ha dipole=1.5767 D
Worker 2 step 62: twist — no coordinate change (box rejection?)
Worker 0 step 52: ACCEPTED exchange E=-152.058894 Ha dipole=1.1753 D
Worker 0 step 53: twist — no coordinate change (box rejection?)
Worker 1 step 57: ACCEPTED twist E=-152.060063 Ha dipole=0.9592 D
Worker 4 step 77: ACCEPTED random_so3 E=-152.058670 Ha dipole=1.6330 D
Worker 2 step 63: ACCEPTED principal_axis_rotation E=-152.053061 Ha dipole=1.5771 D
Worker 2 step 64: twist — no coordinate change (box rejection?)
Worker 2 step 65: twist — no coordinate change (box rejection?)
Worker 3 step 72: roto_reflection — no coordinate change (box rejection?)
Worker 0 step 54: ACCEPTED mirror E=-152.058894 Ha dipole=1.1753 D
Worker 1 step 58: ACCEPTED mirror E=-152.060063 Ha dipole=0.9592 D
Worker 2 step 66: ACCEPTED random_so3 E=-152.054513 Ha dipole=0.8919 D
Worker 1 step 59: Box stable window 1/3 (acc=60.00%)
Worker 1: 60/100 — accepted=20, rate=33.3%
Worker 4: 80/100 — accepted=35, rate=43.8%
Worker 2 step 67: ACCEPTED twist E=-152.055079 Ha dipole=1.2621 D
Worker 3 step 74: Adaptive box growth — new radius = 6.74 Å (acc=0.00%) 
Worker 0 step 56: ACCEPTED large_displacement E=-152.057610 Ha dipole=1.1517 D
Worker 2 step 68: ACCEPTED large_displacement E=-152.055186 Ha dipole=1.2639 D
Worker 3 step 75: ACCEPTED mirror E=-152.060572 Ha dipole=1.4440 D
Worker 4 step 81: ACCEPTED mirror E=-152.058670 Ha dipole=1.6330 D
Worker 2 step 69: Box stable window 1/3 (acc=60.00%)
Worker 2: 70/100 — accepted=37, rate=52.9%
Worker 2 step 70: roto_reflection — no coordinate change (box rejection?)
Worker 2 step 71: roto_reflection — no coordinate change (box rejection?)
Worker 2 step 72: twist — no coordinate change (box rejection?)
Worker 4 step 82: ACCEPTED twist E=-152.058619 Ha dipole=1.6420 D
Worker 3 step 77: ACCEPTED principal_axis_rotation E=-152.058744 Ha dipole=1.2494 D
Worker 0 step 59: Adaptive box growth — new radius = 6.91 Å (acc=20.00%) 
Worker 0: 60/100 — accepted=29, rate=48.3%
Worker 1 step 63: ACCEPTED roto_reflection E=-152.060256 Ha dipole=1.0295 D
Worker 4 step 83: ACCEPTED large_displacement E=-152.059379 Ha dipole=1.6566 D
Worker 4 step 84: mirror — no coordinate change (box rejection?)
Worker 4 step 85: mirror — no coordinate change (box rejection?)
Worker 2 step 74: ACCEPTED twist E=-152.053671 Ha dipole=1.4755 D
Worker 2 step 74: Adaptive box growth — new radius = 5.07 Å (acc=20.00%) 
Worker 0 step 60: ACCEPTED principal_axis_rotation E=-152.058313 Ha dipole=1.1614 D
Worker 1 step 64: Adaptive box growth — new radius = 9.84 Å (acc=20.00%) 
Worker 2 step 75: ACCEPTED twist E=-152.053739 Ha dipole=1.4714 D
Worker 2 step 76: twist — no coordinate change (box rejection?)
Worker 3 step 79: ACCEPTED principal_axis_rotation E=-152.058711 Ha dipole=1.2543 D
Worker 3 step 79: Box stable window 1/3 (acc=60.00%)
Worker 3: 80/100 — accepted=35, rate=43.8%
Worker 0 step 61: ACCEPTED twist E=-152.058050 Ha dipole=1.1677 D
Worker 0 step 62: twist — no coordinate change (box rejection?)
Worker 4 step 87: ACCEPTED mirror E=-152.059377 Ha dipole=1.6563 D
Worker 2 step 77: ACCEPTED exchange E=-152.052511 Ha dipole=1.4704 D
Worker 3 step 80: ACCEPTED mirror E=-152.058342 Ha dipole=1.1096 D
Worker 0 step 63: ACCEPTED large_displacement E=-152.057626 Ha dipole=1.1604 D
Worker 2 step 78: ACCEPTED twist E=-152.052265 Ha dipole=1.4365 D
Worker 2 step 79: mirror — no coordinate change (box rejection?)
Worker 3 step 81: ACCEPTED mirror E=-152.058342 Ha dipole=1.1096 D
Worker 0 step 64: ACCEPTED large_displacement E=-152.057708 Ha dipole=1.1627 D
Worker 1 step 67: ACCEPTED twist E=-152.057118 Ha dipole=1.2574 D
Worker 4 step 89: ACCEPTED mirror E=-152.059377 Ha dipole=1.6563 D
Worker 4: 90/100 — accepted=40, rate=44.4%
Worker 2 step 80: ACCEPTED mirror E=-152.052265 Ha dipole=1.4365 D
Worker 3 step 82: ACCEPTED random_so3 E=-152.059991 Ha dipole=0.3932 D
Worker 0 step 65: ACCEPTED exchange E=-152.058452 Ha dipole=1.1278 D
Worker 4 step 90: ACCEPTED twist E=-152.059397 Ha dipole=1.6674 D
Worker 2 step 81: ACCEPTED random_so3 E=-152.054593 Ha dipole=1.5157 D
Worker 3 step 83: ACCEPTED principal_axis_rotation E=-152.057204 Ha dipole=1.4357 D
Worker 1 step 69: Adaptive box growth — new radius = 11.31 Å (acc=20.00%) 
Worker 1: 70/100 — accepted=22, rate=31.4%
Worker 4 step 91: ACCEPTED roto_reflection E=-152.059257 Ha dipole=1.6557 D
Worker 3 step 84: ACCEPTED large_displacement E=-152.056012 Ha dipole=1.4113 D
Worker 1 step 70: ACCEPTED mirror E=-152.057118 Ha dipole=1.2574 D
Worker 4 step 92: ACCEPTED twist E=-152.058690 Ha dipole=0.8747 D
Worker 2 step 83: ACCEPTED twist E=-152.054959 Ha dipole=1.4709 D
Worker 3 step 85: ACCEPTED mirror E=-152.055094 Ha dipole=0.8329 D
Worker 4 step 93: ACCEPTED large_displacement E=-152.057944 Ha dipole=0.8804 D
Worker 2 step 84: ACCEPTED principal_axis_rotation E=-152.057234 Ha dipole=1.5004 D
Worker 3 step 86: ACCEPTED principal_axis_rotation E=-152.054269 Ha dipole=1.0151 D
Worker 0 step 69: Adaptive box growth — new radius = 7.94 Å (acc=20.00%) 
Worker 0: 70/100 — accepted=34, rate=48.6%
Worker 1 step 72: ACCEPTED twist E=-152.057990 Ha dipole=1.3686 D
Worker 4 step 95: twist — no coordinate change (box rejection?)
Worker 2 step 85: ACCEPTED random_so3 E=-152.057636 Ha dipole=1.2261 D
Worker 3 step 87: ACCEPTED principal_axis_rotation E=-152.055608 Ha dipole=1.0111 D
Worker 0 step 71: mirror — no coordinate change (box rejection?)
Worker 4 step 96: ACCEPTED principal_axis_rotation E=-152.058431 Ha dipole=1.1222 D
Worker 2 step 86: ACCEPTED roto_reflection E=-152.057667 Ha dipole=1.2426 D
Worker 3 step 88: ACCEPTED principal_axis_rotation E=-152.056058 Ha dipole=0.8652 D
Worker 1 step 74: ACCEPTED roto_reflection E=-152.057329 Ha dipole=1.0201 D
Worker 1 step 74: Box stable window 1/3 (acc=60.00%)
Worker 3: 90/100 — accepted=44, rate=48.9%
Worker 3 step 90: large_displacement — no coordinate change (box rejection?)
Worker 1 step 75: ACCEPTED roto_reflection E=-152.059848 Ha dipole=0.7032 D
Worker 4 step 98: ACCEPTED mirror E=-152.058431 Ha dipole=1.1222 D
Worker 3 step 91: ACCEPTED roto_reflection E=-152.054528 Ha dipole=1.3623 D
Worker 0 step 74: ACCEPTED roto_reflection E=-152.053629 Ha dipole=1.1434 D
Worker 0 step 74: Adaptive box growth — new radius = 9.13 Å (acc=20.00%) 
Worker 1 step 76: ACCEPTED principal_axis_rotation E=-152.058782 Ha dipole=0.3376 D
Worker 2 step 89: Adaptive box growth — new radius = 5.53 Å (acc=40.00%) 
Worker 2: 90/100 — accepted=47, rate=52.2%
Worker 2 step 90: roto_reflection — no coordinate change (box rejection?)
Worker 2 step 91: twist — no coordinate change (box rejection?)
Worker 2 step 92: roto_reflection — no coordinate change (box rejection?)
Worker 4 step 99: ACCEPTED large_displacement E=-152.058785 Ha dipole=1.1241 D
Worker 4: 100/100 — accepted=47, rate=47.0%
Worker 4: DONE — 47/100 accepted (47.0%)
Worker 3 step 92: ACCEPTED large_displacement E=-152.053875 Ha dipole=1.3579 D
Worker 0 step 75: ACCEPTED large_displacement E=-152.053694 Ha dipole=1.1463 D
Worker 2 step 94: mirror — no coordinate change (box rejection?)
Worker 3 step 93: ACCEPTED twist E=-152.055940 Ha dipole=0.9870 D
Worker 0 step 76: ACCEPTED random_so3 E=-152.055692 Ha dipole=1.4461 D
Worker 3 step 94: ACCEPTED roto_reflection E=-152.056200 Ha dipole=0.8826 D
Worker 0 step 77: ACCEPTED mirror E=-152.055692 Ha dipole=1.4461 D
Worker 1 step 79: ACCEPTED random_so3 E=-152.060298 Ha dipole=0.5994 D
Worker 1 step 79: Box stable window 2/3 (acc=60.00%)
Worker 1: 80/100 — accepted=28, rate=35.0%
Worker 2 step 97: twist — no coordinate change (box rejection?)
Worker 2 step 98: twist — no coordinate change (box rejection?)
Worker 2 step 99: roto_reflection — no coordinate change (box rejection?)
Worker 2: DONE — 47/100 accepted (47.0%)
Worker 3 step 95: ACCEPTED twist E=-152.055713 Ha dipole=0.8611 D
Worker 0 step 78: ACCEPTED exchange E=-152.053734 Ha dipole=1.4247 D
Worker 1 step 80: ACCEPTED twist E=-152.060211 Ha dipole=0.5851 D
Worker 3 step 96: ACCEPTED large_displacement E=-152.054997 Ha dipole=0.8572 D
Worker 0 step 79: ACCEPTED exchange E=-152.055692 Ha dipole=1.4461 D
Worker 0: 80/100 — accepted=40, rate=50.0%
Worker 3 step 97: ACCEPTED random_so3 E=-152.054690 Ha dipole=1.3468 D
Worker 0 step 80: ACCEPTED principal_axis_rotation E=-152.054554 Ha dipole=0.8881 D
Worker 0 step 81: ACCEPTED mirror E=-152.054554 Ha dipole=0.8881 D
Worker 1 step 83: ACCEPTED large_displacement E=-152.060431 Ha dipole=0.5801 D
Worker 3 step 99: ACCEPTED large_displacement E=-152.055713 Ha dipole=1.3624 D
Worker 3: 100/100 — accepted=52, rate=52.0%
Worker 3: DONE — 52/100 accepted (52.0%)
Worker 0 step 82: ACCEPTED large_displacement E=-152.054991 Ha dipole=0.8835 D
Worker 1 step 84: ACCEPTED mirror E=-152.060438 Ha dipole=0.5797 D
Worker 1 step 84: Box stable window 3/3 (acc=60.00%)
Worker 1 step 84: Box growth stabilized after 3 windows. Stopping growth.
Worker 0 step 83: ACCEPTED twist E=-152.057866 Ha dipole=1.1836 D
Worker 0 step 84: ACCEPTED mirror E=-152.052898 Ha dipole=1.1181 D
Worker 0 step 85: ACCEPTED twist E=-152.057903 Ha dipole=1.0436 D
Worker 0 step 86: ACCEPTED large_displacement E=-152.059506 Ha dipole=1.0697 D
Worker 1 step 88: ACCEPTED twist E=-152.060550 Ha dipole=0.5598 D
Worker 0 step 87: ACCEPTED large_displacement E=-152.061720 Ha dipole=1.1245 D
Worker 1 step 89: ACCEPTED principal_axis_rotation E=-152.059697 Ha dipole=0.2913 D
Worker 1: 90/100 — accepted=33, rate=36.7%
Worker 1 step 90: ACCEPTED principal_axis_rotation E=-152.060377 Ha dipole=0.4134 D
Worker 0 step 89: Box stable window 1/3 (acc=60.00%)
Worker 0: 90/100 — accepted=48, rate=53.3%
Worker 1 step 91: ACCEPTED exchange E=-152.061536 Ha dipole=0.4184 D
Worker 1 step 92: ACCEPTED mirror E=-152.061536 Ha dipole=0.4184 D
Worker 0 step 91: ACCEPTED twist E=-152.060910 Ha dipole=1.0004 D
Worker 0 step 92: ACCEPTED twist E=-152.060913 Ha dipole=1.1693 D
Worker 1 step 94: ACCEPTED twist E=-152.056522 Ha dipole=0.9202 D
Worker 0 step 93: ACCEPTED twist E=-152.061626 Ha dipole=0.9252 D
Worker 1 step 95: ACCEPTED exchange E=-152.055833 Ha dipole=0.9151 D
Worker 0 step 94: Box stable window 2/3 (acc=60.00%)
Worker 1 step 97: ACCEPTED large_displacement E=-152.057269 Ha dipole=0.9436 D
Worker 1: 100/100 — accepted=39, rate=39.0%
Worker 1: DONE — 39/100 accepted (39.0%)
Worker 0 step 98: ACCEPTED principal_axis_rotation E=-152.059468 Ha dipole=1.4136 D
Worker 0 step 99: ACCEPTED mirror E=-152.059461 Ha dipole=1.4129 D
Worker 0 step 99: Adaptive box growth — new radius = 9.95 Å (acc=40.00%) 
Worker 0: 100/100 — accepted=53, rate=53.0%
Worker 0: DONE — 53/100 accepted (53.0%)
Worker 0: Starting energy = -152.057069 Hartree
Worker 1: Starting energy = -152.055012 Hartree
Worker 1 step 0: local_twist — no coordinate change (box rejection?)
Worker 1 step 1: small_principal_axis_rotation — no coordinate change (box rejection?)
Worker 1 step 2: small_principal_axis_rotation — no coordinate change (box rejection?)
Worker 1 step 3: random_displacement — no coordinate change (box rejection?)
Worker 2: Starting energy = -152.058014 Hartree
Worker 10: Starting energy = -152.056787 Hartree
Worker 10 step 0: random_displacement — no coordinate change (box rejection?)
Worker 3: Starting energy = -152.056193 Hartree
Worker 6: Starting energy = -152.056115 Hartree
Worker 10 step 1: random_displacement — no coordinate change (box rejection?)
Worker 10 step 2: local_twist — no coordinate change (box rejection?)
Worker 10 step 3: random_rotation — no coordinate change (box rejection?)
Worker 10 step 4: random_displacement — no coordinate change (box rejection?)
Worker 10 step 5: random_displacement — no coordinate change (box rejection?)
Worker 5: Starting energy = -152.056778 Hartree
Worker 5 step 0: small_principal_axis_rotation — no coordinate change (box rejection?)
Worker 7: Starting energy = -152.054577 Hartree
Worker 8: Starting energy = -152.052809 Hartree
Worker 5 step 1: correlated_displacement — no coordinate change (box rejection?)
Worker 5 step 2: local_twist — no coordinate change (box rejection?)
Worker 5 step 3: random_displacement — no coordinate change (box rejection?)
Worker 5 step 4: small_principal_axis_rotation — no coordinate change (box rejection?)
Worker 5 step 5: correlated_displacement — no coordinate change (box rejection?)
Worker 5 step 6: correlated_displacement — no coordinate change (box rejection?)
Worker 9: Starting energy = -152.053729 Hartree
Worker 5 step 7: random_rotation — no coordinate change (box rejection?)
Worker 5 step 8: random_displacement — no coordinate change (box rejection?)
Worker 5 step 9: random_displacement — no coordinate change (box rejection?)
Worker 5 step 10: correlated_displacement — no coordinate change (box rejection?)
Worker 5 step 11: random_displacement — no coordinate change (box rejection?)
Worker 5 step 12: correlated_displacement — no coordinate change (box rejection?)
Worker 5 step 13: random_displacement — no coordinate change (box rejection?)
Worker 5 step 14: random_displacement — no coordinate change (box rejection?)
Worker 5 step 15: small_principal_axis_rotation — no coordinate change (box rejection?)
Worker 5 step 16: random_displacement — no coordinate change (box rejection?)
Worker 5 step 17: random_displacement — no coordinate change (box rejection?)
Worker 4: Starting energy = -152.058661 Hartree
Worker 5 step 18: random_rotation — no coordinate change (box rejection?)
Worker 5 step 19: correlated_displacement — no coordinate change (box rejection?)
Worker 4 step 0: random_rotation — no coordinate change (box rejection?)
Worker 5 step 20: local_twist — no coordinate change (box rejection?)
Worker 4 step 1: random_displacement — no coordinate change (box rejection?)
Worker 5 step 21: random_displacement — no coordinate change (box rejection?)
Worker 4 step 2: random_displacement — no coordinate change (box rejection?)
Worker 5 step 22: local_twist — no coordinate change (box rejection?)
Worker 4 step 3: random_rotation — no coordinate change (box rejection?)
Worker 5 step 23: local_twist — no coordinate change (box rejection?)
Worker 4 step 4: local_twist — no coordinate change (box rejection?)
Worker 5 step 24: small_principal_axis_rotation — no coordinate change (box rejection?)
Worker 4 step 5: small_principal_axis_rotation — no coordinate change (box rejection?)
Worker 5 step 25: random_displacement — no coordinate change (box rejection?)
Worker 4 step 6: random_displacement — no coordinate change (box rejection?)
Worker 4 step 7: random_displacement — no coordinate change (box rejection?)
Worker 5 step 26: random_rotation — no coordinate change (box rejection?)
Worker 4 step 8: random_displacement — no coordinate change (box rejection?)
Worker 5 step 27: local_twist — no coordinate change (box rejection?)
Worker 4 step 9: random_rotation — no coordinate change (box rejection?)
Worker 5 step 28: random_displacement — no coordinate change (box rejection?)
Worker 4 step 10: small_principal_axis_rotation — no coordinate change (box rejection?)
Worker 5 step 29: random_displacement — no coordinate change (box rejection?)
Worker 4 step 11: local_twist — no coordinate change (box rejection?)
Worker 5 step 30: local_twist — no coordinate change (box rejection?)
Worker 4 step 12: random_displacement — no coordinate change (box rejection?)
Worker 5 step 31: correlated_displacement — no coordinate change (box rejection?)
Worker 4 step 13: local_twist — no coordinate change (box rejection?)
Worker 5 step 32: random_displacement — no coordinate change (box rejection?)
Worker 12: Starting energy = -152.052819 Hartree
Worker 4 step 14: random_displacement — no coordinate change (box rejection?)
Worker 5 step 33: local_twist — no coordinate change (box rejection?)
Worker 12 step 0: correlated_displacement — no coordinate change (box rejection?)
Worker 4 step 15: small_principal_axis_rotation — no coordinate change (box rejection?)
Worker 5 step 34: correlated_displacement — no coordinate change (box rejection?)
Worker 4 step 16: random_displacement — no coordinate change (box rejection?)
Worker 5 step 35: local_twist — no coordinate change (box rejection?)
Worker 5 step 36: correlated_displacement — no coordinate change (box rejection?)
Worker 5 step 37: correlated_displacement — no coordinate change (box rejection?)
Worker 5 step 38: correlated_displacement — no coordinate change (box rejection?)
Worker 5 step 39: random_displacement — no coordinate change (box rejection?)
Worker 5 step 40: random_rotation — no coordinate change (box rejection?)
Worker 5 step 41: random_rotation — no coordinate change (box rejection?)
Worker 5 step 42: local_twist — no coordinate change (box rejection?)
Worker 5 step 43: small_principal_axis_rotation — no coordinate change (box rejection?)
Worker 5 step 44: correlated_displacement — no coordinate change (box rejection?)
Worker 13: Starting energy = -152.053671 Hartree
Worker 14: Starting energy = -152.055554 Hartree
Worker 5 step 45: small_principal_axis_rotation — no coordinate change (box rejection?)
Worker 5 step 46: correlated_displacement — no coordinate change (box rejection?)
Worker 5 step 47: random_displacement — no coordinate change (box rejection?)
Worker 5 step 48: random_rotation — no coordinate change (box rejection?)
Worker 5 step 49: random_displacement — no coordinate change (box rejection?)
Worker 5: DONE — 0/50 accepted (0.0%)
Worker 16: Starting energy = -152.057346 Hartree
Worker 11: Starting energy = -152.056931 Hartree
Worker 17: Starting energy = -152.055505 Hartree
Worker 11 step 0: local_twist — no coordinate change (box rejection?)
Worker 11 step 1: local_twist — no coordinate change (box rejection?)
Worker 11 step 2: local_twist — no coordinate change (box rejection?)
Worker 11 step 3: small_principal_axis_rotation — no coordinate change (box rejection?)
Worker 11 step 4: random_rotation — no coordinate change (box rejection?)
Worker 15: Starting energy = -152.055536 Hartree
Worker 18: Starting energy = -152.053107 Hartree
Worker 18 step 0: local_twist — no coordinate change (box rejection?)
Worker 18 step 1: random_rotation — no coordinate change (box rejection?)
Worker 18 step 2: local_twist — no coordinate change (box rejection?)
Worker 19: Starting energy = -152.052281 Hartree
Worker 0 step 0: ACCEPTED random_displacement E=-152.057363 Ha dipole=1.4832 D
Worker 1 step 4: ACCEPTED random_rotation E=-152.054884 Ha dipole=1.3611 D
Worker 2 step 0: ACCEPTED correlated_displacement E=-152.058014 Ha dipole=1.5917 D
Worker 10 step 6: ACCEPTED random_displacement E=-152.057058 Ha dipole=1.5181 D
Worker 9 step 0: ACCEPTED random_rotation E=-152.054202 Ha dipole=1.1715 D
Worker 8 step 0: ACCEPTED random_displacement E=-152.052818 Ha dipole=0.6629 D
Worker 3 step 0: ACCEPTED random_displacement E=-152.056144 Ha dipole=1.5837 D
Worker 7 step 0: ACCEPTED local_twist E=-152.054125 Ha dipole=1.4675 D
Worker 7 step 1: random_rotation — no coordinate change (box rejection?)
Worker 7 step 2: correlated_displacement — no coordinate change (box rejection?)
Worker 12 step 1: ACCEPTED random_displacement E=-152.052863 Ha dipole=1.4532 D
Worker 4 step 18: small_principal_axis_rotation — no coordinate change (box rejection?)
Worker 14 step 0: ACCEPTED random_rotation E=-152.055592 Ha dipole=1.1510 D
Worker 16 step 0: ACCEPTED random_displacement E=-152.057872 Ha dipole=1.6548 D
Worker 17 step 0: ACCEPTED random_displacement E=-152.055505 Ha dipole=1.3789 D
Worker 11 step 5: ACCEPTED random_displacement E=-152.057743 Ha dipole=1.5476 D
Worker 15 step 0: ACCEPTED correlated_displacement E=-152.055536 Ha dipole=0.7343 D
Worker 19 step 0: ACCEPTED correlated_displacement E=-152.052281 Ha dipole=1.2398 D
Worker 18 step 4: random_displacement — no coordinate change (box rejection?)
Worker 18 step 5: local_twist — no coordinate change (box rejection?)
Worker 0 step 1: ACCEPTED random_rotation E=-152.057492 Ha dipole=1.5312 D
Worker 1 step 5: ACCEPTED correlated_displacement E=-152.054884 Ha dipole=1.3611 D
Worker 2 step 1: ACCEPTED random_displacement E=-152.059029 Ha dipole=1.6083 D
Worker 9 step 1: ACCEPTED correlated_displacement E=-152.054202 Ha dipole=1.1715 D
Worker 10 step 7: ACCEPTED random_displacement E=-152.057120 Ha dipole=1.5189 D
Worker 6 step 1: ACCEPTED local_twist E=-152.056137 Ha dipole=1.5145 D
Worker 8 step 1: ACCEPTED random_displacement E=-152.053002 Ha dipole=0.6644 D
Worker 3 step 1: ACCEPTED random_displacement E=-152.056042 Ha dipole=1.5829 D
Worker 3 step 2: random_rotation — no coordinate change (box rejection?)
Worker 12 step 2: ACCEPTED local_twist E=-152.052944 Ha dipole=1.3880 D
Worker 14 step 1: ACCEPTED random_displacement E=-152.055987 Ha dipole=1.1540 D
Worker 4: 20/50 — accepted=0, rate=0.0%
Worker 4 step 20: random_rotation — no coordinate change (box rejection?)
Worker 4 step 21: correlated_displacement — no coordinate change (box rejection?)
Worker 4 step 22: random_displacement — no coordinate change (box rejection?)
Worker 4 step 23: random_displacement — no coordinate change (box rejection?)
Worker 4 step 24: local_twist — no coordinate change (box rejection?)
Worker 4 step 25: local_twist — no coordinate change (box rejection?)
Worker 4 step 26: small_principal_axis_rotation — no coordinate change (box rejection?)
Worker 4 step 27: local_twist — no coordinate change (box rejection?)
Worker 4 step 28: correlated_displacement — no coordinate change (box rejection?)
Worker 4 step 29: random_rotation — no coordinate change (box rejection?)
Worker 4 step 30: correlated_displacement — no coordinate change (box rejection?)
Worker 13 step 1: ACCEPTED random_displacement E=-152.053569 Ha dipole=1.5855 D
Worker 16 step 1: ACCEPTED random_displacement E=-152.059232 Ha dipole=1.6777 D
Worker 15 step 1: ACCEPTED local_twist E=-152.055776 Ha dipole=0.7231 D
Worker 19 step 1: ACCEPTED random_displacement E=-152.052569 Ha dipole=1.2424 D
Worker 18 step 6: ACCEPTED random_displacement E=-152.052773 Ha dipole=1.1074 D
Worker 0 step 2: ACCEPTED random_displacement E=-152.057849 Ha dipole=1.5372 D
Worker 2 step 2: ACCEPTED random_displacement E=-152.059334 Ha dipole=1.6129 D
Worker 9 step 2: ACCEPTED random_displacement E=-152.054179 Ha dipole=1.1723 D
Worker 6 step 2: ACCEPTED local_twist E=-152.056156 Ha dipole=1.5123 D
Worker 8 step 2: ACCEPTED random_rotation E=-152.052904 Ha dipole=0.6635 D
Worker 8 step 3: random_displacement — no coordinate change (box rejection?)
Worker 7 step 4: ACCEPTED small_principal_axis_rotation E=-152.054154 Ha dipole=1.4674 D
Worker 3 step 3: ACCEPTED random_rotation E=-152.056682 Ha dipole=1.4743 D
Worker 12 step 3: ACCEPTED random_displacement E=-152.052944 Ha dipole=1.3870 D
Worker 14 step 2: ACCEPTED local_twist E=-152.056022 Ha dipole=1.1247 D
Worker 14 step 3: random_displacement — no coordinate change (box rejection?)
Worker 4 step 32: random_displacement — no coordinate change (box rejection?)
Worker 4 step 33: random_rotation — no coordinate change (box rejection?)
Worker 4 step 34: local_twist — no coordinate change (box rejection?)
Worker 4 step 35: random_displacement — no coordinate change (box rejection?)
Worker 13 step 2: ACCEPTED random_displacement E=-152.053675 Ha dipole=1.5841 D
Worker 16 step 2: ACCEPTED small_principal_axis_rotation E=-152.059238 Ha dipole=1.6770 D
Worker 17 step 2: ACCEPTED small_principal_axis_rotation E=-152.055618 Ha dipole=1.3541 D
Worker 19 step 2: ACCEPTED correlated_displacement E=-152.052569 Ha dipole=1.2424 D
Worker 0 step 3: ACCEPTED random_displacement E=-152.057869 Ha dipole=1.5376 D
Worker 1 step 7: ACCEPTED random_displacement E=-152.054949 Ha dipole=1.3613 D
Worker 1 step 8: random_displacement — no coordinate change (box rejection?)
Worker 1 step 9: local_twist — no coordinate change (box rejection?)
Worker 2 step 3: ACCEPTED local_twist E=-152.059580 Ha dipole=1.6004 D
Worker 10 step 9: ACCEPTED correlated_displacement E=-152.057120 Ha dipole=1.5189 D
Worker 10: 10/50 — accepted=3, rate=30.0%
Worker 10 step 10: correlated_displacement — no coordinate change (box rejection?)
Worker 6 step 3: ACCEPTED correlated_displacement E=-152.056156 Ha dipole=1.5123 D
Worker 3 step 4: ACCEPTED random_displacement E=-152.056451 Ha dipole=1.4710 D
Worker 12 step 4: ACCEPTED small_principal_axis_rotation E=-152.052991 Ha dipole=1.3621 D
Worker 12 step 5: random_rotation — no coordinate change (box rejection?)
Worker 14 step 4: ACCEPTED small_principal_axis_rotation E=-152.055959 Ha dipole=1.1252 D
Worker 4 step 37: local_twist — no coordinate change (box rejection?)
Worker 4 step 38: correlated_displacement — no coordinate change (box rejection?)
Worker 4 step 39: random_displacement — no coordinate change (box rejection?)
Worker 4 step 40: random_displacement — no coordinate change (box rejection?)
Worker 13 step 3: ACCEPTED local_twist E=-152.053415 Ha dipole=1.5889 D
Worker 4 step 41: random_displacement — no coordinate change (box rejection?)
Worker 8 step 4: ACCEPTED local_twist E=-152.053010 Ha dipole=0.6207 D
Worker 19 step 3: ACCEPTED correlated_displacement E=-152.052569 Ha dipole=1.2424 D
Worker 11 step 8: ACCEPTED random_displacement E=-152.057308 Ha dipole=1.5389 D
Worker 15 step 3: ACCEPTED random_displacement E=-152.055724 Ha dipole=0.7232 D
Worker 18 step 8: ACCEPTED correlated_displacement E=-152.052773 Ha dipole=1.1074 D
Worker 9 step 3: ACCEPTED random_displacement E=-152.054413 Ha dipole=1.1744 D
Worker 0 step 4: ACCEPTED random_displacement E=-152.058011 Ha dipole=1.5401 D
Worker 1 step 10: ACCEPTED local_twist E=-152.054924 Ha dipole=1.3670 D
Worker 2 step 4: ACCEPTED small_principal_axis_rotation E=-152.059556 Ha dipole=1.5847 D
Worker 10 step 12: random_displacement — no coordinate change (box rejection?)
Worker 6 step 4: ACCEPTED random_displacement E=-152.056325 Ha dipole=1.5150 D
Worker 7 step 6: ACCEPTED correlated_displacement E=-152.054154 Ha dipole=1.4674 D
Worker 3 step 5: ACCEPTED random_displacement E=-152.057271 Ha dipole=1.4818 D
Worker 12 step 6: ACCEPTED random_displacement E=-152.053038 Ha dipole=1.3602 D
Worker 14 step 5: ACCEPTED local_twist E=-152.055976 Ha dipole=1.0598 D
Worker 4 step 42: ACCEPTED random_rotation E=-152.058940 Ha dipole=1.2572 D
Worker 8 step 5: ACCEPTED local_twist E=-152.053004 Ha dipole=0.6227 D
Worker 13 step 4: ACCEPTED correlated_displacement E=-152.053415 Ha dipole=1.5889 D
Worker 19 step 4: ACCEPTED local_twist E=-152.052604 Ha dipole=1.2267 D
Worker 19 step 5: random_displacement — no coordinate change (box rejection?)
Worker 16 step 4: ACCEPTED random_rotation E=-152.058907 Ha dipole=1.6831 D
Worker 17 step 4: ACCEPTED local_twist E=-152.055801 Ha dipole=1.3137 D
Worker 15 step 4: ACCEPTED local_twist E=-152.055760 Ha dipole=0.7244 D
Worker 11 step 9: ACCEPTED random_rotation E=-152.058226 Ha dipole=1.5450 D
Worker 11: 10/50 — accepted=3, rate=30.0%
Worker 18: 10/50 — accepted=2, rate=20.0%
Worker 9 step 4: ACCEPTED random_displacement E=-152.054223 Ha dipole=1.1737 D
Worker 0 step 5: ACCEPTED random_displacement E=-152.058452 Ha dipole=1.5480 D
Worker 1 step 11: ACCEPTED random_displacement E=-152.055073 Ha dipole=1.3699 D
Worker 2 step 5: ACCEPTED small_principal_axis_rotation E=-152.059630 Ha dipole=1.5848 D
Worker 10 step 13: ACCEPTED local_twist E=-152.057089 Ha dipole=1.5393 D
Worker 12 step 7: ACCEPTED random_displacement E=-152.053013 Ha dipole=1.3592 D
Worker 7 step 7: ACCEPTED correlated_displacement E=-152.054154 Ha dipole=1.4674 D
Worker 6 step 5: ACCEPTED small_principal_axis_rotation E=-152.056443 Ha dipole=1.5143 D
Worker 14 step 6: ACCEPTED small_principal_axis_rotation E=-152.055637 Ha dipole=1.0544 D
Worker 19 step 6: ACCEPTED random_rotation E=-152.053018 Ha dipole=1.3224 D
Worker 8 step 6: ACCEPTED local_twist E=-152.053089 Ha dipole=0.5985 D
Worker 4 step 43: ACCEPTED random_displacement E=-152.059416 Ha dipole=1.2641 D
Worker 4 step 44: random_displacement — no coordinate change (box rejection?)
Worker 16 step 5: ACCEPTED correlated_displacement E=-152.058907 Ha dipole=1.6831 D
Worker 13 step 5: ACCEPTED small_principal_axis_rotation E=-152.053820 Ha dipole=1.5891 D
Worker 17 step 5: ACCEPTED local_twist E=-152.055952 Ha dipole=1.2764 D
Worker 15 step 5: ACCEPTED random_rotation E=-152.056232 Ha dipole=0.5901 D
Worker 11 step 10: ACCEPTED random_displacement E=-152.058504 Ha dipole=1.5484 D
Worker 9 step 5: ACCEPTED local_twist E=-152.054174 Ha dipole=1.1878 D
Worker 18 step 10: ACCEPTED local_twist E=-152.052453 Ha dipole=1.1627 D
Worker 0 step 6: ACCEPTED small_principal_axis_rotation E=-152.058423 Ha dipole=1.5460 D
Worker 1 step 12: ACCEPTED random_displacement E=-152.055132 Ha dipole=1.3685 D
Worker 2 step 6: ACCEPTED random_displacement E=-152.060365 Ha dipole=1.5974 D
Worker 10 step 14: ACCEPTED small_principal_axis_rotation E=-152.057277 Ha dipole=1.6037 D
Worker 10 step 15: correlated_displacement — no coordinate change (box rejection?)
Worker 12 step 8: ACCEPTED correlated_displacement E=-152.053013 Ha dipole=1.3592 D
Worker 3 step 7: ACCEPTED small_principal_axis_rotation E=-152.057368 Ha dipole=1.4430 D
Worker 7 step 8: ACCEPTED local_twist E=-152.054625 Ha dipole=1.3979 D
Worker 19 step 7: ACCEPTED random_displacement E=-152.053034 Ha dipole=1.3226 D
Worker 19 step 8: correlated_displacement — no coordinate change (box rejection?)
Worker 19 step 9: random_displacement — no coordinate change (box rejection?)
Worker 19 step 10: random_rotation — no coordinate change (box rejection?)
Worker 8 step 7: ACCEPTED random_displacement E=-152.053025 Ha dipole=0.6024 D
Worker 4 step 45: ACCEPTED random_displacement E=-152.059442 Ha dipole=1.2638 D
Worker 15 step 6: ACCEPTED random_displacement E=-152.056373 Ha dipole=0.5906 D
Worker 16 step 6: ACCEPTED random_displacement E=-152.059230 Ha dipole=1.6894 D
Worker 13 step 6: ACCEPTED small_principal_axis_rotation E=-152.053620 Ha dipole=1.5888 D
Worker 17 step 6: ACCEPTED random_displacement E=-152.055688 Ha dipole=1.2741 D
Worker 11 step 11: ACCEPTED correlated_displacement E=-152.058504 Ha dipole=1.5484 D
Worker 9 step 6: ACCEPTED random_rotation E=-152.054096 Ha dipole=1.1967 D
Worker 18 step 11: ACCEPTED correlated_displacement E=-152.052453 Ha dipole=1.1627 D
Worker 18 step 12: random_displacement — no coordinate change (box rejection?)
Worker 1 step 13: ACCEPTED random_rotation E=-152.055200 Ha dipole=1.2908 D
Worker 1 step 14: random_displacement — no coordinate change (box rejection?)
Worker 2 step 7: ACCEPTED small_principal_axis_rotation E=-152.060626 Ha dipole=1.5961 D
Worker 10 step 16: ACCEPTED random_displacement E=-152.056798 Ha dipole=1.5965 D
Worker 12 step 9: ACCEPTED local_twist E=-152.052866 Ha dipole=1.4297 D
Worker 12: 10/50 — accepted=8, rate=80.0%
Worker 14 step 8: ACCEPTED local_twist E=-152.055621 Ha dipole=0.9924 D
Worker 7 step 9: ACCEPTED random_displacement E=-152.054642 Ha dipole=1.3979 D
Worker 7: 10/50 — accepted=6, rate=60.0%
Worker 6 step 7: ACCEPTED small_principal_axis_rotation E=-152.056485 Ha dipole=1.5154 D
Worker 19 step 11: ACCEPTED correlated_displacement E=-152.053034 Ha dipole=1.3226 D
Worker 8 step 8: ACCEPTED random_rotation E=-152.053029 Ha dipole=0.6076 D
Worker 15 step 7: ACCEPTED local_twist E=-152.056463 Ha dipole=0.6562 D
Worker 4 step 46: ACCEPTED small_principal_axis_rotation E=-152.059385 Ha dipole=1.2107 D
Worker 17 step 7: ACCEPTED random_rotation E=-152.055692 Ha dipole=1.2756 D
Worker 16 step 7: ACCEPTED random_displacement E=-152.059100 Ha dipole=1.6867 D
Worker 13 step 7: ACCEPTED random_rotation E=-152.054833 Ha dipole=1.5271 D
Worker 9 step 7: ACCEPTED correlated_displacement E=-152.054096 Ha dipole=1.1967 D
Worker 11 step 12: ACCEPTED correlated_displacement E=-152.058504 Ha dipole=1.5484 D
Worker 18 step 13: ACCEPTED random_rotation E=-152.052346 Ha dipole=1.1485 D
Worker 0 step 8: ACCEPTED small_principal_axis_rotation E=-152.058275 Ha dipole=1.5095 D
Worker 1 step 15: ACCEPTED random_displacement E=-152.055146 Ha dipole=1.2901 D
Worker 1 step 16: random_rotation — no coordinate change (box rejection?)
Worker 10 step 17: ACCEPTED random_rotation E=-152.056784 Ha dipole=1.5661 D
Worker 10 step 18: random_rotation — no coordinate change (box rejection?)
Worker 12 step 10: ACCEPTED correlated_displacement E=-152.052866 Ha dipole=1.4297 D
Worker 12 step 11: random_displacement — no coordinate change (box rejection?)
Worker 12 step 12: local_twist — no coordinate change (box rejection?)
Worker 3: 10/50 — accepted=6, rate=60.0%
Worker 14 step 9: ACCEPTED random_displacement E=-152.055561 Ha dipole=0.9918 D
Worker 14: 10/50 — accepted=8, rate=80.0%
Worker 6 step 8: ACCEPTED random_displacement E=-152.056999 Ha dipole=1.5240 D
Worker 6 step 9: random_displacement — no coordinate change (box rejection?)
Worker 19 step 12: ACCEPTED correlated_displacement E=-152.053034 Ha dipole=1.3226 D
Worker 8 step 9: ACCEPTED random_rotation E=-152.053568 Ha dipole=0.6712 D
Worker 8: 10/50 — accepted=9, rate=90.0%
Worker 15 step 8: ACCEPTED random_rotation E=-152.056720 Ha dipole=0.7761 D
Worker 4 step 47: ACCEPTED random_displacement E=-152.058643 Ha dipole=1.2009 D
Worker 17 step 8: ACCEPTED small_principal_axis_rotation E=-152.055948 Ha dipole=1.3250 D
Worker 13 step 8: ACCEPTED correlated_displacement E=-152.054833 Ha dipole=1.5271 D
Worker 16 step 8: ACCEPTED random_displacement E=-152.059179 Ha dipole=1.6882 D
Worker 9 step 8: ACCEPTED random_displacement E=-152.054456 Ha dipole=1.1993 D
Worker 11 step 13: ACCEPTED correlated_displacement E=-152.058504 Ha dipole=1.5484 D
Worker 18 step 14: ACCEPTED correlated_displacement E=-152.052346 Ha dipole=1.1485 D
Worker 18 step 15: random_displacement — no coordinate change (box rejection?)
Worker 0 step 9: ACCEPTED local_twist E=-152.058297 Ha dipole=1.5112 D
Worker 0: 10/50 — accepted=9, rate=90.0%
Worker 1 step 17: ACCEPTED local_twist E=-152.055099 Ha dipole=1.2989 D
Worker 10 step 19: ACCEPTED random_displacement E=-152.057000 Ha dipole=1.5696 D
Worker 10: 20/50 — accepted=8, rate=40.0%
Worker 2 step 9: ACCEPTED random_displacement E=-152.060258 Ha dipole=1.5883 D
Worker 2: 10/50 — accepted=9, rate=90.0%
Worker 3 step 10: ACCEPTED correlated_displacement E=-152.057368 Ha dipole=1.4430 D
Worker 7 step 11: ACCEPTED correlated_displacement E=-152.054642 Ha dipole=1.3979 D
Worker 14 step 10: ACCEPTED local_twist E=-152.055576 Ha dipole=1.0513 D
Worker 12 step 13: ACCEPTED random_rotation E=-152.053252 Ha dipole=1.2814 D
Worker 19 step 13: ACCEPTED random_rotation E=-152.052937 Ha dipole=1.3212 D
Worker 8 step 10: ACCEPTED small_principal_axis_rotation E=-152.053405 Ha dipole=0.7244 D
Worker 19 step 14: random_displacement — no coordinate change (box rejection?)
Worker 15 step 9: ACCEPTED random_rotation E=-152.056733 Ha dipole=0.7317 D
Worker 15: 10/50 — accepted=9, rate=90.0%
Worker 4 step 48: ACCEPTED random_rotation E=-152.058249 Ha dipole=1.3028 D
Worker 17 step 9: ACCEPTED random_rotation E=-152.055918 Ha dipole=1.3221 D
Worker 17: 10/50 — accepted=8, rate=80.0%
Worker 13: 10/50 — accepted=8, rate=80.0%
Worker 16 step 9: ACCEPTED small_principal_axis_rotation E=-152.059199 Ha dipole=1.6911 D
Worker 16: 10/50 — accepted=9, rate=90.0%
Worker 9 step 9: ACCEPTED random_rotation E=-152.054448 Ha dipole=1.1402 D
Worker 9: 10/50 — accepted=10, rate=100.0%
Worker 11 step 14: ACCEPTED correlated_displacement E=-152.058504 Ha dipole=1.5484 D
Worker 18 step 16: ACCEPTED small_principal_axis_rotation E=-152.052137 Ha dipole=1.1944 D
Worker 18 step 17: correlated_displacement — no coordinate change (box rejection?)
Worker 18 step 18: correlated_displacement — no coordinate change (box rejection?)
Worker 18 step 19: random_displacement — no coordinate change (box rejection?)
Worker 18 step 20: random_rotation — no coordinate change (box rejection?)
Worker 0 step 10: ACCEPTED correlated_displacement E=-152.058297 Ha dipole=1.5112 D
Worker 1 step 18: ACCEPTED random_displacement E=-152.054981 Ha dipole=1.2975 D
Worker 10 step 20: ACCEPTED local_twist E=-152.057008 Ha dipole=1.5636 D
Worker 2 step 10: ACCEPTED random_displacement E=-152.060340 Ha dipole=1.5890 D
Worker 2 step 11: local_twist — no coordinate change (box rejection?)
Worker 3 step 11: ACCEPTED random_displacement E=-152.057158 Ha dipole=1.4398 D
Worker 14 step 11: ACCEPTED small_principal_axis_rotation E=-152.055464 Ha dipole=1.0496 D
Worker 8 step 11: ACCEPTED correlated_displacement E=-152.053405 Ha dipole=0.7244 D
Worker 12 step 14: ACCEPTED random_displacement E=-152.053252 Ha dipole=1.2812 D
Worker 19 step 15: ACCEPTED random_displacement E=-152.052455 Ha dipole=1.3154 D
Worker 4 step 49: ACCEPTED correlated_displacement E=-152.058249 Ha dipole=1.3028 D
Worker 4: 50/50 — accepted=7, rate=14.0%
Worker 4: DONE — 7/50 accepted (14.0%)
Worker 15 step 10: ACCEPTED local_twist E=-152.056735 Ha dipole=0.7274 D
Worker 17 step 10: ACCEPTED local_twist E=-152.055926 Ha dipole=1.3177 D
Worker 13 step 10: ACCEPTED random_rotation E=-152.055093 Ha dipole=1.5438 D
Worker 16 step 10: ACCEPTED correlated_displacement E=-152.059199 Ha dipole=1.6911 D
Worker 11 step 15: ACCEPTED correlated_displacement E=-152.058504 Ha dipole=1.5484 D
Worker 18 step 21: ACCEPTED random_displacement E=-152.052183 Ha dipole=1.1909 D
Worker 0 step 11: ACCEPTED local_twist E=-152.058319 Ha dipole=1.5122 D
Worker 1 step 19: ACCEPTED random_displacement E=-152.054943 Ha dipole=1.2971 D
Worker 1: 20/50 — accepted=11, rate=55.0%
Worker 2 step 12: ACCEPTED local_twist E=-152.060337 Ha dipole=1.5893 D
Worker 2 step 13: random_rotation — no coordinate change (box rejection?)
Worker 3 step 12: ACCEPTED small_principal_axis_rotation E=-152.057249 Ha dipole=1.4311 D
Worker 14 step 12: ACCEPTED local_twist E=-152.055469 Ha dipole=1.0412 D
Worker 8 step 12: ACCEPTED local_twist E=-152.053452 Ha dipole=0.6887 D
Worker 7 step 13: ACCEPTED correlated_displacement E=-152.054642 Ha dipole=1.3979 D
Worker 6 step 12: ACCEPTED correlated_displacement E=-152.056999 Ha dipole=1.5240 D
Worker 19 step 16: ACCEPTED local_twist E=-152.052483 Ha dipole=1.3103 D
Worker 19 step 17: random_displacement — no coordinate change (box rejection?)
Worker 19 step 18: random_displacement — no coordinate change (box rejection?)
Worker 9 step 11: ACCEPTED random_displacement E=-152.055111 Ha dipole=1.1484 D
Worker 17 step 11: ACCEPTED random_rotation E=-152.055915 Ha dipole=1.3316 D
Worker 13 step 11: ACCEPTED correlated_displacement E=-152.055093 Ha dipole=1.5438 D
Worker 15 step 11: ACCEPTED random_rotation E=-152.057167 Ha dipole=0.6507 D
Worker 16 step 11: ACCEPTED random_displacement E=-152.059631 Ha dipole=1.7015 D
Worker 18 step 22: ACCEPTED small_principal_axis_rotation E=-152.052158 Ha dipole=1.1652 D
Worker 11 step 16: ACCEPTED correlated_displacement E=-152.058504 Ha dipole=1.5484 D
Worker 0 step 12: ACCEPTED small_principal_axis_rotation E=-152.058307 Ha dipole=1.5121 D
Worker 1 step 20: ACCEPTED local_twist E=-152.054904 Ha dipole=1.3034 D
Worker 14 step 13: ACCEPTED correlated_displacement E=-152.055469 Ha dipole=1.0412 D
Worker 3 step 13: ACCEPTED random_rotation E=-152.057211 Ha dipole=1.3337 D
Worker 8 step 13: ACCEPTED correlated_displacement E=-152.053452 Ha dipole=0.6887 D
Worker 12 step 16: ACCEPTED random_displacement E=-152.052931 Ha dipole=1.2728 D
Worker 12 step 17: random_displacement — no coordinate change (box rejection?)
Worker 19 step 19: ACCEPTED random_rotation E=-152.052648 Ha dipole=1.2574 D
Worker 19: 20/50 — accepted=13, rate=65.0%
Worker 6 step 13: ACCEPTED random_displacement E=-152.057072 Ha dipole=1.5251 D
Worker 9 step 12: ACCEPTED random_displacement E=-152.054962 Ha dipole=1.1463 D
Worker 17 step 12: ACCEPTED random_rotation E=-152.055826 Ha dipole=1.3722 D
Worker 16 step 12: ACCEPTED random_displacement E=-152.059498 Ha dipole=1.6969 D
Worker 15 step 12: ACCEPTED small_principal_axis_rotation E=-152.057131 Ha dipole=0.6593 D
Worker 18 step 23: ACCEPTED random_rotation E=-152.052374 Ha dipole=1.1784 D
Worker 11 step 17: ACCEPTED local_twist E=-152.058507 Ha dipole=1.5475 D
Worker 0 step 13: ACCEPTED local_twist E=-152.058377 Ha dipole=1.5139 D
Worker 10 step 23: ACCEPTED local_twist E=-152.056989 Ha dipole=1.5778 D
Worker 14 step 14: ACCEPTED random_rotation E=-152.055523 Ha dipole=0.9167 D
Worker 1 step 21: ACCEPTED small_principal_axis_rotation E=-152.054852 Ha dipole=1.3038 D
Worker 2 step 15: ACCEPTED correlated_displacement E=-152.060337 Ha dipole=1.5893 D
Worker 8 step 14: ACCEPTED random_displacement E=-152.053474 Ha dipole=0.6880 D
Worker 12 step 18: ACCEPTED random_displacement E=-152.052915 Ha dipole=1.2731 D
Worker 19 step 20: ACCEPTED correlated_displacement E=-152.052648 Ha dipole=1.2574 D
Worker 7 step 15: ACCEPTED small_principal_axis_rotation E=-152.054873 Ha dipole=1.3991 D
Worker 9 step 13: ACCEPTED random_rotation E=-152.055298 Ha dipole=1.1158 D
Worker 17 step 13: ACCEPTED local_twist E=-152.055813 Ha dipole=1.3596 D
Worker 16 step 13: ACCEPTED correlated_displacement E=-152.059498 Ha dipole=1.6969 D
Worker 15 step 13: ACCEPTED local_twist E=-152.057055 Ha dipole=0.7033 D
Worker 18 step 24: ACCEPTED random_rotation E=-152.054841 Ha dipole=1.2633 D
Worker 0 step 14: ACCEPTED correlated_displacement E=-152.058377 Ha dipole=1.5139 D
Worker 0 step 15: random_rotation — no coordinate change (box rejection?)
Worker 10 step 24: ACCEPTED random_rotation E=-152.057426 Ha dipole=1.6439 D
Worker 14 step 15: ACCEPTED correlated_displacement E=-152.055523 Ha dipole=0.9167 D
Worker 1 step 22: ACCEPTED small_principal_axis_rotation E=-152.054898 Ha dipole=1.2945 D
Worker 8 step 15: ACCEPTED random_displacement E=-152.053453 Ha dipole=0.6875 D
Worker 12 step 19: ACCEPTED local_twist E=-152.052866 Ha dipole=1.3199 D
Worker 12: 20/50 — accepted=14, rate=70.0%
Worker 3 step 15: ACCEPTED correlated_displacement E=-152.057211 Ha dipole=1.3337 D
Worker 19 step 21: ACCEPTED small_principal_axis_rotation E=-152.052927 Ha dipole=1.2597 D
Worker 7 step 16: ACCEPTED correlated_displacement E=-152.054873 Ha dipole=1.3991 D
Worker 9 step 14: ACCEPTED random_rotation E=-152.055062 Ha dipole=1.1849 D
Worker 13 step 14: ACCEPTED correlated_displacement E=-152.055093 Ha dipole=1.5438 D
Worker 16 step 14: ACCEPTED random_displacement E=-152.060385 Ha dipole=1.7285 D
Worker 18 step 25: ACCEPTED local_twist E=-152.054612 Ha dipole=1.2907 D
Worker 15 step 14: ACCEPTED random_displacement E=-152.058461 Ha dipole=0.6953 D
Worker 11 step 19: ACCEPTED random_displacement E=-152.059703 Ha dipole=1.5767 D
Worker 11: 20/50 — accepted=12, rate=60.0%
Worker 0 step 16: ACCEPTED correlated_displacement E=-152.058377 Ha dipole=1.5139 D
Worker 10 step 25: ACCEPTED random_displacement E=-152.057860 Ha dipole=1.6513 D
Worker 14 step 16: ACCEPTED random_displacement E=-152.055592 Ha dipole=0.9173 D
Worker 1 step 23: ACCEPTED random_displacement E=-152.054788 Ha dipole=1.2929 D
Worker 2 step 17: ACCEPTED small_principal_axis_rotation E=-152.060498 Ha dipole=1.5284 D
Worker 12 step 20: ACCEPTED small_principal_axis_rotation E=-152.053017 Ha dipole=1.3226 D
Worker 3 step 16: ACCEPTED random_rotation E=-152.057452 Ha dipole=1.2839 D
Worker 19 step 22: ACCEPTED small_principal_axis_rotation E=-152.052971 Ha dipole=1.2053 D
Worker 9 step 15: ACCEPTED local_twist E=-152.054985 Ha dipole=1.2055 D
Worker 17 step 15: ACCEPTED random_displacement E=-152.056265 Ha dipole=1.3647 D
Worker 13 step 15: ACCEPTED random_displacement E=-152.055159 Ha dipole=1.5446 D
Worker 16 step 15: ACCEPTED random_displacement E=-152.060417 Ha dipole=1.7229 D
Worker 6 step 16: ACCEPTED correlated_displacement E=-152.057072 Ha dipole=1.5251 D
Worker 18 step 26: ACCEPTED local_twist E=-152.054911 Ha dipole=1.2546 D
Worker 11 step 20: ACCEPTED correlated_displacement E=-152.059703 Ha dipole=1.5767 D
Worker 0 step 17: ACCEPTED random_displacement E=-152.058662 Ha dipole=1.5202 D
Worker 14 step 17: ACCEPTED small_principal_axis_rotation E=-152.055592 Ha dipole=0.9180 D
Worker 10 step 26: ACCEPTED local_twist E=-152.057867 Ha dipole=1.6534 D
Worker 1 step 24: ACCEPTED random_displacement E=-152.054787 Ha dipole=1.2930 D
Worker 8 step 17: ACCEPTED small_principal_axis_rotation E=-152.053456 Ha dipole=0.6938 D
Worker 12 step 21: ACCEPTED correlated_displacement E=-152.053017 Ha dipole=1.3226 D
Worker 19 step 23: ACCEPTED random_displacement E=-152.053023 Ha dipole=1.2056 D
Worker 3 step 17: ACCEPTED random_rotation E=-152.057168 Ha dipole=1.3614 D
Worker 9 step 16: ACCEPTED random_rotation E=-152.055844 Ha dipole=1.1378 D
Worker 7 step 18: ACCEPTED correlated_displacement E=-152.054873 Ha dipole=1.3991 D
Worker 17 step 16: ACCEPTED correlated_displacement E=-152.056265 Ha dipole=1.3647 D
Worker 16 step 16: ACCEPTED random_displacement E=-152.059657 Ha dipole=1.7286 D
Worker 13 step 16: ACCEPTED small_principal_axis_rotation E=-152.055075 Ha dipole=1.5385 D
Worker 6 step 17: ACCEPTED small_principal_axis_rotation E=-152.057070 Ha dipole=1.5256 D
Worker 18 step 27: ACCEPTED correlated_displacement E=-152.054911 Ha dipole=1.2546 D
Worker 15 step 16: ACCEPTED random_rotation E=-152.058613 Ha dipole=0.6364 D
Worker 0 step 18: ACCEPTED small_principal_axis_rotation E=-152.058575 Ha dipole=1.5188 D
Worker 14 step 18: ACCEPTED random_displacement E=-152.055563 Ha dipole=0.9179 D
Worker 10 step 27: ACCEPTED random_displacement E=-152.058288 Ha dipole=1.6590 D
Worker 1 step 25: ACCEPTED random_displacement E=-152.055234 Ha dipole=1.2977 D
Worker 8 step 18: ACCEPTED small_principal_axis_rotation E=-152.053484 Ha dipole=0.6184 D
Worker 8 step 19: random_rotation — no coordinate change (box rejection?)
Worker 2 step 19: ACCEPTED small_principal_axis_rotation E=-152.060563 Ha dipole=1.5418 D
Worker 2: 20/50 — accepted=14, rate=70.0%
Worker 7: 20/50 — accepted=11, rate=55.0%
Worker 17 step 17: ACCEPTED random_displacement E=-152.057199 Ha dipole=1.3765 D
Worker 16 step 17: ACCEPTED random_rotation E=-152.059760 Ha dipole=1.7225 D
Worker 18 step 28: ACCEPTED random_rotation E=-152.054874 Ha dipole=1.2761 D
Worker 6 step 18: ACCEPTED small_principal_axis_rotation E=-152.057015 Ha dipole=1.5830 D
Worker 11 step 22: ACCEPTED random_displacement E=-152.060268 Ha dipole=1.5761 D
Worker 15 step 17: ACCEPTED correlated_displacement E=-152.058613 Ha dipole=0.6364 D
Worker 0 step 19: ACCEPTED local_twist E=-152.058701 Ha dipole=1.5227 D
Worker 0: 20/50 — accepted=18, rate=90.0%
Worker 14 step 19: ACCEPTED random_rotation E=-152.055570 Ha dipole=0.9346 D
Worker 14: 20/50 — accepted=18, rate=90.0%
Worker 10 step 28: ACCEPTED small_principal_axis_rotation E=-152.058174 Ha dipole=1.6650 D
Worker 1 step 26: ACCEPTED random_rotation E=-152.055157 Ha dipole=1.1788 D
Worker 3: 20/50 — accepted=13, rate=65.0%
Worker 12 step 23: ACCEPTED random_rotation E=-152.053461 Ha dipole=1.3499 D
Worker 19 step 25: ACCEPTED random_displacement E=-152.053168 Ha dipole=1.2073 D
Worker 9 step 18: ACCEPTED random_displacement E=-152.056584 Ha dipole=1.1437 D
Worker 7 step 20: ACCEPTED random_rotation E=-152.057417 Ha dipole=1.4235 D
Worker 2 step 20: ACCEPTED local_twist E=-152.060390 Ha dipole=1.5595 D
Worker 16 step 18: ACCEPTED correlated_displacement E=-152.059760 Ha dipole=1.7225 D
Worker 13 step 18: ACCEPTED correlated_displacement E=-152.055075 Ha dipole=1.5385 D
Worker 18 step 29: ACCEPTED random_rotation E=-152.054934 Ha dipole=1.2752 D
Worker 18: 30/50 — accepted=16, rate=53.3%
Worker 6: 20/50 — accepted=12, rate=60.0%
Worker 11 step 23: ACCEPTED random_displacement E=-152.060304 Ha dipole=1.5777 D
Worker 15 step 18: ACCEPTED random_displacement E=-152.058523 Ha dipole=0.6367 D
Worker 0 step 20: ACCEPTED small_principal_axis_rotation E=-152.058701 Ha dipole=1.5225 D
Worker 14 step 20: ACCEPTED correlated_displacement E=-152.055570 Ha dipole=0.9346 D
Worker 1 step 27: ACCEPTED correlated_displacement E=-152.055157 Ha dipole=1.1788 D
Worker 8 step 21: ACCEPTED random_displacement E=-152.053047 Ha dipole=0.6166 D
Worker 10: 30/50 — accepted=15, rate=50.0%
Worker 19 step 26: ACCEPTED local_twist E=-152.053185 Ha dipole=1.2009 D
Worker 3 step 20: ACCEPTED small_principal_axis_rotation E=-152.057145 Ha dipole=1.3474 D
Worker 12 step 24: ACCEPTED correlated_displacement E=-152.053461 Ha dipole=1.3499 D
Worker 9: 20/50 — accepted=17, rate=85.0%
Worker 7 step 21: ACCEPTED local_twist E=-152.057579 Ha dipole=1.3931 D
Worker 17 step 19: ACCEPTED correlated_displacement E=-152.057199 Ha dipole=1.3765 D
Worker 17: 20/50 — accepted=16, rate=80.0%
Worker 16 step 19: ACCEPTED random_displacement E=-152.060456 Ha dipole=1.7169 D
Worker 16: 20/50 — accepted=19, rate=95.0%
Worker 13: 20/50 — accepted=14, rate=70.0%
Worker 18 step 30: ACCEPTED local_twist E=-152.054773 Ha dipole=1.2932 D
Worker 6 step 20: ACCEPTED random_displacement E=-152.056687 Ha dipole=1.5802 D
Worker 2 step 21: ACCEPTED small_principal_axis_rotation E=-152.060358 Ha dipole=1.5670 D
Worker 11 step 24: ACCEPTED small_principal_axis_rotation E=-152.060533 Ha dipole=1.5802 D
Worker 15 step 19: ACCEPTED local_twist E=-152.058375 Ha dipole=0.6955 D
Worker 15: 20/50 — accepted=18, rate=90.0%
Worker 0 step 21: ACCEPTED random_displacement E=-152.058609 Ha dipole=1.5241 D
Worker 14 step 21: ACCEPTED random_displacement E=-152.055575 Ha dipole=0.9347 D
Worker 1 step 28: ACCEPTED random_rotation E=-152.055282 Ha dipole=1.1932 D
Worker 1 step 29: random_displacement — no coordinate change (box rejection?)
Worker 8 step 22: ACCEPTED small_principal_axis_rotation E=-152.053355 Ha dipole=0.6186 D
Worker 10 step 30: ACCEPTED small_principal_axis_rotation E=-152.058104 Ha dipole=1.6626 D
Worker 3 step 21: ACCEPTED random_rotation E=-152.057275 Ha dipole=1.3651 D
Worker 19 step 27: ACCEPTED random_displacement E=-152.053314 Ha dipole=1.2019 D
Worker 19 step 28: random_rotation — no coordinate change (box rejection?)
Worker 19 step 29: local_twist — no coordinate change (box rejection?)
Worker 12 step 25: ACCEPTED local_twist E=-152.053482 Ha dipole=1.3414 D
Worker 17 step 20: ACCEPTED random_rotation E=-152.058273 Ha dipole=1.4682 D
Worker 16 step 20: ACCEPTED random_displacement E=-152.060381 Ha dipole=1.7137 D
Worker 7 step 22: ACCEPTED random_displacement E=-152.057860 Ha dipole=1.3962 D
Worker 13 step 20: ACCEPTED random_displacement E=-152.054982 Ha dipole=1.5295 D
Worker 6 step 21: ACCEPTED correlated_displacement E=-152.056687 Ha dipole=1.5802 D
Worker 2 step 22: ACCEPTED local_twist E=-152.060376 Ha dipole=1.5655 D
Worker 11 step 25: ACCEPTED local_twist E=-152.060681 Ha dipole=1.5311 D
Worker 15 step 20: ACCEPTED small_principal_axis_rotation E=-152.058219 Ha dipole=0.8251 D
Worker 0 step 22: ACCEPTED random_displacement E=-152.058759 Ha dipole=1.5268 D
Worker 14 step 22: ACCEPTED random_displacement E=-152.055722 Ha dipole=0.9357 D
Worker 1 step 30: ACCEPTED random_displacement E=-152.055477 Ha dipole=1.1948 D
Worker 8 step 23: ACCEPTED small_principal_axis_rotation E=-152.053481 Ha dipole=0.6192 D
Worker 3 step 22: ACCEPTED correlated_displacement E=-152.057275 Ha dipole=1.3651 D
Worker 19 step 30: ACCEPTED local_twist E=-152.053308 Ha dipole=1.2039 D
Worker 12 step 26: ACCEPTED random_rotation E=-152.053450 Ha dipole=1.3530 D
Worker 9 step 21: ACCEPTED random_displacement E=-152.056521 Ha dipole=1.1431 D
Worker 16 step 21: ACCEPTED correlated_displacement E=-152.060381 Ha dipole=1.7137 D
Worker 17 step 21: ACCEPTED random_rotation E=-152.058271 Ha dipole=1.4583 D
Worker 7 step 23: ACCEPTED random_displacement E=-152.057911 Ha dipole=1.3993 D
Worker 13 step 21: ACCEPTED correlated_displacement E=-152.054982 Ha dipole=1.5295 D
Worker 18 step 32: ACCEPTED correlated_displacement E=-152.054773 Ha dipole=1.2932 D
Worker 2 step 23: ACCEPTED random_displacement E=-152.060319 Ha dipole=1.5633 D
Worker 11 step 26: ACCEPTED small_principal_axis_rotation E=-152.060942 Ha dipole=1.5338 D
Worker 15 step 21: ACCEPTED correlated_displacement E=-152.058219 Ha dipole=0.8251 D
Worker 0 step 23: ACCEPTED random_displacement E=-152.058810 Ha dipole=1.5427 D
Worker 0 step 24: correlated_displacement — no coordinate change (box rejection?)
Worker 14 step 23: ACCEPTED random_displacement E=-152.056247 Ha dipole=0.9398 D
Worker 8 step 24: ACCEPTED random_displacement E=-152.053587 Ha dipole=0.6196 D
Worker 1 step 31: ACCEPTED random_displacement E=-152.056350 Ha dipole=1.1982 D
Worker 10 step 32: ACCEPTED random_displacement E=-152.058105 Ha dipole=1.6625 D
Worker 19 step 31: ACCEPTED correlated_displacement E=-152.053308 Ha dipole=1.2039 D
Worker 3 step 23: ACCEPTED random_displacement E=-152.057723 Ha dipole=1.3707 D
Worker 12 step 27: ACCEPTED local_twist E=-152.053626 Ha dipole=1.2858 D
Worker 9 step 22: ACCEPTED correlated_displacement E=-152.056521 Ha dipole=1.1431 D
Worker 16 step 22: ACCEPTED random_displacement E=-152.060631 Ha dipole=1.7236 D
Worker 17 step 22: ACCEPTED correlated_displacement E=-152.058271 Ha dipole=1.4583 D
Worker 7 step 24: ACCEPTED random_displacement E=-152.057247 Ha dipole=1.3980 D
Worker 18 step 33: ACCEPTED random_rotation E=-152.054701 Ha dipole=1.3030 D
Worker 18 step 34: random_displacement — no coordinate change (box rejection?)
Worker 6 step 23: ACCEPTED correlated_displacement E=-152.056687 Ha dipole=1.5802 D
Worker 2 step 25: random_displacement — no coordinate change (box rejection?)
Worker 2 step 26: correlated_displacement — no coordinate change (box rejection?)
Worker 11 step 27: ACCEPTED random_displacement E=-152.060175 Ha dipole=1.5135 D
Worker 15 step 22: ACCEPTED random_displacement E=-152.057529 Ha dipole=0.8273 D
Worker 0 step 25: ACCEPTED local_twist E=-152.058849 Ha dipole=1.5437 D
Worker 14 step 24: ACCEPTED local_twist E=-152.056246 Ha dipole=0.9911 D
Worker 8 step 25: ACCEPTED random_rotation E=-152.053542 Ha dipole=0.5997 D
Worker 10 step 33: ACCEPTED random_rotation E=-152.058155 Ha dipole=1.6638 D
Worker 19 step 32: ACCEPTED random_displacement E=-152.053180 Ha dipole=1.2025 D
Worker 1 step 32: ACCEPTED correlated_displacement E=-152.056350 Ha dipole=1.1982 D
Worker 3 step 24: ACCEPTED local_twist E=-152.057679 Ha dipole=1.3678 D
Worker 12 step 28: ACCEPTED random_displacement E=-152.053624 Ha dipole=1.2857 D
Worker 9 step 23: ACCEPTED random_displacement E=-152.055756 Ha dipole=1.1371 D
Worker 17 step 23: ACCEPTED small_principal_axis_rotation E=-152.058276 Ha dipole=1.4567 D
Worker 13 step 23: ACCEPTED random_rotation E=-152.055575 Ha dipole=1.5022 D
Worker 18 step 35: ACCEPTED local_twist E=-152.055169 Ha dipole=1.2500 D
Worker 6 step 24: ACCEPTED local_twist E=-152.056891 Ha dipole=1.5623 D
Worker 2 step 27: ACCEPTED random_rotation E=-152.060304 Ha dipole=1.5611 D
Worker 15 step 23: ACCEPTED small_principal_axis_rotation E=-152.057534 Ha dipole=0.8232 D
Worker 0 step 26: ACCEPTED random_displacement E=-152.057910 Ha dipole=1.5406 D
Worker 14 step 25: ACCEPTED random_rotation E=-152.057006 Ha dipole=1.1126 D
Worker 8 step 26: ACCEPTED random_displacement E=-152.053553 Ha dipole=0.5996 D
Worker 10 step 34: ACCEPTED correlated_displacement E=-152.058155 Ha dipole=1.6639 D
Worker 19 step 33: ACCEPTED correlated_displacement E=-152.053180 Ha dipole=1.2025 D
Worker 3 step 25: ACCEPTED correlated_displacement E=-152.057679 Ha dipole=1.3678 D
Worker 1 step 33: ACCEPTED random_displacement E=-152.056932 Ha dipole=1.1979 D
Worker 12 step 29: ACCEPTED random_rotation E=-152.054341 Ha dipole=0.9498 D
Worker 12: 30/50 — accepted=23, rate=76.7%
Worker 9 step 24: ACCEPTED random_displacement E=-152.056184 Ha dipole=1.1405 D
Worker 16 step 24: ACCEPTED correlated_displacement E=-152.060631 Ha dipole=1.7236 D
Worker 17 step 24: ACCEPTED correlated_displacement E=-152.058276 Ha dipole=1.4567 D
Worker 6 step 25: ACCEPTED random_rotation E=-152.056415 Ha dipole=1.6384 D
Worker 2 step 28: ACCEPTED local_twist E=-152.060255 Ha dipole=1.5658 D
Worker 11 step 29: ACCEPTED random_displacement E=-152.060202 Ha dipole=1.5141 D
Worker 11: 30/50 — accepted=20, rate=66.7%
Worker 15 step 24: ACCEPTED small_principal_axis_rotation E=-152.057438 Ha dipole=0.8236 D
Worker 0 step 27: ACCEPTED small_principal_axis_rotation E=-152.057685 Ha dipole=1.5331 D
Worker 14 step 26: ACCEPTED random_displacement E=-152.057293 Ha dipole=1.1165 D
Worker 8 step 27: ACCEPTED random_displacement E=-152.053698 Ha dipole=0.5996 D
Worker 3 step 26: ACCEPTED random_displacement E=-152.057932 Ha dipole=1.3693 D
Worker 19 step 34: ACCEPTED correlated_displacement E=-152.053180 Ha dipole=1.2025 D
Worker 1 step 34: ACCEPTED random_displacement E=-152.056923 Ha dipole=1.1964 D
Worker 12 step 30: ACCEPTED random_displacement E=-152.054344 Ha dipole=0.9524 D
Worker 9 step 25: ACCEPTED small_principal_axis_rotation E=-152.055886 Ha dipole=1.0764 D
Worker 16 step 25: ACCEPTED correlated_displacement E=-152.060631 Ha dipole=1.7236 D
Worker 17 step 25: ACCEPTED random_displacement E=-152.058763 Ha dipole=1.4618 D
Worker 7 step 27: ACCEPTED correlated_displacement E=-152.057247 Ha dipole=1.3980 D
Worker 18 step 37: ACCEPTED correlated_displacement E=-152.055169 Ha dipole=1.2500 D
Worker 13 step 25: ACCEPTED random_displacement E=-152.055754 Ha dipole=1.5029 D
Worker 6 step 26: ACCEPTED local_twist E=-152.056349 Ha dipole=1.6436 D
Worker 2 step 29: ACCEPTED random_displacement E=-152.060753 Ha dipole=1.5781 D
Worker 2: 30/50 — accepted=21, rate=70.0%
Worker 15 step 25: ACCEPTED local_twist E=-152.057597 Ha dipole=0.7887 D
Worker 14 step 27: ACCEPTED correlated_displacement E=-152.057293 Ha dipole=1.1165 D
Worker 8 step 28: ACCEPTED small_principal_axis_rotation E=-152.054098 Ha dipole=0.5994 D
Worker 10 step 36: ACCEPTED random_displacement E=-152.058187 Ha dipole=1.6643 D
Worker 3 step 27: ACCEPTED local_twist E=-152.057967 Ha dipole=1.3703 D
Worker 19 step 35: ACCEPTED random_displacement E=-152.053187 Ha dipole=1.2026 D
Worker 12 step 31: ACCEPTED small_principal_axis_rotation E=-152.054478 Ha dipole=1.0871 D
Worker 9 step 26: ACCEPTED random_displacement E=-152.056406 Ha dipole=1.0793 D
Worker 16 step 26: ACCEPTED correlated_displacement E=-152.060631 Ha dipole=1.7236 D
Worker 17 step 26: ACCEPTED local_twist E=-152.058722 Ha dipole=1.4596 D
Worker 7 step 28: ACCEPTED random_displacement E=-152.057366 Ha dipole=1.3941 D
Worker 18 step 38: ACCEPTED random_displacement E=-152.055156 Ha dipole=1.2497 D
Worker 18 step 39: random_displacement — no coordinate change (box rejection?)
Worker 6 step 27: ACCEPTED correlated_displacement E=-152.056349 Ha dipole=1.6436 D
Worker 11 step 31: ACCEPTED local_twist E=-152.060310 Ha dipole=1.4730 D
Worker 15 step 26: ACCEPTED correlated_displacement E=-152.057597 Ha dipole=0.7887 D
Worker 0 step 29: ACCEPTED local_twist E=-152.057731 Ha dipole=1.5340 D
Worker 0: 30/50 — accepted=26, rate=86.7%
Worker 14 step 28: ACCEPTED random_rotation E=-152.057012 Ha dipole=0.9547 D
Worker 8: 30/50 — accepted=25, rate=83.3%
Worker 3 step 28: ACCEPTED random_displacement E=-152.057915 Ha dipole=1.3698 D
Worker 10 step 37: ACCEPTED random_rotation E=-152.058188 Ha dipole=1.6643 D
Worker 19 step 36: ACCEPTED correlated_displacement E=-152.053187 Ha dipole=1.2026 D
Worker 1 step 36: ACCEPTED correlated_displacement E=-152.056923 Ha dipole=1.1964 D
Worker 12 step 32: ACCEPTED random_rotation E=-152.054820 Ha dipole=1.3038 D
Worker 9 step 27: ACCEPTED small_principal_axis_rotation E=-152.056260 Ha dipole=1.0828 D
Worker 16 step 27: ACCEPTED small_principal_axis_rotation E=-152.060659 Ha dipole=1.7034 D
Worker 17 step 27: ACCEPTED random_displacement E=-152.059447 Ha dipole=1.4736 D
Worker 7 step 29: ACCEPTED small_principal_axis_rotation E=-152.057586 Ha dipole=1.3912 D
Worker 7: 30/50 — accepted=19, rate=63.3%
Worker 18 step 40: ACCEPTED small_principal_axis_rotation E=-152.055513 Ha dipole=1.2503 D
Worker 13 step 27: ACCEPTED correlated_displacement E=-152.055754 Ha dipole=1.5029 D
Worker 6 step 28: ACCEPTED small_principal_axis_rotation E=-152.056331 Ha dipole=1.6448 D
Worker 11 step 32: ACCEPTED random_displacement E=-152.061355 Ha dipole=1.5028 D
Worker 15 step 27: ACCEPTED local_twist E=-152.057772 Ha dipole=0.7482 D
Worker 0 step 30: ACCEPTED small_principal_axis_rotation E=-152.058542 Ha dipole=1.4730 D
Worker 14 step 29: ACCEPTED local_twist E=-152.057050 Ha dipole=0.9725 D
Worker 14: 30/50 — accepted=28, rate=93.3%
Worker 8 step 30: ACCEPTED random_rotation E=-152.054578 Ha dipole=0.2223 D
Worker 3 step 29: ACCEPTED small_principal_axis_rotation E=-152.057751 Ha dipole=1.4088 D
Worker 3: 30/50 — accepted=23, rate=76.7%
Worker 19 step 37: ACCEPTED random_rotation E=-152.053183 Ha dipole=1.2170 D
Worker 1 step 37: ACCEPTED small_principal_axis_rotation E=-152.056830 Ha dipole=1.1961 D
Worker 9 step 28: ACCEPTED random_displacement E=-152.056496 Ha dipole=1.0849 D
Worker 17 step 28: ACCEPTED small_principal_axis_rotation E=-152.059356 Ha dipole=1.5124 D
Worker 7 step 30: ACCEPTED random_displacement E=-152.058393 Ha dipole=1.3922 D
Worker 18 step 41: ACCEPTED random_displacement E=-152.055567 Ha dipole=1.2524 D
Worker 13 step 28: ACCEPTED random_displacement E=-152.056612 Ha dipole=1.5028 D
Worker 6 step 29: ACCEPTED small_principal_axis_rotation E=-152.057335 Ha dipole=1.6448 D
Worker 6: 30/50 — accepted=21, rate=70.0%
Worker 2 step 33: random_rotation — no coordinate change (box rejection?)
Worker 2 step 34: correlated_displacement — no coordinate change (box rejection?)
Worker 11 step 33: ACCEPTED local_twist E=-152.061479 Ha dipole=1.4622 D
Worker 15 step 28: ACCEPTED small_principal_axis_rotation E=-152.057601 Ha dipole=0.8581 D
Worker 14 step 30: ACCEPTED small_principal_axis_rotation E=-152.057007 Ha dipole=0.9692 D
Worker 8 step 31: ACCEPTED random_displacement E=-152.054681 Ha dipole=0.2221 D
Worker 3 step 30: ACCEPTED random_rotation E=-152.057836 Ha dipole=1.3946 D
Worker 19 step 38: ACCEPTED small_principal_axis_rotation E=-152.053188 Ha dipole=1.2171 D
Worker 10: 40/50 — accepted=21, rate=52.5%
Worker 1 step 38: ACCEPTED random_rotation E=-152.058437 Ha dipole=1.2829 D
Worker 9 step 29: ACCEPTED local_twist E=-152.056590 Ha dipole=1.1141 D
Worker 9: 30/50 — accepted=26, rate=86.7%
Worker 12 step 34: ACCEPTED local_twist E=-152.054954 Ha dipole=1.2335 D
Worker 16 step 29: ACCEPTED correlated_displacement E=-152.060659 Ha dipole=1.7034 D
Worker 16: 30/50 — accepted=27, rate=90.0%
Worker 18 step 42: ACCEPTED correlated_displacement E=-152.055567 Ha dipole=1.2524 D
Worker 17 step 29: ACCEPTED local_twist E=-152.059466 Ha dipole=1.5337 D
Worker 17: 30/50 — accepted=26, rate=86.7%
Worker 13 step 29: ACCEPTED random_displacement E=-152.056505 Ha dipole=1.4979 D
Worker 13: 30/50 — accepted=21, rate=70.0%
Worker 6 step 30: ACCEPTED random_displacement E=-152.057330 Ha dipole=1.6452 D
Worker 2 step 35: ACCEPTED random_rotation E=-152.060340 Ha dipole=1.4900 D
Worker 11 step 34: ACCEPTED random_displacement E=-152.061290 Ha dipole=1.4564 D
Worker 15 step 29: ACCEPTED correlated_displacement E=-152.057601 Ha dipole=0.8581 D
Worker 15: 30/50 — accepted=28, rate=93.3%
Worker 14 step 31: ACCEPTED random_displacement E=-152.056826 Ha dipole=0.9672 D
Worker 8 step 32: ACCEPTED random_displacement E=-152.055418 Ha dipole=0.2212 D
Worker 19 step 39: ACCEPTED random_rotation E=-152.053198 Ha dipole=1.2192 D
Worker 19: 40/50 — accepted=30, rate=75.0%
Worker 3 step 31: ACCEPTED random_rotation E=-152.056928 Ha dipole=1.1391 D
Worker 10 step 40: ACCEPTED random_displacement E=-152.058086 Ha dipole=1.6620 D
Worker 1 step 39: ACCEPTED correlated_displacement E=-152.058436 Ha dipole=1.2829 D
Worker 1: 40/50 — accepted=29, rate=72.5%
Worker 12 step 35: ACCEPTED local_twist E=-152.054829 Ha dipole=1.2989 D
Worker 16 step 30: ACCEPTED random_rotation E=-152.060884 Ha dipole=1.7044 D
Worker 9 step 30: ACCEPTED random_displacement E=-152.058559 Ha dipole=1.1288 D
Worker 18 step 43: ACCEPTED small_principal_axis_rotation E=-152.055505 Ha dipole=1.2047 D
Worker 17 step 30: ACCEPTED random_displacement E=-152.059488 Ha dipole=1.5335 D
Worker 13 step 30: ACCEPTED correlated_displacement E=-152.056505 Ha dipole=1.4979 D
Worker 7 step 32: ACCEPTED random_displacement E=-152.058709 Ha dipole=1.3935 D
Worker 6 step 31: ACCEPTED local_twist E=-152.057331 Ha dipole=1.6453 D
Worker 2 step 36: ACCEPTED small_principal_axis_rotation E=-152.060352 Ha dipole=1.4835 D
Worker 2 step 37: random_displacement — no coordinate change (box rejection?)
Worker 2 step 38: small_principal_axis_rotation — no coordinate change (box rejection?)
Worker 11 step 35: ACCEPTED small_principal_axis_rotation E=-152.061303 Ha dipole=1.4552 D
Worker 15 step 30: ACCEPTED correlated_displacement E=-152.057601 Ha dipole=0.8581 D
Worker 0 step 33: ACCEPTED random_rotation E=-152.056963 Ha dipole=1.3856 D
Worker 8 step 33: ACCEPTED random_displacement E=-152.055563 Ha dipole=0.2210 D
Worker 19 step 40: ACCEPTED local_twist E=-152.053164 Ha dipole=1.2270 D
Worker 10 step 42: correlated_displacement — no coordinate change (box rejection?)
Worker 1 step 40: ACCEPTED small_principal_axis_rotation E=-152.059013 Ha dipole=1.3936 D
Worker 12 step 36: ACCEPTED random_displacement E=-152.054396 Ha dipole=1.2900 D
Worker 16 step 31: ACCEPTED small_principal_axis_rotation E=-152.060882 Ha dipole=1.6920 D
Worker 9 step 31: ACCEPTED random_displacement E=-152.058577 Ha dipole=1.1290 D
Worker 17 step 31: ACCEPTED local_twist E=-152.059415 Ha dipole=1.5182 D
Worker 13 step 31: ACCEPTED small_principal_axis_rotation E=-152.056516 Ha dipole=1.4970 D
Worker 6 step 32: ACCEPTED correlated_displacement E=-152.057331 Ha dipole=1.6453 D
Worker 7 step 33: ACCEPTED local_twist E=-152.058310 Ha dipole=1.4429 D
Worker 2 step 39: ACCEPTED random_displacement E=-152.060360 Ha dipole=1.4839 D
Worker 2: 40/50 — accepted=24, rate=60.0%
Worker 11 step 36: ACCEPTED random_displacement E=-152.061732 Ha dipole=1.4726 D
Worker 15 step 31: ACCEPTED correlated_displacement E=-152.057601 Ha dipole=0.8581 D
Worker 8 step 34: ACCEPTED correlated_displacement E=-152.055563 Ha dipole=0.2210 D
Worker 0 step 34: ACCEPTED correlated_displacement E=-152.056963 Ha dipole=1.3856 D
Worker 19 step 41: ACCEPTED local_twist E=-152.053163 Ha dipole=1.2271 D
Worker 3 step 33: ACCEPTED random_rotation E=-152.056806 Ha dipole=1.1681 D
Worker 10 step 43: ACCEPTED random_displacement E=-152.058439 Ha dipole=1.6683 D
Worker 9 step 32: ACCEPTED random_displacement E=-152.058365 Ha dipole=1.1344 D
Worker 18 step 45: ACCEPTED random_displacement E=-152.055717 Ha dipole=1.2063 D
Worker 17 step 32: ACCEPTED correlated_displacement E=-152.059415 Ha dipole=1.5182 D
Worker 13 step 32: ACCEPTED local_twist E=-152.056382 Ha dipole=1.5020 D
Worker 6 step 33: ACCEPTED random_displacement E=-152.056991 Ha dipole=1.6395 D
Worker 11 step 37: ACCEPTED random_displacement E=-152.061746 Ha dipole=1.4702 D
Worker 15 step 32: ACCEPTED small_principal_axis_rotation E=-152.057787 Ha dipole=0.8568 D
Worker 8 step 35: ACCEPTED correlated_displacement E=-152.055563 Ha dipole=0.2210 D
Worker 14 step 34: ACCEPTED random_rotation E=-152.057160 Ha dipole=0.9588 D
Worker 0 step 35: ACCEPTED random_displacement E=-152.056223 Ha dipole=1.3846 D
Worker 3 step 34: ACCEPTED random_rotation E=-152.056673 Ha dipole=1.2106 D
Worker 19 step 42: ACCEPTED correlated_displacement E=-152.053163 Ha dipole=1.2271 D
Worker 10 step 44: ACCEPTED random_rotation E=-152.058773 Ha dipole=1.6738 D
Worker 12 step 38: ACCEPTED local_twist E=-152.054326 Ha dipole=1.3307 D
Worker 16 step 33: ACCEPTED small_principal_axis_rotation E=-152.060881 Ha dipole=1.6920 D
Worker 9 step 33: ACCEPTED random_rotation E=-152.058424 Ha dipole=1.0872 D
Worker 18 step 46: ACCEPTED random_displacement E=-152.056065 Ha dipole=1.2154 D
Worker 17 step 33: ACCEPTED random_displacement E=-152.059057 Ha dipole=1.5118 D
Worker 13 step 33: ACCEPTED random_displacement E=-152.056025 Ha dipole=1.5000 D
Worker 2 step 41: ACCEPTED random_displacement E=-152.060555 Ha dipole=1.4959 D
Worker 2 step 42: random_rotation — no coordinate change (box rejection?)
Worker 7 step 35: ACCEPTED correlated_displacement E=-152.058310 Ha dipole=1.4429 D
Worker 15 step 33: ACCEPTED local_twist E=-152.057424 Ha dipole=0.9426 D
Worker 8 step 36: ACCEPTED random_displacement E=-152.055596 Ha dipole=0.2210 D
Worker 14 step 35: ACCEPTED random_displacement E=-152.058657 Ha dipole=0.9754 D
Worker 0 step 36: ACCEPTED small_principal_axis_rotation E=-152.056259 Ha dipole=1.3827 D
Worker 3 step 35: ACCEPTED correlated_displacement E=-152.056673 Ha dipole=1.2106 D
Worker 19 step 43: ACCEPTED correlated_displacement E=-152.053163 Ha dipole=1.2271 D
Worker 10 step 45: ACCEPTED random_displacement E=-152.058903 Ha dipole=1.6758 D
Worker 12 step 39: ACCEPTED random_displacement E=-152.054242 Ha dipole=1.3321 D
Worker 12: 40/50 — accepted=31, rate=77.5%
Worker 16 step 34: ACCEPTED random_displacement E=-152.060910 Ha dipole=1.6976 D
Worker 18 step 47: ACCEPTED random_displacement E=-152.055889 Ha dipole=1.2083 D
Worker 17 step 34: ACCEPTED random_displacement E=-152.059094 Ha dipole=1.5124 D
Worker 13 step 34: ACCEPTED random_displacement E=-152.055498 Ha dipole=1.4953 D
Worker 7 step 36: ACCEPTED local_twist E=-152.057791 Ha dipole=1.4927 D
Worker 6 step 35: ACCEPTED small_principal_axis_rotation E=-152.057098 Ha dipole=1.6379 D
Worker 11 step 39: ACCEPTED random_displacement E=-152.061814 Ha dipole=1.4716 D
Worker 11: 40/50 — accepted=28, rate=70.0%
Worker 15 step 34: ACCEPTED random_rotation E=-152.056902 Ha dipole=0.7498 D
Worker 8 step 37: ACCEPTED local_twist E=-152.055632 Ha dipole=0.1075 D
Worker 14 step 36: ACCEPTED small_principal_axis_rotation E=-152.058811 Ha dipole=1.0237 D
Worker 0 step 37: ACCEPTED correlated_displacement E=-152.056259 Ha dipole=1.3827 D
Worker 0 step 38: random_displacement — no coordinate change (box rejection?)
Worker 3 step 36: ACCEPTED local_twist E=-152.056666 Ha dipole=1.2183 D
Worker 19 step 44: ACCEPTED random_rotation E=-152.053283 Ha dipole=1.2150 D
Worker 12 step 40: ACCEPTED random_displacement E=-152.054593 Ha dipole=1.3376 D
Worker 1 step 44: ACCEPTED random_displacement E=-152.059057 Ha dipole=1.3960 D
Worker 18 step 48: ACCEPTED correlated_displacement E=-152.055889 Ha dipole=1.2083 D
Worker 16 step 35: ACCEPTED random_rotation E=-152.060179 Ha dipole=1.5660 D
Worker 17 step 35: ACCEPTED random_displacement E=-152.059990 Ha dipole=1.5280 D
Worker 13 step 35: ACCEPTED small_principal_axis_rotation E=-152.055361 Ha dipole=1.4933 D
Worker 11 step 40: ACCEPTED correlated_displacement E=-152.061814 Ha dipole=1.4716 D
Worker 15 step 35: ACCEPTED small_principal_axis_rotation E=-152.056828 Ha dipole=0.7498 D
Worker 8 step 38: ACCEPTED random_rotation E=-152.055124 Ha dipole=0.4240 D
Worker 14 step 37: ACCEPTED small_principal_axis_rotation E=-152.058754 Ha dipole=1.0044 D
Worker 0 step 39: ACCEPTED random_displacement E=-152.057316 Ha dipole=1.4053 D
Worker 0: 40/50 — accepted=33, rate=82.5%
Worker 3 step 37: ACCEPTED random_rotation E=-152.056671 Ha dipole=1.2192 D
Worker 9 step 36: ACCEPTED random_displacement E=-152.058491 Ha dipole=1.0898 D
Worker 18: 50/50 — accepted=30, rate=60.0%
Worker 18: DONE — 30/50 accepted (60.0%)
Worker 16 step 36: ACCEPTED random_displacement E=-152.060166 Ha dipole=1.5584 D
Worker 17 step 36: ACCEPTED random_rotation E=-152.059876 Ha dipole=1.6690 D
Worker 2 step 45: ACCEPTED random_rotation E=-152.060698 Ha dipole=1.4520 D
Worker 7 step 38: ACCEPTED small_principal_axis_rotation E=-152.057510 Ha dipole=1.5055 D
Worker 6 step 37: ACCEPTED local_twist E=-152.057031 Ha dipole=1.6355 D
Worker 8 step 39: ACCEPTED local_twist E=-152.055184 Ha dipole=0.4789 D
Worker 8: 40/50 — accepted=35, rate=87.5%
Worker 14 step 38: ACCEPTED small_principal_axis_rotation E=-152.058753 Ha dipole=1.0446 D
Worker 0 step 40: ACCEPTED random_displacement E=-152.057478 Ha dipole=1.4002 D
Worker 19 step 46: ACCEPTED random_rotation E=-152.053360 Ha dipole=1.0627 D
Worker 3 step 38: ACCEPTED random_rotation E=-152.057584 Ha dipole=1.3724 D
Worker 12 step 42: ACCEPTED small_principal_axis_rotation E=-152.054839 Ha dipole=1.3379 D
Worker 9 step 37: ACCEPTED correlated_displacement E=-152.058491 Ha dipole=1.0898 D
Worker 17 step 37: ACCEPTED local_twist E=-152.059786 Ha dipole=1.6586 D
Worker 13 step 37: ACCEPTED random_displacement E=-152.055791 Ha dipole=1.5003 D
Worker 16 step 37: ACCEPTED local_twist E=-152.060441 Ha dipole=1.5453 D
Worker 2 step 46: ACCEPTED local_twist E=-152.060633 Ha dipole=1.4642 D
Worker 6 step 38: ACCEPTED small_principal_axis_rotation E=-152.057229 Ha dipole=1.6379 D
Worker 7 step 39: ACCEPTED correlated_displacement E=-152.057510 Ha dipole=1.5055 D
Worker 7: 40/50 — accepted=26, rate=65.0%
Worker 11 step 42: ACCEPTED small_principal_axis_rotation E=-152.061832 Ha dipole=1.4762 D
Worker 15 step 37: ACCEPTED correlated_displacement E=-152.056828 Ha dipole=0.7498 D
Worker 8 step 40: ACCEPTED correlated_displacement E=-152.055184 Ha dipole=0.4789 D
Worker 14 step 39: ACCEPTED correlated_displacement E=-152.058753 Ha dipole=1.0446 D
Worker 14: 40/50 — accepted=36, rate=90.0%
Worker 19 step 47: ACCEPTED local_twist E=-152.053275 Ha dipole=1.0891 D
Worker 10 step 49: ACCEPTED random_displacement E=-152.059157 Ha dipole=1.6815 D
Worker 10: 50/50 — accepted=26, rate=52.0%
Worker 10: DONE — 26/50 accepted (52.0%)
Worker 3 step 39: ACCEPTED random_displacement E=-152.057885 Ha dipole=1.3750 D
Worker 3: 40/50 — accepted=32, rate=80.0%
Worker 1 step 47: ACCEPTED random_displacement E=-152.058971 Ha dipole=1.3925 D
Worker 1 step 48: correlated_displacement — no coordinate change (box rejection?)
Worker 9 step 38: ACCEPTED small_principal_axis_rotation E=-152.058479 Ha dipole=1.0923 D
Worker 17 step 38: ACCEPTED small_principal_axis_rotation E=-152.060276 Ha dipole=1.6435 D
Worker 16 step 38: ACCEPTED local_twist E=-152.060691 Ha dipole=1.5369 D
Worker 13 step 38: ACCEPTED correlated_displacement E=-152.055791 Ha dipole=1.5003 D
Worker 2 step 47: ACCEPTED small_principal_axis_rotation E=-152.060574 Ha dipole=1.4644 D
Worker 6 step 39: ACCEPTED small_principal_axis_rotation E=-152.057421 Ha dipole=1.6386 D
Worker 6: 40/50 — accepted=29, rate=72.5%
Worker 2 step 48: random_displacement — no coordinate change (box rejection?)
Worker 7 step 40: ACCEPTED random_rotation E=-152.058362 Ha dipole=1.5446 D
Worker 11 step 43: ACCEPTED correlated_displacement E=-152.061832 Ha dipole=1.4762 D
Worker 15 step 38: ACCEPTED random_rotation E=-152.057423 Ha dipole=0.7131 D
Worker 8 step 41: ACCEPTED local_twist E=-152.055081 Ha dipole=0.3893 D
Worker 0 step 42: ACCEPTED random_displacement E=-152.059180 Ha dipole=1.4032 D
Worker 19 step 49: random_displacement — no coordinate change (box rejection?)
Worker 19: DONE — 37/50 accepted (74.0%)
Worker 12 step 44: ACCEPTED small_principal_axis_rotation E=-152.054742 Ha dipole=1.4363 D
Worker 12 step 45: small_principal_axis_rotation — no coordinate change (box rejection?)
Worker 3 step 40: ACCEPTED random_displacement E=-152.058608 Ha dipole=1.3816 D
Worker 1 step 49: ACCEPTED small_principal_axis_rotation E=-152.058243 Ha dipole=1.3852 D
Worker 1: 50/50 — accepted=33, rate=66.0%
Worker 1: DONE — 33/50 accepted (66.0%)
Worker 9 step 39: ACCEPTED correlated_displacement E=-152.058479 Ha dipole=1.0924 D
Worker 9: 40/50 — accepted=34, rate=85.0%
Worker 17 step 39: ACCEPTED small_principal_axis_rotation E=-152.060414 Ha dipole=1.6254 D
Worker 17: 40/50 — accepted=36, rate=90.0%
Worker 16 step 39: ACCEPTED random_rotation E=-152.062367 Ha dipole=1.4181 D
Worker 16: 40/50 — accepted=36, rate=90.0%
Worker 13 step 39: ACCEPTED random_rotation E=-152.055553 Ha dipole=1.5005 D
Worker 13: 40/50 — accepted=30, rate=75.0%
Worker 6 step 40: ACCEPTED small_principal_axis_rotation E=-152.057697 Ha dipole=1.6420 D
Worker 2 step 49: ACCEPTED random_rotation E=-152.061172 Ha dipole=1.3245 D
Worker 2: 50/50 — accepted=29, rate=58.0%
Worker 2: DONE — 29/50 accepted (58.0%)
Worker 7 step 41: ACCEPTED random_displacement E=-152.058008 Ha dipole=1.5430 D
Worker 11 step 44: ACCEPTED correlated_displacement E=-152.061832 Ha dipole=1.4762 D
Worker 15 step 39: ACCEPTED correlated_displacement E=-152.057423 Ha dipole=0.7131 D
Worker 15: 40/50 — accepted=37, rate=92.5%
Worker 8 step 42: ACCEPTED random_displacement E=-152.054607 Ha dipole=0.3885 D
Worker 14 step 41: ACCEPTED random_displacement E=-152.058047 Ha dipole=1.0379 D
Worker 0 step 43: ACCEPTED random_rotation E=-152.059972 Ha dipole=1.5542 D
Worker 12 step 46: ACCEPTED random_displacement E=-152.055333 Ha dipole=1.4431 D
Worker 17 step 40: ACCEPTED random_rotation E=-152.060317 Ha dipole=1.4392 D
Worker 16 step 40: ACCEPTED local_twist E=-152.062250 Ha dipole=1.4379 D
Worker 6 step 41: ACCEPTED small_principal_axis_rotation E=-152.057534 Ha dipole=1.6296 D
Worker 7 step 42: ACCEPTED small_principal_axis_rotation E=-152.058064 Ha dipole=1.4883 D
Worker 11 step 45: ACCEPTED random_rotation E=-152.061849 Ha dipole=1.4704 D
Worker 15 step 40: ACCEPTED local_twist E=-152.057547 Ha dipole=0.6711 D
Worker 8 step 43: ACCEPTED correlated_displacement E=-152.054607 Ha dipole=0.3885 D
Worker 14 step 42: ACCEPTED random_rotation E=-152.058179 Ha dipole=0.7981 D
Worker 0 step 44: ACCEPTED correlated_displacement E=-152.059972 Ha dipole=1.5542 D
Worker 3 step 42: ACCEPTED random_displacement E=-152.058964 Ha dipole=1.3857 D
Worker 12 step 47: ACCEPTED correlated_displacement E=-152.055333 Ha dipole=1.4431 D
Worker 9 step 41: ACCEPTED random_displacement E=-152.058455 Ha dipole=1.0923 D
Worker 17 step 41: ACCEPTED correlated_displacement E=-152.060317 Ha dipole=1.4392 D
Worker 16 step 41: ACCEPTED local_twist E=-152.062288 Ha dipole=1.4310 D
Worker 13 step 41: ACCEPTED correlated_displacement E=-152.055553 Ha dipole=1.5005 D
Worker 7 step 43: ACCEPTED random_rotation E=-152.057842 Ha dipole=1.4761 D
Worker 11 step 46: ACCEPTED random_rotation E=-152.061814 Ha dipole=1.4834 D
Worker 15 step 41: ACCEPTED random_rotation E=-152.058133 Ha dipole=0.5771 D
Worker 8 step 44: ACCEPTED small_principal_axis_rotation E=-152.054678 Ha dipole=0.3872 D
Worker 0 step 45: ACCEPTED local_twist E=-152.060324 Ha dipole=1.5780 D
Worker 3 step 43: ACCEPTED random_rotation E=-152.059357 Ha dipole=1.3351 D
Worker 12 step 48: ACCEPTED random_displacement E=-152.055137 Ha dipole=1.4406 D
Worker 9 step 42: ACCEPTED random_displacement E=-152.058456 Ha dipole=1.0923 D
Worker 17 step 42: ACCEPTED local_twist E=-152.060307 Ha dipole=1.4504 D
Worker 6 step 43: ACCEPTED small_principal_axis_rotation E=-152.058060 Ha dipole=1.6092 D
Worker 16 step 42: ACCEPTED local_twist E=-152.062223 Ha dipole=1.4431 D
Worker 13 step 42: ACCEPTED correlated_displacement E=-152.055553 Ha dipole=1.5005 D
Worker 7 step 44: ACCEPTED small_principal_axis_rotation E=-152.058288 Ha dipole=1.4617 D
Worker 11 step 47: ACCEPTED small_principal_axis_rotation E=-152.061780 Ha dipole=1.4767 D
Worker 15 step 42: ACCEPTED correlated_displacement E=-152.058133 Ha dipole=0.5771 D
Worker 8 step 45: ACCEPTED random_displacement E=-152.054710 Ha dipole=0.3873 D
Worker 14 step 44: ACCEPTED correlated_displacement E=-152.058179 Ha dipole=0.7981 D
Worker 3 step 44: ACCEPTED random_displacement E=-152.059435 Ha dipole=1.3358 D
Worker 12 step 49: ACCEPTED correlated_displacement E=-152.055137 Ha dipole=1.4406 D
Worker 12: 50/50 — accepted=38, rate=76.0%
Worker 12: DONE — 38/50 accepted (76.0%)
Worker 9 step 43: ACCEPTED small_principal_axis_rotation E=-152.058603 Ha dipole=1.1344 D
Worker 17 step 43: ACCEPTED random_displacement E=-152.060274 Ha dipole=1.4490 D
Worker 6 step 44: ACCEPTED random_displacement E=-152.058762 Ha dipole=1.6201 D
Worker 16 step 43: ACCEPTED local_twist E=-152.062097 Ha dipole=1.4723 D
Worker 13 step 43: ACCEPTED correlated_displacement E=-152.055553 Ha dipole=1.5005 D
Worker 15 step 43: ACCEPTED random_rotation E=-152.057888 Ha dipole=0.8859 D
Worker 8 step 46: ACCEPTED small_principal_axis_rotation E=-152.054801 Ha dipole=0.4734 D
Worker 14 step 45: ACCEPTED random_displacement E=-152.058207 Ha dipole=0.7983 D
Worker 0 step 47: ACCEPTED small_principal_axis_rotation E=-152.060243 Ha dipole=1.5559 D
Worker 3 step 45: ACCEPTED small_principal_axis_rotation E=-152.059514 Ha dipole=1.3239 D
Worker 6 step 45: ACCEPTED correlated_displacement E=-152.058762 Ha dipole=1.6201 D
Worker 16 step 44: ACCEPTED small_principal_axis_rotation E=-152.062156 Ha dipole=1.4735 D
Worker 13 step 44: ACCEPTED local_twist E=-152.054949 Ha dipole=1.5175 D
Worker 7 step 46: ACCEPTED random_rotation E=-152.058584 Ha dipole=1.4752 D
Worker 11 step 49: ACCEPTED random_displacement E=-152.061971 Ha dipole=1.5057 D
Worker 11: 50/50 — accepted=36, rate=72.0%
Worker 11: DONE — 36/50 accepted (72.0%)
Worker 15 step 44: ACCEPTED random_rotation E=-152.058634 Ha dipole=0.7601 D
Worker 8 step 47: ACCEPTED random_rotation E=-152.054160 Ha dipole=0.2212 D
Worker 14 step 46: ACCEPTED random_rotation E=-152.058819 Ha dipole=1.0114 D
Worker 0 step 48: ACCEPTED local_twist E=-152.060412 Ha dipole=1.5674 D
Worker 3 step 46: ACCEPTED random_displacement E=-152.060107 Ha dipole=1.3330 D
Worker 9 step 45: ACCEPTED local_twist E=-152.058587 Ha dipole=1.1147 D
Worker 6 step 46: ACCEPTED random_displacement E=-152.058445 Ha dipole=1.6152 D
Worker 17 step 45: ACCEPTED random_displacement E=-152.060417 Ha dipole=1.4535 D
Worker 13 step 45: ACCEPTED correlated_displacement E=-152.054949 Ha dipole=1.5175 D
Worker 15 step 45: ACCEPTED small_principal_axis_rotation E=-152.058597 Ha dipole=0.6791 D
Worker 8 step 48: ACCEPTED correlated_displacement E=-152.054160 Ha dipole=0.2212 D
Worker 14 step 47: ACCEPTED random_rotation E=-152.058496 Ha dipole=1.0365 D
Worker 0 step 49: ACCEPTED local_twist E=-152.060397 Ha dipole=1.5663 D
Worker 0: 50/50 — accepted=41, rate=82.0%
Worker 0: DONE — 41/50 accepted (82.0%)
Worker 3 step 47: ACCEPTED small_principal_axis_rotation E=-152.060098 Ha dipole=1.3337 D
Worker 9 step 46: ACCEPTED random_rotation E=-152.058169 Ha dipole=0.8491 D
Worker 13 step 46: ACCEPTED local_twist E=-152.055239 Ha dipole=1.5107 D
Worker 7 step 48: ACCEPTED correlated_displacement E=-152.058584 Ha dipole=1.4752 D
Worker 8 step 49: ACCEPTED correlated_displacement E=-152.054160 Ha dipole=0.2212 D
Worker 8: 50/50 — accepted=45, rate=90.0%
Worker 8: DONE — 45/50 accepted (90.0%)
Worker 14 step 48: ACCEPTED random_displacement E=-152.058443 Ha dipole=1.0357 D
Worker 3 step 48: ACCEPTED small_principal_axis_rotation E=-152.059991 Ha dipole=1.3305 D
Worker 9 step 47: ACCEPTED local_twist E=-152.058462 Ha dipole=0.8040 D
Worker 17 step 47: ACCEPTED random_displacement E=-152.059841 Ha dipole=1.4404 D
Worker 16 step 47: ACCEPTED correlated_displacement E=-152.062156 Ha dipole=1.4735 D
Worker 7 step 49: ACCEPTED random_displacement E=-152.058490 Ha dipole=1.4769 D
Worker 7: 50/50 — accepted=34, rate=68.0%
Worker 7: DONE — 34/50 accepted (68.0%)
Worker 15 step 47: ACCEPTED local_twist E=-152.058573 Ha dipole=0.5713 D
Worker 14: 50/50 — accepted=43, rate=86.0%
Worker 14: DONE — 43/50 accepted (86.0%)
Worker 3 step 49: ACCEPTED random_displacement E=-152.059671 Ha dipole=1.3291 D
Worker 3: 50/50 — accepted=41, rate=82.0%
Worker 3: DONE — 41/50 accepted (82.0%)
Worker 6 step 49: ACCEPTED local_twist E=-152.058466 Ha dipole=1.6184 D
Worker 6: 50/50 — accepted=36, rate=72.0%
Worker 6: DONE — 36/50 accepted (72.0%)
Worker 17 step 48: ACCEPTED random_displacement E=-152.061298 Ha dipole=1.4732 D
Worker 16 step 48: ACCEPTED local_twist E=-152.062068 Ha dipole=1.4907 D
Worker 15 step 48: ACCEPTED random_displacement E=-152.058552 Ha dipole=0.5686 D
Worker 9: 50/50 — accepted=40, rate=80.0%
Worker 9: DONE — 40/50 accepted (80.0%)
Worker 17 step 49: ACCEPTED local_twist E=-152.061269 Ha dipole=1.4427 D
Worker 17: 50/50 — accepted=44, rate=88.0%
Worker 17: DONE — 44/50 accepted (88.0%)
Worker 16 step 49: ACCEPTED correlated_displacement E=-152.062068 Ha dipole=1.4907 D
Worker 16: 50/50 — accepted=44, rate=88.0%
Worker 16: DONE — 44/50 accepted (88.0%)
Worker 13 step 49: ACCEPTED small_principal_axis_rotation E=-152.056471 Ha dipole=1.4751 D
Worker 13: 50/50 — accepted=37, rate=74.0%
Worker 13: DONE — 37/50 accepted (74.0%)
Worker 15 step 49: ACCEPTED correlated_displacement E=-152.058552 Ha dipole=0.5686 D
Worker 15: 50/50 — accepted=46, rate=92.0%
Worker 15: DONE — 46/50 accepted (92.0%)
Worker 0: Starting energy = -152.052881 Hartree
Worker 0 step 0: large_displacement — no coordinate change (box rejection?)
Worker 0 step 1: mirror — no coordinate change (box rejection?)
Worker 0 step 2: twist — no coordinate change (box rejection?)
Worker 0 step 3: mirror — no coordinate change (box rejection?)
Worker 0 step 4: large_displacement — no coordinate change (box rejection?)
Worker 0 step 5: exchange — no coordinate change (box rejection?)
Worker 0 step 6: large_displacement — no coordinate change (box rejection?)
Worker 0 step 7: principal_axis_rotation — no coordinate change (box rejection?)
Worker 0 step 8: principal_axis_rotation — no coordinate change (box rejection?)
Worker 0 step 9: twist — no coordinate change (box rejection?)
Worker 0 step 10: roto_reflection — no coordinate change (box rejection?)
Worker 0 step 11: principal_axis_rotation — no coordinate change (box rejection?)
Worker 0 step 12: principal_axis_rotation — no coordinate change (box rejection?)
Worker 0 step 13: roto_reflection — no coordinate change (box rejection?)
Worker 0 step 14: mirror — no coordinate change (box rejection?)
Worker 0 step 15: twist — no coordinate change (box rejection?)
Worker 0 step 16: large_displacement — no coordinate change (box rejection?)
Worker 0 step 17: principal_axis_rotation — no coordinate change (box rejection?)
Worker 0 step 18: exchange — no coordinate change (box rejection?)
Worker 0 step 19: large_displacement — no coordinate change (box rejection?)
Worker 1: Starting energy = -152.054694 Hartree
Worker 1 step 0: twist — no coordinate change (box rejection?)
Worker 1 step 1: principal_axis_rotation — no coordinate change (box rejection?)
Worker 1 step 2: mirror — no coordinate change (box rejection?)
Worker 1 step 3: twist — no coordinate change (box rejection?)
Worker 1 step 4: mirror — no coordinate change (box rejection?)
Worker 1 step 5: mirror — no coordinate change (box rejection?)
Worker 0 step 20: ACCEPTED random_so3 E=-152.053984 Ha dipole=0.8247 D
Worker 1 step 6: principal_axis_rotation — no coordinate change (box rejection?)
Worker 1 step 7: mirror — no coordinate change (box rejection?)
Worker 1 step 8: twist — no coordinate change (box rejection?)
Worker 1 step 9: random_so3 — no coordinate change (box rejection?)
Worker 1 step 10: mirror — no coordinate change (box rejection?)
Worker 1 step 11: random_so3 — no coordinate change (box rejection?)
Worker 1 step 12: exchange — no coordinate change (box rejection?)
Worker 1 step 13: roto_reflection — no coordinate change (box rejection?)
Worker 1 step 14: large_displacement — no coordinate change (box rejection?)
Worker 1 step 15: principal_axis_rotation — no coordinate change (box rejection?)
Worker 1 step 16: large_displacement — no coordinate change (box rejection?)
Worker 1 step 17: principal_axis_rotation — no coordinate change (box rejection?)
Worker 1 step 18: twist — no coordinate change (box rejection?)
Worker 1 step 19: large_displacement — no coordinate change (box rejection?)
Worker 1 step 20: roto_reflection — no coordinate change (box rejection?)
Worker 1 step 21: exchange — no coordinate change (box rejection?)
Worker 1 step 22: roto_reflection — no coordinate change (box rejection?)
Worker 1 step 23: twist — no coordinate change (box rejection?)
Worker 1 step 24: mirror — no coordinate change (box rejection?)
Worker 1 step 25: roto_reflection — no coordinate change (box rejection?)
Worker 1 step 26: twist — no coordinate change (box rejection?)
Worker 1 step 27: exchange — no coordinate change (box rejection?)
Worker 2: Starting energy = -152.053014 Hartree
Worker 1 step 28: mirror — no coordinate change (box rejection?)
Worker 2 step 0: large_displacement — no coordinate change (box rejection?)
Worker 1 step 29: principal_axis_rotation — no coordinate change (box rejection?)
Worker 2 step 1: twist — no coordinate change (box rejection?)
Worker 1 step 30: mirror — no coordinate change (box rejection?)
Worker 2 step 2: twist — no coordinate change (box rejection?)
Worker 1 step 31: mirror — no coordinate change (box rejection?)
Worker 1 step 32: random_so3 — no coordinate change (box rejection?)
Worker 2 step 3: exchange — no coordinate change (box rejection?)
Worker 1 step 33: twist — no coordinate change (box rejection?)
Worker 2 step 4: roto_reflection — no coordinate change (box rejection?)
Worker 1 step 34: large_displacement — no coordinate change (box rejection?)
Worker 2 step 5: twist — no coordinate change (box rejection?)
Worker 1 step 35: twist — no coordinate change (box rejection?)
Worker 2 step 6: large_displacement — no coordinate change (box rejection?)
Worker 1 step 36: exchange — no coordinate change (box rejection?)
Worker 1 step 37: random_so3 — no coordinate change (box rejection?)
Worker 2 step 7: exchange — no coordinate change (box rejection?)
Worker 2 step 8: large_displacement — no coordinate change (box rejection?)
Worker 1 step 38: mirror — no coordinate change (box rejection?)
Worker 2 step 9: twist — no coordinate change (box rejection?)
Worker 1 step 39: roto_reflection — no coordinate change (box rejection?)
Worker 2 step 10: exchange — no coordinate change (box rejection?)
Worker 1 step 40: twist — no coordinate change (box rejection?)
Worker 1 step 41: large_displacement — no coordinate change (box rejection?)
Worker 2 step 11: principal_axis_rotation — no coordinate change (box rejection?)
Worker 1 step 42: mirror — no coordinate change (box rejection?)
Worker 2 step 12: twist — no coordinate change (box rejection?)
Worker 1 step 43: exchange — no coordinate change (box rejection?)
Worker 2 step 13: roto_reflection — no coordinate change (box rejection?)
Worker 1 step 44: twist — no coordinate change (box rejection?)
Worker 1 step 45: twist — no coordinate change (box rejection?)
Worker 1 step 46: mirror — no coordinate change (box rejection?)
Worker 1 step 47: mirror — no coordinate change (box rejection?)
Worker 1 step 48: twist — no coordinate change (box rejection?)
Worker 1 step 49: large_displacement — no coordinate change (box rejection?)
Worker 1 step 50: principal_axis_rotation — no coordinate change (box rejection?)
Worker 1 step 51: principal_axis_rotation — no coordinate change (box rejection?)
Worker 1 step 52: roto_reflection — no coordinate change (box rejection?)
Worker 1 step 53: roto_reflection — no coordinate change (box rejection?)
Worker 1 step 54: random_so3 — no coordinate change (box rejection?)
Worker 1 step 55: principal_axis_rotation — no coordinate change (box rejection?)
Worker 1 step 56: roto_reflection — no coordinate change (box rejection?)
Worker 1 step 57: twist — no coordinate change (box rejection?)
Worker 1 step 58: large_displacement — no coordinate change (box rejection?)
Worker 1 step 59: principal_axis_rotation — no coordinate change (box rejection?)
Worker 1 step 60: roto_reflection — no coordinate change (box rejection?)
Worker 1 step 61: large_displacement — no coordinate change (box rejection?)
Worker 1 step 62: twist — no coordinate change (box rejection?)
Worker 1 step 63: exchange — no coordinate change (box rejection?)
Worker 1 step 64: random_so3 — no coordinate change (box rejection?)
Worker 1 step 65: roto_reflection — no coordinate change (box rejection?)
Worker 1 step 66: large_displacement — no coordinate change (box rejection?)
Worker 1 step 67: large_displacement — no coordinate change (box rejection?)
Worker 1 step 68: large_displacement — no coordinate change (box rejection?)
Worker 1 step 69: principal_axis_rotation — no coordinate change (box rejection?)
Worker 1 step 70: twist — no coordinate change (box rejection?)
Worker 1 step 71: twist — no coordinate change (box rejection?)
Worker 1 step 72: twist — no coordinate change (box rejection?)
Worker 1 step 73: twist — no coordinate change (box rejection?)
Worker 1 step 74: large_displacement — no coordinate change (box rejection?)
Worker 1 step 75: large_displacement — no coordinate change (box rejection?)
Worker 1 step 76: exchange — no coordinate change (box rejection?)
Worker 1 step 77: large_displacement — no coordinate change (box rejection?)
Worker 1 step 78: large_displacement — no coordinate change (box rejection?)
Worker 1 step 79: exchange — no coordinate change (box rejection?)
Worker 1 step 80: principal_axis_rotation — no coordinate change (box rejection?)
Worker 1 step 81: twist — no coordinate change (box rejection?)
Worker 1 step 82: principal_axis_rotation — no coordinate change (box rejection?)
Worker 1 step 83: exchange — no coordinate change (box rejection?)
Worker 1 step 84: twist — no coordinate change (box rejection?)
Worker 1 step 85: principal_axis_rotation — no coordinate change (box rejection?)
Worker 1 step 86: roto_reflection — no coordinate change (box rejection?)
Worker 1 step 87: mirror — no coordinate change (box rejection?)
Worker 1 step 88: twist — no coordinate change (box rejection?)
Worker 1 step 89: roto_reflection — no coordinate change (box rejection?)
Worker 1 step 90: twist — no coordinate change (box rejection?)
Worker 1 step 91: exchange — no coordinate change (box rejection?)
Worker 1 step 92: random_so3 — no coordinate change (box rejection?)
Worker 1 step 93: exchange — no coordinate change (box rejection?)
Worker 1 step 94: exchange — no coordinate change (box rejection?)
Worker 1 step 95: exchange — no coordinate change (box rejection?)
Worker 1 step 96: mirror — no coordinate change (box rejection?)
Worker 1 step 97: twist — no coordinate change (box rejection?)
Worker 1 step 98: roto_reflection — no coordinate change (box rejection?)
Worker 1 step 99: large_displacement — no coordinate change (box rejection?)
Worker 0 step 21: ACCEPTED large_displacement E=-152.053211 Ha dipole=0.8217 D
Worker 0 step 22: large_displacement — no coordinate change (box rejection?)
Worker 2 step 14: Adaptive box growth — new radius = 3.90 Å (acc=0.00%) 
Worker 1 step 100: ACCEPTED large_displacement E=-152.056339 Ha dipole=1.5865 D
Worker 1 step 101: twist — no coordinate change (box rejection?)
Worker 1 step 102: mirror — no coordinate change (box rejection?)
Worker 0 step 23: ACCEPTED mirror E=-152.053211 Ha dipole=0.8216 D
Worker 0 step 24: twist — no coordinate change (box rejection?)
Worker 0 step 25: principal_axis_rotation — no coordinate change (box rejection?)
Worker 0 step 26: twist — no coordinate change (box rejection?)
Worker 2 step 15: ACCEPTED principal_axis_rotation E=-152.054865 Ha dipole=1.0114 D
Worker 2 step 16: mirror — no coordinate change (box rejection?)
Worker 1 step 103: ACCEPTED exchange E=-152.055607 Ha dipole=1.5768 D
Worker 3: Starting energy = -152.053354 Hartree
Worker 3 step 0: large_displacement — no coordinate change (box rejection?)
Worker 3 step 1: mirror — no coordinate change (box rejection?)
Worker 3 step 2: twist — no coordinate change (box rejection?)
Worker 0 step 27: ACCEPTED large_displacement E=-152.053474 Ha dipole=0.8245 D
Worker 0 step 28: twist — no coordinate change (box rejection?)
Worker 2 step 17: ACCEPTED random_so3 E=-152.056239 Ha dipole=0.3818 D
Worker 1 step 104: Adaptive box growth — new radius = 3.90 Å (acc=1.90%) 
Worker 1 step 105: mirror — no coordinate change (box rejection?)
Worker 1 step 106: twist — no coordinate change (box rejection?)
Worker 4: Starting energy = -152.036473 Hartree
Worker 3 step 3: ACCEPTED exchange E=-152.053318 Ha dipole=1.3852 D
Worker 3 step 4: mirror — no coordinate change (box rejection?)
Worker 1 step 107: ACCEPTED twist E=-152.055304 Ha dipole=1.5621 D
Worker 1 step 108: twist — no coordinate change (box rejection?)
Worker 0 step 29: ACCEPTED large_displacement E=-152.053446 Ha dipole=0.8252 D
Worker 0 step 29: Adaptive box growth — new radius = 3.90 Å (acc=16.67%) 
Worker 0: 30/300 — accepted=5, rate=16.7%
Worker 2 step 18: ACCEPTED exchange E=-152.055136 Ha dipole=0.3807 D
Worker 4 step 0: ACCEPTED large_displacement E=-152.048852 Ha dipole=1.1456 D
Worker 0 step 30: ACCEPTED mirror E=-152.053446 Ha dipole=0.8252 D
Worker 3 step 5: ACCEPTED large_displacement E=-152.052931 Ha dipole=1.3800 D
Worker 1 step 109: ACCEPTED exchange E=-152.056444 Ha dipole=1.5768 D
Worker 1 step 109: Adaptive box growth — new radius = 4.25 Å (acc=40.00%) 
Worker 1: 110/300 — accepted=4, rate=3.6%
Worker 2 step 19: ACCEPTED exchange E=-152.056239 Ha dipole=0.3818 D
Worker 2: 20/300 — accepted=4, rate=20.0%
Worker 0 step 31: ACCEPTED principal_axis_rotation E=-152.053776 Ha dipole=0.8247 D
Worker 4 step 2: exchange — no coordinate change (box rejection?)
Worker 5: Starting energy = -152.041562 Hartree
Worker 2 step 21: twist — no coordinate change (box rejection?)
Worker 1 step 110: ACCEPTED exchange E=-152.055304 Ha dipole=1.5621 D
Worker 3 step 6: ACCEPTED twist E=-152.053364 Ha dipole=1.1818 D
Worker 3 step 7: exchange — no coordinate change (box rejection?)
Worker 0 step 32: ACCEPTED large_displacement E=-152.053541 Ha dipole=0.8278 D
Worker 0 step 33: exchange — no coordinate change (box rejection?)
Worker 6: Starting energy = -152.054067 Hartree
Worker 6 step 0: roto_reflection — no coordinate change (box rejection?)
Worker 6 step 1: mirror — no coordinate change (box rejection?)
Worker 6 step 2: roto_reflection — no coordinate change (box rejection?)
Worker 6 step 3: twist — no coordinate change (box rejection?)
Worker 6 step 4: mirror — no coordinate change (box rejection?)
Worker 6 step 5: random_so3 — no coordinate change (box rejection?)
Worker 6 step 6: exchange — no coordinate change (box rejection?)
Worker 6 step 7: roto_reflection — no coordinate change (box rejection?)
Worker 6 step 8: mirror — no coordinate change (box rejection?)
Worker 6 step 9: principal_axis_rotation — no coordinate change (box rejection?)
Worker 6 step 10: twist — no coordinate change (box rejection?)
Worker 6 step 11: large_displacement — no coordinate change (box rejection?)
Worker 6 step 12: principal_axis_rotation — no coordinate change (box rejection?)
Worker 6 step 13: roto_reflection — no coordinate change (box rejection?)
Worker 6 step 14: twist — no coordinate change (box rejection?)
Worker 6 step 15: principal_axis_rotation — no coordinate change (box rejection?)
Worker 6 step 16: twist — no coordinate change (box rejection?)
Worker 6 step 17: twist — no coordinate change (box rejection?)
Worker 6 step 18: random_so3 — no coordinate change (box rejection?)
Worker 6 step 19: exchange — no coordinate change (box rejection?)
Worker 6 step 20: mirror — no coordinate change (box rejection?)
Worker 6 step 21: large_displacement — no coordinate change (box rejection?)
Worker 4 step 4: large_displacement — no coordinate change (box rejection?)
Worker 2 step 23: large_displacement — no coordinate change (box rejection?)
Worker 7: Starting energy = -152.054600 Hartree
Worker 7 step 0: twist — no coordinate change (box rejection?)
Worker 7 step 1: principal_axis_rotation — no coordinate change (box rejection?)
Worker 7 step 2: twist — no coordinate change (box rejection?)
Worker 7 step 3: mirror — no coordinate change (box rejection?)
Worker 7 step 4: mirror — no coordinate change (box rejection?)
Worker 7 step 5: mirror — no coordinate change (box rejection?)
Worker 7 step 6: random_so3 — no coordinate change (box rejection?)
Worker 7 step 7: principal_axis_rotation — no coordinate change (box rejection?)
Worker 7 step 8: random_so3 — no coordinate change (box rejection?)
Worker 7 step 9: roto_reflection — no coordinate change (box rejection?)
Worker 7 step 10: large_displacement — no coordinate change (box rejection?)
Worker 7 step 11: large_displacement — no coordinate change (box rejection?)
Worker 7 step 12: twist — no coordinate change (box rejection?)
Worker 7 step 13: large_displacement — no coordinate change (box rejection?)
Worker 7 step 14: large_displacement — no coordinate change (box rejection?)
Worker 7 step 15: twist — no coordinate change (box rejection?)
Worker 7 step 16: large_displacement — no coordinate change (box rejection?)
Worker 7 step 17: mirror — no coordinate change (box rejection?)
Worker 7 step 18: exchange — no coordinate change (box rejection?)
Worker 7 step 19: large_displacement — no coordinate change (box rejection?)
Worker 7 step 20: twist — no coordinate change (box rejection?)
Worker 9: Starting energy = -152.054915 Hartree
Worker 7 step 21: random_so3 — no coordinate change (box rejection?)
Worker 9 step 0: large_displacement — no coordinate change (box rejection?)
Worker 7 step 22: principal_axis_rotation — no coordinate change (box rejection?)
Worker 9 step 1: twist — no coordinate change (box rejection?)
Worker 7 step 23: mirror — no coordinate change (box rejection?)
Worker 9 step 2: principal_axis_rotation — no coordinate change (box rejection?)
Worker 7 step 24: principal_axis_rotation — no coordinate change (box rejection?)
Worker 9 step 3: twist — no coordinate change (box rejection?)
Worker 7 step 25: mirror — no coordinate change (box rejection?)
Worker 9 step 4: roto_reflection — no coordinate change (box rejection?)
Worker 7 step 26: roto_reflection — no coordinate change (box rejection?)
Worker 9 step 5: principal_axis_rotation — no coordinate change (box rejection?)
Worker 7 step 27: principal_axis_rotation — no coordinate change (box rejection?)
Worker 7 step 28: twist — no coordinate change (box rejection?)
Worker 7 step 29: twist — no coordinate change (box rejection?)
Worker 7 step 30: large_displacement — no coordinate change (box rejection?)
Worker 7 step 31: mirror — no coordinate change (box rejection?)
Worker 7 step 32: roto_reflection — no coordinate change (box rejection?)
Worker 7 step 33: mirror — no coordinate change (box rejection?)
Worker 7 step 34: large_displacement — no coordinate change (box rejection?)
Worker 7 step 35: mirror — no coordinate change (box rejection?)
Worker 7 step 36: exchange — no coordinate change (box rejection?)
Worker 7 step 37: twist — no coordinate change (box rejection?)
Worker 7 step 38: twist — no coordinate change (box rejection?)
Worker 7 step 39: large_displacement — no coordinate change (box rejection?)
Worker 5 step 0: ACCEPTED mirror E=-152.041562 Ha dipole=1.0909 D
Worker 7 step 40: large_displacement — no coordinate change (box rejection?)
Worker 7 step 41: large_displacement — no coordinate change (box rejection?)
Worker 7 step 42: large_displacement — no coordinate change (box rejection?)
Worker 7 step 43: large_displacement — no coordinate change (box rejection?)
Worker 7 step 44: twist — no coordinate change (box rejection?)
Worker 7 step 45: twist — no coordinate change (box rejection?)
Worker 7 step 46: twist — no coordinate change (box rejection?)
Worker 7 step 47: roto_reflection — no coordinate change (box rejection?)
Worker 7 step 48: large_displacement — no coordinate change (box rejection?)
Worker 7 step 49: mirror — no coordinate change (box rejection?)
Worker 7 step 50: mirror — no coordinate change (box rejection?)
Worker 10: Starting energy = -152.053461 Hartree
Worker 1 step 112: twist — no coordinate change (box rejection?)
Worker 8: Starting energy = -152.057079 Hartree
Worker 3 step 8: ACCEPTED large_displacement E=-152.052015 Ha dipole=1.1831 D
Worker 0 step 34: ACCEPTED random_so3 E=-152.053922 Ha dipole=1.4309 D
Worker 14: Starting energy = -152.057150 Hartree
Worker 14 step 0: exchange — no coordinate change (box rejection?)
Worker 12: Starting energy = -152.053702 Hartree
Worker 14 step 1: roto_reflection — no coordinate change (box rejection?)
Worker 12 step 0: large_displacement — no coordinate change (box rejection?)
Worker 14 step 2: random_so3 — no coordinate change (box rejection?)
Worker 12 step 1: mirror — no coordinate change (box rejection?)
Worker 14 step 3: mirror — no coordinate change (box rejection?)
Worker 12 step 2: large_displacement — no coordinate change (box rejection?)
Worker 14 step 4: twist — no coordinate change (box rejection?)
Worker 12 step 3: twist — no coordinate change (box rejection?)
Worker 14 step 5: mirror — no coordinate change (box rejection?)
Worker 14 step 6: mirror — no coordinate change (box rejection?)
Worker 12 step 4: roto_reflection — no coordinate change (box rejection?)
Worker 6 step 23: large_displacement — no coordinate change (box rejection?)
Worker 14 step 7: twist — no coordinate change (box rejection?)
Worker 12 step 5: twist — no coordinate change (box rejection?)
Worker 11: Starting energy = -151.902621 Hartree
Worker 6 step 24: mirror — no coordinate change (box rejection?)
Worker 14 step 8: mirror — no coordinate change (box rejection?)
Worker 12 step 6: twist — no coordinate change (box rejection?)
Worker 6 step 25: exchange — no coordinate change (box rejection?)
Worker 14 step 9: roto_reflection — no coordinate change (box rejection?)
Worker 12 step 7: mirror — no coordinate change (box rejection?)
Worker 6 step 26: exchange — no coordinate change (box rejection?)
Worker 12 step 8: large_displacement — no coordinate change (box rejection?)
Worker 14 step 10: principal_axis_rotation — no coordinate change (box rejection?)
Worker 6 step 27: twist — no coordinate change (box rejection?)
Worker 12 step 9: large_displacement — no coordinate change (box rejection?)
Worker 14 step 11: mirror — no coordinate change (box rejection?)
Worker 6 step 28: random_so3 — no coordinate change (box rejection?)
Worker 12 step 10: mirror — no coordinate change (box rejection?)
Worker 14 step 12: principal_axis_rotation — no coordinate change (box rejection?)
Worker 6 step 29: principal_axis_rotation — no coordinate change (box rejection?)
Worker 12 step 11: principal_axis_rotation — no coordinate change (box rejection?)
Worker 14 step 13: twist — no coordinate change (box rejection?)
Worker 6 step 30: exchange — no coordinate change (box rejection?)
Worker 12 step 12: mirror — no coordinate change (box rejection?)
Worker 14 step 14: random_so3 — no coordinate change (box rejection?)
Worker 6 step 31: twist — no coordinate change (box rejection?)
Worker 12 step 13: twist — no coordinate change (box rejection?)
Worker 14 step 15: principal_axis_rotation — no coordinate change (box rejection?)
Worker 6 step 32: exchange — no coordinate change (box rejection?)
Worker 12 step 14: roto_reflection — no coordinate change (box rejection?)
Worker 14 step 16: principal_axis_rotation — no coordinate change (box rejection?)
Worker 6 step 33: principal_axis_rotation — no coordinate change (box rejection?)
Worker 12 step 15: large_displacement — no coordinate change (box rejection?)
Worker 14 step 17: principal_axis_rotation — no coordinate change (box rejection?)
Worker 6 step 34: twist — no coordinate change (box rejection?)
Worker 12 step 16: principal_axis_rotation — no coordinate change (box rejection?)
Worker 14 step 18: large_displacement — no coordinate change (box rejection?)
Worker 6 step 35: mirror — no coordinate change (box rejection?)
Worker 14 step 19: large_displacement — no coordinate change (box rejection?)
Worker 12 step 17: mirror — no coordinate change (box rejection?)
Worker 6 step 36: twist — no coordinate change (box rejection?)
Worker 14 step 20: twist — no coordinate change (box rejection?)
Worker 12 step 18: twist — no coordinate change (box rejection?)
Worker 6 step 37: random_so3 — no coordinate change (box rejection?)
Worker 14 step 21: mirror — no coordinate change (box rejection?)
Worker 12 step 19: large_displacement — no coordinate change (box rejection?)
Worker 14 step 22: large_displacement — no coordinate change (box rejection?)
Worker 6 step 38: exchange — no coordinate change (box rejection?)
Worker 12 step 20: twist — no coordinate change (box rejection?)
Worker 14 step 23: principal_axis_rotation — no coordinate change (box rejection?)
Worker 6 step 39: exchange — no coordinate change (box rejection?)
Worker 14 step 24: roto_reflection — no coordinate change (box rejection?)
Worker 6 step 40: exchange — no coordinate change (box rejection?)
Worker 14 step 25: large_displacement — no coordinate change (box rejection?)
Worker 6 step 41: mirror — no coordinate change (box rejection?)
Worker 14 step 26: twist — no coordinate change (box rejection?)
Worker 14 step 27: mirror — no coordinate change (box rejection?)
Worker 6 step 42: roto_reflection — no coordinate change (box rejection?)
Worker 14 step 28: twist — no coordinate change (box rejection?)
Worker 6 step 43: twist — no coordinate change (box rejection?)
Worker 14 step 29: mirror — no coordinate change (box rejection?)
Worker 6 step 44: exchange — no coordinate change (box rejection?)
Worker 14 step 30: principal_axis_rotation — no coordinate change (box rejection?)
Worker 6 step 45: large_displacement — no coordinate change (box rejection?)
Worker 14 step 31: exchange — no coordinate change (box rejection?)
Worker 14 step 32: large_displacement — no coordinate change (box rejection?)
Worker 6 step 46: roto_reflection — no coordinate change (box rejection?)
Worker 14 step 33: mirror — no coordinate change (box rejection?)
Worker 6 step 47: twist — no coordinate change (box rejection?)
Worker 14 step 34: large_displacement — no coordinate change (box rejection?)
Worker 6 step 48: principal_axis_rotation — no coordinate change (box rejection?)
Worker 14 step 35: large_displacement — no coordinate change (box rejection?)
Worker 6 step 49: mirror — no coordinate change (box rejection?)
Worker 14 step 36: twist — no coordinate change (box rejection?)
Worker 6 step 50: large_displacement — no coordinate change (box rejection?)
Worker 14 step 37: mirror — no coordinate change (box rejection?)
Worker 6 step 51: large_displacement — no coordinate change (box rejection?)
Worker 14 step 38: roto_reflection — no coordinate change (box rejection?)
Worker 6 step 52: twist — no coordinate change (box rejection?)
Worker 14 step 39: exchange — no coordinate change (box rejection?)
Worker 14 step 40: large_displacement — no coordinate change (box rejection?)
Worker 14 step 41: exchange — no coordinate change (box rejection?)
Worker 14 step 42: random_so3 — no coordinate change (box rejection?)
Worker 14 step 43: principal_axis_rotation — no coordinate change (box rejection?)
Worker 14 step 44: principal_axis_rotation — no coordinate change (box rejection?)
Worker 14 step 45: mirror — no coordinate change (box rejection?)
Worker 14 step 46: principal_axis_rotation — no coordinate change (box rejection?)
Worker 14 step 47: large_displacement — no coordinate change (box rejection?)
Worker 14 step 48: roto_reflection — no coordinate change (box rejection?)
Worker 14 step 49: large_displacement — no coordinate change (box rejection?)
Worker 14 step 50: twist — no coordinate change (box rejection?)
Worker 14 step 51: principal_axis_rotation — no coordinate change (box rejection?)
Worker 14 step 52: exchange — no coordinate change (box rejection?)
Worker 14 step 53: large_displacement — no coordinate change (box rejection?)
Worker 14 step 54: random_so3 — no coordinate change (box rejection?)
Worker 14 step 55: twist — no coordinate change (box rejection?)
Worker 14 step 56: twist — no coordinate change (box rejection?)
Worker 14 step 57: large_displacement — no coordinate change (box rejection?)
Worker 14 step 58: principal_axis_rotation — no coordinate change (box rejection?)
Worker 14 step 59: mirror — no coordinate change (box rejection?)
Worker 14 step 60: mirror — no coordinate change (box rejection?)
Worker 14 step 61: random_so3 — no coordinate change (box rejection?)
Worker 14 step 62: roto_reflection — no coordinate change (box rejection?)
Worker 14 step 63: large_displacement — no coordinate change (box rejection?)
Worker 14 step 64: exchange — no coordinate change (box rejection?)
Worker 14 step 65: twist — no coordinate change (box rejection?)
Worker 14 step 66: mirror — no coordinate change (box rejection?)
Worker 14 step 67: random_so3 — no coordinate change (box rejection?)
Worker 14 step 68: twist — no coordinate change (box rejection?)
Worker 14 step 69: twist — no coordinate change (box rejection?)
Worker 14 step 70: large_displacement — no coordinate change (box rejection?)
Worker 14 step 71: mirror — no coordinate change (box rejection?)
Worker 14 step 72: large_displacement — no coordinate change (box rejection?)
Worker 14 step 73: mirror — no coordinate change (box rejection?)
Worker 14 step 74: roto_reflection — no coordinate change (box rejection?)
Worker 14 step 75: principal_axis_rotation — no coordinate change (box rejection?)
Worker 14 step 76: twist — no coordinate change (box rejection?)
Worker 14 step 77: principal_axis_rotation — no coordinate change (box rejection?)
Worker 14 step 78: twist — no coordinate change (box rejection?)
Worker 14 step 79: mirror — no coordinate change (box rejection?)
Worker 14 step 80: large_displacement — no coordinate change (box rejection?)
Worker 14 step 81: principal_axis_rotation — no coordinate change (box rejection?)
Worker 14 step 82: twist — no coordinate change (box rejection?)
Worker 14 step 83: random_so3 — no coordinate change (box rejection?)
Worker 14 step 84: roto_reflection — no coordinate change (box rejection?)
Worker 14 step 85: exchange — no coordinate change (box rejection?)
Worker 14 step 86: mirror — no coordinate change (box rejection?)
Worker 14 step 87: roto_reflection — no coordinate change (box rejection?)
Worker 14 step 88: mirror — no coordinate change (box rejection?)
Worker 14 step 89: principal_axis_rotation — no coordinate change (box rejection?)
Worker 14 step 90: roto_reflection — no coordinate change (box rejection?)
Worker 14 step 91: random_so3 — no coordinate change (box rejection?)
Worker 14 step 92: twist — no coordinate change (box rejection?)
Worker 14 step 93: twist — no coordinate change (box rejection?)
Worker 14 step 94: large_displacement — no coordinate change (box rejection?)
Worker 14 step 95: mirror — no coordinate change (box rejection?)
Worker 14 step 96: random_so3 — no coordinate change (box rejection?)
Worker 14 step 97: twist — no coordinate change (box rejection?)
Worker 14 step 98: roto_reflection — no coordinate change (box rejection?)
Worker 14 step 99: roto_reflection — no coordinate change (box rejection?)
Worker 14 step 100: twist — no coordinate change (box rejection?)
Worker 14 step 101: principal_axis_rotation — no coordinate change (box rejection?)
Worker 14 step 102: roto_reflection — no coordinate change (box rejection?)
Worker 14 step 103: mirror — no coordinate change (box rejection?)
Worker 14 step 104: random_so3 — no coordinate change (box rejection?)
Worker 14 step 105: roto_reflection — no coordinate change (box rejection?)
Worker 14 step 106: roto_reflection — no coordinate change (box rejection?)
Worker 14 step 107: twist — no coordinate change (box rejection?)
Worker 14 step 108: large_displacement — no coordinate change (box rejection?)
Worker 14 step 109: twist — no coordinate change (box rejection?)
Worker 14 step 110: principal_axis_rotation — no coordinate change (box rejection?)
Worker 14 step 111: twist — no coordinate change (box rejection?)
Worker 14 step 112: roto_reflection — no coordinate change (box rejection?)
Worker 14 step 113: large_displacement — no coordinate change (box rejection?)
Worker 14 step 114: principal_axis_rotation — no coordinate change (box rejection?)
Worker 14 step 115: large_displacement — no coordinate change (box rejection?)
Worker 14 step 116: twist — no coordinate change (box rejection?)
Worker 14 step 117: mirror — no coordinate change (box rejection?)
Worker 14 step 118: random_so3 — no coordinate change (box rejection?)
Worker 14 step 119: large_displacement — no coordinate change (box rejection?)
Worker 14 step 120: mirror — no coordinate change (box rejection?)
Worker 14 step 121: exchange — no coordinate change (box rejection?)
Worker 14 step 122: twist — no coordinate change (box rejection?)
Worker 14 step 123: mirror — no coordinate change (box rejection?)
Worker 14 step 124: roto_reflection — no coordinate change (box rejection?)
Worker 14 step 125: roto_reflection — no coordinate change (box rejection?)
Worker 14 step 126: mirror — no coordinate change (box rejection?)
Worker 14 step 127: roto_reflection — no coordinate change (box rejection?)
Worker 14 step 128: twist — no coordinate change (box rejection?)
Worker 14 step 129: exchange — no coordinate change (box rejection?)
Worker 14 step 130: large_displacement — no coordinate change (box rejection?)
Worker 14 step 131: twist — no coordinate change (box rejection?)
Worker 14 step 132: exchange — no coordinate change (box rejection?)
Worker 14 step 133: twist — no coordinate change (box rejection?)
Worker 14 step 134: principal_axis_rotation — no coordinate change (box rejection?)
Worker 14 step 135: large_displacement — no coordinate change (box rejection?)
Worker 14 step 136: principal_axis_rotation — no coordinate change (box rejection?)
Worker 14 step 137: twist — no coordinate change (box rejection?)
Worker 14 step 138: principal_axis_rotation — no coordinate change (box rejection?)
Worker 14 step 139: exchange — no coordinate change (box rejection?)
Worker 14 step 140: roto_reflection — no coordinate change (box rejection?)
Worker 14 step 141: large_displacement — no coordinate change (box rejection?)
Worker 14 step 142: mirror — no coordinate change (box rejection?)
Worker 14 step 143: random_so3 — no coordinate change (box rejection?)
Worker 14 step 144: exchange — no coordinate change (box rejection?)
Worker 14 step 145: twist — no coordinate change (box rejection?)
Worker 14 step 146: large_displacement — no coordinate change (box rejection?)
Worker 14 step 147: twist — no coordinate change (box rejection?)
Worker 14 step 148: roto_reflection — no coordinate change (box rejection?)
Worker 14 step 149: roto_reflection — no coordinate change (box rejection?)
Worker 14 step 150: mirror — no coordinate change (box rejection?)
Worker 14 step 151: exchange — no coordinate change (box rejection?)
Worker 14 step 152: large_displacement — no coordinate change (box rejection?)
Worker 14 step 153: roto_reflection — no coordinate change (box rejection?)
Worker 14 step 154: mirror — no coordinate change (box rejection?)
Worker 2 step 24: ACCEPTED random_so3 E=-152.055707 Ha dipole=1.3701 D
Worker 2 step 24: Adaptive box growth — new radius = 4.49 Å (acc=20.00%) 
Worker 14 step 155: exchange — no coordinate change (box rejection?)
Worker 14 step 156: principal_axis_rotation — no coordinate change (box rejection?)
Worker 4 step 5: ACCEPTED twist E=-152.049850 Ha dipole=1.4357 D
Worker 14 step 157: roto_reflection — no coordinate change (box rejection?)
Worker 14 step 158: mirror — no coordinate change (box rejection?)
Worker 14 step 159: roto_reflection — no coordinate change (box rejection?)
Worker 14 step 160: large_displacement — no coordinate change (box rejection?)
Worker 14 step 161: principal_axis_rotation — no coordinate change (box rejection?)
Worker 14 step 162: roto_reflection — no coordinate change (box rejection?)
Worker 14 step 163: principal_axis_rotation — no coordinate change (box rejection?)
Worker 14 step 164: roto_reflection — no coordinate change (box rejection?)
Worker 14 step 165: twist — no coordinate change (box rejection?)
Worker 14 step 166: mirror — no coordinate change (box rejection?)
Worker 14 step 167: exchange — no coordinate change (box rejection?)
Worker 14 step 168: mirror — no coordinate change (box rejection?)
Worker 14 step 169: mirror — no coordinate change (box rejection?)
Worker 14 step 170: roto_reflection — no coordinate change (box rejection?)
Worker 14 step 171: exchange — no coordinate change (box rejection?)
Worker 14 step 172: twist — no coordinate change (box rejection?)
Worker 14 step 173: mirror — no coordinate change (box rejection?)
Worker 14 step 174: twist — no coordinate change (box rejection?)
Worker 14 step 175: large_displacement — no coordinate change (box rejection?)
Worker 14 step 176: principal_axis_rotation — no coordinate change (box rejection?)
Worker 14 step 177: twist — no coordinate change (box rejection?)
Worker 14 step 178: mirror — no coordinate change (box rejection?)
Worker 14 step 179: mirror — no coordinate change (box rejection?)
Worker 14 step 180: twist — no coordinate change (box rejection?)
Worker 14 step 181: twist — no coordinate change (box rejection?)
Worker 14 step 182: large_displacement — no coordinate change (box rejection?)
Worker 14 step 183: principal_axis_rotation — no coordinate change (box rejection?)
Worker 14 step 184: mirror — no coordinate change (box rejection?)
Worker 14 step 185: random_so3 — no coordinate change (box rejection?)
Worker 14 step 186: twist — no coordinate change (box rejection?)
Worker 14 step 187: mirror — no coordinate change (box rejection?)
Worker 14 step 188: random_so3 — no coordinate change (box rejection?)
Worker 14 step 189: large_displacement — no coordinate change (box rejection?)
Worker 14 step 190: principal_axis_rotation — no coordinate change (box rejection?)
Worker 14 step 191: principal_axis_rotation — no coordinate change (box rejection?)
Worker 14 step 192: principal_axis_rotation — no coordinate change (box rejection?)
Worker 14 step 193: twist — no coordinate change (box rejection?)
Worker 14 step 194: random_so3 — no coordinate change (box rejection?)
Worker 14 step 195: mirror — no coordinate change (box rejection?)
Worker 14 step 196: random_so3 — no coordinate change (box rejection?)
Worker 14 step 197: large_displacement — no coordinate change (box rejection?)
Worker 14 step 198: mirror — no coordinate change (box rejection?)
Worker 14 step 199: principal_axis_rotation — no coordinate change (box rejection?)
Worker 14 step 200: mirror — no coordinate change (box rejection?)
Worker 14 step 201: twist — no coordinate change (box rejection?)
Worker 14 step 202: twist — no coordinate change (box rejection?)
Worker 14 step 203: principal_axis_rotation — no coordinate change (box rejection?)
Worker 14 step 204: twist — no coordinate change (box rejection?)
Worker 14 step 205: exchange — no coordinate change (box rejection?)
Worker 14 step 206: large_displacement — no coordinate change (box rejection?)
Worker 14 step 207: large_displacement — no coordinate change (box rejection?)
Worker 14 step 208: large_displacement — no coordinate change (box rejection?)
Worker 14 step 209: roto_reflection — no coordinate change (box rejection?)
Worker 14 step 210: exchange — no coordinate change (box rejection?)
Worker 14 step 211: random_so3 — no coordinate change (box rejection?)
Worker 14 step 212: large_displacement — no coordinate change (box rejection?)
Worker 14 step 213: principal_axis_rotation — no coordinate change (box rejection?)
Worker 14 step 214: mirror — no coordinate change (box rejection?)
Worker 14 step 215: large_displacement — no coordinate change (box rejection?)
Worker 14 step 216: large_displacement — no coordinate change (box rejection?)
Worker 14 step 217: principal_axis_rotation — no coordinate change (box rejection?)
Worker 14 step 218: large_displacement — no coordinate change (box rejection?)
Worker 14 step 219: twist — no coordinate change (box rejection?)
Worker 14 step 220: principal_axis_rotation — no coordinate change (box rejection?)
Worker 14 step 221: principal_axis_rotation — no coordinate change (box rejection?)
Worker 14 step 222: principal_axis_rotation — no coordinate change (box rejection?)
Worker 14 step 223: twist — no coordinate change (box rejection?)
Worker 14 step 224: exchange — no coordinate change (box rejection?)
Worker 14 step 225: large_displacement — no coordinate change (box rejection?)
Worker 14 step 226: mirror — no coordinate change (box rejection?)
Worker 14 step 227: twist — no coordinate change (box rejection?)
Worker 14 step 228: mirror — no coordinate change (box rejection?)
Worker 14 step 229: mirror — no coordinate change (box rejection?)
Worker 14 step 230: mirror — no coordinate change (box rejection?)
Worker 14 step 231: large_displacement — no coordinate change (box rejection?)
Worker 14 step 232: large_displacement — no coordinate change (box rejection?)
Worker 14 step 233: large_displacement — no coordinate change (box rejection?)
Worker 14 step 234: principal_axis_rotation — no coordinate change (box rejection?)
Worker 14 step 235: random_so3 — no coordinate change (box rejection?)
Worker 14 step 236: principal_axis_rotation — no coordinate change (box rejection?)
Worker 14 step 237: roto_reflection — no coordinate change (box rejection?)
Worker 14 step 238: principal_axis_rotation — no coordinate change (box rejection?)
Worker 14 step 239: large_displacement — no coordinate change (box rejection?)
Worker 14 step 240: exchange — no coordinate change (box rejection?)
Worker 14 step 241: principal_axis_rotation — no coordinate change (box rejection?)
Worker 14 step 242: roto_reflection — no coordinate change (box rejection?)
Worker 14 step 243: large_displacement — no coordinate change (box rejection?)
Worker 14 step 244: random_so3 — no coordinate change (box rejection?)
Worker 14 step 245: roto_reflection — no coordinate change (box rejection?)
Worker 14 step 246: large_displacement — no coordinate change (box rejection?)
Worker 14 step 247: principal_axis_rotation — no coordinate change (box rejection?)
Worker 14 step 248: large_displacement — no coordinate change (box rejection?)
Worker 14 step 249: random_so3 — no coordinate change (box rejection?)
Worker 14 step 250: mirror — no coordinate change (box rejection?)
Worker 14 step 251: large_displacement — no coordinate change (box rejection?)
Worker 14 step 252: large_displacement — no coordinate change (box rejection?)
Worker 14 step 253: principal_axis_rotation — no coordinate change (box rejection?)
Worker 14 step 254: twist — no coordinate change (box rejection?)
Worker 14 step 255: mirror — no coordinate change (box rejection?)
Worker 14 step 256: twist — no coordinate change (box rejection?)
Worker 14 step 257: large_displacement — no coordinate change (box rejection?)
Worker 14 step 258: exchange — no coordinate change (box rejection?)
Worker 13: Starting energy = -152.053086 Hartree
Worker 14 step 259: mirror — no coordinate change (box rejection?)
Worker 14 step 260: mirror — no coordinate change (box rejection?)
Worker 13 step 0: exchange — no coordinate change (box rejection?)
Worker 14 step 261: roto_reflection — no coordinate change (box rejection?)
Worker 14 step 262: twist — no coordinate change (box rejection?)
Worker 13 step 1: mirror — no coordinate change (box rejection?)
Worker 14 step 263: exchange — no coordinate change (box rejection?)
Worker 14 step 264: principal_axis_rotation — no coordinate change (box rejection?)
Worker 14 step 265: exchange — no coordinate change (box rejection?)
Worker 13 step 2: mirror — no coordinate change (box rejection?)
Worker 14 step 266: large_displacement — no coordinate change (box rejection?)
Worker 14 step 267: large_displacement — no coordinate change (box rejection?)
Worker 13 step 3: mirror — no coordinate change (box rejection?)
Worker 14 step 268: random_so3 — no coordinate change (box rejection?)
Worker 13 step 4: random_so3 — no coordinate change (box rejection?)
Worker 14 step 269: mirror — no coordinate change (box rejection?)
Worker 13 step 5: large_displacement — no coordinate change (box rejection?)
Worker 14 step 270: roto_reflection — no coordinate change (box rejection?)
Worker 13 step 6: exchange — no coordinate change (box rejection?)
Worker 14 step 271: mirror — no coordinate change (box rejection?)
Worker 14 step 272: roto_reflection — no coordinate change (box rejection?)
Worker 13 step 7: mirror — no coordinate change (box rejection?)
Worker 14 step 273: roto_reflection — no coordinate change (box rejection?)
Worker 13 step 8: twist — no coordinate change (box rejection?)
Worker 14 step 274: large_displacement — no coordinate change (box rejection?)
Worker 13 step 9: principal_axis_rotation — no coordinate change (box rejection?)
Worker 14 step 275: random_so3 — no coordinate change (box rejection?)
Worker 14 step 276: twist — no coordinate change (box rejection?)
Worker 13 step 10: large_displacement — no coordinate change (box rejection?)
Worker 14 step 277: large_displacement — no coordinate change (box rejection?)
Worker 13 step 11: exchange — no coordinate change (box rejection?)
Worker 14 step 278: roto_reflection — no coordinate change (box rejection?)
Worker 14 step 279: large_displacement — no coordinate change (box rejection?)
Worker 13 step 12: principal_axis_rotation — no coordinate change (box rejection?)
Worker 14 step 280: exchange — no coordinate change (box rejection?)
Worker 13 step 13: large_displacement — no coordinate change (box rejection?)
Worker 14 step 281: mirror — no coordinate change (box rejection?)
Worker 14 step 282: twist — no coordinate change (box rejection?)
Worker 13 step 14: twist — no coordinate change (box rejection?)
Worker 14 step 283: large_displacement — no coordinate change (box rejection?)
Worker 14 step 284: twist — no coordinate change (box rejection?)
Worker 13 step 15: principal_axis_rotation — no coordinate change (box rejection?)
Worker 14 step 285: mirror — no coordinate change (box rejection?)
Worker 13 step 16: exchange — no coordinate change (box rejection?)
Worker 14 step 286: roto_reflection — no coordinate change (box rejection?)
Worker 14 step 287: large_displacement — no coordinate change (box rejection?)
Worker 13 step 17: mirror — no coordinate change (box rejection?)
Worker 14 step 288: twist — no coordinate change (box rejection?)
Worker 13 step 18: large_displacement — no coordinate change (box rejection?)
Worker 14 step 289: large_displacement — no coordinate change (box rejection?)
Worker 14 step 290: principal_axis_rotation — no coordinate change (box rejection?)
Worker 13 step 19: large_displacement — no coordinate change (box rejection?)
Worker 14 step 291: principal_axis_rotation — no coordinate change (box rejection?)
Worker 9 step 6: ACCEPTED exchange E=-152.054746 Ha dipole=1.0907 D
Worker 13 step 20: large_displacement — no coordinate change (box rejection?)
Worker 14 step 292: large_displacement — no coordinate change (box rejection?)
Worker 9 step 7: large_displacement — no coordinate change (box rejection?)
Worker 14 step 293: roto_reflection — no coordinate change (box rejection?)
Worker 13 step 21: twist — no coordinate change (box rejection?)
Worker 14 step 294: roto_reflection — no coordinate change (box rejection?)
Worker 9 step 8: mirror — no coordinate change (box rejection?)
Worker 13 step 22: principal_axis_rotation — no coordinate change (box rejection?)
Worker 14 step 295: mirror — no coordinate change (box rejection?)
Worker 9 step 9: twist — no coordinate change (box rejection?)
Worker 14 step 296: roto_reflection — no coordinate change (box rejection?)
Worker 13 step 23: random_so3 — no coordinate change (box rejection?)
Worker 14 step 297: mirror — no coordinate change (box rejection?)
Worker 9 step 10: mirror — no coordinate change (box rejection?)
Worker 14 step 298: twist — no coordinate change (box rejection?)
Worker 13 step 24: mirror — no coordinate change (box rejection?)
Worker 8 step 1: large_displacement — no coordinate change (box rejection?)
Worker 14 step 299: large_displacement — no coordinate change (box rejection?)
Worker 14: DONE — 0/300 accepted (0.0%)
Worker 9 step 11: roto_reflection — no coordinate change (box rejection?)
Worker 13 step 25: random_so3 — no coordinate change (box rejection?)
Worker 8 step 2: roto_reflection — no coordinate change (box rejection?)
Worker 9 step 12: twist — no coordinate change (box rejection?)
Worker 8 step 3: exchange — no coordinate change (box rejection?)
Worker 13 step 26: principal_axis_rotation — no coordinate change (box rejection?)
Worker 9 step 13: large_displacement — no coordinate change (box rejection?)
Worker 1 step 113: ACCEPTED exchange E=-152.056444 Ha dipole=1.5768 D
Worker 8 step 4: twist — no coordinate change (box rejection?)
Worker 13 step 27: mirror — no coordinate change (box rejection?)
Worker 9 step 14: exchange — no coordinate change (box rejection?)
Worker 8 step 5: twist — no coordinate change (box rejection?)
Worker 8 step 6: twist — no coordinate change (box rejection?)
Worker 13 step 28: mirror — no coordinate change (box rejection?)
Worker 9 step 15: principal_axis_rotation — no coordinate change (box rejection?)
Worker 8 step 7: twist — no coordinate change (box rejection?)
Worker 8 step 8: exchange — no coordinate change (box rejection?)
Worker 13 step 29: exchange — no coordinate change (box rejection?)
Worker 9 step 16: roto_reflection — no coordinate change (box rejection?)
Worker 8 step 9: principal_axis_rotation — no coordinate change (box rejection?)
Worker 13 step 30: twist — no coordinate change (box rejection?)
Worker 8 step 10: exchange — no coordinate change (box rejection?)
Worker 9 step 17: twist — no coordinate change (box rejection?)
Worker 8 step 11: twist — no coordinate change (box rejection?)
Worker 13 step 31: principal_axis_rotation — no coordinate change (box rejection?)
Worker 8 step 12: roto_reflection — no coordinate change (box rejection?)
Worker 9 step 18: random_so3 — no coordinate change (box rejection?)
Worker 13 step 32: random_so3 — no coordinate change (box rejection?)
Worker 8 step 13: mirror — no coordinate change (box rejection?)
Worker 9 step 19: twist — no coordinate change (box rejection?)
Worker 8 step 14: twist — no coordinate change (box rejection?)
Worker 13 step 33: principal_axis_rotation — no coordinate change (box rejection?)
Worker 8 step 15: random_so3 — no coordinate change (box rejection?)
Worker 9 step 20: twist — no coordinate change (box rejection?)
Worker 8 step 16: mirror — no coordinate change (box rejection?)
Worker 13 step 34: twist — no coordinate change (box rejection?)
Worker 9 step 21: exchange — no coordinate change (box rejection?)
Worker 8 step 17: principal_axis_rotation — no coordinate change (box rejection?)
Worker 13 step 35: twist — no coordinate change (box rejection?)
Worker 8 step 18: mirror — no coordinate change (box rejection?)
Worker 9 step 22: principal_axis_rotation — no coordinate change (box rejection?)
Worker 8 step 19: twist — no coordinate change (box rejection?)
Worker 13 step 36: mirror — no coordinate change (box rejection?)
Worker 8 step 20: mirror — no coordinate change (box rejection?)
Worker 13 step 37: principal_axis_rotation — no coordinate change (box rejection?)
Worker 8 step 21: principal_axis_rotation — no coordinate change (box rejection?)
Worker 8 step 22: large_displacement — no coordinate change (box rejection?)
Worker 13 step 38: twist — no coordinate change (box rejection?)
Worker 8 step 23: large_displacement — no coordinate change (box rejection?)
Worker 13 step 39: exchange — no coordinate change (box rejection?)
Worker 8 step 24: principal_axis_rotation — no coordinate change (box rejection?)
Worker 13 step 40: random_so3 — no coordinate change (box rejection?)
Worker 8 step 25: mirror — no coordinate change (box rejection?)
Worker 8 step 26: random_so3 — no coordinate change (box rejection?)
Worker 13 step 41: twist — no coordinate change (box rejection?)
Worker 8 step 27: random_so3 — no coordinate change (box rejection?)
Worker 8 step 28: roto_reflection — no coordinate change (box rejection?)
Worker 8 step 29: principal_axis_rotation — no coordinate change (box rejection?)
Worker 8 step 30: mirror — no coordinate change (box rejection?)
Worker 8 step 31: twist — no coordinate change (box rejection?)
Worker 8 step 32: roto_reflection — no coordinate change (box rejection?)
Worker 8 step 33: large_displacement — no coordinate change (box rejection?)
Worker 8 step 34: principal_axis_rotation — no coordinate change (box rejection?)
Worker 8 step 35: mirror — no coordinate change (box rejection?)
Worker 8 step 36: mirror — no coordinate change (box rejection?)
Worker 8 step 37: principal_axis_rotation — no coordinate change (box rejection?)
Worker 8 step 38: roto_reflection — no coordinate change (box rejection?)
Worker 8 step 39: twist — no coordinate change (box rejection?)
Worker 8 step 40: random_so3 — no coordinate change (box rejection?)
Worker 8 step 41: twist — no coordinate change (box rejection?)
Worker 7 step 51: ACCEPTED large_displacement E=-152.054796 Ha dipole=0.8405 D
Worker 8 step 42: principal_axis_rotation — no coordinate change (box rejection?)
Worker 7 step 52: exchange — no coordinate change (box rejection?)
Worker 7 step 53: mirror — no coordinate change (box rejection?)
Worker 8 step 43: twist — no coordinate change (box rejection?)
Worker 7 step 54: twist — no coordinate change (box rejection?)
Worker 8 step 44: mirror — no coordinate change (box rejection?)
Worker 7 step 55: roto_reflection — no coordinate change (box rejection?)
Worker 7 step 56: twist — no coordinate change (box rejection?)
Worker 8 step 45: mirror — no coordinate change (box rejection?)
Worker 7 step 57: large_displacement — no coordinate change (box rejection?)
Worker 8 step 46: exchange — no coordinate change (box rejection?)
Worker 7 step 58: exchange — no coordinate change (box rejection?)
Worker 8 step 47: mirror — no coordinate change (box rejection?)
Worker 8 step 48: mirror — no coordinate change (box rejection?)
Worker 8 step 49: large_displacement — no coordinate change (box rejection?)
Worker 8 step 50: exchange — no coordinate change (box rejection?)
Worker 8 step 51: twist — no coordinate change (box rejection?)
Worker 8 step 52: twist — no coordinate change (box rejection?)
Worker 10 step 0: ACCEPTED principal_axis_rotation E=-152.053213 Ha dipole=1.0363 D
Worker 8 step 53: twist — no coordinate change (box rejection?)
Worker 10 step 1: large_displacement — no coordinate change (box rejection?)
Worker 8 step 54: twist — no coordinate change (box rejection?)
Worker 10 step 2: roto_reflection — no coordinate change (box rejection?)
Worker 22: Starting energy = -152.055223 Hartree
Worker 8 step 55: large_displacement — no coordinate change (box rejection?)
Worker 10 step 3: large_displacement — no coordinate change (box rejection?)
Worker 8 step 56: roto_reflection — no coordinate change (box rejection?)
Worker 10 step 4: twist — no coordinate change (box rejection?)
Worker 8 step 57: mirror — no coordinate change (box rejection?)
Worker 10 step 5: roto_reflection — no coordinate change (box rejection?)
Worker 8 step 58: large_displacement — no coordinate change (box rejection?)
Worker 8 step 59: roto_reflection — no coordinate change (box rejection?)
Worker 8 step 60: exchange — no coordinate change (box rejection?)
Worker 8 step 61: large_displacement — no coordinate change (box rejection?)
Worker 8 step 62: exchange — no coordinate change (box rejection?)
Worker 16: Starting energy = -152.053285 Hartree
Worker 16 step 0: large_displacement — no coordinate change (box rejection?)
Worker 16 step 1: exchange — no coordinate change (box rejection?)
Worker 16 step 2: principal_axis_rotation — no coordinate change (box rejection?)
Worker 16 step 3: twist — no coordinate change (box rejection?)
Worker 16 step 4: principal_axis_rotation — no coordinate change (box rejection?)
Worker 16 step 5: twist — no coordinate change (box rejection?)
Worker 16 step 6: twist — no coordinate change (box rejection?)
Worker 16 step 7: principal_axis_rotation — no coordinate change (box rejection?)
Worker 16 step 8: roto_reflection — no coordinate change (box rejection?)
Worker 16 step 9: exchange — no coordinate change (box rejection?)
Worker 16 step 10: large_displacement — no coordinate change (box rejection?)
Worker 16 step 11: random_so3 — no coordinate change (box rejection?)
Worker 16 step 12: exchange — no coordinate change (box rejection?)
Worker 16 step 13: twist — no coordinate change (box rejection?)
Worker 16 step 14: twist — no coordinate change (box rejection?)
Worker 16 step 15: exchange — no coordinate change (box rejection?)
Worker 15: Starting energy = -152.057023 Hartree
Worker 16 step 16: principal_axis_rotation — no coordinate change (box rejection?)
Worker 16 step 17: principal_axis_rotation — no coordinate change (box rejection?)
Worker 15 step 0: large_displacement — no coordinate change (box rejection?)
Worker 16 step 18: twist — no coordinate change (box rejection?)
Worker 16 step 19: twist — no coordinate change (box rejection?)
Worker 16 step 20: twist — no coordinate change (box rejection?)
Worker 16 step 21: random_so3 — no coordinate change (box rejection?)
Worker 16 step 22: twist — no coordinate change (box rejection?)
Worker 16 step 23: principal_axis_rotation — no coordinate change (box rejection?)
Worker 16 step 24: exchange — no coordinate change (box rejection?)
Worker 16 step 25: large_displacement — no coordinate change (box rejection?)
Worker 16 step 26: principal_axis_rotation — no coordinate change (box rejection?)
Worker 16 step 27: exchange — no coordinate change (box rejection?)
Worker 16 step 28: mirror — no coordinate change (box rejection?)
Worker 16 step 29: twist — no coordinate change (box rejection?)
Worker 16 step 30: roto_reflection — no coordinate change (box rejection?)
Worker 16 step 31: twist — no coordinate change (box rejection?)
Worker 16 step 32: large_displacement — no coordinate change (box rejection?)
Worker 16 step 33: roto_reflection — no coordinate change (box rejection?)
Worker 16 step 34: mirror — no coordinate change (box rejection?)
Worker 16 step 35: principal_axis_rotation — no coordinate change (box rejection?)
Worker 16 step 36: twist — no coordinate change (box rejection?)
Worker 16 step 37: mirror — no coordinate change (box rejection?)
Worker 16 step 38: large_displacement — no coordinate change (box rejection?)
Worker 16 step 39: twist — no coordinate change (box rejection?)
Worker 16 step 40: mirror — no coordinate change (box rejection?)
Worker 16 step 41: roto_reflection — no coordinate change (box rejection?)
Worker 16 step 42: large_displacement — no coordinate change (box rejection?)
Worker 16 step 43: large_displacement — no coordinate change (box rejection?)
Worker 16 step 44: roto_reflection — no coordinate change (box rejection?)
Worker 16 step 45: twist — no coordinate change (box rejection?)
Worker 16 step 46: large_displacement — no coordinate change (box rejection?)
Worker 16 step 47: mirror — no coordinate change (box rejection?)
Worker 16 step 48: principal_axis_rotation — no coordinate change (box rejection?)
Worker 16 step 49: twist — no coordinate change (box rejection?)
Worker 16 step 50: large_displacement — no coordinate change (box rejection?)
Worker 16 step 51: exchange — no coordinate change (box rejection?)
Worker 16 step 52: mirror — no coordinate change (box rejection?)
Worker 16 step 53: roto_reflection — no coordinate change (box rejection?)
Worker 16 step 54: random_so3 — no coordinate change (box rejection?)
Worker 16 step 55: twist — no coordinate change (box rejection?)
Worker 16 step 56: large_displacement — no coordinate change (box rejection?)
Worker 16 step 57: twist — no coordinate change (box rejection?)
Worker 16 step 58: roto_reflection — no coordinate change (box rejection?)
Worker 16 step 59: twist — no coordinate change (box rejection?)
Worker 16 step 60: exchange — no coordinate change (box rejection?)
Worker 16 step 61: roto_reflection — no coordinate change (box rejection?)
Worker 16 step 62: large_displacement — no coordinate change (box rejection?)
Worker 16 step 63: large_displacement — no coordinate change (box rejection?)
Worker 16 step 64: twist — no coordinate change (box rejection?)
Worker 16 step 65: roto_reflection — no coordinate change (box rejection?)
Worker 16 step 66: twist — no coordinate change (box rejection?)
Worker 16 step 67: large_displacement — no coordinate change (box rejection?)
Worker 16 step 68: mirror — no coordinate change (box rejection?)
Worker 16 step 69: mirror — no coordinate change (box rejection?)
Worker 16 step 70: twist — no coordinate change (box rejection?)
Worker 16 step 71: roto_reflection — no coordinate change (box rejection?)
Worker 3 step 9: Adaptive box growth — new radius = 3.70 Å (acc=40.00%) 
Worker 3: 10/300 — accepted=4, rate=40.0%
Worker 16 step 72: roto_reflection — no coordinate change (box rejection?)
Worker 16 step 73: twist — no coordinate change (box rejection?)
Worker 16 step 74: principal_axis_rotation — no coordinate change (box rejection?)
Worker 16 step 75: twist — no coordinate change (box rejection?)
Worker 16 step 76: twist — no coordinate change (box rejection?)
Worker 16 step 77: twist — no coordinate change (box rejection?)
Worker 16 step 78: twist — no coordinate change (box rejection?)
Worker 16 step 79: principal_axis_rotation — no coordinate change (box rejection?)
Worker 16 step 80: twist — no coordinate change (box rejection?)
Worker 16 step 81: mirror — no coordinate change (box rejection?)
Worker 16 step 82: exchange — no coordinate change (box rejection?)
Worker 16 step 83: exchange — no coordinate change (box rejection?)
Worker 16 step 84: large_displacement — no coordinate change (box rejection?)
Worker 0 step 35: ACCEPTED exchange E=-152.054266 Ha dipole=1.4352 D
Worker 16 step 85: twist — no coordinate change (box rejection?)
Worker 16 step 86: roto_reflection — no coordinate change (box rejection?)
Worker 0 step 36: roto_reflection — no coordinate change (box rejection?)
Worker 16 step 87: random_so3 — no coordinate change (box rejection?)
Worker 16 step 88: mirror — no coordinate change (box rejection?)
Worker 16 step 89: principal_axis_rotation — no coordinate change (box rejection?)
Worker 16 step 90: twist — no coordinate change (box rejection?)
Worker 16 step 91: twist — no coordinate change (box rejection?)
Worker 16 step 92: principal_axis_rotation — no coordinate change (box rejection?)
Worker 16 step 93: twist — no coordinate change (box rejection?)
Worker 16 step 94: large_displacement — no coordinate change (box rejection?)
Worker 16 step 95: principal_axis_rotation — no coordinate change (box rejection?)
Worker 16 step 96: large_displacement — no coordinate change (box rejection?)
Worker 16 step 97: large_displacement — no coordinate change (box rejection?)
Worker 16 step 98: large_displacement — no coordinate change (box rejection?)
Worker 16 step 99: roto_reflection — no coordinate change (box rejection?)
Worker 16 step 100: mirror — no coordinate change (box rejection?)
Worker 16 step 101: large_displacement — no coordinate change (box rejection?)
Worker 16 step 102: twist — no coordinate change (box rejection?)
Worker 16 step 103: principal_axis_rotation — no coordinate change (box rejection?)
Worker 16 step 104: large_displacement — no coordinate change (box rejection?)
Worker 16 step 105: mirror — no coordinate change (box rejection?)
Worker 16 step 106: mirror — no coordinate change (box rejection?)
Worker 16 step 107: exchange — no coordinate change (box rejection?)
Worker 16 step 108: large_displacement — no coordinate change (box rejection?)
Worker 16 step 109: mirror — no coordinate change (box rejection?)
Worker 16 step 110: twist — no coordinate change (box rejection?)
Worker 16 step 111: twist — no coordinate change (box rejection?)
Worker 16 step 112: principal_axis_rotation — no coordinate change (box rejection?)
Worker 16 step 113: twist — no coordinate change (box rejection?)
Worker 16 step 114: twist — no coordinate change (box rejection?)
Worker 16 step 115: exchange — no coordinate change (box rejection?)
Worker 16 step 116: large_displacement — no coordinate change (box rejection?)
Worker 16 step 117: twist — no coordinate change (box rejection?)
Worker 16 step 118: large_displacement — no coordinate change (box rejection?)
Worker 16 step 119: principal_axis_rotation — no coordinate change (box rejection?)
Worker 16 step 120: principal_axis_rotation — no coordinate change (box rejection?)
Worker 16 step 121: principal_axis_rotation — no coordinate change (box rejection?)
Worker 16 step 122: large_displacement — no coordinate change (box rejection?)
Worker 16 step 123: mirror — no coordinate change (box rejection?)
Worker 16 step 124: mirror — no coordinate change (box rejection?)
Worker 16 step 125: roto_reflection — no coordinate change (box rejection?)
Worker 16 step 126: large_displacement — no coordinate change (box rejection?)
Worker 16 step 127: exchange — no coordinate change (box rejection?)
Worker 16 step 128: principal_axis_rotation — no coordinate change (box rejection?)
Worker 16 step 129: twist — no coordinate change (box rejection?)
Worker 16 step 130: mirror — no coordinate change (box rejection?)
Worker 16 step 131: large_displacement — no coordinate change (box rejection?)
Worker 16 step 132: mirror — no coordinate change (box rejection?)
Worker 16 step 133: exchange — no coordinate change (box rejection?)
Worker 16 step 134: twist — no coordinate change (box rejection?)
Worker 16 step 135: large_displacement — no coordinate change (box rejection?)
Worker 16 step 136: mirror — no coordinate change (box rejection?)
Worker 16 step 137: twist — no coordinate change (box rejection?)
Worker 16 step 138: exchange — no coordinate change (box rejection?)
Worker 16 step 139: random_so3 — no coordinate change (box rejection?)
Worker 16 step 140: roto_reflection — no coordinate change (box rejection?)
Worker 16 step 141: exchange — no coordinate change (box rejection?)
Worker 16 step 142: twist — no coordinate change (box rejection?)
Worker 16 step 143: twist — no coordinate change (box rejection?)
Worker 16 step 144: mirror — no coordinate change (box rejection?)
Worker 16 step 145: mirror — no coordinate change (box rejection?)
Worker 16 step 146: roto_reflection — no coordinate change (box rejection?)
Worker 16 step 147: principal_axis_rotation — no coordinate change (box rejection?)
Worker 16 step 148: exchange — no coordinate change (box rejection?)
Worker 16 step 149: mirror — no coordinate change (box rejection?)
Worker 16 step 150: exchange — no coordinate change (box rejection?)
Worker 16 step 151: large_displacement — no coordinate change (box rejection?)
Worker 29: Starting energy = -152.053876 Hartree
Worker 16 step 152: twist — no coordinate change (box rejection?)
Worker 16 step 153: random_so3 — no coordinate change (box rejection?)
Worker 17: Starting energy = -152.056403 Hartree
Worker 16 step 154: principal_axis_rotation — no coordinate change (box rejection?)
Worker 29 step 0: twist — no coordinate change (box rejection?)
Worker 16 step 155: roto_reflection — no coordinate change (box rejection?)
Worker 17 step 0: principal_axis_rotation — no coordinate change (box rejection?)
Worker 16 step 156: exchange — no coordinate change (box rejection?)
Worker 16 step 157: principal_axis_rotation — no coordinate change (box rejection?)
Worker 16 step 158: random_so3 — no coordinate change (box rejection?)
Worker 16 step 159: principal_axis_rotation — no coordinate change (box rejection?)
Worker 16 step 160: principal_axis_rotation — no coordinate change (box rejection?)
Worker 16 step 161: random_so3 — no coordinate change (box rejection?)
Worker 16 step 162: large_displacement — no coordinate change (box rejection?)
Worker 16 step 163: twist — no coordinate change (box rejection?)
Worker 16 step 164: exchange — no coordinate change (box rejection?)
Worker 16 step 165: large_displacement — no coordinate change (box rejection?)
Worker 16 step 166: mirror — no coordinate change (box rejection?)
Worker 16 step 167: twist — no coordinate change (box rejection?)
Worker 16 step 168: large_displacement — no coordinate change (box rejection?)
Worker 16 step 169: roto_reflection — no coordinate change (box rejection?)
Worker 16 step 170: random_so3 — no coordinate change (box rejection?)
Worker 16 step 171: twist — no coordinate change (box rejection?)
Worker 16 step 172: twist — no coordinate change (box rejection?)
Worker 16 step 173: random_so3 — no coordinate change (box rejection?)
Worker 16 step 174: twist — no coordinate change (box rejection?)
Worker 16 step 175: large_displacement — no coordinate change (box rejection?)
Worker 16 step 176: principal_axis_rotation — no coordinate change (box rejection?)
Worker 16 step 177: large_displacement — no coordinate change (box rejection?)
Worker 16 step 178: twist — no coordinate change (box rejection?)
Worker 16 step 179: exchange — no coordinate change (box rejection?)
Worker 16 step 180: roto_reflection — no coordinate change (box rejection?)
Worker 16 step 181: roto_reflection — no coordinate change (box rejection?)
Worker 16 step 182: twist — no coordinate change (box rejection?)
Worker 16 step 183: mirror — no coordinate change (box rejection?)
Worker 16 step 184: roto_reflection — no coordinate change (box rejection?)
Worker 16 step 185: exchange — no coordinate change (box rejection?)
Worker 16 step 186: random_so3 — no coordinate change (box rejection?)
Worker 16 step 187: exchange — no coordinate change (box rejection?)
Worker 16 step 188: large_displacement — no coordinate change (box rejection?)
Worker 16 step 189: roto_reflection — no coordinate change (box rejection?)
Worker 16 step 190: roto_reflection — no coordinate change (box rejection?)
Worker 16 step 191: exchange — no coordinate change (box rejection?)
Worker 16 step 192: twist — no coordinate change (box rejection?)
Worker 16 step 193: twist — no coordinate change (box rejection?)
Worker 16 step 194: twist — no coordinate change (box rejection?)
Worker 16 step 195: mirror — no coordinate change (box rejection?)
Worker 16 step 196: large_displacement — no coordinate change (box rejection?)
Worker 16 step 197: random_so3 — no coordinate change (box rejection?)
Worker 16 step 198: roto_reflection — no coordinate change (box rejection?)
Worker 16 step 199: twist — no coordinate change (box rejection?)
Worker 16 step 200: exchange — no coordinate change (box rejection?)
Worker 16 step 201: mirror — no coordinate change (box rejection?)
Worker 16 step 202: twist — no coordinate change (box rejection?)
Worker 16 step 203: exchange — no coordinate change (box rejection?)
Worker 16 step 204: exchange — no coordinate change (box rejection?)
Worker 16 step 205: mirror — no coordinate change (box rejection?)
Worker 16 step 206: roto_reflection — no coordinate change (box rejection?)
Worker 16 step 207: principal_axis_rotation — no coordinate change (box rejection?)
Worker 16 step 208: large_displacement — no coordinate change (box rejection?)
Worker 16 step 209: random_so3 — no coordinate change (box rejection?)
Worker 16 step 210: roto_reflection — no coordinate change (box rejection?)
Worker 16 step 211: exchange — no coordinate change (box rejection?)
Worker 16 step 212: twist — no coordinate change (box rejection?)
Worker 16 step 213: roto_reflection — no coordinate change (box rejection?)
Worker 16 step 214: mirror — no coordinate change (box rejection?)
Worker 16 step 215: random_so3 — no coordinate change (box rejection?)
Worker 16 step 216: twist — no coordinate change (box rejection?)
Worker 16 step 217: random_so3 — no coordinate change (box rejection?)
Worker 16 step 218: mirror — no coordinate change (box rejection?)
Worker 16 step 219: large_displacement — no coordinate change (box rejection?)
Worker 16 step 220: roto_reflection — no coordinate change (box rejection?)
Worker 16 step 221: twist — no coordinate change (box rejection?)
Worker 16 step 222: roto_reflection — no coordinate change (box rejection?)
Worker 16 step 223: principal_axis_rotation — no coordinate change (box rejection?)
Worker 16 step 224: twist — no coordinate change (box rejection?)
Worker 16 step 225: twist — no coordinate change (box rejection?)
Worker 16 step 226: twist — no coordinate change (box rejection?)
Worker 16 step 227: twist — no coordinate change (box rejection?)
Worker 16 step 228: roto_reflection — no coordinate change (box rejection?)
Worker 6 step 53: ACCEPTED principal_axis_rotation E=-152.054539 Ha dipole=1.0851 D
Worker 16 step 229: roto_reflection — no coordinate change (box rejection?)
Worker 16 step 230: large_displacement — no coordinate change (box rejection?)
Worker 6 step 54: twist — no coordinate change (box rejection?)
Worker 16 step 231: principal_axis_rotation — no coordinate change (box rejection?)
Worker 16 step 232: twist — no coordinate change (box rejection?)
Worker 6 step 55: mirror — no coordinate change (box rejection?)
Worker 16 step 233: large_displacement — no coordinate change (box rejection?)
Worker 16 step 234: roto_reflection — no coordinate change (box rejection?)
Worker 16 step 235: mirror — no coordinate change (box rejection?)
Worker 16 step 236: twist — no coordinate change (box rejection?)
Worker 16 step 237: exchange — no coordinate change (box rejection?)
Worker 16 step 238: twist — no coordinate change (box rejection?)
Worker 16 step 239: random_so3 — no coordinate change (box rejection?)
Worker 16 step 240: random_so3 — no coordinate change (box rejection?)
Worker 16 step 241: exchange — no coordinate change (box rejection?)
Worker 16 step 242: mirror — no coordinate change (box rejection?)
Worker 16 step 243: exchange — no coordinate change (box rejection?)
Worker 16 step 244: large_displacement — no coordinate change (box rejection?)
Worker 16 step 245: twist — no coordinate change (box rejection?)
Worker 16 step 246: roto_reflection — no coordinate change (box rejection?)
Worker 16 step 247: principal_axis_rotation — no coordinate change (box rejection?)
Worker 16 step 248: exchange — no coordinate change (box rejection?)
Worker 16 step 249: mirror — no coordinate change (box rejection?)
Worker 16 step 250: mirror — no coordinate change (box rejection?)
Worker 16 step 251: twist — no coordinate change (box rejection?)
Worker 16 step 252: twist — no coordinate change (box rejection?)
Worker 16 step 253: large_displacement — no coordinate change (box rejection?)
Worker 16 step 254: twist — no coordinate change (box rejection?)
Worker 16 step 255: roto_reflection — no coordinate change (box rejection?)
Worker 16 step 256: mirror — no coordinate change (box rejection?)
Worker 16 step 257: principal_axis_rotation — no coordinate change (box rejection?)
Worker 16 step 258: mirror — no coordinate change (box rejection?)
Worker 16 step 259: roto_reflection — no coordinate change (box rejection?)
Worker 16 step 260: large_displacement — no coordinate change (box rejection?)
Worker 16 step 261: random_so3 — no coordinate change (box rejection?)
Worker 19: Starting energy = -152.058833 Hartree
Worker 24: Starting energy = -152.053088 Hartree
Worker 16 step 262: mirror — no coordinate change (box rejection?)
Worker 16 step 263: large_displacement — no coordinate change (box rejection?)
Worker 19 step 0: roto_reflection — no coordinate change (box rejection?)
Worker 16 step 264: large_displacement — no coordinate change (box rejection?)
Worker 16 step 265: twist — no coordinate change (box rejection?)
Worker 16 step 266: twist — no coordinate change (box rejection?)
Worker 16 step 267: twist — no coordinate change (box rejection?)
Worker 16 step 268: large_displacement — no coordinate change (box rejection?)
Worker 16 step 269: exchange — no coordinate change (box rejection?)
Worker 16 step 270: mirror — no coordinate change (box rejection?)
Worker 16 step 271: roto_reflection — no coordinate change (box rejection?)
Worker 16 step 272: twist — no coordinate change (box rejection?)
Worker 16 step 273: mirror — no coordinate change (box rejection?)
Worker 16 step 274: principal_axis_rotation — no coordinate change (box rejection?)
Worker 16 step 275: principal_axis_rotation — no coordinate change (box rejection?)
Worker 16 step 276: large_displacement — no coordinate change (box rejection?)
Worker 16 step 277: twist — no coordinate change (box rejection?)
Worker 16 step 278: large_displacement — no coordinate change (box rejection?)
Worker 16 step 279: large_displacement — no coordinate change (box rejection?)
Worker 16 step 280: mirror — no coordinate change (box rejection?)
Worker 16 step 281: large_displacement — no coordinate change (box rejection?)
Worker 16 step 282: mirror — no coordinate change (box rejection?)
Worker 16 step 283: large_displacement — no coordinate change (box rejection?)
Worker 16 step 284: exchange — no coordinate change (box rejection?)
Worker 16 step 285: twist — no coordinate change (box rejection?)
Worker 16 step 286: large_displacement — no coordinate change (box rejection?)
Worker 16 step 287: roto_reflection — no coordinate change (box rejection?)
Worker 16 step 288: roto_reflection — no coordinate change (box rejection?)
Worker 18: Starting energy = -152.052598 Hartree
Worker 16 step 289: roto_reflection — no coordinate change (box rejection?)
Worker 16 step 290: mirror — no coordinate change (box rejection?)
Worker 18 step 0: large_displacement — no coordinate change (box rejection?)
Worker 16 step 291: twist — no coordinate change (box rejection?)
Worker 18 step 1: twist — no coordinate change (box rejection?)
Worker 16 step 292: principal_axis_rotation — no coordinate change (box rejection?)
Worker 16 step 293: twist — no coordinate change (box rejection?)
Worker 18 step 2: mirror — no coordinate change (box rejection?)
Worker 16 step 294: mirror — no coordinate change (box rejection?)
Worker 16 step 295: large_displacement — no coordinate change (box rejection?)
Worker 18 step 3: twist — no coordinate change (box rejection?)
Worker 16 step 296: random_so3 — no coordinate change (box rejection?)
Worker 16 step 297: exchange — no coordinate change (box rejection?)
Worker 18 step 4: large_displacement — no coordinate change (box rejection?)
Worker 23: Starting energy = -152.052652 Hartree
Worker 16 step 298: mirror — no coordinate change (box rejection?)
Worker 18 step 5: exchange — no coordinate change (box rejection?)
Worker 16 step 299: large_displacement — no coordinate change (box rejection?)
Worker 16: DONE — 0/300 accepted (0.0%)
Worker 18 step 6: large_displacement — no coordinate change (box rejection?)
Worker 18 step 7: twist — no coordinate change (box rejection?)
Worker 18 step 8: large_displacement — no coordinate change (box rejection?)
Worker 18 step 9: exchange — no coordinate change (box rejection?)
Worker 18 step 10: mirror — no coordinate change (box rejection?)
Worker 18 step 11: large_displacement — no coordinate change (box rejection?)
Worker 18 step 12: large_displacement — no coordinate change (box rejection?)
Worker 18 step 13: mirror — no coordinate change (box rejection?)
Worker 18 step 14: roto_reflection — no coordinate change (box rejection?)
Worker 18 step 15: exchange — no coordinate change (box rejection?)
Worker 12 step 21: ACCEPTED principal_axis_rotation E=-152.055017 Ha dipole=1.4929 D
Worker 18 step 16: large_displacement — no coordinate change (box rejection?)
Worker 12 step 22: roto_reflection — no coordinate change (box rejection?)
Worker 18 step 17: roto_reflection — no coordinate change (box rejection?)
Worker 18 step 18: large_displacement — no coordinate change (box rejection?)
Worker 20: Starting energy = -152.054166 Hartree
Worker 12 step 23: mirror — no coordinate change (box rejection?)
Worker 18 step 19: twist — no coordinate change (box rejection?)
Worker 20 step 0: twist — no coordinate change (box rejection?)
Worker 12 step 24: large_displacement — no coordinate change (box rejection?)
Worker 18 step 20: random_so3 — no coordinate change (box rejection?)
Worker 20 step 1: twist — no coordinate change (box rejection?)
Worker 12 step 25: mirror — no coordinate change (box rejection?)
Worker 18 step 21: mirror — no coordinate change (box rejection?)
Worker 20 step 2: twist — no coordinate change (box rejection?)
Worker 18 step 22: large_displacement — no coordinate change (box rejection?)
Worker 12 step 26: mirror — no coordinate change (box rejection?)
Worker 20 step 3: twist — no coordinate change (box rejection?)
Worker 18 step 23: large_displacement — no coordinate change (box rejection?)
Worker 12 step 27: mirror — no coordinate change (box rejection?)
Worker 20 step 4: large_displacement — no coordinate change (box rejection?)
Worker 18 step 24: exchange — no coordinate change (box rejection?)
Worker 18 step 25: roto_reflection — no coordinate change (box rejection?)
Worker 20 step 5: roto_reflection — no coordinate change (box rejection?)
Worker 18 step 26: twist — no coordinate change (box rejection?)
Worker 20 step 6: principal_axis_rotation — no coordinate change (box rejection?)
Worker 18 step 27: roto_reflection — no coordinate change (box rejection?)
Worker 20 step 7: random_so3 — no coordinate change (box rejection?)
Worker 20 step 8: large_displacement — no coordinate change (box rejection?)
Worker 18 step 28: roto_reflection — no coordinate change (box rejection?)
Worker 25: Starting energy = -152.036032 Hartree
Worker 20 step 9: random_so3 — no coordinate change (box rejection?)
Worker 18 step 29: roto_reflection — no coordinate change (box rejection?)
Worker 25 step 0: mirror — no coordinate change (box rejection?)
Worker 20 step 10: random_so3 — no coordinate change (box rejection?)
Worker 18 step 30: large_displacement — no coordinate change (box rejection?)
Worker 20 step 11: principal_axis_rotation — no coordinate change (box rejection?)
Worker 25 step 1: large_displacement — no coordinate change (box rejection?)
Worker 18 step 31: mirror — no coordinate change (box rejection?)
Worker 18 step 32: large_displacement — no coordinate change (box rejection?)
Worker 25 step 2: twist — no coordinate change (box rejection?)
Worker 20 step 12: principal_axis_rotation — no coordinate change (box rejection?)
Worker 18 step 33: principal_axis_rotation — no coordinate change (box rejection?)
Worker 20 step 13: twist — no coordinate change (box rejection?)
Worker 25 step 3: roto_reflection — no coordinate change (box rejection?)
Worker 18 step 34: mirror — no coordinate change (box rejection?)
Worker 20 step 14: large_displacement — no coordinate change (box rejection?)
Worker 25 step 4: twist — no coordinate change (box rejection?)
Worker 18 step 35: twist — no coordinate change (box rejection?)
Worker 20 step 15: twist — no coordinate change (box rejection?)
Worker 25 step 5: large_displacement — no coordinate change (box rejection?)
Worker 18 step 36: large_displacement — no coordinate change (box rejection?)
Worker 25 step 6: large_displacement — no coordinate change (box rejection?)
Worker 18 step 37: exchange — no coordinate change (box rejection?)
Worker 21: Starting energy = -152.054396 Hartree
Worker 30: Starting energy = -152.054980 Hartree
Worker 25 step 7: twist — no coordinate change (box rejection?)
Worker 18 step 38: principal_axis_rotation — no coordinate change (box rejection?)
Worker 30 step 0: large_displacement — no coordinate change (box rejection?)
Worker 18 step 39: mirror — no coordinate change (box rejection?)
Worker 25 step 8: principal_axis_rotation — no coordinate change (box rejection?)
Worker 18 step 40: principal_axis_rotation — no coordinate change (box rejection?)
Worker 25 step 9: large_displacement — no coordinate change (box rejection?)
Worker 18 step 41: twist — no coordinate change (box rejection?)
Worker 25 step 10: exchange — no coordinate change (box rejection?)
Worker 18 step 42: mirror — no coordinate change (box rejection?)
Worker 25 step 11: twist — no coordinate change (box rejection?)
Worker 18 step 43: twist — no coordinate change (box rejection?)
Worker 25 step 12: twist — no coordinate change (box rejection?)
Worker 18 step 44: mirror — no coordinate change (box rejection?)
Worker 25 step 13: twist — no coordinate change (box rejection?)
Worker 25 step 14: exchange — no coordinate change (box rejection?)
Worker 18 step 45: roto_reflection — no coordinate change (box rejection?)
Worker 25 step 15: mirror — no coordinate change (box rejection?)
Worker 18 step 46: twist — no coordinate change (box rejection?)
Worker 18 step 47: roto_reflection — no coordinate change (box rejection?)
Worker 25 step 16: large_displacement — no coordinate change (box rejection?)
Worker 32: Starting energy = -152.050741 Hartree
Worker 18 step 48: exchange — no coordinate change (box rejection?)
Worker 25 step 17: roto_reflection — no coordinate change (box rejection?)
Worker 18 step 49: principal_axis_rotation — no coordinate change (box rejection?)
Worker 25 step 18: large_displacement — no coordinate change (box rejection?)
Worker 18 step 50: large_displacement — no coordinate change (box rejection?)
Worker 25 step 19: roto_reflection — no coordinate change (box rejection?)
Worker 18 step 51: large_displacement — no coordinate change (box rejection?)
Worker 25 step 20: random_so3 — no coordinate change (box rejection?)
Worker 25 step 21: twist — no coordinate change (box rejection?)
Worker 18 step 52: roto_reflection — no coordinate change (box rejection?)
Worker 31: Starting energy = -152.052718 Hartree
Worker 18 step 53: large_displacement — no coordinate change (box rejection?)
Worker 25 step 22: principal_axis_rotation — no coordinate change (box rejection?)
Worker 25 step 23: random_so3 — no coordinate change (box rejection?)
Worker 31 step 0: roto_reflection — no coordinate change (box rejection?)
Worker 18 step 54: random_so3 — no coordinate change (box rejection?)
Worker 27: Starting energy = -152.058106 Hartree
Worker 25 step 24: exchange — no coordinate change (box rejection?)
Worker 31 step 1: twist — no coordinate change (box rejection?)
Worker 18 step 55: twist — no coordinate change (box rejection?)
Worker 26: Starting energy = -152.051313 Hartree
Worker 27 step 0: twist — no coordinate change (box rejection?)
Worker 28: Starting energy = -152.051692 Hartree
Worker 25 step 25: twist — no coordinate change (box rejection?)
Worker 31 step 2: large_displacement — no coordinate change (box rejection?)
Worker 18 step 56: exchange — no coordinate change (box rejection?)
Worker 26 step 0: principal_axis_rotation — no coordinate change (box rejection?)
Worker 25 step 26: large_displacement — no coordinate change (box rejection?)
Worker 27 step 1: roto_reflection — no coordinate change (box rejection?)
Worker 31 step 3: large_displacement — no coordinate change (box rejection?)
Worker 28 step 0: roto_reflection — no coordinate change (box rejection?)
Worker 18 step 57: twist — no coordinate change (box rejection?)
Worker 25 step 27: random_so3 — no coordinate change (box rejection?)
Worker 31 step 4: large_displacement — no coordinate change (box rejection?)
Worker 18 step 58: exchange — no coordinate change (box rejection?)
Worker 25 step 28: roto_reflection — no coordinate change (box rejection?)
Worker 25 step 29: exchange — no coordinate change (box rejection?)
Worker 31 step 5: roto_reflection — no coordinate change (box rejection?)
Worker 18 step 59: roto_reflection — no coordinate change (box rejection?)
Worker 25 step 30: principal_axis_rotation — no coordinate change (box rejection?)
Worker 31 step 6: large_displacement — no coordinate change (box rejection?)
Worker 18 step 60: principal_axis_rotation — no coordinate change (box rejection?)
Worker 25 step 31: large_displacement — no coordinate change (box rejection?)
Worker 31 step 7: mirror — no coordinate change (box rejection?)
Worker 25 step 32: twist — no coordinate change (box rejection?)
Worker 18 step 61: principal_axis_rotation — no coordinate change (box rejection?)
Worker 25 step 33: large_displacement — no coordinate change (box rejection?)
Worker 31 step 8: principal_axis_rotation — no coordinate change (box rejection?)
Worker 18 step 62: principal_axis_rotation — no coordinate change (box rejection?)
Worker 25 step 34: principal_axis_rotation — no coordinate change (box rejection?)
Worker 31 step 9: mirror — no coordinate change (box rejection?)
Worker 18 step 63: exchange — no coordinate change (box rejection?)
Worker 25 step 35: mirror — no coordinate change (box rejection?)
Worker 31 step 10: large_displacement — no coordinate change (box rejection?)
Worker 18 step 64: mirror — no coordinate change (box rejection?)
Worker 25 step 36: principal_axis_rotation — no coordinate change (box rejection?)
Worker 31 step 11: mirror — no coordinate change (box rejection?)
Worker 18 step 65: roto_reflection — no coordinate change (box rejection?)
Worker 25 step 37: exchange — no coordinate change (box rejection?)
Worker 31 step 12: principal_axis_rotation — no coordinate change (box rejection?)
Worker 18 step 66: twist — no coordinate change (box rejection?)
Worker 25 step 38: twist — no coordinate change (box rejection?)
Worker 31 step 13: principal_axis_rotation — no coordinate change (box rejection?)
Worker 25 step 39: large_displacement — no coordinate change (box rejection?)
Worker 18 step 67: mirror — no coordinate change (box rejection?)
Worker 31 step 14: mirror — no coordinate change (box rejection?)
Worker 25 step 40: mirror — no coordinate change (box rejection?)
Worker 18 step 68: principal_axis_rotation — no coordinate change (box rejection?)
Worker 33: Starting energy = -152.054377 Hartree
Worker 31 step 15: exchange — no coordinate change (box rejection?)
Worker 25 step 41: mirror — no coordinate change (box rejection?)
Worker 18 step 69: principal_axis_rotation — no coordinate change (box rejection?)
Worker 31 step 16: twist — no coordinate change (box rejection?)
Worker 25 step 42: principal_axis_rotation — no coordinate change (box rejection?)
Worker 31 step 17: large_displacement — no coordinate change (box rejection?)
Worker 18 step 70: twist — no coordinate change (box rejection?)
Worker 25 step 43: twist — no coordinate change (box rejection?)
Worker 31 step 18: mirror — no coordinate change (box rejection?)
Worker 18 step 71: large_displacement — no coordinate change (box rejection?)
Worker 25 step 44: twist — no coordinate change (box rejection?)
Worker 31 step 19: exchange — no coordinate change (box rejection?)
Worker 18 step 72: twist — no coordinate change (box rejection?)
Worker 25 step 45: roto_reflection — no coordinate change (box rejection?)
Worker 31 step 20: roto_reflection — no coordinate change (box rejection?)
Worker 18 step 73: twist — no coordinate change (box rejection?)
Worker 25 step 46: exchange — no coordinate change (box rejection?)
Worker 31 step 21: mirror — no coordinate change (box rejection?)
Worker 18 step 74: roto_reflection — no coordinate change (box rejection?)
Worker 25 step 47: random_so3 — no coordinate change (box rejection?)
Worker 31 step 22: roto_reflection — no coordinate change (box rejection?)
Worker 18 step 75: large_displacement — no coordinate change (box rejection?)
Worker 25 step 48: roto_reflection — no coordinate change (box rejection?)
Worker 31 step 23: exchange — no coordinate change (box rejection?)
Worker 18 step 76: large_displacement — no coordinate change (box rejection?)
Worker 25 step 49: exchange — no coordinate change (box rejection?)
Worker 31 step 24: mirror — no coordinate change (box rejection?)
Worker 18 step 77: twist — no coordinate change (box rejection?)
Worker 31 step 25: mirror — no coordinate change (box rejection?)
Worker 25 step 50: principal_axis_rotation — no coordinate change (box rejection?)
Worker 18 step 78: large_displacement — no coordinate change (box rejection?)
Worker 31 step 26: random_so3 — no coordinate change (box rejection?)
Worker 25 step 51: principal_axis_rotation — no coordinate change (box rejection?)
Worker 18 step 79: roto_reflection — no coordinate change (box rejection?)
Worker 31 step 27: exchange — no coordinate change (box rejection?)
Worker 25 step 52: mirror — no coordinate change (box rejection?)
Worker 31 step 28: mirror — no coordinate change (box rejection?)
Worker 18 step 80: mirror — no coordinate change (box rejection?)
Worker 25 step 53: exchange — no coordinate change (box rejection?)
Worker 18 step 81: twist — no coordinate change (box rejection?)
Worker 31 step 29: roto_reflection — no coordinate change (box rejection?)
Worker 25 step 54: roto_reflection — no coordinate change (box rejection?)
Worker 18 step 82: twist — no coordinate change (box rejection?)
Worker 31 step 30: twist — no coordinate change (box rejection?)
Worker 25 step 55: large_displacement — no coordinate change (box rejection?)
Worker 18 step 83: random_so3 — no coordinate change (box rejection?)
Worker 31 step 31: roto_reflection — no coordinate change (box rejection?)
Worker 25 step 56: exchange — no coordinate change (box rejection?)
Worker 18 step 84: mirror — no coordinate change (box rejection?)
Worker 25 step 57: large_displacement — no coordinate change (box rejection?)
Worker 31 step 32: principal_axis_rotation — no coordinate change (box rejection?)
Worker 18 step 85: large_displacement — no coordinate change (box rejection?)
Worker 25 step 58: large_displacement — no coordinate change (box rejection?)
Worker 31 step 33: exchange — no coordinate change (box rejection?)
Worker 18 step 86: roto_reflection — no coordinate change (box rejection?)
Worker 25 step 59: exchange — no coordinate change (box rejection?)
Worker 31 step 34: roto_reflection — no coordinate change (box rejection?)
Worker 25 step 60: large_displacement — no coordinate change (box rejection?)
Worker 18 step 87: mirror — no coordinate change (box rejection?)
Worker 31 step 35: roto_reflection — no coordinate change (box rejection?)
Worker 25 step 61: twist — no coordinate change (box rejection?)
Worker 18 step 88: twist — no coordinate change (box rejection?)
Worker 31 step 36: roto_reflection — no coordinate change (box rejection?)
Worker 25 step 62: large_displacement — no coordinate change (box rejection?)
Worker 18 step 89: mirror — no coordinate change (box rejection?)
Worker 31 step 37: twist — no coordinate change (box rejection?)
Worker 25 step 63: mirror — no coordinate change (box rejection?)
Worker 18 step 90: twist — no coordinate change (box rejection?)
Worker 31 step 38: mirror — no coordinate change (box rejection?)
Worker 25 step 64: roto_reflection — no coordinate change (box rejection?)
Worker 18 step 91: principal_axis_rotation — no coordinate change (box rejection?)
Worker 31 step 39: twist — no coordinate change (box rejection?)
Worker 18 step 92: twist — no coordinate change (box rejection?)
Worker 25 step 65: twist — no coordinate change (box rejection?)
Worker 31 step 40: large_displacement — no coordinate change (box rejection?)
Worker 18 step 93: large_displacement — no coordinate change (box rejection?)
Worker 25 step 66: roto_reflection — no coordinate change (box rejection?)
Worker 31 step 41: principal_axis_rotation — no coordinate change (box rejection?)
Worker 18 step 94: large_displacement — no coordinate change (box rejection?)
Worker 25 step 67: twist — no coordinate change (box rejection?)
Worker 31 step 42: exchange — no coordinate change (box rejection?)
Worker 18 step 95: principal_axis_rotation — no coordinate change (box rejection?)
Worker 25 step 68: principal_axis_rotation — no coordinate change (box rejection?)
Worker 31 step 43: mirror — no coordinate change (box rejection?)
Worker 18 step 96: roto_reflection — no coordinate change (box rejection?)
Worker 25 step 69: twist — no coordinate change (box rejection?)
Worker 31 step 44: twist — no coordinate change (box rejection?)
Worker 18 step 97: mirror — no coordinate change (box rejection?)
Worker 25 step 70: large_displacement — no coordinate change (box rejection?)
Worker 31 step 45: twist — no coordinate change (box rejection?)
Worker 18 step 98: roto_reflection — no coordinate change (box rejection?)
Worker 25 step 71: large_displacement — no coordinate change (box rejection?)
Worker 31 step 46: mirror — no coordinate change (box rejection?)
Worker 18 step 99: large_displacement — no coordinate change (box rejection?)
Worker 25 step 72: exchange — no coordinate change (box rejection?)
Worker 18 step 100: exchange — no coordinate change (box rejection?)
Worker 31 step 47: twist — no coordinate change (box rejection?)
Worker 25 step 73: twist — no coordinate change (box rejection?)
Worker 31 step 48: large_displacement — no coordinate change (box rejection?)
Worker 18 step 101: roto_reflection — no coordinate change (box rejection?)
Worker 25 step 74: principal_axis_rotation — no coordinate change (box rejection?)
Worker 31 step 49: roto_reflection — no coordinate change (box rejection?)
Worker 18 step 102: twist — no coordinate change (box rejection?)
Worker 25 step 75: exchange — no coordinate change (box rejection?)
Worker 18 step 103: exchange — no coordinate change (box rejection?)
Worker 31 step 50: roto_reflection — no coordinate change (box rejection?)
Worker 25 step 76: mirror — no coordinate change (box rejection?)
Worker 31 step 51: twist — no coordinate change (box rejection?)
Worker 18 step 104: roto_reflection — no coordinate change (box rejection?)
Worker 25 step 77: exchange — no coordinate change (box rejection?)
Worker 31 step 52: exchange — no coordinate change (box rejection?)
Worker 18 step 105: random_so3 — no coordinate change (box rejection?)
Worker 25 step 78: principal_axis_rotation — no coordinate change (box rejection?)
Worker 31 step 53: large_displacement — no coordinate change (box rejection?)
Worker 18 step 106: roto_reflection — no coordinate change (box rejection?)
Worker 25 step 79: large_displacement — no coordinate change (box rejection?)
Worker 31 step 54: mirror — no coordinate change (box rejection?)
Worker 18 step 107: large_displacement — no coordinate change (box rejection?)
Worker 25 step 80: mirror — no coordinate change (box rejection?)
Worker 31 step 55: exchange — no coordinate change (box rejection?)
Worker 18 step 108: large_displacement — no coordinate change (box rejection?)
Worker 31 step 56: mirror — no coordinate change (box rejection?)
Worker 25 step 81: principal_axis_rotation — no coordinate change (box rejection?)
Worker 18 step 109: large_displacement — no coordinate change (box rejection?)
Worker 31 step 57: mirror — no coordinate change (box rejection?)
Worker 25 step 82: twist — no coordinate change (box rejection?)
Worker 18 step 110: principal_axis_rotation — no coordinate change (box rejection?)
Worker 31 step 58: twist — no coordinate change (box rejection?)
Worker 25 step 83: random_so3 — no coordinate change (box rejection?)
Worker 18 step 111: twist — no coordinate change (box rejection?)
Worker 31 step 59: roto_reflection — no coordinate change (box rejection?)
Worker 25 step 84: mirror — no coordinate change (box rejection?)
Worker 18 step 112: twist — no coordinate change (box rejection?)
Worker 31 step 60: exchange — no coordinate change (box rejection?)
Worker 18 step 113: random_so3 — no coordinate change (box rejection?)
Worker 25 step 85: roto_reflection — no coordinate change (box rejection?)
Worker 31 step 61: large_displacement — no coordinate change (box rejection?)
Worker 25 step 86: random_so3 — no coordinate change (box rejection?)
Worker 18 step 114: mirror — no coordinate change (box rejection?)
Worker 31 step 62: twist — no coordinate change (box rejection?)
Worker 18 step 115: large_displacement — no coordinate change (box rejection?)
Worker 25 step 87: roto_reflection — no coordinate change (box rejection?)
Worker 31 step 63: principal_axis_rotation — no coordinate change (box rejection?)
Worker 25 step 88: random_so3 — no coordinate change (box rejection?)
Worker 18 step 116: principal_axis_rotation — no coordinate change (box rejection?)
Worker 25 step 89: twist — no coordinate change (box rejection?)
Worker 31 step 64: mirror — no coordinate change (box rejection?)
Worker 18 step 117: large_displacement — no coordinate change (box rejection?)
Worker 25 step 90: twist — no coordinate change (box rejection?)
Worker 25 step 91: mirror — no coordinate change (box rejection?)
Worker 18 step 118: exchange — no coordinate change (box rejection?)
Worker 31 step 65: exchange — no coordinate change (box rejection?)
Worker 25 step 92: mirror — no coordinate change (box rejection?)
Worker 18 step 119: twist — no coordinate change (box rejection?)
Worker 25 step 93: large_displacement — no coordinate change (box rejection?)
Worker 31 step 66: random_so3 — no coordinate change (box rejection?)
Worker 25 step 94: roto_reflection — no coordinate change (box rejection?)
Worker 18 step 120: twist — no coordinate change (box rejection?)
Worker 31 step 67: exchange — no coordinate change (box rejection?)
Worker 25 step 95: exchange — no coordinate change (box rejection?)
Worker 18 step 121: mirror — no coordinate change (box rejection?)
Worker 25 step 96: random_so3 — no coordinate change (box rejection?)
Worker 31 step 68: large_displacement — no coordinate change (box rejection?)
Worker 18 step 122: large_displacement — no coordinate change (box rejection?)
Worker 25 step 97: roto_reflection — no coordinate change (box rejection?)
Worker 31 step 69: twist — no coordinate change (box rejection?)
Worker 25 step 98: twist — no coordinate change (box rejection?)
Worker 18 step 123: roto_reflection — no coordinate change (box rejection?)
Worker 25 step 99: twist — no coordinate change (box rejection?)
Worker 31 step 70: twist — no coordinate change (box rejection?)
Worker 25 step 100: roto_reflection — no coordinate change (box rejection?)
Worker 18 step 124: roto_reflection — no coordinate change (box rejection?)
Worker 25 step 101: twist — no coordinate change (box rejection?)
Worker 31 step 71: large_displacement — no coordinate change (box rejection?)
Worker 18 step 125: mirror — no coordinate change (box rejection?)
Worker 25 step 102: large_displacement — no coordinate change (box rejection?)
Worker 25 step 103: mirror — no coordinate change (box rejection?)
Worker 31 step 72: twist — no coordinate change (box rejection?)
Worker 18 step 126: large_displacement — no coordinate change (box rejection?)
Worker 25 step 104: mirror — no coordinate change (box rejection?)
Worker 31 step 73: large_displacement — no coordinate change (box rejection?)
Worker 18 step 127: twist — no coordinate change (box rejection?)
Worker 25 step 105: mirror — no coordinate change (box rejection?)
Worker 25 step 106: principal_axis_rotation — no coordinate change (box rejection?)
Worker 31 step 74: large_displacement — no coordinate change (box rejection?)
Worker 18 step 128: mirror — no coordinate change (box rejection?)
Worker 25 step 107: principal_axis_rotation — no coordinate change (box rejection?)
Worker 18 step 129: twist — no coordinate change (box rejection?)
Worker 31 step 75: large_displacement — no coordinate change (box rejection?)
Worker 25 step 108: large_displacement — no coordinate change (box rejection?)
Worker 25 step 109: roto_reflection — no coordinate change (box rejection?)
Worker 31 step 76: exchange — no coordinate change (box rejection?)
Worker 18 step 130: principal_axis_rotation — no coordinate change (box rejection?)
Worker 25 step 110: roto_reflection — no coordinate change (box rejection?)
Worker 18 step 131: mirror — no coordinate change (box rejection?)
Worker 31 step 77: large_displacement — no coordinate change (box rejection?)
Worker 25 step 111: twist — no coordinate change (box rejection?)
Worker 2 step 25: ACCEPTED twist E=-152.056580 Ha dipole=0.9527 D
Worker 25 step 112: exchange — no coordinate change (box rejection?)
Worker 18 step 132: exchange — no coordinate change (box rejection?)
Worker 31 step 78: principal_axis_rotation — no coordinate change (box rejection?)
Worker 25 step 113: twist — no coordinate change (box rejection?)
Worker 18 step 133: twist — no coordinate change (box rejection?)
Worker 25 step 114: twist — no coordinate change (box rejection?)
Worker 31 step 79: large_displacement — no coordinate change (box rejection?)
Worker 25 step 115: random_so3 — no coordinate change (box rejection?)
Worker 18 step 134: twist — no coordinate change (box rejection?)
Worker 31 step 80: large_displacement — no coordinate change (box rejection?)
Worker 25 step 116: mirror — no coordinate change (box rejection?)
Worker 18 step 135: twist — no coordinate change (box rejection?)
Worker 25 step 117: mirror — no coordinate change (box rejection?)
Worker 31 step 81: random_so3 — no coordinate change (box rejection?)
Worker 18 step 136: large_displacement — no coordinate change (box rejection?)
Worker 25 step 118: mirror — no coordinate change (box rejection?)
Worker 25 step 119: random_so3 — no coordinate change (box rejection?)
Worker 31 step 82: large_displacement — no coordinate change (box rejection?)
Worker 18 step 137: twist — no coordinate change (box rejection?)
Worker 25 step 120: twist — no coordinate change (box rejection?)
Worker 18 step 138: large_displacement — no coordinate change (box rejection?)
Worker 31 step 83: twist — no coordinate change (box rejection?)
Worker 25 step 121: twist — no coordinate change (box rejection?)
Worker 25 step 122: exchange — no coordinate change (box rejection?)
Worker 18 step 139: roto_reflection — no coordinate change (box rejection?)
Worker 31 step 84: mirror — no coordinate change (box rejection?)
Worker 25 step 123: mirror — no coordinate change (box rejection?)
Worker 18 step 140: exchange — no coordinate change (box rejection?)
Worker 25 step 124: exchange — no coordinate change (box rejection?)
Worker 31 step 85: large_displacement — no coordinate change (box rejection?)
Worker 25 step 125: principal_axis_rotation — no coordinate change (box rejection?)
Worker 18 step 141: roto_reflection — no coordinate change (box rejection?)
Worker 31 step 86: mirror — no coordinate change (box rejection?)
Worker 25 step 126: large_displacement — no coordinate change (box rejection?)
Worker 18 step 142: principal_axis_rotation — no coordinate change (box rejection?)
Worker 25 step 127: principal_axis_rotation — no coordinate change (box rejection?)
Worker 31 step 87: twist — no coordinate change (box rejection?)
Worker 25 step 128: exchange — no coordinate change (box rejection?)
Worker 18 step 143: twist — no coordinate change (box rejection?)
Worker 4 step 7: mirror — no coordinate change (box rejection?)
Worker 31 step 88: large_displacement — no coordinate change (box rejection?)
Worker 25 step 129: twist — no coordinate change (box rejection?)
Worker 18 step 144: exchange — no coordinate change (box rejection?)
Worker 4 step 8: mirror — no coordinate change (box rejection?)
Worker 25 step 130: mirror — no coordinate change (box rejection?)
Worker 31 step 89: twist — no coordinate change (box rejection?)
Worker 18 step 145: twist — no coordinate change (box rejection?)
Worker 25 step 131: roto_reflection — no coordinate change (box rejection?)
Worker 31 step 90: exchange — no coordinate change (box rejection?)
Worker 25 step 132: roto_reflection — no coordinate change (box rejection?)
Worker 18 step 146: roto_reflection — no coordinate change (box rejection?)
Worker 31 step 91: roto_reflection — no coordinate change (box rejection?)
Worker 25 step 133: twist — no coordinate change (box rejection?)
Worker 31 step 92: twist — no coordinate change (box rejection?)
Worker 18 step 147: twist — no coordinate change (box rejection?)
Worker 25 step 134: roto_reflection — no coordinate change (box rejection?)
Worker 25 step 135: large_displacement — no coordinate change (box rejection?)
Worker 31 step 93: twist — no coordinate change (box rejection?)
Worker 18 step 148: mirror — no coordinate change (box rejection?)
Worker 25 step 136: roto_reflection — no coordinate change (box rejection?)
Worker 31 step 94: random_so3 — no coordinate change (box rejection?)
Worker 25 step 137: large_displacement — no coordinate change (box rejection?)
Worker 18 step 149: principal_axis_rotation — no coordinate change (box rejection?)
Worker 31 step 95: twist — no coordinate change (box rejection?)
Worker 25 step 138: mirror — no coordinate change (box rejection?)
Worker 18 step 150: large_displacement — no coordinate change (box rejection?)
Worker 31 step 96: twist — no coordinate change (box rejection?)
Worker 18 step 151: twist — no coordinate change (box rejection?)
Worker 25 step 139: mirror — no coordinate change (box rejection?)
Worker 18 step 152: exchange — no coordinate change (box rejection?)
Worker 25 step 140: large_displacement — no coordinate change (box rejection?)
Worker 31 step 97: mirror — no coordinate change (box rejection?)
Worker 18 step 153: principal_axis_rotation — no coordinate change (box rejection?)
Worker 25 step 141: large_displacement — no coordinate change (box rejection?)
Worker 25 step 142: random_so3 — no coordinate change (box rejection?)
Worker 31 step 98: principal_axis_rotation — no coordinate change (box rejection?)
Worker 18 step 154: roto_reflection — no coordinate change (box rejection?)
Worker 25 step 143: principal_axis_rotation — no coordinate change (box rejection?)
Worker 18 step 155: roto_reflection — no coordinate change (box rejection?)
Worker 31 step 99: twist — no coordinate change (box rejection?)
Worker 25 step 144: large_displacement — no coordinate change (box rejection?)
Worker 18 step 156: mirror — no coordinate change (box rejection?)
Worker 31 step 100: large_displacement — no coordinate change (box rejection?)
Worker 25 step 145: twist — no coordinate change (box rejection?)
Worker 18 step 157: mirror — no coordinate change (box rejection?)
Worker 25 step 146: twist — no coordinate change (box rejection?)
Worker 31 step 101: mirror — no coordinate change (box rejection?)
Worker 18 step 158: roto_reflection — no coordinate change (box rejection?)
Worker 25 step 147: twist — no coordinate change (box rejection?)
Worker 31 step 102: exchange — no coordinate change (box rejection?)
Worker 18 step 159: mirror — no coordinate change (box rejection?)
Worker 25 step 148: exchange — no coordinate change (box rejection?)
Worker 18 step 160: mirror — no coordinate change (box rejection?)
Worker 31 step 103: exchange — no coordinate change (box rejection?)
Worker 25 step 149: principal_axis_rotation — no coordinate change (box rejection?)
Worker 18 step 161: mirror — no coordinate change (box rejection?)
Worker 25 step 150: mirror — no coordinate change (box rejection?)
Worker 31 step 104: roto_reflection — no coordinate change (box rejection?)
Worker 18 step 162: twist — no coordinate change (box rejection?)
Worker 25 step 151: exchange — no coordinate change (box rejection?)
Worker 31 step 105: exchange — no coordinate change (box rejection?)
Worker 18 step 163: principal_axis_rotation — no coordinate change (box rejection?)
Worker 25 step 152: random_so3 — no coordinate change (box rejection?)
Worker 18 step 164: exchange — no coordinate change (box rejection?)
Worker 31 step 106: twist — no coordinate change (box rejection?)
Worker 25 step 153: random_so3 — no coordinate change (box rejection?)
Worker 18 step 165: principal_axis_rotation — no coordinate change (box rejection?)
Worker 25 step 154: large_displacement — no coordinate change (box rejection?)
Worker 18 step 166: mirror — no coordinate change (box rejection?)
Worker 31 step 107: mirror — no coordinate change (box rejection?)
Worker 25 step 155: mirror — no coordinate change (box rejection?)
Worker 18 step 167: mirror — no coordinate change (box rejection?)
Worker 31 step 108: twist — no coordinate change (box rejection?)
Worker 18 step 168: large_displacement — no coordinate change (box rejection?)
Worker 25 step 156: roto_reflection — no coordinate change (box rejection?)
Worker 18 step 169: twist — no coordinate change (box rejection?)
Worker 25 step 157: twist — no coordinate change (box rejection?)
Worker 31 step 109: roto_reflection — no coordinate change (box rejection?)
Worker 18 step 170: roto_reflection — no coordinate change (box rejection?)
Worker 25 step 158: mirror — no coordinate change (box rejection?)
Worker 18 step 171: twist — no coordinate change (box rejection?)
Worker 31 step 110: mirror — no coordinate change (box rejection?)
Worker 25 step 159: mirror — no coordinate change (box rejection?)
Worker 18 step 172: exchange — no coordinate change (box rejection?)
Worker 25 step 160: roto_reflection — no coordinate change (box rejection?)
Worker 31 step 111: principal_axis_rotation — no coordinate change (box rejection?)
Worker 18 step 173: principal_axis_rotation — no coordinate change (box rejection?)
Worker 25 step 161: large_displacement — no coordinate change (box rejection?)
Worker 18 step 174: large_displacement — no coordinate change (box rejection?)
Worker 31 step 112: twist — no coordinate change (box rejection?)
Worker 25 step 162: twist — no coordinate change (box rejection?)
Worker 18 step 175: twist — no coordinate change (box rejection?)
Worker 18 step 176: large_displacement — no coordinate change (box rejection?)
Worker 25 step 163: twist — no coordinate change (box rejection?)
Worker 31 step 113: large_displacement — no coordinate change (box rejection?)
Worker 18 step 177: large_displacement — no coordinate change (box rejection?)
Worker 25 step 164: principal_axis_rotation — no coordinate change (box rejection?)
Worker 18 step 178: exchange — no coordinate change (box rejection?)
Worker 31 step 114: mirror — no coordinate change (box rejection?)
Worker 25 step 165: exchange — no coordinate change (box rejection?)
Worker 18 step 179: exchange — no coordinate change (box rejection?)
Worker 25 step 166: twist — no coordinate change (box rejection?)
Worker 18 step 180: mirror — no coordinate change (box rejection?)
Worker 31 step 115: roto_reflection — no coordinate change (box rejection?)
Worker 18 step 181: large_displacement — no coordinate change (box rejection?)
Worker 25 step 167: roto_reflection — no coordinate change (box rejection?)
Worker 31 step 116: mirror — no coordinate change (box rejection?)
Worker 18 step 182: twist — no coordinate change (box rejection?)
Worker 25 step 168: roto_reflection — no coordinate change (box rejection?)
Worker 18 step 183: random_so3 — no coordinate change (box rejection?)
Worker 31 step 117: twist — no coordinate change (box rejection?)
Worker 18 step 184: random_so3 — no coordinate change (box rejection?)
Worker 25 step 169: principal_axis_rotation — no coordinate change (box rejection?)
Worker 18 step 185: exchange — no coordinate change (box rejection?)
Worker 31 step 118: exchange — no coordinate change (box rejection?)
Worker 25 step 170: principal_axis_rotation — no coordinate change (box rejection?)
Worker 18 step 186: large_displacement — no coordinate change (box rejection?)
Worker 25 step 171: twist — no coordinate change (box rejection?)
Worker 18 step 187: mirror — no coordinate change (box rejection?)
Worker 31 step 119: mirror — no coordinate change (box rejection?)
Worker 25 step 172: exchange — no coordinate change (box rejection?)
Worker 18 step 188: exchange — no coordinate change (box rejection?)
Worker 31 step 120: large_displacement — no coordinate change (box rejection?)
Worker 25 step 173: large_displacement — no coordinate change (box rejection?)
Worker 18 step 189: principal_axis_rotation — no coordinate change (box rejection?)
Worker 25 step 174: twist — no coordinate change (box rejection?)
Worker 31 step 121: large_displacement — no coordinate change (box rejection?)
Worker 18 step 190: principal_axis_rotation — no coordinate change (box rejection?)
Worker 25 step 175: principal_axis_rotation — no coordinate change (box rejection?)
Worker 18 step 191: principal_axis_rotation — no coordinate change (box rejection?)
Worker 31 step 122: mirror — no coordinate change (box rejection?)
Worker 25 step 176: exchange — no coordinate change (box rejection?)
Worker 18 step 192: twist — no coordinate change (box rejection?)
Worker 25 step 177: random_so3 — no coordinate change (box rejection?)
Worker 18 step 193: random_so3 — no coordinate change (box rejection?)
Worker 31 step 123: mirror — no coordinate change (box rejection?)
Worker 25 step 178: twist — no coordinate change (box rejection?)
Worker 18 step 194: principal_axis_rotation — no coordinate change (box rejection?)
Worker 25 step 179: exchange — no coordinate change (box rejection?)
Worker 18 step 195: exchange — no coordinate change (box rejection?)
Worker 31 step 124: principal_axis_rotation — no coordinate change (box rejection?)
Worker 25 step 180: large_displacement — no coordinate change (box rejection?)
Worker 18 step 196: twist — no coordinate change (box rejection?)
Worker 31 step 125: large_displacement — no coordinate change (box rejection?)
Worker 25 step 181: mirror — no coordinate change (box rejection?)
Worker 18 step 197: principal_axis_rotation — no coordinate change (box rejection?)
Worker 25 step 182: exchange — no coordinate change (box rejection?)
Worker 31 step 126: mirror — no coordinate change (box rejection?)
Worker 18 step 198: principal_axis_rotation — no coordinate change (box rejection?)
Worker 25 step 183: twist — no coordinate change (box rejection?)
Worker 18 step 199: principal_axis_rotation — no coordinate change (box rejection?)
Worker 31 step 127: principal_axis_rotation — no coordinate change (box rejection?)
Worker 18 step 200: twist — no coordinate change (box rejection?)
Worker 25 step 184: roto_reflection — no coordinate change (box rejection?)
Worker 25 step 185: exchange — no coordinate change (box rejection?)
Worker 18 step 201: roto_reflection — no coordinate change (box rejection?)
Worker 31 step 128: roto_reflection — no coordinate change (box rejection?)
Worker 18 step 202: random_so3 — no coordinate change (box rejection?)
Worker 25 step 186: twist — no coordinate change (box rejection?)
Worker 31 step 129: twist — no coordinate change (box rejection?)
Worker 18 step 203: roto_reflection — no coordinate change (box rejection?)
Worker 25 step 187: mirror — no coordinate change (box rejection?)
Worker 18 step 204: roto_reflection — no coordinate change (box rejection?)
Worker 31 step 130: twist — no coordinate change (box rejection?)
Worker 25 step 188: roto_reflection — no coordinate change (box rejection?)
Worker 18 step 205: twist — no coordinate change (box rejection?)
Worker 25 step 189: twist — no coordinate change (box rejection?)
Worker 31 step 131: twist — no coordinate change (box rejection?)
Worker 18 step 206: random_so3 — no coordinate change (box rejection?)
Worker 25 step 190: principal_axis_rotation — no coordinate change (box rejection?)
Worker 18 step 207: exchange — no coordinate change (box rejection?)
Worker 31 step 132: exchange — no coordinate change (box rejection?)
Worker 25 step 191: roto_reflection — no coordinate change (box rejection?)
Worker 18 step 208: large_displacement — no coordinate change (box rejection?)
Worker 18 step 209: twist — no coordinate change (box rejection?)
Worker 25 step 192: mirror — no coordinate change (box rejection?)
Worker 31 step 133: mirror — no coordinate change (box rejection?)
Worker 18 step 210: large_displacement — no coordinate change (box rejection?)
Worker 25 step 193: large_displacement — no coordinate change (box rejection?)
Worker 18 step 211: twist — no coordinate change (box rejection?)
Worker 25 step 194: twist — no coordinate change (box rejection?)
Worker 31 step 134: roto_reflection — no coordinate change (box rejection?)
Worker 25 step 195: large_displacement — no coordinate change (box rejection?)
Worker 18 step 212: mirror — no coordinate change (box rejection?)
Worker 31 step 135: large_displacement — no coordinate change (box rejection?)
Worker 25 step 196: large_displacement — no coordinate change (box rejection?)
Worker 18 step 213: principal_axis_rotation — no coordinate change (box rejection?)
Worker 25 step 197: twist — no coordinate change (box rejection?)
Worker 31 step 136: exchange — no coordinate change (box rejection?)
Worker 18 step 214: mirror — no coordinate change (box rejection?)
Worker 25 step 198: principal_axis_rotation — no coordinate change (box rejection?)
Worker 18 step 215: large_displacement — no coordinate change (box rejection?)
Worker 31 step 137: exchange — no coordinate change (box rejection?)
Worker 25 step 199: exchange — no coordinate change (box rejection?)
Worker 18 step 216: large_displacement — no coordinate change (box rejection?)
Worker 25 step 200: roto_reflection — no coordinate change (box rejection?)
Worker 18 step 217: large_displacement — no coordinate change (box rejection?)
Worker 31 step 138: twist — no coordinate change (box rejection?)
Worker 18 step 218: exchange — no coordinate change (box rejection?)
Worker 25 step 201: large_displacement — no coordinate change (box rejection?)
Worker 18 step 219: large_displacement — no coordinate change (box rejection?)
Worker 25 step 202: roto_reflection — no coordinate change (box rejection?)
Worker 31 step 139: mirror — no coordinate change (box rejection?)
Worker 18 step 220: random_so3 — no coordinate change (box rejection?)
Worker 25 step 203: roto_reflection — no coordinate change (box rejection?)
Worker 18 step 221: large_displacement — no coordinate change (box rejection?)
Worker 31 step 140: large_displacement — no coordinate change (box rejection?)
Worker 25 step 204: random_so3 — no coordinate change (box rejection?)
Worker 18 step 222: twist — no coordinate change (box rejection?)
Worker 25 step 205: exchange — no coordinate change (box rejection?)
Worker 18 step 223: twist — no coordinate change (box rejection?)
Worker 31 step 141: twist — no coordinate change (box rejection?)
Worker 25 step 206: exchange — no coordinate change (box rejection?)
Worker 0 step 37: ACCEPTED exchange E=-152.053922 Ha dipole=1.4309 D
Worker 18 step 224: roto_reflection — no coordinate change (box rejection?)
Worker 25 step 207: mirror — no coordinate change (box rejection?)
Worker 31 step 142: twist — no coordinate change (box rejection?)
Worker 18 step 225: large_displacement — no coordinate change (box rejection?)
Worker 25 step 208: exchange — no coordinate change (box rejection?)
Worker 18 step 226: twist — no coordinate change (box rejection?)
Worker 25 step 209: twist — no coordinate change (box rejection?)
Worker 31 step 143: principal_axis_rotation — no coordinate change (box rejection?)
Worker 18 step 227: roto_reflection — no coordinate change (box rejection?)
Worker 25 step 210: exchange — no coordinate change (box rejection?)
Worker 18 step 228: twist — no coordinate change (box rejection?)
Worker 31 step 144: exchange — no coordinate change (box rejection?)
Worker 25 step 211: mirror — no coordinate change (box rejection?)
Worker 18 step 229: mirror — no coordinate change (box rejection?)
Worker 25 step 212: mirror — no coordinate change (box rejection?)
Worker 31 step 145: mirror — no coordinate change (box rejection?)
Worker 18 step 230: mirror — no coordinate change (box rejection?)
Worker 18 step 231: exchange — no coordinate change (box rejection?)
Worker 25 step 213: random_so3 — no coordinate change (box rejection?)
Worker 31 step 146: principal_axis_rotation — no coordinate change (box rejection?)
Worker 18 step 232: roto_reflection — no coordinate change (box rejection?)
Worker 25 step 214: twist — no coordinate change (box rejection?)
Worker 18 step 233: mirror — no coordinate change (box rejection?)
Worker 31 step 147: large_displacement — no coordinate change (box rejection?)
Worker 18 step 234: exchange — no coordinate change (box rejection?)
Worker 25 step 215: mirror — no coordinate change (box rejection?)
Worker 18 step 235: mirror — no coordinate change (box rejection?)
Worker 31 step 148: twist — no coordinate change (box rejection?)
Worker 18 step 236: mirror — no coordinate change (box rejection?)
Worker 25 step 216: random_so3 — no coordinate change (box rejection?)
Worker 18 step 237: mirror — no coordinate change (box rejection?)
Worker 31 step 149: principal_axis_rotation — no coordinate change (box rejection?)
Worker 25 step 217: exchange — no coordinate change (box rejection?)
Worker 18 step 238: twist — no coordinate change (box rejection?)
Worker 31 step 150: large_displacement — no coordinate change (box rejection?)
Worker 18 step 239: twist — no coordinate change (box rejection?)
Worker 25 step 218: large_displacement — no coordinate change (box rejection?)
Worker 18 step 240: roto_reflection — no coordinate change (box rejection?)
Worker 31 step 151: large_displacement — no coordinate change (box rejection?)
Worker 25 step 219: exchange — no coordinate change (box rejection?)
Worker 18 step 241: principal_axis_rotation — no coordinate change (box rejection?)
Worker 18 step 242: principal_axis_rotation — no coordinate change (box rejection?)
Worker 31 step 152: principal_axis_rotation — no coordinate change (box rejection?)
Worker 25 step 220: roto_reflection — no coordinate change (box rejection?)
Worker 18 step 243: principal_axis_rotation — no coordinate change (box rejection?)
Worker 31 step 153: mirror — no coordinate change (box rejection?)
Worker 18 step 244: twist — no coordinate change (box rejection?)
Worker 25 step 221: roto_reflection — no coordinate change (box rejection?)
Worker 18 step 245: large_displacement — no coordinate change (box rejection?)
Worker 31 step 154: mirror — no coordinate change (box rejection?)
Worker 18 step 246: principal_axis_rotation — no coordinate change (box rejection?)
Worker 25 step 222: twist — no coordinate change (box rejection?)
Worker 18 step 247: random_so3 — no coordinate change (box rejection?)
Worker 31 step 155: random_so3 — no coordinate change (box rejection?)
Worker 18 step 248: large_displacement — no coordinate change (box rejection?)
Worker 25 step 223: twist — no coordinate change (box rejection?)
Worker 18 step 249: random_so3 — no coordinate change (box rejection?)
Worker 25 step 224: large_displacement — no coordinate change (box rejection?)
Worker 18 step 250: random_so3 — no coordinate change (box rejection?)
Worker 31 step 156: principal_axis_rotation — no coordinate change (box rejection?)
Worker 18 step 251: mirror — no coordinate change (box rejection?)
Worker 25 step 225: random_so3 — no coordinate change (box rejection?)
Worker 31 step 157: large_displacement — no coordinate change (box rejection?)
Worker 18 step 252: roto_reflection — no coordinate change (box rejection?)
Worker 18 step 253: exchange — no coordinate change (box rejection?)
Worker 25 step 226: large_displacement — no coordinate change (box rejection?)
Worker 31 step 158: large_displacement — no coordinate change (box rejection?)
Worker 18 step 254: twist — no coordinate change (box rejection?)
Worker 25 step 227: random_so3 — no coordinate change (box rejection?)
Worker 31 step 159: large_displacement — no coordinate change (box rejection?)
Worker 18 step 255: roto_reflection — no coordinate change (box rejection?)
Worker 18 step 256: large_displacement — no coordinate change (box rejection?)
Worker 25 step 228: large_displacement — no coordinate change (box rejection?)
Worker 31 step 160: twist — no coordinate change (box rejection?)
Worker 18 step 257: principal_axis_rotation — no coordinate change (box rejection?)
Worker 25 step 229: large_displacement — no coordinate change (box rejection?)
Worker 18 step 258: mirror — no coordinate change (box rejection?)
Worker 31 step 161: principal_axis_rotation — no coordinate change (box rejection?)
Worker 25 step 230: exchange — no coordinate change (box rejection?)
Worker 18 step 259: large_displacement — no coordinate change (box rejection?)
Worker 31 step 162: large_displacement — no coordinate change (box rejection?)
Worker 18 step 260: mirror — no coordinate change (box rejection?)
Worker 25 step 231: large_displacement — no coordinate change (box rejection?)
Worker 18 step 261: roto_reflection — no coordinate change (box rejection?)
Worker 31 step 163: roto_reflection — no coordinate change (box rejection?)
Worker 25 step 232: large_displacement — no coordinate change (box rejection?)
Worker 18 step 262: exchange — no coordinate change (box rejection?)
Worker 31 step 164: principal_axis_rotation — no coordinate change (box rejection?)
Worker 18 step 263: principal_axis_rotation — no coordinate change (box rejection?)
Worker 25 step 233: twist — no coordinate change (box rejection?)
Worker 18 step 264: mirror — no coordinate change (box rejection?)
Worker 31 step 165: twist — no coordinate change (box rejection?)
Worker 25 step 234: exchange — no coordinate change (box rejection?)
Worker 18 step 265: twist — no coordinate change (box rejection?)
Worker 31 step 166: exchange — no coordinate change (box rejection?)
Worker 18 step 266: mirror — no coordinate change (box rejection?)
Worker 25 step 235: large_displacement — no coordinate change (box rejection?)
Worker 18 step 267: mirror — no coordinate change (box rejection?)
Worker 31 step 167: exchange — no coordinate change (box rejection?)
Worker 25 step 236: principal_axis_rotation — no coordinate change (box rejection?)
Worker 18 step 268: mirror — no coordinate change (box rejection?)
Worker 18 step 269: large_displacement — no coordinate change (box rejection?)
Worker 31 step 168: roto_reflection — no coordinate change (box rejection?)
Worker 25 step 237: exchange — no coordinate change (box rejection?)
Worker 18 step 270: random_so3 — no coordinate change (box rejection?)
Worker 18 step 271: large_displacement — no coordinate change (box rejection?)
Worker 31 step 169: large_displacement — no coordinate change (box rejection?)
Worker 25 step 238: principal_axis_rotation — no coordinate change (box rejection?)
Worker 18 step 272: mirror — no coordinate change (box rejection?)
Worker 31 step 170: principal_axis_rotation — no coordinate change (box rejection?)
Worker 18 step 273: mirror — no coordinate change (box rejection?)
Worker 25 step 239: twist — no coordinate change (box rejection?)
Worker 18 step 274: twist — no coordinate change (box rejection?)
Worker 31 step 171: large_displacement — no coordinate change (box rejection?)
Worker 18 step 275: twist — no coordinate change (box rejection?)
Worker 25 step 240: roto_reflection — no coordinate change (box rejection?)
Worker 31 step 172: exchange — no coordinate change (box rejection?)
Worker 18 step 276: principal_axis_rotation — no coordinate change (box rejection?)
Worker 18 step 277: random_so3 — no coordinate change (box rejection?)
Worker 25 step 241: mirror — no coordinate change (box rejection?)
Worker 31 step 173: principal_axis_rotation — no coordinate change (box rejection?)
Worker 18 step 278: exchange — no coordinate change (box rejection?)
Worker 18 step 279: twist — no coordinate change (box rejection?)
Worker 31 step 174: large_displacement — no coordinate change (box rejection?)
Worker 25 step 242: random_so3 — no coordinate change (box rejection?)
Worker 18 step 280: large_displacement — no coordinate change (box rejection?)
Worker 18 step 281: exchange — no coordinate change (box rejection?)
Worker 31 step 175: twist — no coordinate change (box rejection?)
Worker 25 step 243: roto_reflection — no coordinate change (box rejection?)
Worker 18 step 282: principal_axis_rotation — no coordinate change (box rejection?)
Worker 31 step 176: principal_axis_rotation — no coordinate change (box rejection?)
Worker 18 step 283: principal_axis_rotation — no coordinate change (box rejection?)
Worker 25 step 244: twist — no coordinate change (box rejection?)
Worker 18 step 284: exchange — no coordinate change (box rejection?)
Worker 25 step 245: exchange — no coordinate change (box rejection?)
Worker 31 step 177: roto_reflection — no coordinate change (box rejection?)
Worker 1 step 114: ACCEPTED large_displacement E=-152.055354 Ha dipole=1.5618 D
Worker 1 step 114: Box stable window 1/3 (acc=60.00%)
Worker 31 step 178: large_displacement — no coordinate change (box rejection?)
Worker 18 step 285: mirror — no coordinate change (box rejection?)
Worker 25 step 246: principal_axis_rotation — no coordinate change (box rejection?)
Worker 31 step 179: twist — no coordinate change (box rejection?)
Worker 18 step 286: large_displacement — no coordinate change (box rejection?)
Worker 1 step 115: large_displacement — no coordinate change (box rejection?)
Worker 25 step 247: mirror — no coordinate change (box rejection?)
Worker 31 step 180: random_so3 — no coordinate change (box rejection?)
Worker 18 step 287: mirror — no coordinate change (box rejection?)
Worker 1 step 116: twist — no coordinate change (box rejection?)
Worker 31 step 181: random_so3 — no coordinate change (box rejection?)
Worker 25 step 248: mirror — no coordinate change (box rejection?)
Worker 18 step 288: twist — no coordinate change (box rejection?)
Worker 31 step 182: twist — no coordinate change (box rejection?)
Worker 25 step 249: twist — no coordinate change (box rejection?)
Worker 18 step 289: twist — no coordinate change (box rejection?)
Worker 31 step 183: principal_axis_rotation — no coordinate change (box rejection?)
Worker 18 step 290: twist — no coordinate change (box rejection?)
Worker 25 step 250: roto_reflection — no coordinate change (box rejection?)
Worker 31 step 184: mirror — no coordinate change (box rejection?)
Worker 18 step 291: twist — no coordinate change (box rejection?)
Worker 25 step 251: large_displacement — no coordinate change (box rejection?)
Worker 31 step 185: twist — no coordinate change (box rejection?)
Worker 18 step 292: principal_axis_rotation — no coordinate change (box rejection?)
Worker 25 step 252: twist — no coordinate change (box rejection?)
Worker 31 step 186: twist — no coordinate change (box rejection?)
Worker 18 step 293: principal_axis_rotation — no coordinate change (box rejection?)
Worker 25 step 253: twist — no coordinate change (box rejection?)
Worker 31 step 187: principal_axis_rotation — no coordinate change (box rejection?)
Worker 18 step 294: principal_axis_rotation — no coordinate change (box rejection?)
Worker 25 step 254: twist — no coordinate change (box rejection?)
Worker 13 step 42: ACCEPTED large_displacement E=-152.053125 Ha dipole=0.5367 D
Worker 18 step 295: twist — no coordinate change (box rejection?)
Worker 31 step 188: mirror — no coordinate change (box rejection?)
Worker 25 step 255: exchange — no coordinate change (box rejection?)
Worker 31 step 189: mirror — no coordinate change (box rejection?)
Worker 18 step 296: principal_axis_rotation — no coordinate change (box rejection?)
Worker 25 step 256: mirror — no coordinate change (box rejection?)
Worker 31 step 190: twist — no coordinate change (box rejection?)
Worker 18 step 297: twist — no coordinate change (box rejection?)
Worker 25 step 257: random_so3 — no coordinate change (box rejection?)
Worker 31 step 191: large_displacement — no coordinate change (box rejection?)
Worker 18 step 298: principal_axis_rotation — no coordinate change (box rejection?)
Worker 25 step 258: mirror — no coordinate change (box rejection?)
Worker 31 step 192: twist — no coordinate change (box rejection?)
Worker 25 step 259: exchange — no coordinate change (box rejection?)
Worker 18 step 299: twist — no coordinate change (box rejection?)
Worker 18: DONE — 0/300 accepted (0.0%)
Worker 31 step 193: mirror — no coordinate change (box rejection?)
Worker 25 step 260: twist — no coordinate change (box rejection?)
Worker 31 step 194: exchange — no coordinate change (box rejection?)
Worker 25 step 261: exchange — no coordinate change (box rejection?)
Worker 36: Starting energy = -152.053442 Hartree
Worker 31 step 195: twist — no coordinate change (box rejection?)
Worker 25 step 262: twist — no coordinate change (box rejection?)
Worker 36 step 0: twist — no coordinate change (box rejection?)
Worker 31 step 196: twist — no coordinate change (box rejection?)
Worker 25 step 263: roto_reflection — no coordinate change (box rejection?)
Worker 36 step 1: twist — no coordinate change (box rejection?)
Worker 31 step 197: large_displacement — no coordinate change (box rejection?)
Worker 25 step 264: large_displacement — no coordinate change (box rejection?)
Worker 36 step 2: large_displacement — no coordinate change (box rejection?)
Worker 31 step 198: twist — no coordinate change (box rejection?)
Worker 25 step 265: principal_axis_rotation — no coordinate change (box rejection?)
Worker 36 step 3: principal_axis_rotation — no coordinate change (box rejection?)
Worker 31 step 199: mirror — no coordinate change (box rejection?)
Worker 25 step 266: mirror — no coordinate change (box rejection?)
Worker 36 step 4: mirror — no coordinate change (box rejection?)
Worker 31 step 200: mirror — no coordinate change (box rejection?)
Worker 25 step 267: large_displacement — no coordinate change (box rejection?)
Worker 36 step 5: large_displacement — no coordinate change (box rejection?)
Worker 25 step 268: random_so3 — no coordinate change (box rejection?)
Worker 31 step 201: twist — no coordinate change (box rejection?)
Worker 36 step 6: large_displacement — no coordinate change (box rejection?)
Worker 25 step 269: exchange — no coordinate change (box rejection?)
Worker 31 step 202: mirror — no coordinate change (box rejection?)
Worker 36 step 7: principal_axis_rotation — no coordinate change (box rejection?)
Worker 9 step 23: ACCEPTED principal_axis_rotation E=-152.053948 Ha dipole=1.1951 D
Worker 25 step 270: roto_reflection — no coordinate change (box rejection?)
Worker 31 step 203: large_displacement — no coordinate change (box rejection?)
Worker 9 step 24: roto_reflection — no coordinate change (box rejection?)
Worker 36 step 8: roto_reflection — no coordinate change (box rejection?)
Worker 25 step 271: roto_reflection — no coordinate change (box rejection?)
Worker 31 step 204: random_so3 — no coordinate change (box rejection?)
Worker 36 step 9: roto_reflection — no coordinate change (box rejection?)
Worker 25 step 272: roto_reflection — no coordinate change (box rejection?)
Worker 31 step 205: mirror — no coordinate change (box rejection?)
Worker 25 step 273: large_displacement — no coordinate change (box rejection?)
Worker 36 step 10: twist — no coordinate change (box rejection?)
Worker 31 step 206: principal_axis_rotation — no coordinate change (box rejection?)
Worker 25 step 274: mirror — no coordinate change (box rejection?)
Worker 36 step 11: roto_reflection — no coordinate change (box rejection?)
Worker 31 step 207: random_so3 — no coordinate change (box rejection?)
Worker 31 step 208: random_so3 — no coordinate change (box rejection?)
Worker 25 step 275: twist — no coordinate change (box rejection?)
Worker 36 step 12: principal_axis_rotation — no coordinate change (box rejection?)
Worker 31 step 209: principal_axis_rotation — no coordinate change (box rejection?)
Worker 25 step 276: large_displacement — no coordinate change (box rejection?)
Worker 31 step 210: large_displacement — no coordinate change (box rejection?)
Worker 25 step 277: mirror — no coordinate change (box rejection?)
Worker 31 step 211: roto_reflection — no coordinate change (box rejection?)
Worker 25 step 278: random_so3 — no coordinate change (box rejection?)
Worker 31 step 212: exchange — no coordinate change (box rejection?)
Worker 25 step 279: exchange — no coordinate change (box rejection?)
Worker 31 step 213: twist — no coordinate change (box rejection?)
Worker 25 step 280: mirror — no coordinate change (box rejection?)
Worker 31 step 214: twist — no coordinate change (box rejection?)
Worker 25 step 281: principal_axis_rotation — no coordinate change (box rejection?)
Worker 31 step 215: mirror — no coordinate change (box rejection?)
Worker 25 step 282: principal_axis_rotation — no coordinate change (box rejection?)
Worker 31 step 216: twist — no coordinate change (box rejection?)
Worker 25 step 283: mirror — no coordinate change (box rejection?)
Worker 25 step 284: large_displacement — no coordinate change (box rejection?)
Worker 31 step 217: twist — no coordinate change (box rejection?)
Worker 25 step 285: roto_reflection — no coordinate change (box rejection?)
Worker 31 step 218: twist — no coordinate change (box rejection?)
Worker 7 step 59: ACCEPTED large_displacement E=-152.055357 Ha dipole=0.8487 D
Worker 7 step 59: Adaptive box growth — new radius = 3.90 Å (acc=3.33%) 
Worker 7: 60/300 — accepted=2, rate=3.3%
Worker 31 step 219: large_displacement — no coordinate change (box rejection?)
Worker 25 step 286: random_so3 — no coordinate change (box rejection?)
Worker 7 step 60: large_displacement — no coordinate change (box rejection?)
Worker 31 step 220: roto_reflection — no coordinate change (box rejection?)
Worker 25 step 287: mirror — no coordinate change (box rejection?)
Worker 22 step 0: ACCEPTED random_so3 E=-152.055430 Ha dipole=0.6923 D
Worker 7 step 61: large_displacement — no coordinate change (box rejection?)
Worker 31 step 221: twist — no coordinate change (box rejection?)
Worker 25 step 288: roto_reflection — no coordinate change (box rejection?)
Worker 31 step 222: random_so3 — no coordinate change (box rejection?)
Worker 22 step 1: twist — no coordinate change (box rejection?)
Worker 25 step 289: mirror — no coordinate change (box rejection?)
Worker 31 step 223: mirror — no coordinate change (box rejection?)
Worker 22 step 2: twist — no coordinate change (box rejection?)
Worker 25 step 290: mirror — no coordinate change (box rejection?)
Worker 31 step 224: twist — no coordinate change (box rejection?)
Worker 25 step 291: twist — no coordinate change (box rejection?)
Worker 31 step 225: random_so3 — no coordinate change (box rejection?)
Worker 25 step 292: twist — no coordinate change (box rejection?)
Worker 31 step 226: large_displacement — no coordinate change (box rejection?)
Worker 25 step 293: twist — no coordinate change (box rejection?)
Worker 31 step 227: twist — no coordinate change (box rejection?)
Worker 25 step 294: exchange — no coordinate change (box rejection?)
Worker 31 step 228: principal_axis_rotation — no coordinate change (box rejection?)
Worker 25 step 295: twist — no coordinate change (box rejection?)
Worker 31 step 229: large_displacement — no coordinate change (box rejection?)
Worker 25 step 296: twist — no coordinate change (box rejection?)
Worker 31 step 230: twist — no coordinate change (box rejection?)
Worker 25 step 297: mirror — no coordinate change (box rejection?)
Worker 31 step 231: large_displacement — no coordinate change (box rejection?)
Worker 25 step 298: large_displacement — no coordinate change (box rejection?)
Worker 31 step 232: random_so3 — no coordinate change (box rejection?)
Worker 25 step 299: principal_axis_rotation — no coordinate change (box rejection?)
Worker 25: DONE — 0/300 accepted (0.0%)
Worker 31 step 233: large_displacement — no coordinate change (box rejection?)
Worker 10 step 6: ACCEPTED twist E=-152.053477 Ha dipole=0.7757 D
Worker 31 step 234: twist — no coordinate change (box rejection?)
Worker 31 step 235: mirror — no coordinate change (box rejection?)
Worker 31 step 236: random_so3 — no coordinate change (box rejection?)
Worker 31 step 237: large_displacement — no coordinate change (box rejection?)
Worker 31 step 238: twist — no coordinate change (box rejection?)
Worker 31 step 239: large_displacement — no coordinate change (box rejection?)
Worker 31 step 240: large_displacement — no coordinate change (box rejection?)
Worker 31 step 241: large_displacement — no coordinate change (box rejection?)
Worker 31 step 242: twist — no coordinate change (box rejection?)
Worker 31 step 243: large_displacement — no coordinate change (box rejection?)
Worker 31 step 244: twist — no coordinate change (box rejection?)
Worker 17 step 2: mirror — no coordinate change (box rejection?)
Worker 31 step 245: large_displacement — no coordinate change (box rejection?)
Worker 31 step 246: large_displacement — no coordinate change (box rejection?)
Worker 17 step 3: mirror — no coordinate change (box rejection?)
Worker 31 step 247: principal_axis_rotation — no coordinate change (box rejection?)
Worker 17 step 4: mirror — no coordinate change (box rejection?)
Worker 31 step 248: mirror — no coordinate change (box rejection?)
Worker 17 step 5: roto_reflection — no coordinate change (box rejection?)
Worker 31 step 249: roto_reflection — no coordinate change (box rejection?)
Worker 31 step 250: twist — no coordinate change (box rejection?)
Worker 31 step 251: mirror — no coordinate change (box rejection?)
Worker 31 step 252: principal_axis_rotation — no coordinate change (box rejection?)
Worker 31 step 253: roto_reflection — no coordinate change (box rejection?)
Worker 31 step 254: mirror — no coordinate change (box rejection?)
Worker 31 step 255: roto_reflection — no coordinate change (box rejection?)
Worker 8 step 63: ACCEPTED large_displacement E=-152.057079 Ha dipole=1.0069 D
Worker 31 step 256: roto_reflection — no coordinate change (box rejection?)
Worker 31 step 257: mirror — no coordinate change (box rejection?)
Worker 31 step 258: large_displacement — no coordinate change (box rejection?)
Worker 31 step 259: exchange — no coordinate change (box rejection?)
Worker 31 step 260: exchange — no coordinate change (box rejection?)
Worker 31 step 261: mirror — no coordinate change (box rejection?)
Worker 31 step 262: principal_axis_rotation — no coordinate change (box rejection?)
Worker 31 step 263: roto_reflection — no coordinate change (box rejection?)
Worker 31 step 264: principal_axis_rotation — no coordinate change (box rejection?)
Worker 31 step 265: roto_reflection — no coordinate change (box rejection?)
Worker 31 step 266: exchange — no coordinate change (box rejection?)
Worker 31 step 267: large_displacement — no coordinate change (box rejection?)
Worker 31 step 268: large_displacement — no coordinate change (box rejection?)
Worker 31 step 269: principal_axis_rotation — no coordinate change (box rejection?)
Worker 31 step 270: large_displacement — no coordinate change (box rejection?)
Worker 15 step 1: ACCEPTED twist E=-152.056033 Ha dipole=1.1204 D
Worker 31 step 271: roto_reflection — no coordinate change (box rejection?)
Worker 3 step 10: ACCEPTED large_displacement E=-152.052217 Ha dipole=1.2280 D
Worker 31 step 272: twist — no coordinate change (box rejection?)
Worker 31 step 273: roto_reflection — no coordinate change (box rejection?)
Worker 31 step 274: mirror — no coordinate change (box rejection?)
Worker 31 step 275: large_displacement — no coordinate change (box rejection?)
Worker 31 step 276: principal_axis_rotation — no coordinate change (box rejection?)
Worker 31 step 277: random_so3 — no coordinate change (box rejection?)
Worker 31 step 278: twist — no coordinate change (box rejection?)
Worker 34: Starting energy = -152.053709 Hartree
Worker 31 step 279: principal_axis_rotation — no coordinate change (box rejection?)
Worker 34 step 0: twist — no coordinate change (box rejection?)
Worker 31 step 280: twist — no coordinate change (box rejection?)
Worker 34 step 1: mirror — no coordinate change (box rejection?)
Worker 31 step 281: large_displacement — no coordinate change (box rejection?)
Worker 34 step 2: principal_axis_rotation — no coordinate change (box rejection?)
Worker 31 step 282: exchange — no coordinate change (box rejection?)
Worker 34 step 3: large_displacement — no coordinate change (box rejection?)
Worker 31 step 283: large_displacement — no coordinate change (box rejection?)
Worker 34 step 4: large_displacement — no coordinate change (box rejection?)
Worker 31 step 284: mirror — no coordinate change (box rejection?)
Worker 34 step 5: roto_reflection — no coordinate change (box rejection?)
Worker 31 step 285: roto_reflection — no coordinate change (box rejection?)
Worker 34 step 6: twist — no coordinate change (box rejection?)
Worker 31 step 286: large_displacement — no coordinate change (box rejection?)
Worker 39: Starting energy = -152.053519 Hartree
Worker 34 step 7: twist — no coordinate change (box rejection?)
Worker 31 step 287: large_displacement — no coordinate change (box rejection?)
Worker 34 step 8: exchange — no coordinate change (box rejection?)
Worker 39 step 0: mirror — no coordinate change (box rejection?)
Worker 31 step 288: principal_axis_rotation — no coordinate change (box rejection?)
Worker 34 step 9: random_so3 — no coordinate change (box rejection?)
Worker 39 step 1: roto_reflection — no coordinate change (box rejection?)
Worker 31 step 289: mirror — no coordinate change (box rejection?)
Worker 34 step 10: twist — no coordinate change (box rejection?)
Worker 39 step 2: roto_reflection — no coordinate change (box rejection?)
Worker 34 step 11: exchange — no coordinate change (box rejection?)
Worker 31 step 290: roto_reflection — no coordinate change (box rejection?)
Worker 39 step 3: principal_axis_rotation — no coordinate change (box rejection?)
Worker 34 step 12: twist — no coordinate change (box rejection?)
Worker 31 step 291: roto_reflection — no coordinate change (box rejection?)
Worker 34 step 13: exchange — no coordinate change (box rejection?)
Worker 31 step 292: principal_axis_rotation — no coordinate change (box rejection?)
Worker 31 step 293: twist — no coordinate change (box rejection?)
Worker 31 step 294: twist — no coordinate change (box rejection?)
Worker 31 step 295: exchange — no coordinate change (box rejection?)
Worker 37: Starting energy = -152.056047 Hartree
Worker 31 step 296: twist — no coordinate change (box rejection?)
Worker 37 step 0: twist — no coordinate change (box rejection?)
Worker 31 step 297: twist — no coordinate change (box rejection?)
Worker 37 step 1: principal_axis_rotation — no coordinate change (box rejection?)
Worker 31 step 298: exchange — no coordinate change (box rejection?)
Worker 31 step 299: large_displacement — no coordinate change (box rejection?)
Worker 37 step 2: principal_axis_rotation — no coordinate change (box rejection?)
Worker 31: DONE — 0/300 accepted (0.0%)
Worker 37 step 3: exchange — no coordinate change (box rejection?)
Worker 38: Starting energy = -152.013679 Hartree
Worker 37 step 4: roto_reflection — no coordinate change (box rejection?)
Worker 38 step 0: twist — no coordinate change (box rejection?)
Worker 37 step 5: twist — no coordinate change (box rejection?)
Worker 38 step 1: twist — no coordinate change (box rejection?)
Worker 37 step 6: roto_reflection — no coordinate change (box rejection?)
Worker 37 step 7: mirror — no coordinate change (box rejection?)
Worker 37 step 8: principal_axis_rotation — no coordinate change (box rejection?)
Worker 37 step 9: roto_reflection — no coordinate change (box rejection?)
Worker 37 step 10: roto_reflection — no coordinate change (box rejection?)
Worker 37 step 11: large_displacement — no coordinate change (box rejection?)
Worker 37 step 12: large_displacement — no coordinate change (box rejection?)
Worker 37 step 13: principal_axis_rotation — no coordinate change (box rejection?)
Worker 37 step 14: principal_axis_rotation — no coordinate change (box rejection?)
Worker 37 step 15: twist — no coordinate change (box rejection?)
Worker 35: Starting energy = -152.047414 Hartree
Worker 37 step 16: principal_axis_rotation — no coordinate change (box rejection?)
Worker 37 step 17: large_displacement — no coordinate change (box rejection?)
Worker 37 step 18: twist — no coordinate change (box rejection?)
Worker 37 step 19: mirror — no coordinate change (box rejection?)
Worker 37 step 20: mirror — no coordinate change (box rejection?)
Worker 37 step 21: mirror — no coordinate change (box rejection?)
Worker 37 step 22: twist — no coordinate change (box rejection?)
Worker 37 step 23: exchange — no coordinate change (box rejection?)
Worker 37 step 24: large_displacement — no coordinate change (box rejection?)
Worker 37 step 25: large_displacement — no coordinate change (box rejection?)
Worker 37 step 26: exchange — no coordinate change (box rejection?)
Worker 37 step 27: exchange — no coordinate change (box rejection?)
Worker 37 step 28: roto_reflection — no coordinate change (box rejection?)
Worker 37 step 29: twist — no coordinate change (box rejection?)
Worker 37 step 30: large_displacement — no coordinate change (box rejection?)
Worker 37 step 31: twist — no coordinate change (box rejection?)
Worker 37 step 32: principal_axis_rotation — no coordinate change (box rejection?)
Worker 29 step 1: ACCEPTED exchange E=-152.053073 Ha dipole=1.4307 D
Worker 33 step 1: random_so3 — no coordinate change (box rejection?)
Worker 33 step 2: exchange — no coordinate change (box rejection?)
Worker 33 step 3: exchange — no coordinate change (box rejection?)
Worker 33 step 4: roto_reflection — no coordinate change (box rejection?)
Worker 33 step 5: roto_reflection — no coordinate change (box rejection?)
Worker 24 step 0: ACCEPTED principal_axis_rotation E=-152.052895 Ha dipole=1.4634 D
Worker 24 step 1: large_displacement — no coordinate change (box rejection?)
Worker 24 step 2: roto_reflection — no coordinate change (box rejection?)
Worker 24 step 3: twist — no coordinate change (box rejection?)
Worker 24 step 4: roto_reflection — no coordinate change (box rejection?)
Worker 24 step 5: roto_reflection — no coordinate change (box rejection?)
Worker 24 step 6: mirror — no coordinate change (box rejection?)
Worker 19 step 2: twist — no coordinate change (box rejection?)
Worker 26 step 2: roto_reflection — no coordinate change (box rejection?)
Worker 0 step 38: ACCEPTED random_so3 E=-152.054727 Ha dipole=1.4641 D
Worker 0 step 39: large_displacement — no coordinate change (box rejection?)
Worker 23 step 0: ACCEPTED exchange E=-152.055158 Ha dipole=1.2890 D
Worker 12 step 28: ACCEPTED large_displacement E=-152.054950 Ha dipole=1.4926 D
Worker 12 step 29: roto_reflection — no coordinate change (box rejection?)
Worker 20 step 16: ACCEPTED random_so3 E=-152.055052 Ha dipole=0.9967 D
Worker 21 step 0: ACCEPTED principal_axis_rotation E=-152.051062 Ha dipole=1.0442 D
Worker 32 step 0: ACCEPTED large_displacement E=-152.052718 Ha dipole=1.3371 D
Worker 9 step 25: ACCEPTED principal_axis_rotation E=-152.054479 Ha dipole=1.1032 D
Worker 9 step 26: mirror — no coordinate change (box rejection?)
Worker 9 step 27: mirror — no coordinate change (box rejection?)
Worker 9 step 28: large_displacement — no coordinate change (box rejection?)
Worker 9 step 29: random_so3 — no coordinate change (box rejection?)
Worker 7 step 62: ACCEPTED large_displacement E=-152.055131 Ha dipole=0.8535 D
Worker 2 step 27: mirror — no coordinate change (box rejection?)
Worker 3 step 11: ACCEPTED large_displacement E=-152.054232 Ha dipole=1.2829 D
Worker 13 step 43: ACCEPTED principal_axis_rotation E=-152.052323 Ha dipole=0.0486 D
Worker 4 step 9: Adaptive box growth — new radius = 3.90 Å (acc=20.00%) 
Worker 4: 10/300 — accepted=2, rate=20.0%
Worker 5 step 3: ACCEPTED roto_reflection E=-152.038563 Ha dipole=1.2666 D
Worker 5 step 4: exchange — no coordinate change (box rejection?)
Worker 22 step 3: ACCEPTED exchange E=-152.054279 Ha dipole=0.6888 D
Worker 1 step 117: ACCEPTED large_displacement E=-152.056960 Ha dipole=1.5758 D
Worker 36 step 13: ACCEPTED exchange E=-152.053703 Ha dipole=1.0817 D
Worker 36 step 14: mirror — no coordinate change (box rejection?)
Worker 29 step 2: ACCEPTED large_displacement E=-152.052782 Ha dipole=1.4220 D
Worker 10 step 8: mirror — no coordinate change (box rejection?)
Worker 10 step 9: twist — no coordinate change (box rejection?)
Worker 10 step 10: mirror — no coordinate change (box rejection?)
Worker 26 step 4: roto_reflection — no coordinate change (box rejection?)
Worker 30 step 2: ACCEPTED large_displacement E=-152.048967 Ha dipole=0.4262 D
Worker 0 step 40: ACCEPTED exchange E=-152.054889 Ha dipole=1.4660 D
Worker 0 step 41: large_displacement — no coordinate change (box rejection?)
Worker 8 step 64: Adaptive box growth — new radius = 3.90 Å (acc=1.54%) 
Worker 8 step 65: twist — no coordinate change (box rejection?)
Worker 17 step 7: exchange — no coordinate change (box rejection?)
Worker 17 step 8: twist — no coordinate change (box rejection?)
Worker 15 step 2: ACCEPTED twist E=-152.056385 Ha dipole=1.0883 D
Worker 34 step 14: ACCEPTED large_displacement E=-152.053786 Ha dipole=1.2722 D
Worker 34 step 14: Adaptive box growth — new radius = 3.90 Å (acc=6.67%) 
Worker 39 step 4: ACCEPTED large_displacement E=-152.051939 Ha dipole=0.7431 D
Worker 39 step 4: Adaptive box growth — new radius = 3.90 Å (acc=20.00%) 
Worker 39 step 5: roto_reflection — no coordinate change (box rejection?)
Worker 9 step 30: ACCEPTED large_displacement E=-152.056953 Ha dipole=1.1445 D
Worker 9 step 31: roto_reflection — no coordinate change (box rejection?)
Worker 9 step 32: roto_reflection — no coordinate change (box rejection?)
Worker 9 step 33: principal_axis_rotation — no coordinate change (box rejection?)
Worker 9 step 34: mirror — no coordinate change (box rejection?)
Worker 9 step 35: mirror — no coordinate change (box rejection?)
Worker 9 step 36: mirror — no coordinate change (box rejection?)
Worker 9 step 37: mirror — no coordinate change (box rejection?)
Worker 9 step 38: roto_reflection — no coordinate change (box rejection?)
Worker 35 step 0: ACCEPTED exchange E=-152.048308 Ha dipole=1.1781 D
Worker 7 step 63: ACCEPTED large_displacement E=-152.056440 Ha dipole=0.8621 D
Worker 37 step 33: ACCEPTED principal_axis_rotation E=-152.055250 Ha dipole=0.9339 D
Worker 37 step 34: exchange — no coordinate change (box rejection?)
Worker 37 step 35: twist — no coordinate change (box rejection?)
Worker 37 step 36: exchange — no coordinate change (box rejection?)
Worker 37 step 37: exchange — no coordinate change (box rejection?)
Worker 37 step 38: twist — no coordinate change (box rejection?)
Worker 24 step 7: ACCEPTED large_displacement E=-152.053047 Ha dipole=1.4647 D
Worker 13 step 44: ACCEPTED large_displacement E=-152.052674 Ha dipole=0.0472 D
Worker 13 step 44: Adaptive box growth — new radius = 3.90 Å (acc=6.67%) 
Worker 3 step 12: ACCEPTED mirror E=-152.054232 Ha dipole=1.2829 D
Worker 3 step 13: large_displacement — no coordinate change (box rejection?)
Worker 3 step 14: twist — no coordinate change (box rejection?)
Worker 3 step 15: twist — no coordinate change (box rejection?)
Worker 12 step 30: ACCEPTED mirror E=-152.054950 Ha dipole=1.4926 D
Worker 12 step 31: roto_reflection — no coordinate change (box rejection?)
Worker 12 step 32: mirror — no coordinate change (box rejection?)
Worker 12 step 33: roto_reflection — no coordinate change (box rejection?)
Worker 12 step 34: large_displacement — no coordinate change (box rejection?)
Worker 23 step 1: ACCEPTED principal_axis_rotation E=-152.056293 Ha dipole=0.1398 D
Worker 38 step 3: ACCEPTED twist E=-152.009082 Ha dipole=1.2859 D
Worker 28 step 2: ACCEPTED large_displacement E=-152.055768 Ha dipole=0.7006 D
Worker 32 step 1: ACCEPTED exchange E=-152.055087 Ha dipole=1.3580 D
Worker 26 step 5: ACCEPTED twist E=-152.057772 Ha dipole=1.0757 D
Worker 4 step 10: ACCEPTED large_displacement E=-152.055141 Ha dipole=1.3971 D
Worker 30 step 3: ACCEPTED twist E=-152.049395 Ha dipole=1.0329 D
Worker 30 step 4: twist — no coordinate change (box rejection?)
Worker 2 step 28: ACCEPTED exchange E=-152.055684 Ha dipole=0.9459 D
Worker 36 step 15: ACCEPTED principal_axis_rotation E=-152.053714 Ha dipole=1.0828 D
Worker 5 step 5: ACCEPTED mirror E=-152.038563 Ha dipole=1.2666 D
Worker 5 step 6: roto_reflection — no coordinate change (box rejection?)
Worker 22 step 4: ACCEPTED random_so3 E=-152.054483 Ha dipole=0.7322 D
Worker 22 step 4: Box stable window 1/3 (acc=60.00%)
Worker 7 step 64: Adaptive box growth — new radius = 4.25 Å (acc=40.00%) 
Worker 35 step 1: ACCEPTED principal_axis_rotation E=-152.044644 Ha dipole=1.1473 D
Worker 35 step 2: mirror — no coordinate change (box rejection?)
Worker 1 step 118: ACCEPTED large_displacement E=-152.055415 Ha dipole=1.6038 D
Worker 13 step 45: ACCEPTED random_so3 E=-152.055702 Ha dipole=1.5022 D
Worker 10 step 11: ACCEPTED principal_axis_rotation E=-152.053801 Ha dipole=1.1539 D
Worker 29 step 3: ACCEPTED random_so3 E=-152.055691 Ha dipole=1.1942 D
Worker 10 step 12: exchange — no coordinate change (box rejection?)
Worker 34 step 15: ACCEPTED twist E=-152.053787 Ha dipole=1.2712 D
Worker 8 step 66: ACCEPTED mirror E=-152.057079 Ha dipole=1.0069 D
Worker 8 step 67: mirror — no coordinate change (box rejection?)
Worker 8 step 68: roto_reflection — no coordinate change (box rejection?)
Worker 33 step 8: large_displacement — no coordinate change (box rejection?)
Worker 19 step 4: ACCEPTED exchange E=-152.057196 Ha dipole=1.3933 D
Worker 19 step 4: Adaptive box growth — new radius = 3.90 Å (acc=20.00%) 
Worker 33 step 9: twist — no coordinate change (box rejection?)
Worker 33 step 10: mirror — no coordinate change (box rejection?)
Worker 17 step 9: Adaptive box growth — new radius = 3.90 Å (acc=0.00%) 
Worker 17: 10/300 — accepted=0, rate=0.0%
Worker 17 step 10: roto_reflection — no coordinate change (box rejection?)
Worker 17 step 11: roto_reflection — no coordinate change (box rejection?)
Worker 9 step 39: ACCEPTED mirror E=-152.056950 Ha dipole=1.1445 D
Worker 9 step 39: Adaptive box growth — new radius = 3.90 Å (acc=12.50%) 
Worker 9: 40/300 — accepted=5, rate=12.5%
Worker 6 step 58: ACCEPTED mirror E=-152.054539 Ha dipole=1.0843 D
Worker 26 step 6: ACCEPTED mirror E=-152.057771 Ha dipole=1.0748 D
Worker 37 step 39: ACCEPTED roto_reflection E=-152.053566 Ha dipole=0.5653 D
Worker 37 step 39: Adaptive box growth — new radius = 3.90 Å (acc=5.00%) 
Worker 37: 40/300 — accepted=2, rate=5.0%
Worker 37 step 40: roto_reflection — no coordinate change (box rejection?)
Worker 30 step 5: ACCEPTED principal_axis_rotation E=-152.051117 Ha dipole=1.3671 D
Worker 30 step 6: twist — no coordinate change (box rejection?)
Worker 24 step 8: ACCEPTED large_displacement E=-152.053317 Ha dipole=1.4679 D
Worker 36 step 16: ACCEPTED large_displacement E=-152.054269 Ha dipole=1.0876 D
Worker 11 step 4: mirror — no coordinate change (box rejection?)
Worker 22 step 5: ACCEPTED principal_axis_rotation E=-152.055607 Ha dipole=0.5235 D
Worker 22 step 6: mirror — no coordinate change (box rejection?)
Worker 22 step 7: twist — no coordinate change (box rejection?)
Worker 22 step 8: principal_axis_rotation — no coordinate change (box rejection?)
Worker 12 step 36: roto_reflection — no coordinate change (box rejection?)
Worker 12 step 37: mirror — no coordinate change (box rejection?)
Worker 12 step 38: roto_reflection — no coordinate change (box rejection?)
Worker 7 step 66: twist — no coordinate change (box rejection?)
Worker 7 step 67: mirror — no coordinate change (box rejection?)
Worker 7 step 68: twist — no coordinate change (box rejection?)
Worker 28 step 3: ACCEPTED large_displacement E=-152.054832 Ha dipole=0.6920 D
Worker 28 step 4: roto_reflection — no coordinate change (box rejection?)
Worker 38 step 4: ACCEPTED roto_reflection E=-152.011569 Ha dipole=0.7695 D
Worker 38 step 4: Adaptive box growth — new radius = 3.70 Å (acc=40.00%) 
Worker 23 step 2: ACCEPTED large_displacement E=-152.060372 Ha dipole=0.1637 D
Worker 21 step 3: twist — no coordinate change (box rejection?)
Worker 13 step 46: ACCEPTED large_displacement E=-152.060121 Ha dipole=1.5762 D
Worker 32 step 2: ACCEPTED principal_axis_rotation E=-152.055940 Ha dipole=1.3659 D
Worker 27 step 4: Adaptive box growth — new radius = 3.90 Å (acc=0.00%) 
Worker 27 step 5: roto_reflection — no coordinate change (box rejection?)
Worker 27 step 6: twist — no coordinate change (box rejection?)
Worker 34 step 16: ACCEPTED principal_axis_rotation E=-152.054704 Ha dipole=1.2746 D
Worker 4 step 11: ACCEPTED twist E=-152.059275 Ha dipole=1.4575 D
Worker 2 step 29: ACCEPTED principal_axis_rotation E=-152.056335 Ha dipole=0.9556 D
Worker 2 step 29: Box stable window 1/3 (acc=60.00%)
Worker 2: 30/300 — accepted=8, rate=26.7%
Worker 35 step 3: ACCEPTED twist E=-152.050267 Ha dipole=0.9533 D
Worker 35 step 4: large_displacement — no coordinate change (box rejection?)
Worker 5 step 8: exchange — no coordinate change (box rejection?)
Worker 8 step 69: ACCEPTED twist E=-152.058557 Ha dipole=0.1995 D
Worker 8 step 69: Adaptive box growth — new radius = 4.25 Å (acc=40.00%) 
Worker 8: 70/300 — accepted=3, rate=4.3%
Worker 19 step 5: ACCEPTED exchange E=-152.058833 Ha dipole=1.4653 D
Worker 26 step 7: ACCEPTED twist E=-152.059050 Ha dipole=1.3058 D
Worker 30 step 7: ACCEPTED mirror E=-152.053707 Ha dipole=0.8130 D
Worker 3 step 18: mirror — no coordinate change (box rejection?)
Worker 0 step 43: ACCEPTED random_so3 E=-152.054492 Ha dipole=1.0604 D
Worker 0 step 44: mirror — no coordinate change (box rejection?)
Worker 0 step 45: twist — no coordinate change (box rejection?)
Worker 0 step 46: mirror — no coordinate change (box rejection?)
Worker 1 step 119: ACCEPTED principal_axis_rotation E=-152.059119 Ha dipole=1.4969 D
Worker 1 step 119: Box stable window 2/3 (acc=60.00%)
Worker 1: 120/300 — accepted=10, rate=8.3%
Worker 37 step 41: ACCEPTED random_so3 E=-152.052910 Ha dipole=1.3089 D
Worker 10 step 13: ACCEPTED large_displacement E=-152.053193 Ha dipole=1.1392 D
Worker 10 step 14: roto_reflection — no coordinate change (box rejection?)
Worker 33 step 12: random_so3 — no coordinate change (box rejection?)
Worker 29 step 4: ACCEPTED twist E=-152.056708 Ha dipole=0.3099 D
Worker 39 step 7: ACCEPTED principal_axis_rotation E=-152.053796 Ha dipole=0.7520 D
Worker 39 step 8: roto_reflection — no coordinate change (box rejection?)
Worker 15 step 4: ACCEPTED exchange E=-152.055074 Ha dipole=1.0774 D
Worker 15 step 4: Box stable window 1/3 (acc=60.00%)
Worker 39 step 9: roto_reflection — no coordinate change (box rejection?)
Worker 15 step 5: large_displacement — no coordinate change (box rejection?)
Worker 39 step 10: roto_reflection — no coordinate change (box rejection?)
Worker 17 step 13: mirror — no coordinate change (box rejection?)
Worker 6 step 59: Adaptive box growth — new radius = 3.90 Å (acc=3.33%) 
Worker 6: 60/300 — accepted=2, rate=3.3%
Worker 6 step 60: roto_reflection — no coordinate change (box rejection?)
Worker 6 step 61: roto_reflection — no coordinate change (box rejection?)
Worker 36 step 17: ACCEPTED principal_axis_rotation E=-152.053261 Ha dipole=0.6624 D
Worker 7 step 69: ACCEPTED mirror E=-152.056440 Ha dipole=0.8614 D
Worker 7 step 69: Adaptive box growth — new radius = 4.89 Å (acc=20.00%) 
Worker 7: 70/300 — accepted=5, rate=7.1%
Worker 24 step 9: ACCEPTED large_displacement E=-152.053940 Ha dipole=1.4703 D
Worker 24 step 9: Adaptive box growth — new radius = 3.70 Å (acc=40.00%) 
Worker 24: 10/300 — accepted=4, rate=40.0%
Worker 13 step 47: ACCEPTED principal_axis_rotation E=-152.059421 Ha dipole=1.1403 D
Worker 11 step 5: ACCEPTED twist E=-151.902805 Ha dipole=0.4500 D
Worker 35 step 5: ACCEPTED exchange E=-152.050839 Ha dipole=0.9563 D
Worker 35 step 6: twist — no coordinate change (box rejection?)
Worker 28 step 5: ACCEPTED large_displacement E=-152.058852 Ha dipole=0.8396 D
Worker 28 step 6: roto_reflection — no coordinate change (box rejection?)
Worker 28 step 7: mirror — no coordinate change (box rejection?)
Worker 28 step 8: roto_reflection — no coordinate change (box rejection?)
Worker 28 step 9: random_so3 — no coordinate change (box rejection?)
Worker 28 step 10: twist — no coordinate change (box rejection?)
Worker 28 step 11: twist — no coordinate change (box rejection?)
Worker 22 step 9: ACCEPTED principal_axis_rotation E=-152.055449 Ha dipole=0.6649 D
Worker 22 step 9: Adaptive box growth — new radius = 3.70 Å (acc=40.00%) 
Worker 22: 10/300 — accepted=5, rate=50.0%
Worker 12 step 39: Adaptive box growth — new radius = 3.90 Å (acc=7.50%) 
Worker 12: 40/300 — accepted=3, rate=7.5%
Worker 12 step 40: twist — no coordinate change (box rejection?)
Worker 12 step 41: mirror — no coordinate change (box rejection?)
Worker 8 step 70: ACCEPTED exchange E=-152.061762 Ha dipole=0.1889 D
Worker 38 step 5: ACCEPTED mirror E=-152.011569 Ha dipole=0.7695 D
Worker 30 step 8: ACCEPTED random_so3 E=-152.052915 Ha dipole=1.4606 D
Worker 20 step 19: Adaptive box growth — new radius = 3.90 Å (acc=5.00%) 
Worker 20: 20/300 — accepted=1, rate=5.0%
Worker 20 step 20: twist — no coordinate change (box rejection?)
Worker 0 step 47: ACCEPTED random_so3 E=-152.054457 Ha dipole=1.1554 D
Worker 21 step 4: ACCEPTED twist E=-152.053802 Ha dipole=1.6524 D
Worker 21 step 4: Adaptive box growth — new radius = 3.70 Å (acc=40.00%) 
Worker 3 step 19: ACCEPTED exchange E=-152.053630 Ha dipole=1.2017 D
Worker 3 step 19: Adaptive box growth — new radius = 4.03 Å (acc=40.00%) 
Worker 3: 20/300 — accepted=8, rate=40.0%
Worker 3 step 20: twist — no coordinate change (box rejection?)
Worker 32 step 3: ACCEPTED roto_reflection E=-152.058745 Ha dipole=0.9122 D
Worker 34 step 17: ACCEPTED principal_axis_rotation E=-152.054966 Ha dipole=1.2121 D
Worker 32 step 4: twist — no coordinate change (box rejection?)
Worker 34 step 18: mirror — no coordinate change (box rejection?)
Worker 33 step 14: principal_axis_rotation — no coordinate change (box rejection?)
Worker 33 step 15: mirror — no coordinate change (box rejection?)
Worker 33 step 16: twist — no coordinate change (box rejection?)
Worker 33 step 17: twist — no coordinate change (box rejection?)
Worker 33 step 18: roto_reflection — no coordinate change (box rejection?)
Worker 37 step 42: ACCEPTED principal_axis_rotation E=-152.054035 Ha dipole=1.3167 D
Worker 27 step 7: ACCEPTED large_displacement E=-152.058091 Ha dipole=1.4062 D
Worker 37 step 43: mirror — no coordinate change (box rejection?)
Worker 27 step 8: twist — no coordinate change (box rejection?)
Worker 2 step 30: ACCEPTED exchange E=-152.056223 Ha dipole=0.9357 D
Worker 4 step 12: ACCEPTED large_displacement E=-152.056458 Ha dipole=1.4279 D
Worker 5 step 9: Adaptive box growth — new radius = 3.90 Å (acc=30.00%) 
Worker 5: 10/300 — accepted=3, rate=30.0%
Worker 19 step 7: roto_reflection — no coordinate change (box rejection?)
Worker 13 step 48: ACCEPTED twist E=-152.059738 Ha dipole=1.3169 D
Worker 1 step 120: ACCEPTED twist E=-152.060667 Ha dipole=1.3962 D
Worker 10 step 15: ACCEPTED large_displacement E=-152.052745 Ha dipole=1.1506 D
Worker 10 step 16: random_so3 — no coordinate change (box rejection?)
Worker 10 step 17: random_so3 — no coordinate change (box rejection?)
Worker 10 step 18: twist — no coordinate change (box rejection?)
Worker 10 step 19: large_displacement — no coordinate change (box rejection?)
Worker 24 step 10: ACCEPTED principal_axis_rotation E=-152.055867 Ha dipole=1.4876 D
Worker 29 step 5: ACCEPTED principal_axis_rotation E=-152.056474 Ha dipole=0.9826 D
Worker 24 step 11: roto_reflection — no coordinate change (box rejection?)
Worker 29 step 6: exchange — no coordinate change (box rejection?)
Worker 29 step 7: roto_reflection — no coordinate change (box rejection?)
Worker 29 step 8: twist — no coordinate change (box rejection?)
Worker 29 step 9: twist — no coordinate change (box rejection?)
Worker 29 step 10: twist — no coordinate change (box rejection?)
Worker 15 step 6: ACCEPTED exchange E=-152.056385 Ha dipole=1.0883 D
Worker 15 step 7: twist — no coordinate change (box rejection?)
Worker 29 step 11: twist — no coordinate change (box rejection?)
Worker 15 step 8: twist — no coordinate change (box rejection?)
Worker 29 step 12: exchange — no coordinate change (box rejection?)
Worker 29 step 13: twist — no coordinate change (box rejection?)
Worker 8 step 71: ACCEPTED large_displacement E=-152.061155 Ha dipole=0.2020 D
Worker 30 step 9: ACCEPTED twist E=-152.054388 Ha dipole=1.4338 D
Worker 30 step 9: Box stable window 1/3 (acc=60.00%)
Worker 30: 10/300 — accepted=6, rate=60.0%
Worker 26 step 9: ACCEPTED twist E=-152.061017 Ha dipole=1.2096 D
Worker 26 step 9: Adaptive box growth — new radius = 3.70 Å (acc=40.00%) 
Worker 26: 10/300 — accepted=4, rate=40.0%
Worker 39 step 11: ACCEPTED twist E=-152.051954 Ha dipole=0.7221 D
Worker 39 step 12: twist — no coordinate change (box rejection?)
Worker 6 step 62: ACCEPTED random_so3 E=-152.052306 Ha dipole=0.2115 D
Worker 17 step 14: Adaptive box growth — new radius = 4.49 Å (acc=0.00%) 
Worker 36 step 18: ACCEPTED large_displacement E=-152.053714 Ha dipole=0.6640 D
Worker 35 step 7: ACCEPTED principal_axis_rotation E=-152.051753 Ha dipole=1.0803 D
Worker 35 step 8: twist — no coordinate change (box rejection?)
Worker 37 step 44: ACCEPTED exchange E=-152.053562 Ha dipole=1.3149 D
Worker 37 step 44: Box stable window 1/3 (acc=60.00%)
Worker 37 step 45: large_displacement — no coordinate change (box rejection?)
Worker 7 step 70: ACCEPTED mirror E=-152.054376 Ha dipole=1.3752 D
Worker 38 step 6: ACCEPTED large_displacement E=-152.029863 Ha dipole=0.7903 D
Worker 11 step 7: twist — no coordinate change (box rejection?)
Worker 33 step 19: ACCEPTED mirror E=-152.048974 Ha dipole=1.0386 D
Worker 33 step 19: Adaptive box growth — new radius = 3.90 Å (acc=5.00%) 
Worker 33: 20/300 — accepted=1, rate=5.0%
Worker 33 step 20: mirror — no coordinate change (box rejection?)
Worker 22 step 10: ACCEPTED large_displacement E=-152.053988 Ha dipole=0.6667 D
Worker 32 step 5: ACCEPTED large_displacement E=-152.060138 Ha dipole=0.9267 D
Worker 32 step 6: twist — no coordinate change (box rejection?)
Worker 12 step 42: ACCEPTED principal_axis_rotation E=-152.054534 Ha dipole=1.4077 D
Worker 12 step 43: large_displacement — no coordinate change (box rejection?)
Worker 12 step 44: twist — no coordinate change (box rejection?)
Worker 28 step 13: roto_reflection — no coordinate change (box rejection?)
Worker 34 step 19: ACCEPTED principal_axis_rotation E=-152.054952 Ha dipole=1.2138 D
Worker 34: 20/300 — accepted=5, rate=25.0%
Worker 23 step 4: Box stable window 1/3 (acc=60.00%)
Worker 23 step 5: roto_reflection — no coordinate change (box rejection?)
Worker 23 step 6: roto_reflection — no coordinate change (box rejection?)
Worker 20 step 21: ACCEPTED random_so3 E=-152.057282 Ha dipole=0.7935 D
Worker 0 step 48: ACCEPTED random_so3 E=-152.054028 Ha dipole=1.4087 D
Worker 0 step 49: twist — no coordinate change (box rejection?)
Worker 0 step 50: twist — no coordinate change (box rejection?)
Worker 3 step 22: roto_reflection — no coordinate change (box rejection?)
Worker 21 step 5: ACCEPTED mirror E=-152.053802 Ha dipole=1.6524 D
Worker 21 step 6: twist — no coordinate change (box rejection?)
Worker 21 step 7: mirror — no coordinate change (box rejection?)
Worker 21 step 8: roto_reflection — no coordinate change (box rejection?)
Worker 27 step 9: Adaptive box growth — new radius = 4.49 Å (acc=20.00%) 
Worker 27: 10/300 — accepted=1, rate=10.0%
Worker 27 step 10: roto_reflection — no coordinate change (box rejection?)
Worker 4 step 13: ACCEPTED mirror E=-152.045743 Ha dipole=0.8427 D
Worker 24 step 12: ACCEPTED large_displacement E=-152.056708 Ha dipole=1.5081 D
Worker 15 step 9: Adaptive box growth — new radius = 3.90 Å (acc=20.00%) 
Worker 15: 10/300 — accepted=4, rate=40.0%
Worker 15 step 10: roto_reflection — no coordinate change (box rejection?)
Worker 13 step 49: ACCEPTED large_displacement E=-152.059615 Ha dipole=1.3341 D
Worker 13: 50/300 — accepted=8, rate=16.0%
Worker 5 step 10: ACCEPTED large_displacement E=-152.058593 Ha dipole=1.2837 D
Worker 29 step 14: ACCEPTED large_displacement E=-152.059538 Ha dipole=0.9894 D
Worker 29 step 14: Adaptive box growth — new radius = 3.90 Å (acc=20.00%) 
Worker 37 step 46: ACCEPTED large_displacement E=-152.054799 Ha dipole=1.3266 D
Worker 37 step 47: twist — no coordinate change (box rejection?)
Worker 19 step 8: ACCEPTED principal_axis_rotation E=-152.058120 Ha dipole=1.4588 D
Worker 10 step 20: ACCEPTED random_so3 E=-152.053605 Ha dipole=0.3507 D
Worker 38 step 8: roto_reflection — no coordinate change (box rejection?)
Worker 34 step 20: ACCEPTED principal_axis_rotation E=-152.054449 Ha dipole=1.2132 D
Worker 34 step 21: twist — no coordinate change (box rejection?)
Worker 9 step 42: ACCEPTED large_displacement E=-152.053707 Ha dipole=1.1241 D
Worker 32 step 7: ACCEPTED exchange E=-152.059968 Ha dipole=0.8838 D
Worker 32 step 8: large_displacement — no coordinate change (box rejection?)
Worker 32 step 9: roto_reflection — no coordinate change (box rejection?)
Worker 32 step 10: twist — no coordinate change (box rejection?)
Worker 7 step 71: ACCEPTED random_so3 E=-152.056010 Ha dipole=1.3631 D
Worker 39 step 13: ACCEPTED principal_axis_rotation E=-152.054469 Ha dipole=1.2644 D
Worker 39 step 14: mirror — no coordinate change (box rejection?)
Worker 36 step 19: ACCEPTED principal_axis_rotation E=-152.053967 Ha dipole=0.6544 D
Worker 36 step 19: Adaptive box growth — new radius = 3.90 Å (acc=30.00%) 
Worker 36: 20/300 — accepted=6, rate=30.0%
Worker 6 step 63: ACCEPTED principal_axis_rotation E=-152.055990 Ha dipole=1.4897 D
Worker 36 step 20: large_displacement — no coordinate change (box rejection?)
Worker 6 step 64: random_so3 — no coordinate change (box rejection?)
Worker 36 step 21: twist — no coordinate change (box rejection?)
Worker 35 step 9: Adaptive box growth — new radius = 3.50 Å (acc=50.00%) 
Worker 35: 10/300 — accepted=5, rate=50.0%
Worker 35 step 10: large_displacement — no coordinate change (box rejection?)
Worker 33 step 21: ACCEPTED mirror E=-152.054377 Ha dipole=1.2259 D
Worker 24 step 13: ACCEPTED large_displacement E=-152.056666 Ha dipole=1.5126 D
Worker 12 step 45: ACCEPTED exchange E=-152.054809 Ha dipole=1.4101 D
Worker 22 step 11: ACCEPTED large_displacement E=-152.055140 Ha dipole=0.6609 D
Worker 22 step 12: roto_reflection — no coordinate change (box rejection?)
Worker 22 step 13: twist — no coordinate change (box rejection?)
Worker 4 step 14: ACCEPTED twist E=-152.046681 Ha dipole=0.5391 D
Worker 28 step 14: Adaptive box growth — new radius = 3.90 Å (acc=20.00%) 
Worker 20 step 23: roto_reflection — no coordinate change (box rejection?)
Worker 0 step 51: ACCEPTED principal_axis_rotation E=-152.054342 Ha dipole=0.8103 D
Worker 0 step 52: random_so3 — no coordinate change (box rejection?)
Worker 3 step 23: ACCEPTED large_displacement E=-152.054548 Ha dipole=1.1912 D
Worker 21 step 9: Adaptive box growth — new radius = 4.25 Å (acc=20.00%) 
Worker 21: 10/300 — accepted=3, rate=30.0%
Worker 34 step 22: ACCEPTED mirror E=-152.054449 Ha dipole=1.2132 D
Worker 15 step 11: ACCEPTED twist E=-152.056177 Ha dipole=1.0468 D
Worker 15 step 12: twist — no coordinate change (box rejection?)
Worker 5 step 12: twist — no coordinate change (box rejection?)
Worker 5 step 13: mirror — no coordinate change (box rejection?)
Worker 27 step 11: ACCEPTED principal_axis_rotation E=-152.059805 Ha dipole=1.4124 D
Worker 27 step 12: mirror — no coordinate change (box rejection?)
Worker 11 step 9: ACCEPTED twist E=-151.902013 Ha dipole=0.4609 D
Worker 11 step 9: Adaptive box growth — new radius = 3.90 Å (acc=20.00%) 
Worker 11: 10/300 — accepted=2, rate=20.0%
Worker 26 step 11: ACCEPTED mirror E=-152.061017 Ha dipole=1.2096 D
Worker 26 step 12: roto_reflection — no coordinate change (box rejection?)
Worker 29 step 15: ACCEPTED large_displacement E=-152.058431 Ha dipole=0.9925 D
Worker 7 step 72: ACCEPTED exchange E=-152.055879 Ha dipole=1.3508 D
Worker 30 step 11: ACCEPTED exchange E=-152.049358 Ha dipole=1.4110 D
Worker 32 step 11: ACCEPTED random_so3 E=-152.058135 Ha dipole=1.3095 D
Worker 32 step 12: mirror — no coordinate change (box rejection?)
Worker 32 step 13: large_displacement — no coordinate change (box rejection?)
Worker 32 step 14: mirror — no coordinate change (box rejection?)
Worker 37 step 48: ACCEPTED large_displacement E=-152.054441 Ha dipole=1.3247 D
Worker 38 step 9: ACCEPTED large_displacement E=-152.053843 Ha dipole=0.7978 D
Worker 38 step 9: Box stable window 1/3 (acc=60.00%)
Worker 38: 10/300 — accepted=5, rate=50.0%
Worker 38 step 10: exchange — no coordinate change (box rejection?)
Worker 19 step 9: ACCEPTED twist E=-152.059135 Ha dipole=1.2466 D
Worker 19 step 9: Box stable window 1/3 (acc=60.00%)
Worker 19: 10/300 — accepted=4, rate=40.0%
Worker 10 step 21: ACCEPTED large_displacement E=-152.054787 Ha dipole=0.3573 D
Worker 10 step 22: twist — no coordinate change (box rejection?)
Worker 10 step 23: exchange — no coordinate change (box rejection?)
Worker 24 step 14: Box stable window 1/3 (acc=60.00%)
Worker 10 step 24: twist — no coordinate change (box rejection?)
Worker 10 step 25: mirror — no coordinate change (box rejection?)
Worker 4 step 15: ACCEPTED principal_axis_rotation E=-152.053423 Ha dipole=1.5398 D
Worker 4 step 16: roto_reflection — no coordinate change (box rejection?)
Worker 4 step 17: mirror — no coordinate change (box rejection?)
Worker 17 step 16: ACCEPTED exchange E=-152.058248 Ha dipole=1.0976 D
Worker 34 step 23: ACCEPTED principal_axis_rotation E=-152.054582 Ha dipole=1.2079 D
Worker 36 step 22: ACCEPTED twist E=-152.054032 Ha dipole=0.7613 D
Worker 20 step 24: ACCEPTED twist E=-152.057042 Ha dipole=0.5249 D
Worker 20 step 24: Adaptive box growth — new radius = 4.25 Å (acc=40.00%) 
Worker 6 step 66: twist — no coordinate change (box rejection?)
Worker 39 step 15: ACCEPTED mirror E=-152.060443 Ha dipole=1.0504 D
Worker 15 step 13: ACCEPTED mirror E=-152.056174 Ha dipole=1.0461 D
Worker 5 step 14: Adaptive box growth — new radius = 4.49 Å (acc=20.00%) 
Worker 1 step 123: ACCEPTED mirror E=-152.060660 Ha dipole=1.3959 D
Worker 12 step 46: ACCEPTED twist E=-152.054001 Ha dipole=1.5352 D
Worker 12 step 47: twist — no coordinate change (box rejection?)
Worker 12 step 48: exchange — no coordinate change (box rejection?)
Worker 22 step 14: ACCEPTED random_so3 E=-152.055014 Ha dipole=1.3452 D
Worker 22 step 14: Box stable window 1/3 (acc=60.00%)
Worker 33 step 22: ACCEPTED principal_axis_rotation E=-152.056596 Ha dipole=1.2044 D
Worker 0 step 53: ACCEPTED random_so3 E=-152.054269 Ha dipole=1.2436 D
Worker 0 step 54: exchange — no coordinate change (box rejection?)
Worker 0 step 55: exchange — no coordinate change (box rejection?)
Worker 0 step 56: roto_reflection — no coordinate change (box rejection?)
Worker 0 step 57: twist — no coordinate change (box rejection?)
Worker 23 step 8: ACCEPTED mirror E=-152.060373 Ha dipole=0.1633 D
Worker 3 step 24: ACCEPTED twist E=-152.056001 Ha dipole=0.5967 D
Worker 3 step 24: Adaptive box growth — new radius = 4.39 Å (acc=40.00%) 
Worker 2 step 33: ACCEPTED principal_axis_rotation E=-152.054877 Ha dipole=1.4617 D
Worker 21 step 10: ACCEPTED principal_axis_rotation E=-152.050157 Ha dipole=1.6347 D
Worker 4 step 18: ACCEPTED large_displacement E=-152.059333 Ha dipole=1.5127 D
Worker 38 step 11: ACCEPTED principal_axis_rotation E=-152.050451 Ha dipole=0.8156 D
Worker 38 step 12: exchange — no coordinate change (box rejection?)
Worker 38 step 13: twist — no coordinate change (box rejection?)
Worker 38 step 14: exchange — no coordinate change (box rejection?)
Worker 8 step 74: ACCEPTED exchange E=-152.059573 Ha dipole=0.2220 D
Worker 8 step 74: Box stable window 1/3 (acc=60.00%)
Worker 27 step 13: ACCEPTED large_displacement E=-152.059972 Ha dipole=1.3984 D
Worker 34 step 24: ACCEPTED principal_axis_rotation E=-152.054697 Ha dipole=1.2085 D
Worker 34 step 25: roto_reflection — no coordinate change (box rejection?)
Worker 34 step 26: twist — no coordinate change (box rejection?)
Worker 34 step 27: roto_reflection — no coordinate change (box rejection?)
Worker 34 step 28: mirror — no coordinate change (box rejection?)
Worker 34 step 29: twist — no coordinate change (box rejection?)
Worker 34 step 30: mirror — no coordinate change (box rejection?)
Worker 34 step 31: roto_reflection — no coordinate change (box rejection?)
Worker 30 step 12: ACCEPTED large_displacement E=-152.052787 Ha dipole=1.4526 D
Worker 30 step 13: mirror — no coordinate change (box rejection?)
Worker 13 step 51: ACCEPTED random_so3 E=-152.060418 Ha dipole=1.5518 D
Worker 7 step 73: ACCEPTED exchange E=-152.056010 Ha dipole=1.3631 D
Worker 15 step 14: ACCEPTED twist E=-152.056641 Ha dipole=0.7130 D
Worker 15 step 14: Box stable window 1/3 (acc=60.00%)
Worker 37 step 49: ACCEPTED exchange E=-152.055165 Ha dipole=1.3312 D
Worker 37 step 49: Box stable window 2/3 (acc=60.00%)
Worker 37: 50/300 — accepted=8, rate=16.0%
Worker 15 step 15: twist — no coordinate change (box rejection?)
Worker 15 step 16: twist — no coordinate change (box rejection?)
Worker 19 step 10: ACCEPTED roto_reflection E=-152.059950 Ha dipole=1.3208 D
Worker 10 step 26: ACCEPTED mirror E=-152.054787 Ha dipole=0.3573 D
Worker 10 step 27: twist — no coordinate change (box rejection?)
Worker 10 step 28: large_displacement — no coordinate change (box rejection?)
Worker 10 step 29: principal_axis_rotation — no coordinate change (box rejection?)
Worker 10 step 30: roto_reflection — no coordinate change (box rejection?)
Worker 10 step 31: twist — no coordinate change (box rejection?)
Worker 36 step 23: ACCEPTED large_displacement E=-152.055897 Ha dipole=0.7511 D
Worker 26 step 14: Adaptive box growth — new radius = 4.25 Å (acc=20.00%) 
Worker 9 step 44: ACCEPTED twist E=-152.056994 Ha dipole=0.5388 D
Worker 9 step 44: Adaptive box growth — new radius = 4.25 Å (acc=40.00%) 
Worker 0 step 58: ACCEPTED large_displacement E=-152.054019 Ha dipole=1.2436 D
Worker 5 step 15: ACCEPTED mirror E=-152.058588 Ha dipole=1.2844 D
Worker 20 step 25: ACCEPTED large_displacement E=-152.056388 Ha dipole=0.5240 D
Worker 24 step 16: ACCEPTED mirror E=-152.056664 Ha dipole=1.5121 D
Worker 6 step 67: ACCEPTED principal_axis_rotation E=-152.054766 Ha dipole=0.8192 D
Worker 6 step 68: roto_reflection — no coordinate change (box rejection?)
Worker 6 step 69: roto_reflection — no coordinate change (box rejection?)
Worker 35 step 12: ACCEPTED exchange E=-152.055301 Ha dipole=1.1219 D
Worker 35 step 13: twist — no coordinate change (box rejection?)
Worker 39 step 16: ACCEPTED random_so3 E=-152.061405 Ha dipole=1.0852 D
Worker 39 step 17: mirror — no coordinate change (box rejection?)
Worker 1 step 124: Adaptive box growth — new radius = 4.64 Å (acc=40.00%) 
Worker 12 step 49: ACCEPTED principal_axis_rotation E=-152.054014 Ha dipole=1.5313 D
Worker 12 step 49: Adaptive box growth — new radius = 4.25 Å (acc=40.00%) 
Worker 12: 50/300 — accepted=7, rate=14.0%
Worker 12 step 50: mirror — no coordinate change (box rejection?)
Worker 12 step 51: twist — no coordinate change (box rejection?)
Worker 12 step 52: twist — no coordinate change (box rejection?)
Worker 12 step 53: twist — no coordinate change (box rejection?)
Worker 22 step 15: ACCEPTED principal_axis_rotation E=-152.055631 Ha dipole=1.5242 D
Worker 22 step 16: twist — no coordinate change (box rejection?)
Worker 22 step 17: twist — no coordinate change (box rejection?)
Worker 3 step 25: ACCEPTED twist E=-152.057110 Ha dipole=0.7801 D
Worker 33 step 23: ACCEPTED exchange E=-152.056282 Ha dipole=1.2347 D
Worker 33 step 24: roto_reflection — no coordinate change (box rejection?)
Worker 33 step 25: roto_reflection — no coordinate change (box rejection?)
Worker 37 step 50: ACCEPTED large_displacement E=-152.054733 Ha dipole=1.3251 D
Worker 37 step 51: large_displacement — no coordinate change (box rejection?)
Worker 37 step 52: large_displacement — no coordinate change (box rejection?)
Worker 37 step 53: twist — no coordinate change (box rejection?)
Worker 28 step 17: roto_reflection — no coordinate change (box rejection?)
Worker 28 step 18: roto_reflection — no coordinate change (box rejection?)
Worker 15 step 17: ACCEPTED exchange E=-152.054464 Ha dipole=0.7020 D
Worker 4 step 19: ACCEPTED principal_axis_rotation E=-152.058511 Ha dipole=1.5093 D
Worker 4 step 19: Box stable window 1/3 (acc=60.00%)
Worker 4: 20/300 — accepted=10, rate=50.0%
Worker 23 step 9: Adaptive box growth — new radius = 3.90 Å (acc=20.00%) 
Worker 23: 10/300 — accepted=4, rate=40.0%
Worker 23 step 10: mirror — no coordinate change (box rejection?)
Worker 7 step 74: ACCEPTED roto_reflection E=-152.054069 Ha dipole=0.5486 D
Worker 2 step 34: ACCEPTED random_so3 E=-152.053023 Ha dipole=0.9560 D
Worker 2 step 34: Box stable window 2/3 (acc=60.00%)
Worker 10 step 32: ACCEPTED principal_axis_rotation E=-152.054439 Ha dipole=1.1305 D
Worker 10 step 33: mirror — no coordinate change (box rejection?)
Worker 10 step 34: large_displacement — no coordinate change (box rejection?)
Worker 10 step 35: roto_reflection — no coordinate change (box rejection?)
Worker 10 step 36: roto_reflection — no coordinate change (box rejection?)
Worker 36 step 24: ACCEPTED large_displacement E=-152.054782 Ha dipole=0.7581 D
Worker 36 step 24: Box stable window 1/3 (acc=60.00%)
Worker 36 step 25: twist — no coordinate change (box rejection?)
Worker 36 step 26: exchange — no coordinate change (box rejection?)
Worker 27 step 14: Adaptive box growth — new radius = 4.89 Å (acc=40.00%) 
Worker 30 step 14: ACCEPTED twist E=-152.052428 Ha dipole=1.4657 D
Worker 30 step 14: Box stable window 2/3 (acc=60.00%)
Worker 13 step 52: ACCEPTED principal_axis_rotation E=-152.059769 Ha dipole=1.5434 D
Worker 19 step 11: ACCEPTED principal_axis_rotation E=-152.057679 Ha dipole=1.2896 D
Worker 32 step 16: ACCEPTED exchange E=-152.059690 Ha dipole=1.3568 D
Worker 32 step 17: twist — no coordinate change (box rejection?)
Worker 5 step 16: ACCEPTED mirror E=-152.058588 Ha dipole=1.2844 D
Worker 0 step 59: ACCEPTED large_displacement E=-152.053942 Ha dipole=1.2462 D
Worker 0 step 59: Adaptive box growth — new radius = 4.16 Å (acc=44.00%) 
Worker 0: 60/300 — accepted=20, rate=33.3%
Worker 21 step 13: twist — no coordinate change (box rejection?)
Worker 26 step 15: ACCEPTED mirror E=-152.061017 Ha dipole=1.2096 D
Worker 37 step 54: ACCEPTED principal_axis_rotation E=-152.054723 Ha dipole=1.2843 D
Worker 37 step 54: Adaptive box growth — new radius = 4.25 Å (acc=40.00%) 
Worker 37 step 55: mirror — no coordinate change (box rejection?)
Worker 34 step 33: ACCEPTED twist E=-152.054774 Ha dipole=1.2179 D
Worker 20 step 26: ACCEPTED large_displacement E=-152.055578 Ha dipole=0.5218 D
Worker 17 step 18: ACCEPTED large_displacement E=-152.059079 Ha dipole=0.9996 D
Worker 28 step 19: Adaptive box growth — new radius = 4.49 Å (acc=0.00%) 
Worker 28: 20/300 — accepted=3, rate=15.0%
Worker 24 step 18: mirror — no coordinate change (box rejection?)
Worker 6 step 70: ACCEPTED principal_axis_rotation E=-152.053729 Ha dipole=1.4064 D
Worker 10 step 37: ACCEPTED large_displacement E=-152.053572 Ha dipole=1.1224 D
Worker 10 step 38: roto_reflection — no coordinate change (box rejection?)
Worker 35 step 14: Adaptive box growth — new radius = 4.02 Å (acc=20.00%) 
Worker 22 step 18: ACCEPTED roto_reflection E=-152.055802 Ha dipole=1.6071 D
Worker 15 step 18: ACCEPTED exchange E=-152.056641 Ha dipole=0.7130 D
Worker 1 step 126: twist — no coordinate change (box rejection?)
Worker 12 step 54: ACCEPTED large_displacement E=-152.054453 Ha dipole=1.5357 D
Worker 12 step 54: Adaptive box growth — new radius = 4.89 Å (acc=20.00%) 
Worker 3 step 26: ACCEPTED large_displacement E=-152.057394 Ha dipole=0.7826 D
Worker 33 step 26: ACCEPTED random_so3 E=-152.057211 Ha dipole=1.3572 D
Worker 33 step 27: mirror — no coordinate change (box rejection?)
Worker 33 step 28: mirror — no coordinate change (box rejection?)
Worker 5 step 17: ACCEPTED twist E=-152.059270 Ha dipole=1.2131 D
Worker 30 step 15: ACCEPTED random_so3 E=-152.052392 Ha dipole=1.2034 D
Worker 19 step 12: ACCEPTED twist E=-152.057325 Ha dipole=1.2885 D
Worker 7 step 75: ACCEPTED large_displacement E=-152.053744 Ha dipole=0.5463 D
Worker 38 step 16: ACCEPTED twist E=-152.053747 Ha dipole=0.4899 D
Worker 37 step 56: ACCEPTED exchange E=-152.054721 Ha dipole=1.2836 D
Worker 2 step 35: ACCEPTED mirror E=-152.053023 Ha dipole=0.9560 D
Worker 36 step 27: ACCEPTED mirror E=-152.054782 Ha dipole=0.7571 D
Worker 2 step 36: roto_reflection — no coordinate change (box rejection?)
Worker 36 step 28: exchange — no coordinate change (box rejection?)
Worker 2 step 37: twist — no coordinate change (box rejection?)
Worker 36 step 29: exchange — no coordinate change (box rejection?)
Worker 36 step 30: roto_reflection — no coordinate change (box rejection?)
Worker 36 step 31: mirror — no coordinate change (box rejection?)
Worker 29 step 18: ACCEPTED large_displacement E=-152.058637 Ha dipole=0.9897 D
Worker 29 step 19: twist — no coordinate change (box rejection?)
Worker 13 step 53: ACCEPTED principal_axis_rotation E=-152.059885 Ha dipole=1.5749 D
Worker 13 step 54: mirror — no coordinate change (box rejection?)
Worker 28 step 20: ACCEPTED twist E=-152.054087 Ha dipole=0.3856 D
Worker 27 step 15: ACCEPTED large_displacement E=-152.058747 Ha dipole=1.4080 D
Worker 32 step 18: ACCEPTED exchange E=-152.058135 Ha dipole=1.3095 D
Worker 39 step 19: Adaptive box growth — new radius = 4.41 Å (acc=33.33%) 
Worker 39: 20/300 — accepted=6, rate=30.0%
Worker 39 step 20: mirror — no coordinate change (box rejection?)
Worker 15 step 19: Adaptive box growth — new radius = 4.25 Å (acc=40.00%) 
Worker 15: 20/300 — accepted=9, rate=45.0%
Worker 20 step 27: ACCEPTED twist E=-152.055080 Ha dipole=0.5791 D
Worker 12 step 55: ACCEPTED roto_reflection E=-152.052865 Ha dipole=0.5079 D
Worker 0 step 61: roto_reflection — no coordinate change (box rejection?)
Worker 0 step 62: mirror — no coordinate change (box rejection?)
Worker 21 step 14: ACCEPTED mirror E=-152.050157 Ha dipole=1.6347 D
Worker 21 step 14: Adaptive box growth — new radius = 4.64 Å (acc=40.00%) 
Worker 34 step 34: ACCEPTED exchange E=-152.053591 Ha dipole=1.2134 D
Worker 34 step 34: Adaptive box growth — new radius = 4.49 Å (acc=20.00%) 
Worker 9 step 46: ACCEPTED large_displacement E=-152.057516 Ha dipole=0.5386 D
Worker 17 step 19: ACCEPTED roto_reflection E=-152.057969 Ha dipole=1.6122 D
Worker 17 step 19: Box stable window 1/3 (acc=60.00%)
Worker 17: 20/300 — accepted=3, rate=15.0%
Worker 24 step 19: ACCEPTED large_displacement E=-152.056137 Ha dipole=1.5027 D
Worker 24 step 19: Adaptive box growth — new radius = 4.03 Å (acc=40.00%) 
Worker 24: 20/300 — accepted=9, rate=45.0%
Worker 17 step 20: twist — no coordinate change (box rejection?)
Worker 10 step 39: ACCEPTED principal_axis_rotation E=-152.054300 Ha dipole=1.1234 D
Worker 10 step 39: Adaptive box growth — new radius = 3.90 Å (acc=27.50%) 
Worker 10: 40/300 — accepted=11, rate=27.5%
Worker 6 step 71: ACCEPTED mirror E=-152.053729 Ha dipole=1.4064 D
Worker 6 step 72: mirror — no coordinate change (box rejection?)
Worker 6 step 73: mirror — no coordinate change (box rejection?)
Worker 6 step 74: twist — no coordinate change (box rejection?)
Worker 6 step 75: large_displacement — no coordinate change (box rejection?)
Worker 6 step 76: roto_reflection — no coordinate change (box rejection?)
Worker 35 step 15: ACCEPTED principal_axis_rotation E=-152.056580 Ha dipole=1.1196 D
Worker 6 step 77: mirror — no coordinate change (box rejection?)
Worker 6 step 78: twist — no coordinate change (box rejection?)
Worker 6 step 79: twist — no coordinate change (box rejection?)
Worker 6 step 80: roto_reflection — no coordinate change (box rejection?)
Worker 6 step 81: roto_reflection — no coordinate change (box rejection?)
Worker 6 step 82: twist — no coordinate change (box rejection?)
Worker 6 step 83: twist — no coordinate change (box rejection?)
Worker 6 step 84: twist — no coordinate change (box rejection?)
Worker 22 step 19: ACCEPTED random_so3 E=-152.052740 Ha dipole=0.6464 D
Worker 22 step 19: Box stable window 2/3 (acc=60.00%)
Worker 22: 20/300 — accepted=11, rate=55.0%
Worker 22 step 20: exchange — no coordinate change (box rejection?)
Worker 37 step 57: ACCEPTED large_displacement E=-152.054316 Ha dipole=1.2793 D
Worker 37 step 58: twist — no coordinate change (box rejection?)
Worker 37 step 59: roto_reflection — no coordinate change (box rejection?)
Worker 37 step 60: mirror — no coordinate change (box rejection?)
Worker 23 step 13: twist — no coordinate change (box rejection?)
Worker 3 step 27: ACCEPTED roto_reflection E=-152.056288 Ha dipole=0.4985 D
Worker 13 step 56: twist — no coordinate change (box rejection?)
Worker 33 step 29: ACCEPTED twist E=-152.057666 Ha dipole=1.2405 D
Worker 33 step 29: Adaptive box growth — new radius = 4.02 Å (acc=50.00%) 
Worker 33: 30/300 — accepted=6, rate=20.0%
Worker 8 step 77: ACCEPTED large_displacement E=-152.060385 Ha dipole=0.2012 D
Worker 33 step 30: large_displacement — no coordinate change (box rejection?)
Worker 8 step 78: roto_reflection — no coordinate change (box rejection?)
Worker 8 step 79: large_displacement — no coordinate change (box rejection?)
Worker 19 step 14: twist — no coordinate change (box rejection?)
Worker 19 step 15: mirror — no coordinate change (box rejection?)
Worker 19 step 16: roto_reflection — no coordinate change (box rejection?)
Worker 19 step 17: mirror — no coordinate change (box rejection?)
Worker 15 step 20: ACCEPTED exchange E=-152.054464 Ha dipole=0.7020 D
Worker 4 step 21: ACCEPTED mirror E=-152.058511 Ha dipole=1.5093 D
Worker 4 step 22: mirror — no coordinate change (box rejection?)
Worker 4 step 23: mirror — no coordinate change (box rejection?)
Worker 30 step 16: ACCEPTED random_so3 E=-152.055690 Ha dipole=0.8181 D
Worker 7 step 76: ACCEPTED principal_axis_rotation E=-152.054339 Ha dipole=1.3668 D
Worker 7 step 77: mirror — no coordinate change (box rejection?)
Worker 1 step 128: ACCEPTED mirror E=-152.060660 Ha dipole=1.3959 D
Worker 1 step 129: roto_reflection — no coordinate change (box rejection?)
Worker 36 step 32: ACCEPTED principal_axis_rotation E=-152.054742 Ha dipole=1.1349 D
Worker 2 step 38: ACCEPTED random_so3 E=-152.055467 Ha dipole=1.5193 D
Worker 12 step 56: ACCEPTED twist E=-152.052910 Ha dipole=0.5642 D
Worker 12 step 57: large_displacement — no coordinate change (box rejection?)
Worker 21 step 15: ACCEPTED random_so3 E=-152.059550 Ha dipole=0.6920 D
Worker 21 step 16: roto_reflection — no coordinate change (box rejection?)
Worker 21 step 17: twist — no coordinate change (box rejection?)
Worker 24 step 20: ACCEPTED mirror E=-152.056137 Ha dipole=1.5027 D
Worker 24 step 21: twist — no coordinate change (box rejection?)
Worker 24 step 22: roto_reflection — no coordinate change (box rejection?)
Worker 9 step 47: ACCEPTED mirror E=-152.057516 Ha dipole=0.5386 D
Worker 32 step 19: ACCEPTED twist E=-152.058151 Ha dipole=1.3074 D
Worker 32 step 19: Adaptive box growth — new radius = 3.50 Å (acc=50.00%) 
Worker 32: 20/300 — accepted=10, rate=50.0%
Worker 32 step 20: twist — no coordinate change (box rejection?)
Worker 0 step 63: ACCEPTED large_displacement E=-152.052314 Ha dipole=1.2396 D
Worker 0 step 64: mirror — no coordinate change (box rejection?)
Worker 0 step 65: roto_reflection — no coordinate change (box rejection?)
Worker 20 step 28: ACCEPTED exchange E=-152.054636 Ha dipole=0.5702 D
Worker 17 step 21: ACCEPTED twist E=-152.059523 Ha dipole=1.4875 D
Worker 34 step 35: ACCEPTED exchange E=-152.054774 Ha dipole=1.2179 D
Worker 11 step 14: Adaptive box growth — new radius = 4.49 Å (acc=0.00%) 
Worker 35 step 16: ACCEPTED large_displacement E=-152.059187 Ha dipole=1.0916 D
Worker 35 step 17: mirror — no coordinate change (box rejection?)
Worker 5 step 19: ACCEPTED large_displacement E=-152.057061 Ha dipole=1.2186 D
Worker 5: 20/300 — accepted=8, rate=40.0%
Worker 10 step 40: ACCEPTED principal_axis_rotation E=-152.053326 Ha dipole=1.0386 D
Worker 23 step 14: Adaptive box growth — new radius = 4.49 Å (acc=0.00%) 
Worker 10 step 41: twist — no coordinate change (box rejection?)
Worker 10 step 42: twist — no coordinate change (box rejection?)
Worker 37 step 61: ACCEPTED mirror E=-152.053769 Ha dipole=0.9861 D
Worker 6 step 85: ACCEPTED principal_axis_rotation E=-152.053616 Ha dipole=1.4036 D
Worker 6 step 86: mirror — no coordinate change (box rejection?)
Worker 2 step 39: ACCEPTED twist E=-152.055601 Ha dipole=1.2242 D
Worker 2 step 39: Box stable window 3/3 (acc=60.00%)
Worker 2 step 39: Box growth stabilized after 3 windows. Stopping growth.
Worker 2: 40/300 — accepted=14, rate=35.0%
Worker 2 step 40: mirror — no coordinate change (box rejection?)
Worker 22 step 21: ACCEPTED twist E=-152.052833 Ha dipole=0.7017 D
Worker 33 step 31: ACCEPTED mirror E=-152.057666 Ha dipole=1.2405 D
Worker 19 step 19: roto_reflection — no coordinate change (box rejection?)
Worker 36 step 33: ACCEPTED mirror E=-152.054742 Ha dipole=1.1349 D
Worker 36 step 34: roto_reflection — no coordinate change (box rejection?)
Worker 0 step 66: ACCEPTED large_displacement E=-152.054418 Ha dipole=1.2333 D
Worker 30 step 17: ACCEPTED principal_axis_rotation E=-152.053296 Ha dipole=1.2214 D
Worker 0 step 67: mirror — no coordinate change (box rejection?)
Worker 30 step 18: large_displacement — no coordinate change (box rejection?)
Worker 30 step 19: large_displacement — no coordinate change (box rejection?)
Worker 0 step 68: twist — no coordinate change (box rejection?)
Worker 30 step 20: roto_reflection — no coordinate change (box rejection?)
Worker 4 step 24: ACCEPTED principal_axis_rotation E=-152.058545 Ha dipole=1.5091 D
Worker 4 step 24: Adaptive box growth — new radius = 4.25 Å (acc=40.00%) 
Worker 7 step 78: ACCEPTED random_so3 E=-152.054590 Ha dipole=0.1579 D
Worker 4 step 25: roto_reflection — no coordinate change (box rejection?)
Worker 1 step 131: roto_reflection — no coordinate change (box rejection?)
Worker 12 step 58: ACCEPTED twist E=-152.052938 Ha dipole=1.0006 D
Worker 12 step 59: mirror — no coordinate change (box rejection?)
Worker 21 step 18: ACCEPTED twist E=-152.059397 Ha dipole=0.6183 D
Worker 29 step 21: ACCEPTED principal_axis_rotation E=-152.058637 Ha dipole=0.9885 D
Worker 32 step 21: ACCEPTED random_so3 E=-152.059622 Ha dipole=0.6497 D
Worker 35 step 18: ACCEPTED random_so3 E=-152.058772 Ha dipole=0.3896 D
Worker 35 step 19: twist — no coordinate change (box rejection?)
Worker 20: 30/300 — accepted=7, rate=23.3%
Worker 37 step 62: ACCEPTED exchange E=-152.053818 Ha dipole=0.9848 D
Worker 24 step 23: ACCEPTED mirror E=-152.056137 Ha dipole=1.5027 D
Worker 39 step 23: twist — no coordinate change (box rejection?)
Worker 6 step 87: ACCEPTED mirror E=-152.054623 Ha dipole=0.7790 D
Worker 6 step 88: roto_reflection — no coordinate change (box rejection?)
Worker 2 step 42: roto_reflection — no coordinate change (box rejection?)
Worker 17 step 22: ACCEPTED exchange E=-152.058605 Ha dipole=1.4810 D
Worker 34 step 36: ACCEPTED large_displacement E=-152.056731 Ha dipole=1.2300 D
Worker 11 step 15: ACCEPTED mirror E=-151.902014 Ha dipole=0.4609 D
Worker 5 step 20: ACCEPTED principal_axis_rotation E=-152.058200 Ha dipole=1.2347 D
Worker 5 step 21: exchange — no coordinate change (box rejection?)
Worker 5 step 22: exchange — no coordinate change (box rejection?)
Worker 5 step 23: exchange — no coordinate change (box rejection?)
Worker 5 step 24: exchange — no coordinate change (box rejection?)
Worker 27 step 18: ACCEPTED large_displacement E=-152.055776 Ha dipole=1.3653 D
Worker 30 step 21: ACCEPTED random_so3 E=-152.053453 Ha dipole=1.2875 D
Worker 0 step 69: ACCEPTED exchange E=-152.052879 Ha dipole=1.2241 D
Worker 0 step 69: Adaptive box growth — new radius = 4.78 Å (acc=30.00%) 
Worker 0: 70/300 — accepted=23, rate=32.9%
Worker 30 step 22: roto_reflection — no coordinate change (box rejection?)
Worker 30 step 23: exchange — no coordinate change (box rejection?)
Worker 30 step 24: twist — no coordinate change (box rejection?)
Worker 10 step 43: ACCEPTED twist E=-152.053101 Ha dipole=0.9619 D
Worker 10 step 44: twist — no coordinate change (box rejection?)
Worker 10 step 45: twist — no coordinate change (box rejection?)
Worker 10 step 46: twist — no coordinate change (box rejection?)
Worker 26 step 19: Adaptive box growth — new radius = 4.89 Å (acc=20.00%) 
Worker 26: 20/300 — accepted=6, rate=30.0%
Worker 22 step 22: ACCEPTED mirror E=-152.052832 Ha dipole=0.7024 D
Worker 22 step 23: mirror — no coordinate change (box rejection?)
Worker 3 step 29: ACCEPTED large_displacement E=-152.054287 Ha dipole=0.4802 D
Worker 3: 30/300 — accepted=14, rate=46.7%
Worker 21 step 19: ACCEPTED mirror E=-152.059397 Ha dipole=0.6184 D
Worker 21 step 19: Box stable window 1/3 (acc=60.00%)
Worker 21: 20/300 — accepted=8, rate=40.0%
Worker 38 step 19: ACCEPTED mirror E=-152.047225 Ha dipole=1.4765 D
Worker 38 step 19: Adaptive box growth — new radius = 4.25 Å (acc=30.00%) 
Worker 38: 20/300 — accepted=8, rate=40.0%
Worker 37 step 63: ACCEPTED exchange E=-152.053769 Ha dipole=0.9861 D
Worker 37 step 64: random_so3 — no coordinate change (box rejection?)
Worker 37 step 65: twist — no coordinate change (box rejection?)
Worker 20 step 30: ACCEPTED mirror E=-152.054635 Ha dipole=0.5710 D
Worker 20 step 31: twist — no coordinate change (box rejection?)
Worker 15 step 22: ACCEPTED mirror E=-152.052650 Ha dipole=1.4153 D
Worker 33 step 32: ACCEPTED roto_reflection E=-152.056602 Ha dipole=0.2607 D
Worker 33 step 33: large_displacement — no coordinate change (box rejection?)
Worker 36 step 35: ACCEPTED mirror E=-152.054742 Ha dipole=1.1349 D
Worker 19 step 20: ACCEPTED random_so3 E=-152.055872 Ha dipole=0.5630 D
Worker 7 step 79: ACCEPTED twist E=-152.054957 Ha dipole=0.4582 D
Worker 7: 80/300 — accepted=14, rate=17.5%
Worker 12 step 60: ACCEPTED mirror E=-152.052938 Ha dipole=1.0006 D
Worker 23 step 17: mirror — no coordinate change (box rejection?)
Worker 39 step 24: Adaptive box growth — new radius = 5.07 Å (acc=0.00%) 
Worker 28 step 24: ACCEPTED large_displacement E=-152.057652 Ha dipole=0.3915 D
Worker 28 step 24: Adaptive box growth — new radius = 4.89 Å (acc=40.00%) 
Worker 24 step 24: ACCEPTED exchange E=-152.056776 Ha dipole=1.5167 D
Worker 24 step 24: Box stable window 1/3 (acc=60.00%)
Worker 0 step 71: mirror — no coordinate change (box rejection?)
Worker 27 step 19: ACCEPTED mirror E=-152.058798 Ha dipole=0.9138 D
Worker 27 step 19: Box stable window 1/3 (acc=60.00%)
Worker 27: 20/300 — accepted=6, rate=30.0%
Worker 9 step 49: ACCEPTED twist E=-152.058417 Ha dipole=0.9056 D
Worker 9 step 49: Box stable window 1/3 (acc=60.00%)
Worker 9: 50/300 — accepted=10, rate=20.0%
Worker 20 step 32: ACCEPTED exchange E=-152.055079 Ha dipole=0.5798 D
Worker 37 step 66: ACCEPTED large_displacement E=-152.053672 Ha dipole=0.9856 D
Worker 37 step 67: twist — no coordinate change (box rejection?)
Worker 6 step 89: ACCEPTED principal_axis_rotation E=-152.054018 Ha dipole=0.7803 D
Worker 6 step 89: Adaptive box growth — new radius = 4.49 Å (acc=26.67%) 
Worker 6: 90/300 — accepted=10, rate=11.1%
Worker 37 step 68: large_displacement — no coordinate change (box rejection?)
Worker 37 step 69: twist — no coordinate change (box rejection?)
Worker 2 step 43: ACCEPTED random_so3 E=-152.055895 Ha dipole=1.2575 D
Worker 17 step 23: ACCEPTED random_so3 E=-152.060780 Ha dipole=1.4990 D
Worker 30 step 25: ACCEPTED mirror E=-152.053455 Ha dipole=1.2871 D
Worker 30 step 26: mirror — no coordinate change (box rejection?)
Worker 30 step 27: roto_reflection — no coordinate change (box rejection?)
Worker 30 step 28: twist — no coordinate change (box rejection?)
Worker 11 step 17: large_displacement — no coordinate change (box rejection?)
Worker 10 step 47: ACCEPTED large_displacement E=-152.053151 Ha dipole=0.9569 D
Worker 13 step 59: Adaptive box growth — new radius = 4.49 Å (acc=30.00%) 
Worker 13: 60/300 — accepted=11, rate=18.3%
Worker 26 step 20: ACCEPTED large_displacement E=-152.060052 Ha dipole=1.1813 D
Worker 4 step 27: ACCEPTED large_displacement E=-152.057283 Ha dipole=1.4725 D
Worker 4 step 28: mirror — no coordinate change (box rejection?)
Worker 4 step 29: twist — no coordinate change (box rejection?)
Worker 22 step 24: ACCEPTED twist E=-152.053017 Ha dipole=0.9175 D
Worker 22 step 24: Box stable window 3/3 (acc=60.00%)
Worker 22 step 24: Box growth stabilized after 3 windows. Stopping growth.
Worker 3 step 30: ACCEPTED principal_axis_rotation E=-152.060068 Ha dipole=1.4801 D
Worker 28 step 25: ACCEPTED mirror E=-152.057652 Ha dipole=0.3915 D
Worker 21 step 20: ACCEPTED mirror E=-152.059397 Ha dipole=0.6183 D
Worker 38 step 21: twist — no coordinate change (box rejection?)
Worker 36 step 36: ACCEPTED large_displacement E=-152.054907 Ha dipole=1.1369 D
Worker 33 step 34: ACCEPTED twist E=-152.058470 Ha dipole=1.2042 D
Worker 33 step 34: Box stable window 1/3 (acc=60.00%)
Worker 15 step 23: ACCEPTED roto_reflection E=-152.052753 Ha dipole=1.3783 D
Worker 19 step 22: roto_reflection — no coordinate change (box rejection?)
Worker 29 step 24: twist — no coordinate change (box rejection?)
Worker 19 step 23: large_displacement — no coordinate change (box rejection?)
Worker 19 step 24: roto_reflection — no coordinate change (box rejection?)
Worker 24 step 25: ACCEPTED twist E=-152.057180 Ha dipole=1.2709 D
Worker 7 step 80: ACCEPTED twist E=-152.055002 Ha dipole=0.9558 D
Worker 7 step 81: twist — no coordinate change (box rejection?)
Worker 37 step 70: ACCEPTED exchange E=-152.053912 Ha dipole=0.9854 D
Worker 37 step 71: twist — no coordinate change (box rejection?)
Worker 37 step 72: twist — no coordinate change (box rejection?)
Worker 37 step 73: twist — no coordinate change (box rejection?)
Worker 12 step 62: twist — no coordinate change (box rejection?)
Worker 12 step 63: twist — no coordinate change (box rejection?)
Worker 12 step 64: mirror — no coordinate change (box rejection?)
Worker 17 step 24: ACCEPTED principal_axis_rotation E=-152.060722 Ha dipole=1.6361 D
Worker 20 step 33: ACCEPTED large_displacement E=-152.052928 Ha dipole=0.5739 D
Worker 32 step 23: ACCEPTED principal_axis_rotation E=-152.057398 Ha dipole=1.3745 D
Worker 32 step 24: roto_reflection — no coordinate change (box rejection?)
Worker 35 step 22: roto_reflection — no coordinate change (box rejection?)
Worker 23 step 19: Adaptive box growth — new radius = 5.16 Å (acc=0.00%) 
Worker 23: 20/300 — accepted=4, rate=20.0%
Worker 0 step 73: twist — no coordinate change (box rejection?)
Worker 9 step 50: ACCEPTED large_displacement E=-152.060715 Ha dipole=0.8734 D
Worker 28 step 26: ACCEPTED mirror E=-152.057652 Ha dipole=0.3915 D
Worker 6 step 90: ACCEPTED principal_axis_rotation E=-152.055353 Ha dipole=1.3190 D
Worker 33 step 35: ACCEPTED mirror E=-152.058470 Ha dipole=1.2042 D
Worker 36 step 37: ACCEPTED large_displacement E=-152.056785 Ha dipole=1.1287 D
Worker 30 step 29: ACCEPTED large_displacement E=-152.053793 Ha dipole=1.2950 D
Worker 30 step 29: Adaptive box growth — new radius = 3.70 Å (acc=40.00%) 
Worker 30: 30/300 — accepted=15, rate=50.0%
Worker 30 step 30: mirror — no coordinate change (box rejection?)
Worker 24 step 27: large_displacement — no coordinate change (box rejection?)
Worker 10 step 48: ACCEPTED exchange E=-152.052774 Ha dipole=0.9581 D
Worker 10 step 49: twist — no coordinate change (box rejection?)
Worker 10 step 50: twist — no coordinate change (box rejection?)
Worker 7 step 82: ACCEPTED twist E=-152.054619 Ha dipole=1.4526 D
Worker 26 step 21: ACCEPTED mirror E=-152.060052 Ha dipole=1.1812 D
Worker 4 step 30: ACCEPTED exchange E=-152.056352 Ha dipole=1.4527 D
Worker 4 step 31: mirror — no coordinate change (box rejection?)
Worker 22 step 25: ACCEPTED principal_axis_rotation E=-152.053345 Ha dipole=0.9159 D
Worker 22 step 26: twist — no coordinate change (box rejection?)
Worker 38 step 23: roto_reflection — no coordinate change (box rejection?)
Worker 17 step 25: ACCEPTED twist E=-152.060612 Ha dipole=1.6594 D
Worker 39 step 27: mirror — no coordinate change (box rejection?)
Worker 21 step 22: twist — no coordinate change (box rejection?)
Worker 15 step 24: ACCEPTED principal_axis_rotation E=-152.053175 Ha dipole=1.6004 D
Worker 15 step 25: mirror — no coordinate change (box rejection?)
Worker 11 step 19: ACCEPTED large_displacement E=-151.986045 Ha dipole=0.4524 D
Worker 11 step 19: Adaptive box growth — new radius = 4.89 Å (acc=40.00%) 
Worker 11: 20/300 — accepted=4, rate=20.0%
Worker 12 step 65: ACCEPTED large_displacement E=-152.053091 Ha dipole=0.9986 D
Worker 19 step 25: ACCEPTED large_displacement E=-152.055250 Ha dipole=0.5742 D
Worker 12 step 66: roto_reflection — no coordinate change (box rejection?)
Worker 8 step 83: ACCEPTED mirror E=-152.060385 Ha dipole=0.2012 D
Worker 19 step 26: large_displacement — no coordinate change (box rejection?)
Worker 19 step 27: roto_reflection — no coordinate change (box rejection?)
Worker 34 step 39: Adaptive box growth — new radius = 4.89 Å (acc=40.00%) 
Worker 34: 40/300 — accepted=13, rate=32.5%
Worker 37 step 74: ACCEPTED twist E=-152.053965 Ha dipole=0.7460 D
Worker 37 step 74: Adaptive box growth — new radius = 4.64 Å (acc=40.00%) 
Worker 37 step 75: roto_reflection — no coordinate change (box rejection?)
Worker 37 step 76: roto_reflection — no coordinate change (box rejection?)
Worker 1 step 134: ACCEPTED principal_axis_rotation E=-152.061306 Ha dipole=1.0319 D
Worker 1 step 134: Adaptive box growth — new radius = 5.33 Å (acc=20.00%) 
Worker 27 step 21: ACCEPTED twist E=-152.058845 Ha dipole=0.8260 D
Worker 20 step 34: ACCEPTED principal_axis_rotation E=-152.052906 Ha dipole=0.5739 D
Worker 20 step 35: roto_reflection — no coordinate change (box rejection?)
Worker 20 step 36: roto_reflection — no coordinate change (box rejection?)
Worker 7 step 83: ACCEPTED principal_axis_rotation E=-152.055612 Ha dipole=1.4319 D
Worker 7 step 84: twist — no coordinate change (box rejection?)
Worker 32 step 25: ACCEPTED random_so3 E=-152.058148 Ha dipole=0.7015 D
Worker 24 step 29: mirror — no coordinate change (box rejection?)
Worker 0 step 74: ACCEPTED twist E=-152.053358 Ha dipole=1.1945 D
Worker 0 step 74: Adaptive box growth — new radius = 5.50 Å (acc=20.00%) 
Worker 2 step 45: ACCEPTED principal_axis_rotation E=-152.055085 Ha dipole=1.0927 D
Worker 38 step 24: ACCEPTED roto_reflection E=-152.047092 Ha dipole=1.4242 D
Worker 38 step 24: Adaptive box growth — new radius = 4.89 Å (acc=20.00%) 
Worker 39 step 28: ACCEPTED random_so3 E=-152.060151 Ha dipole=1.1217 D
Worker 6 step 91: ACCEPTED mirror E=-152.055353 Ha dipole=1.3190 D
Worker 33 step 37: twist — no coordinate change (box rejection?)
Worker 36 step 38: ACCEPTED large_displacement E=-152.055950 Ha dipole=1.1238 D
Worker 36 step 39: twist — no coordinate change (box rejection?)
Worker 30 step 31: ACCEPTED mirror E=-152.053793 Ha dipole=1.2950 D
Worker 30 step 32: mirror — no coordinate change (box rejection?)
Worker 30 step 33: twist — no coordinate change (box rejection?)
Worker 10 step 51: ACCEPTED principal_axis_rotation E=-152.053971 Ha dipole=0.1633 D
Worker 5 step 28: large_displacement — no coordinate change (box rejection?)
Worker 22 step 27: ACCEPTED twist E=-152.053533 Ha dipole=1.0475 D
Worker 26 step 22: ACCEPTED principal_axis_rotation E=-152.059159 Ha dipole=1.1651 D
Worker 26 step 23: mirror — no coordinate change (box rejection?)
Worker 4 step 32: ACCEPTED large_displacement E=-152.057970 Ha dipole=1.4765 D
Worker 3 step 32: ACCEPTED twist E=-152.060103 Ha dipole=1.4981 D
Worker 1 step 135: ACCEPTED mirror E=-152.061306 Ha dipole=1.0319 D
Worker 1 step 136: mirror — no coordinate change (box rejection?)
Worker 7 step 85: ACCEPTED mirror E=-152.055612 Ha dipole=1.4319 D
Worker 15 step 27: mirror — no coordinate change (box rejection?)
Worker 15 step 28: roto_reflection — no coordinate change (box rejection?)
Worker 23 step 21: ACCEPTED mirror E=-152.060373 Ha dipole=0.1633 D
Worker 37 step 77: ACCEPTED principal_axis_rotation E=-152.054126 Ha dipole=0.7492 D
Worker 19 step 29: roto_reflection — no coordinate change (box rejection?)
Worker 39 step 29: Adaptive box growth — new radius = 5.83 Å (acc=20.00%) 
Worker 39: 30/300 — accepted=7, rate=23.3%
Worker 8 step 84: Adaptive box growth — new radius = 4.89 Å (acc=20.00%) 
Worker 29 step 26: ACCEPTED mirror E=-152.058637 Ha dipole=0.9885 D
Worker 28 step 28: ACCEPTED large_displacement E=-152.057100 Ha dipole=0.3878 D
Worker 2 step 46: ACCEPTED mirror E=-152.053873 Ha dipole=1.2024 D
Worker 27 step 23: roto_reflection — no coordinate change (box rejection?)
Worker 21 step 24: Adaptive box growth — new radius = 5.33 Å (acc=20.00%) 
Worker 20 step 37: ACCEPTED mirror E=-152.051909 Ha dipole=1.4672 D
Worker 35 step 24: Adaptive box growth — new radius = 4.62 Å (acc=30.00%) 
Worker 32 step 27: mirror — no coordinate change (box rejection?)
Worker 24 step 30: ACCEPTED principal_axis_rotation E=-152.056827 Ha dipole=1.2596 D
Worker 24 step 31: principal_axis_rotation — no coordinate change (box rejection?)
Worker 0 step 75: ACCEPTED exchange E=-152.052725 Ha dipole=1.1955 D
Worker 17 step 27: ACCEPTED mirror E=-152.060612 Ha dipole=1.6594 D
Worker 7 step 86: ACCEPTED exchange E=-152.055546 Ha dipole=1.4299 D
Worker 33 step 38: ACCEPTED principal_axis_rotation E=-152.059000 Ha dipole=1.2161 D
Worker 30 step 34: ACCEPTED mirror E=-152.054212 Ha dipole=0.9402 D
Worker 30 step 34: Adaptive box growth — new radius = 4.03 Å (acc=40.00%) 
Worker 11 step 21: ACCEPTED principal_axis_rotation E=-151.985952 Ha dipole=1.2808 D
Worker 10 step 52: ACCEPTED mirror E=-152.054416 Ha dipole=1.6097 D
Worker 10 step 53: roto_reflection — no coordinate change (box rejection?)
Worker 9 step 53: ACCEPTED large_displacement E=-152.061882 Ha dipole=0.8925 D
Worker 19 step 30: ACCEPTED twist E=-152.054986 Ha dipole=1.3508 D
Worker 5 step 29: ACCEPTED large_displacement E=-152.057927 Ha dipole=1.2316 D
Worker 5 step 29: Adaptive box growth — new radius = 5.16 Å (acc=20.00%) 
Worker 5: 30/300 — accepted=10, rate=33.3%
Worker 5 step 30: roto_reflection — no coordinate change (box rejection?)
Worker 1 step 137: ACCEPTED mirror E=-152.061306 Ha dipole=1.0319 D
Worker 22 step 28: ACCEPTED large_displacement E=-152.053417 Ha dipole=1.0512 D
Worker 22 step 29: large_displacement — no coordinate change (box rejection?)
Worker 21 step 25: ACCEPTED large_displacement E=-152.060764 Ha dipole=0.6274 D
Worker 22 step 30: mirror — no coordinate change (box rejection?)
Worker 22 step 31: exchange — no coordinate change (box rejection?)
Worker 22 step 32: roto_reflection — no coordinate change (box rejection?)
Worker 22 step 33: roto_reflection — no coordinate change (box rejection?)
Worker 12 step 68: ACCEPTED twist E=-152.053994 Ha dipole=1.0212 D
Worker 26 step 24: ACCEPTED twist E=-152.061030 Ha dipole=0.9443 D
Worker 4 step 33: ACCEPTED mirror E=-152.057971 Ha dipole=1.4770 D
Worker 38 step 26: ACCEPTED large_displacement E=-152.043249 Ha dipole=1.4099 D
Worker 3 step 33: ACCEPTED mirror E=-152.060103 Ha dipole=1.4981 D
Worker 0 step 76: ACCEPTED random_so3 E=-152.059308 Ha dipole=1.6548 D
Worker 15 step 29: ACCEPTED large_displacement E=-152.053002 Ha dipole=1.6009 D
Worker 15 step 29: Adaptive box growth — new radius = 4.89 Å (acc=20.00%) 
Worker 15: 30/300 — accepted=14, rate=46.7%
Worker 23 step 22: ACCEPTED large_displacement E=-152.058654 Ha dipole=0.1522 D
Worker 37 step 78: ACCEPTED twist E=-152.053739 Ha dipole=1.3761 D
Worker 20 step 38: ACCEPTED twist E=-152.052702 Ha dipole=1.5759 D
Worker 6 step 93: ACCEPTED twist E=-152.055350 Ha dipole=1.3191 D
Worker 8 step 85: ACCEPTED large_displacement E=-152.056032 Ha dipole=0.1795 D
Worker 8 step 86: roto_reflection — no coordinate change (box rejection?)
Worker 7 step 87: ACCEPTED principal_axis_rotation E=-152.055308 Ha dipole=1.4274 D
Worker 28 step 29: ACCEPTED large_displacement E=-152.058435 Ha dipole=0.3910 D
Worker 28: 30/300 — accepted=9, rate=30.0%
Worker 2 step 47: ACCEPTED exchange E=-152.053685 Ha dipole=1.1937 D
Worker 27 step 24: ACCEPTED large_displacement E=-152.060689 Ha dipole=0.8738 D
Worker 27 step 24: Adaptive box growth — new radius = 5.33 Å (acc=40.00%) 
Worker 34 step 42: ACCEPTED random_so3 E=-152.057520 Ha dipole=1.6247 D
Worker 10 step 54: ACCEPTED exchange E=-152.054457 Ha dipole=1.6101 D
Worker 10 step 54: Adaptive box growth — new radius = 4.10 Å (acc=46.67%) 
Worker 9 step 54: Adaptive box growth — new radius = 4.64 Å (acc=40.00%) 
Worker 9 step 55: roto_reflection — no coordinate change (box rejection?)
Worker 19 step 31: ACCEPTED exchange E=-152.056011 Ha dipole=1.3654 D
Worker 32 step 29: twist — no coordinate change (box rejection?)
Worker 24 step 32: ACCEPTED principal_axis_rotation E=-152.056928 Ha dipole=1.2685 D
Worker 35 step 25: ACCEPTED twist E=-152.058468 Ha dipole=0.6862 D
Worker 24 step 33: mirror — no coordinate change (box rejection?)
Worker 35 step 26: roto_reflection — no coordinate change (box rejection?)
Worker 21 step 26: ACCEPTED mirror E=-152.060764 Ha dipole=0.6274 D
Worker 33 step 39: ACCEPTED principal_axis_rotation E=-152.058933 Ha dipole=1.2141 D
Worker 33 step 39: Box stable window 2/3 (acc=60.00%)
Worker 33: 40/300 — accepted=12, rate=30.0%
Worker 33 step 40: mirror — no coordinate change (box rejection?)
Worker 30 step 35: ACCEPTED large_displacement E=-152.054208 Ha dipole=0.9353 D
Worker 30 step 36: twist — no coordinate change (box rejection?)
Worker 38 step 27: ACCEPTED twist E=-152.046031 Ha dipole=1.2837 D
Worker 6 step 94: ACCEPTED large_displacement E=-152.055694 Ha dipole=1.3197 D
Worker 7 step 89: twist — no coordinate change (box rejection?)
Worker 22 step 34: ACCEPTED principal_axis_rotation E=-152.053068 Ha dipole=1.0546 D
Worker 22 step 35: mirror — no coordinate change (box rejection?)
Worker 22 step 36: twist — no coordinate change (box rejection?)
Worker 22 step 37: twist — no coordinate change (box rejection?)
Worker 12 step 69: ACCEPTED large_displacement E=-152.053799 Ha dipole=1.0223 D
Worker 12 step 69: Adaptive box growth — new radius = 5.14 Å (acc=46.67%) 
Worker 12: 70/300 — accepted=15, rate=21.4%
Worker 26 step 25: ACCEPTED exchange E=-152.058259 Ha dipole=0.8508 D
Worker 4 step 34: ACCEPTED large_displacement E=-152.057601 Ha dipole=1.5141 D
Worker 4 step 34: Adaptive box growth — new radius = 4.38 Å (acc=50.00%) 
Worker 10 step 55: ACCEPTED large_displacement E=-152.054317 Ha dipole=1.6088 D
Worker 10 step 56: roto_reflection — no coordinate change (box rejection?)
Worker 10 step 57: twist — no coordinate change (box rejection?)
Worker 3 step 34: Box stable window 1/3 (acc=60.00%)
Worker 3 step 35: twist — no coordinate change (box rejection?)
Worker 37 step 79: ACCEPTED twist E=-152.053374 Ha dipole=0.4403 D
Worker 37 step 79: Box stable window 1/3 (acc=60.00%)
Worker 37: 80/300 — accepted=21, rate=26.2%
Worker 37 step 80: exchange — no coordinate change (box rejection?)
Worker 37 step 81: exchange — no coordinate change (box rejection?)
Worker 21 step 27: ACCEPTED principal_axis_rotation E=-152.060816 Ha dipole=0.5948 D
Worker 13 step 64: ACCEPTED principal_axis_rotation E=-152.060123 Ha dipole=1.5195 D
Worker 13 step 64: Adaptive box growth — new radius = 5.16 Å (acc=20.00%) 
Worker 15 step 30: ACCEPTED twist E=-152.052205 Ha dipole=1.3943 D
Worker 20 step 39: ACCEPTED twist E=-152.054131 Ha dipole=1.2125 D
Worker 20 step 39: Box stable window 1/3 (acc=60.00%)
Worker 20: 40/300 — accepted=14, rate=35.0%
Worker 20 step 40: mirror — no coordinate change (box rejection?)
Worker 8 step 87: ACCEPTED principal_axis_rotation E=-152.055936 Ha dipole=0.1761 D
Worker 17 step 29: ACCEPTED exchange E=-152.058543 Ha dipole=1.6204 D
Worker 17 step 29: Box stable window 1/3 (acc=60.00%)
Worker 17: 30/300 — accepted=10, rate=33.3%
Worker 17 step 30: mirror — no coordinate change (box rejection?)
Worker 17 step 31: twist — no coordinate change (box rejection?)
Worker 2 step 48: ACCEPTED principal_axis_rotation E=-152.055811 Ha dipole=1.3771 D
Worker 2 step 49: twist — no coordinate change (box rejection?)
Worker 2 step 50: twist — no coordinate change (box rejection?)
Worker 2 step 51: twist — no coordinate change (box rejection?)
Worker 38 step 28: ACCEPTED principal_axis_rotation E=-152.051555 Ha dipole=1.1665 D
Worker 6 step 95: ACCEPTED random_so3 E=-152.056269 Ha dipole=1.4008 D
Worker 6 step 96: mirror — no coordinate change (box rejection?)
Worker 6 step 97: roto_reflection — no coordinate change (box rejection?)
Worker 19 step 32: ACCEPTED random_so3 E=-152.052543 Ha dipole=1.1894 D
Worker 6 step 98: mirror — no coordinate change (box rejection?)
Worker 24 step 34: Adaptive box growth — new radius = 4.64 Å (acc=30.00%) 
Worker 35 step 28: roto_reflection — no coordinate change (box rejection?)
Worker 7 step 90: ACCEPTED random_so3 E=-152.053991 Ha dipole=0.9727 D
Worker 7 step 91: roto_reflection — no coordinate change (box rejection?)
Worker 10 step 58: ACCEPTED exchange E=-152.054578 Ha dipole=1.6112 D
Worker 9 step 58: roto_reflection — no coordinate change (box rejection?)
Worker 33 step 41: ACCEPTED exchange E=-152.060630 Ha dipole=1.2777 D
Worker 4 step 36: roto_reflection — no coordinate change (box rejection?)
Worker 36 step 43: twist — no coordinate change (box rejection?)
Worker 30 step 37: ACCEPTED principal_axis_rotation E=-152.055192 Ha dipole=0.9416 D
Worker 30 step 38: twist — no coordinate change (box rejection?)
Worker 30 step 39: roto_reflection — no coordinate change (box rejection?)
Worker 11 step 23: ACCEPTED exchange E=-151.997390 Ha dipole=1.2511 D
Worker 5 step 32: ACCEPTED twist E=-152.056958 Ha dipole=0.1807 D
Worker 22 step 38: ACCEPTED twist E=-152.053212 Ha dipole=0.6109 D
Worker 22 step 39: roto_reflection — no coordinate change (box rejection?)
Worker 1 step 139: Adaptive box growth — new radius = 5.81 Å (acc=40.00%) 
Worker 1: 140/300 — accepted=16, rate=11.4%
Worker 12 step 70: ACCEPTED twist E=-152.053877 Ha dipole=0.3153 D
Worker 26 step 26: ACCEPTED twist E=-152.058210 Ha dipole=0.8667 D
Worker 39 step 33: ACCEPTED mirror E=-152.060151 Ha dipole=1.1217 D
Worker 19 step 34: roto_reflection — no coordinate change (box rejection?)
Worker 6 step 99: ACCEPTED mirror E=-152.056269 Ha dipole=1.4008 D
Worker 6 step 99: Adaptive box growth — new radius = 4.89 Å (acc=40.00%) 
Worker 6: 100/300 — accepted=16, rate=16.0%
Worker 37 step 82: ACCEPTED large_displacement E=-152.053613 Ha dipole=0.4390 D
Worker 38 step 29: Box stable window 1/3 (acc=60.00%)
Worker 38: 30/300 — accepted=12, rate=40.0%
Worker 34 step 44: Adaptive box growth — new radius = 5.63 Å (acc=20.00%) 
Worker 10 step 59: ACCEPTED twist E=-152.053891 Ha dipole=1.3081 D
Worker 10 step 59: Box stable window 1/3 (acc=60.00%)
Worker 10: 60/300 — accepted=21, rate=35.0%
Worker 29 step 29: Adaptive box growth — new radius = 4.49 Å (acc=26.67%) 
Worker 29: 30/300 — accepted=10, rate=33.3%
Worker 15 step 31: ACCEPTED twist E=-152.056171 Ha dipole=1.0570 D
Worker 15 step 32: twist — no coordinate change (box rejection?)
Worker 23 step 24: ACCEPTED exchange E=-152.055031 Ha dipole=0.1228 D
Worker 23 step 24: Box stable window 1/3 (acc=60.00%)
Worker 20 step 41: ACCEPTED principal_axis_rotation E=-152.054289 Ha dipole=1.1883 D
Worker 27 step 26: ACCEPTED principal_axis_rotation E=-152.056146 Ha dipole=0.7524 D
Worker 20 step 42: mirror — no coordinate change (box rejection?)
Worker 2 step 52: ACCEPTED large_displacement E=-152.055014 Ha dipole=1.3676 D
Worker 2 step 53: twist — no coordinate change (box rejection?)
Worker 17 step 32: ACCEPTED random_so3 E=-152.056873 Ha dipole=1.2461 D
Worker 4 step 37: ACCEPTED exchange E=-152.055764 Ha dipole=1.4972 D
Worker 0 step 79: ACCEPTED mirror E=-152.059312 Ha dipole=1.6549 D
Worker 0 step 79: Box stable window 1/3 (acc=60.00%)
Worker 0: 80/300 — accepted=27, rate=33.8%
Worker 12 step 71: ACCEPTED exchange E=-152.053896 Ha dipole=0.3186 D
Worker 9 step 59: Adaptive box growth — new radius = 5.33 Å (acc=0.00%) 
Worker 9: 60/300 — accepted=12, rate=20.0%
Worker 24 step 35: ACCEPTED mirror E=-152.056928 Ha dipole=1.2685 D
Worker 35 step 29: Adaptive box growth — new radius = 5.32 Å (acc=20.00%) 
Worker 35: 30/300 — accepted=10, rate=33.3%
Worker 7 step 92: ACCEPTED random_so3 E=-152.054813 Ha dipole=1.4192 D
Worker 7 step 93: roto_reflection — no coordinate change (box rejection?)
Worker 19 step 35: ACCEPTED twist E=-152.054656 Ha dipole=0.6400 D
Worker 39 step 34: Adaptive box growth — new radius = 6.71 Å (acc=20.00%) 
Worker 6 step 100: ACCEPTED mirror E=-152.056269 Ha dipole=1.4008 D
Worker 33 step 43: twist — no coordinate change (box rejection?)
Worker 36 step 44: Adaptive box growth — new radius = 4.37 Å (acc=35.00%) 
Worker 30 step 40: ACCEPTED twist E=-152.054850 Ha dipole=0.9183 D
Worker 30 step 41: twist — no coordinate change (box rejection?)
Worker 27 step 27: ACCEPTED mirror E=-152.060253 Ha dipole=1.5345 D
Worker 11 step 24: Adaptive box growth — new radius = 5.33 Å (acc=40.00%) 
Worker 27 step 28: twist — no coordinate change (box rejection?)
Worker 27 step 29: large_displacement — no coordinate change (box rejection?)
Worker 34 step 45: ACCEPTED exchange E=-152.057645 Ha dipole=1.6268 D
Worker 22 step 40: ACCEPTED large_displacement E=-152.053469 Ha dipole=0.6122 D
Worker 22 step 41: roto_reflection — no coordinate change (box rejection?)
Worker 5 step 33: ACCEPTED mirror E=-152.056958 Ha dipole=0.1807 D
Worker 1 step 140: ACCEPTED mirror E=-152.061305 Ha dipole=1.0321 D
Worker 10 step 60: ACCEPTED exchange E=-152.053689 Ha dipole=1.3061 D
Worker 26 step 27: ACCEPTED principal_axis_rotation E=-152.054357 Ha dipole=0.5821 D
Worker 37 step 83: ACCEPTED twist E=-152.053613 Ha dipole=0.4488 D
Worker 37 step 84: mirror — no coordinate change (box rejection?)
Worker 37 step 85: twist — no coordinate change (box rejection?)
Worker 37 step 86: twist — no coordinate change (box rejection?)
Worker 37 step 87: mirror — no coordinate change (box rejection?)
Worker 3 step 37: ACCEPTED mirror E=-152.060103 Ha dipole=1.4981 D
Worker 21 step 29: Box stable window 1/3 (acc=60.00%)
Worker 21: 30/300 — accepted=12, rate=40.0%
Worker 38 step 30: ACCEPTED large_displacement E=-152.056164 Ha dipole=1.1314 D
Worker 12 step 72: ACCEPTED principal_axis_rotation E=-152.053926 Ha dipole=0.3197 D
Worker 12 step 73: roto_reflection — no coordinate change (box rejection?)
Worker 15 step 33: ACCEPTED mirror E=-152.056171 Ha dipole=1.0570 D
Worker 13 step 66: ACCEPTED twist E=-152.060202 Ha dipole=1.6884 D
Worker 17 step 34: twist — no coordinate change (box rejection?)
Worker 19 step 36: ACCEPTED mirror E=-152.054656 Ha dipole=0.6400 D
Worker 8 step 89: ACCEPTED principal_axis_rotation E=-152.055817 Ha dipole=0.1752 D
Worker 8 step 89: Box stable window 1/3 (acc=60.00%)
Worker 8: 90/300 — accepted=11, rate=12.2%
Worker 19 step 37: roto_reflection — no coordinate change (box rejection?)
Worker 2 step 54: ACCEPTED large_displacement E=-152.055026 Ha dipole=1.3660 D
Worker 28 step 32: ACCEPTED twist E=-152.059447 Ha dipole=0.4838 D
Worker 6 step 101: ACCEPTED roto_reflection E=-152.056857 Ha dipole=1.0870 D
Worker 0 step 80: ACCEPTED twist E=-152.058579 Ha dipole=1.6737 D
Worker 34 step 46: ACCEPTED large_displacement E=-152.055964 Ha dipole=1.5994 D
Worker 7 step 94: ACCEPTED roto_reflection E=-152.054038 Ha dipole=1.1374 D
Worker 7 step 94: Box stable window 1/3 (acc=60.00%)
Worker 33 step 44: Adaptive box growth — new radius = 4.62 Å (acc=20.00%) 
Worker 4 step 39: ACCEPTED principal_axis_rotation E=-152.055221 Ha dipole=1.4960 D
Worker 4 step 39: Adaptive box growth — new radius = 4.78 Å (acc=40.00%) 
Worker 4: 40/300 — accepted=19, rate=47.5%
Worker 4 step 40: mirror — no coordinate change (box rejection?)
Worker 9 step 60: ACCEPTED mirror E=-152.061882 Ha dipole=0.8925 D
Worker 35 step 30: ACCEPTED twist E=-152.056528 Ha dipole=1.2863 D
Worker 3 step 38: ACCEPTED large_displacement E=-152.059470 Ha dipole=1.4891 D
Worker 36 step 45: ACCEPTED large_displacement E=-152.055126 Ha dipole=1.1321 D
Worker 30 step 42: ACCEPTED mirror E=-152.054848 Ha dipole=0.9193 D
Worker 19 step 38: ACCEPTED principal_axis_rotation E=-152.054305 Ha dipole=0.6367 D
Worker 11 step 25: ACCEPTED random_so3 E=-152.000990 Ha dipole=1.0114 D
Worker 22 step 42: ACCEPTED large_displacement E=-152.053248 Ha dipole=0.6117 D
Worker 22 step 43: roto_reflection — no coordinate change (box rejection?)
Worker 22 step 44: exchange — no coordinate change (box rejection?)
Worker 20 step 44: Adaptive box growth — new radius = 4.89 Å (acc=20.00%) 
Worker 27 step 30: ACCEPTED twist E=-152.059431 Ha dipole=1.4872 D
Worker 6 step 102: ACCEPTED principal_axis_rotation E=-152.055234 Ha dipole=1.5503 D
Worker 5 step 34: ACCEPTED mirror E=-152.056953 Ha dipole=0.1798 D
Worker 5 step 34: Box stable window 1/3 (acc=60.00%)
Worker 5 step 35: twist — no coordinate change (box rejection?)
Worker 10 step 61: ACCEPTED twist E=-152.053554 Ha dipole=1.1589 D
Worker 26 step 28: ACCEPTED exchange E=-152.053741 Ha dipole=0.5576 D
Worker 13 step 67: ACCEPTED principal_axis_rotation E=-152.059084 Ha dipole=1.6824 D
Worker 37 step 88: ACCEPTED large_displacement E=-152.053606 Ha dipole=0.4484 D
Worker 37 step 89: large_displacement — no coordinate change (box rejection?)
Worker 37 step 90: principal_axis_rotation — no coordinate change (box rejection?)
Worker 37 step 91: twist — no coordinate change (box rejection?)
Worker 37 step 92: twist — no coordinate change (box rejection?)
Worker 21 step 30: ACCEPTED twist E=-152.058073 Ha dipole=0.5557 D
Worker 12 step 74: ACCEPTED exchange E=-152.053908 Ha dipole=0.3192 D
Worker 39 step 36: ACCEPTED large_displacement E=-152.060681 Ha dipole=1.1261 D
Worker 15 step 34: Box stable window 1/3 (acc=60.00%)
Worker 34 step 47: ACCEPTED mirror E=-152.055964 Ha dipole=1.5994 D
Worker 32 step 33: ACCEPTED principal_axis_rotation E=-152.059997 Ha dipole=0.6802 D
Worker 32 step 34: twist — no coordinate change (box rejection?)
Worker 1 step 142: ACCEPTED twist E=-152.060387 Ha dipole=1.0346 D
Worker 4 step 41: ACCEPTED large_displacement E=-152.058445 Ha dipole=1.5036 D
Worker 2 step 55: ACCEPTED large_displacement E=-152.055402 Ha dipole=1.3703 D
Worker 28 step 33: ACCEPTED mirror E=-152.051954 Ha dipole=1.5159 D
Worker 0 step 81: ACCEPTED twist E=-152.060934 Ha dipole=1.3731 D
Worker 7 step 95: ACCEPTED large_displacement E=-152.053872 Ha dipole=1.1394 D
Worker 33 step 45: ACCEPTED large_displacement E=-152.060412 Ha dipole=1.2749 D
Worker 17 step 36: ACCEPTED large_displacement E=-152.057193 Ha dipole=1.2628 D
Worker 6 step 103: ACCEPTED large_displacement E=-152.054648 Ha dipole=1.5486 D
Worker 19 step 39: ACCEPTED twist E=-152.054261 Ha dipole=0.6799 D
Worker 19 step 39: Adaptive box growth — new radius = 4.25 Å (acc=40.00%) 
Worker 19: 40/300 — accepted=16, rate=40.0%
Worker 19 step 40: twist — no coordinate change (box rejection?)
Worker 9 step 61: ACCEPTED twist E=-152.061563 Ha dipole=1.1553 D
Worker 26 step 29: ACCEPTED exchange E=-152.054357 Ha dipole=0.5821 D
Worker 26: 30/300 — accepted=15, rate=50.0%
Worker 13 step 68: ACCEPTED twist E=-152.060571 Ha dipole=1.7115 D
Worker 11 step 26: ACCEPTED twist E=-152.010738 Ha dipole=1.1026 D
Worker 36 step 46: ACCEPTED large_displacement E=-152.054127 Ha dipole=1.1339 D
Worker 3 step 39: ACCEPTED twist E=-152.059523 Ha dipole=1.1799 D
Worker 3 step 39: Box stable window 2/3 (acc=60.00%)
Worker 3: 40/300 — accepted=20, rate=50.0%
Worker 30 step 43: ACCEPTED roto_reflection E=-152.054638 Ha dipole=1.3114 D
Worker 10 step 62: ACCEPTED large_displacement E=-152.053580 Ha dipole=1.1606 D
Worker 10 step 63: twist — no coordinate change (box rejection?)
Worker 10 step 64: mirror — no coordinate change (box rejection?)
Worker 10 step 65: mirror — no coordinate change (box rejection?)
Worker 22 step 45: ACCEPTED random_so3 E=-152.053392 Ha dipole=0.7899 D
Worker 34 step 48: ACCEPTED mirror E=-152.055964 Ha dipole=1.5994 D
Worker 35 step 32: ACCEPTED large_displacement E=-152.057390 Ha dipole=1.3123 D
Worker 20 step 45: ACCEPTED principal_axis_rotation E=-152.054856 Ha dipole=1.3574 D
Worker 20 step 46: twist — no coordinate change (box rejection?)
Worker 20 step 47: twist — no coordinate change (box rejection?)
Worker 8 step 91: ACCEPTED twist E=-152.055863 Ha dipole=0.3835 D
Worker 8 step 92: twist — no coordinate change (box rejection?)
Worker 37 step 93: ACCEPTED large_displacement E=-152.053343 Ha dipole=0.4496 D
Worker 28 step 34: ACCEPTED twist E=-152.056848 Ha dipole=1.1291 D
Worker 28 step 34: Box stable window 1/3 (acc=60.00%)
Worker 12 step 76: mirror — no coordinate change (box rejection?)
Worker 12 step 77: roto_reflection — no coordinate change (box rejection?)
Worker 21 step 31: ACCEPTED twist E=-152.057736 Ha dipole=0.8886 D
Worker 21 step 32: roto_reflection — no coordinate change (box rejection?)
Worker 38 step 32: ACCEPTED twist E=-152.055147 Ha dipole=0.7393 D
Worker 15 step 35: ACCEPTED principal_axis_rotation E=-152.054219 Ha dipole=1.1983 D
Worker 15 step 36: twist — no coordinate change (box rejection?)
Worker 23 step 27: ACCEPTED random_so3 E=-152.055677 Ha dipole=0.8397 D
Worker 32 step 35: ACCEPTED principal_axis_rotation E=-152.059949 Ha dipole=0.6772 D
Worker 4 step 42: ACCEPTED mirror E=-152.058445 Ha dipole=1.5036 D
Worker 32 step 36: twist — no coordinate change (box rejection?)
Worker 32 step 37: large_displacement — no coordinate change (box rejection?)
Worker 32 step 38: large_displacement — no coordinate change (box rejection?)
Worker 32 step 39: mirror — no coordinate change (box rejection?)
Worker 32 step 40: twist — no coordinate change (box rejection?)
Worker 6 step 104: ACCEPTED mirror E=-152.056718 Ha dipole=0.4001 D
Worker 2 step 56: ACCEPTED large_displacement E=-152.055103 Ha dipole=1.3663 D
Worker 26 step 30: ACCEPTED twist E=-152.056524 Ha dipole=0.8092 D
Worker 7 step 96: ACCEPTED twist E=-152.053821 Ha dipole=1.3818 D
Worker 7 step 97: mirror — no coordinate change (box rejection?)
Worker 7 step 98: roto_reflection — no coordinate change (box rejection?)
Worker 24 step 38: ACCEPTED large_displacement E=-152.057566 Ha dipole=1.2754 D
Worker 39 step 38: ACCEPTED twist E=-152.059939 Ha dipole=0.9888 D
Worker 9 step 62: ACCEPTED roto_reflection E=-152.061101 Ha dipole=0.7864 D
Worker 17 step 37: ACCEPTED large_displacement E=-152.055594 Ha dipole=1.2368 D
Worker 19 step 41: ACCEPTED twist E=-152.053665 Ha dipole=0.5078 D
Worker 19 step 42: roto_reflection — no coordinate change (box rejection?)
Worker 19 step 43: large_displacement — no coordinate change (box rejection?)
Worker 19 step 44: roto_reflection — no coordinate change (box rejection?)
Worker 33 step 46: ACCEPTED mirror E=-152.060412 Ha dipole=1.2749 D
Worker 13 step 69: Box stable window 1/3 (acc=60.00%)
Worker 13: 70/300 — accepted=15, rate=21.4%
Worker 29 step 33: ACCEPTED large_displacement E=-152.059645 Ha dipole=0.9891 D
Worker 34 step 49: ACCEPTED large_displacement E=-152.057771 Ha dipole=1.6294 D
Worker 34: 50/300 — accepted=19, rate=38.0%
Worker 3 step 40: ACCEPTED large_displacement E=-152.058714 Ha dipole=1.1563 D
Worker 12 step 78: ACCEPTED exchange E=-152.053926 Ha dipole=0.3197 D
Worker 36 step 47: ACCEPTED large_displacement E=-152.054499 Ha dipole=1.1325 D
Worker 36 step 48: twist — no coordinate change (box rejection?)
Worker 36 step 49: roto_reflection — no coordinate change (box rejection?)
Worker 36 step 50: twist — no coordinate change (box rejection?)
Worker 30 step 44: ACCEPTED twist E=-152.055069 Ha dipole=1.1546 D
Worker 30 step 44: Box stable window 1/3 (acc=60.00%)
Worker 10 step 66: ACCEPTED large_displacement E=-152.053596 Ha dipole=1.1592 D
Worker 27 step 32: ACCEPTED exchange E=-152.053119 Ha dipole=1.3742 D
Worker 27 step 33: mirror — no coordinate change (box rejection?)
Worker 27 step 34: twist — no coordinate change (box rejection?)
Worker 27 step 35: large_displacement — no coordinate change (box rejection?)
Worker 22 step 47: mirror — no coordinate change (box rejection?)
Worker 22 step 48: exchange — no coordinate change (box rejection?)
Worker 22 step 49: twist — no coordinate change (box rejection?)
Worker 22 step 50: exchange — no coordinate change (box rejection?)
Worker 1 step 144: Adaptive box growth — new radius = 6.33 Å (acc=40.00%) 
Worker 21 step 33: ACCEPTED large_displacement E=-152.053818 Ha dipole=0.8985 D
Worker 20 step 48: ACCEPTED large_displacement E=-152.056878 Ha dipole=1.3664 D
Worker 20 step 49: roto_reflection — no coordinate change (box rejection?)
Worker 20 step 50: mirror — no coordinate change (box rejection?)
Worker 28 step 35: ACCEPTED random_so3 E=-152.054055 Ha dipole=1.0030 D
Worker 15 step 37: ACCEPTED twist E=-152.054328 Ha dipole=1.4459 D
Worker 37 step 94: ACCEPTED twist E=-152.053307 Ha dipole=0.3990 D
Worker 37 step 94: Adaptive box growth — new radius = 5.24 Å (acc=33.33%) 
Worker 37 step 95: roto_reflection — no coordinate change (box rejection?)
Worker 17 step 38: ACCEPTED roto_reflection E=-152.055694 Ha dipole=1.1556 D
Worker 17 step 39: mirror — no coordinate change (box rejection?)
Worker 33 step 47: ACCEPTED twist E=-152.060240 Ha dipole=1.2097 D
Worker 26 step 31: ACCEPTED large_displacement E=-152.058585 Ha dipole=0.8202 D
Worker 38 step 33: ACCEPTED large_displacement E=-152.058759 Ha dipole=0.6936 D
Worker 8 step 94: ACCEPTED exchange E=-152.055767 Ha dipole=0.3618 D
Worker 8 step 94: Adaptive box growth — new radius = 5.33 Å (acc=40.00%) 
Worker 6 step 105: ACCEPTED exchange E=-152.056821 Ha dipole=0.4089 D
Worker 6 step 106: twist — no coordinate change (box rejection?)
Worker 7 step 99: ACCEPTED principal_axis_rotation E=-152.054672 Ha dipole=1.1113 D
Worker 7 step 99: Box stable window 2/3 (acc=60.00%)
Worker 7: 100/300 — accepted=26, rate=26.0%
Worker 19 step 45: ACCEPTED roto_reflection E=-152.053523 Ha dipole=0.7058 D
Worker 4 step 43: ACCEPTED random_so3 E=-152.058953 Ha dipole=1.0594 D
Worker 23 step 28: ACCEPTED principal_axis_rotation E=-152.056109 Ha dipole=1.0282 D
Worker 23 step 29: twist — no coordinate change (box rejection?)
Worker 32 step 41: ACCEPTED twist E=-152.058456 Ha dipole=1.1522 D
Worker 2 step 58: roto_reflection — no coordinate change (box rejection?)
Worker 3 step 41: ACCEPTED twist E=-152.058661 Ha dipole=1.1698 D
Worker 0 step 84: twist — no coordinate change (box rejection?)
Worker 5 step 38: ACCEPTED mirror E=-152.053032 Ha dipole=1.5945 D
Worker 5 step 39: mirror — no coordinate change (box rejection?)
Worker 11 step 28: ACCEPTED twist E=-152.011809 Ha dipole=0.8243 D
Worker 24 step 39: Adaptive box growth — new radius = 5.05 Å (acc=40.00%) 
Worker 24: 40/300 — accepted=17, rate=42.5%
Worker 39 step 39: Adaptive box growth — new radius = 7.31 Å (acc=40.00%) 
Worker 39: 40/300 — accepted=10, rate=25.0%
Worker 21 step 34: Box stable window 2/3 (acc=60.00%)
Worker 21 step 35: mirror — no coordinate change (box rejection?)
Worker 15 step 38: ACCEPTED principal_axis_rotation E=-152.054877 Ha dipole=1.4474 D
Worker 15 step 39: mirror — no coordinate change (box rejection?)
Worker 29 step 34: ACCEPTED principal_axis_rotation E=-152.059124 Ha dipole=1.3988 D
Worker 29 step 34: Adaptive box growth — new radius = 4.89 Å (acc=40.00%) 
Worker 34 step 50: ACCEPTED large_displacement E=-152.059252 Ha dipole=1.6577 D
Worker 27 step 36: ACCEPTED mirror E=-152.053119 Ha dipole=1.3742 D
Worker 34 step 51: roto_reflection — no coordinate change (box rejection?)
Worker 36 step 51: ACCEPTED large_displacement E=-152.053982 Ha dipole=1.1367 D
Worker 12 step 79: ACCEPTED random_so3 E=-152.054140 Ha dipole=1.5933 D
Worker 12 step 79: Adaptive box growth — new radius = 5.60 Å (acc=40.00%) 
Worker 12: 80/300 — accepted=21, rate=26.2%
Worker 36 step 52: twist — no coordinate change (box rejection?)
Worker 36 step 53: twist — no coordinate change (box rejection?)
Worker 36 step 54: mirror — no coordinate change (box rejection?)
Worker 30 step 45: ACCEPTED random_so3 E=-152.055394 Ha dipole=1.0679 D
Worker 10 step 67: ACCEPTED twist E=-152.053734 Ha dipole=1.1033 D
Worker 17 step 40: ACCEPTED principal_axis_rotation E=-152.055207 Ha dipole=0.7165 D
Worker 17 step 41: twist — no coordinate change (box rejection?)
Worker 35 step 34: ACCEPTED principal_axis_rotation E=-152.054202 Ha dipole=1.0618 D
Worker 35 step 34: Box stable window 1/3 (acc=60.00%)
Worker 8 step 95: ACCEPTED random_so3 E=-152.054860 Ha dipole=0.9647 D
Worker 22 step 51: ACCEPTED mirror E=-152.053392 Ha dipole=0.7899 D
Worker 22 step 52: mirror — no coordinate change (box rejection?)
Worker 22 step 53: twist — no coordinate change (box rejection?)
Worker 22 step 54: exchange — no coordinate change (box rejection?)
Worker 26 step 32: ACCEPTED principal_axis_rotation E=-152.059280 Ha dipole=0.8387 D
Worker 22 step 55: exchange — no coordinate change (box rejection?)
Worker 22 step 56: twist — no coordinate change (box rejection?)
Worker 22 step 57: mirror — no coordinate change (box rejection?)
Worker 22 step 58: principal_axis_rotation — no coordinate change (box rejection?)
Worker 22 step 59: large_displacement — no coordinate change (box rejection?)
Worker 9 step 64: Box stable window 1/3 (acc=60.00%)
Worker 22 step 60: principal_axis_rotation — no coordinate change (box rejection?)
Worker 9 step 65: twist — no coordinate change (box rejection?)
Worker 22 step 61: twist — no coordinate change (box rejection?)
Worker 22 step 62: exchange — no coordinate change (box rejection?)
Worker 33 step 48: ACCEPTED principal_axis_rotation E=-152.056389 Ha dipole=1.4932 D
Worker 33 step 49: mirror — no coordinate change (box rejection?)
Worker 20 step 51: ACCEPTED twist E=-152.059324 Ha dipole=1.4549 D
Worker 5 step 40: ACCEPTED mirror E=-152.053034 Ha dipole=1.5946 D
Worker 7 step 100: ACCEPTED twist E=-152.054548 Ha dipole=0.4836 D
Worker 7 step 101: mirror — no coordinate change (box rejection?)
Worker 7 step 102: roto_reflection — no coordinate change (box rejection?)
Worker 7 step 103: twist — no coordinate change (box rejection?)
Worker 37 step 96: ACCEPTED exchange E=-152.053397 Ha dipole=0.3964 D
Worker 37 step 97: roto_reflection — no coordinate change (box rejection?)
Worker 15 step 40: ACCEPTED exchange E=-152.052986 Ha dipole=1.4268 D
Worker 38 step 34: ACCEPTED twist E=-152.057980 Ha dipole=0.3404 D
Worker 38 step 35: mirror — no coordinate change (box rejection?)
Worker 6 step 107: ACCEPTED large_displacement E=-152.059855 Ha dipole=0.4117 D
Worker 11 step 29: Box stable window 1/3 (acc=60.00%)
Worker 11: 30/300 — accepted=9, rate=30.0%
Worker 19 step 46: ACCEPTED principal_axis_rotation E=-152.054567 Ha dipole=1.4992 D
Worker 4 step 44: Box stable window 1/3 (acc=60.00%)
Worker 2: 60/300 — accepted=23, rate=38.3%
Worker 2 step 60: twist — no coordinate change (box rejection?)
Worker 8 step 96: ACCEPTED exchange E=-152.053138 Ha dipole=0.9505 D
Worker 12 step 80: ACCEPTED large_displacement E=-152.054070 Ha dipole=1.5926 D
Worker 27 step 37: ACCEPTED principal_axis_rotation E=-152.053598 Ha dipole=0.6839 D
Worker 27 step 38: random_so3 — no coordinate change (box rejection?)
Worker 17 step 42: ACCEPTED twist E=-152.055279 Ha dipole=0.7516 D
Worker 17 step 43: twist — no coordinate change (box rejection?)
Worker 36 step 55: ACCEPTED large_displacement E=-152.054759 Ha dipole=1.1341 D
Worker 26 step 33: ACCEPTED twist E=-152.061802 Ha dipole=0.7648 D
Worker 21 step 36: ACCEPTED twist E=-152.053210 Ha dipole=0.9443 D
Worker 5 step 41: ACCEPTED large_displacement E=-152.053943 Ha dipole=1.6051 D
Worker 7 step 104: ACCEPTED random_so3 E=-152.054418 Ha dipole=0.9446 D
Worker 7 step 104: Adaptive box growth — new radius = 5.33 Å (acc=40.00%) 
Worker 13 step 71: ACCEPTED twist E=-152.060611 Ha dipole=1.6454 D
Worker 34 step 52: ACCEPTED exchange E=-152.059509 Ha dipole=1.6647 D
Worker 30 step 46: ACCEPTED large_displacement E=-152.054918 Ha dipole=1.0678 D
Worker 10 step 68: ACCEPTED mirror E=-152.053734 Ha dipole=1.1033 D
Worker 10 step 69: mirror — no coordinate change (box rejection?)
Worker 35 step 35: ACCEPTED twist E=-152.057831 Ha dipole=1.3307 D
Worker 15 step 41: ACCEPTED mirror E=-152.055305 Ha dipole=0.6921 D
Worker 28 step 37: ACCEPTED principal_axis_rotation E=-152.059324 Ha dipole=1.5180 D
Worker 22 step 63: ACCEPTED twist E=-152.053498 Ha dipole=0.7887 D
Worker 22 step 64: exchange — no coordinate change (box rejection?)
Worker 22 step 65: twist — no coordinate change (box rejection?)
Worker 37 step 98: ACCEPTED twist E=-152.053831 Ha dipole=0.7017 D
Worker 20 step 52: ACCEPTED exchange E=-152.058250 Ha dipole=1.4249 D
Worker 8 step 97: ACCEPTED principal_axis_rotation E=-152.055062 Ha dipole=1.3464 D
Worker 12 step 81: ACCEPTED large_displacement E=-152.056088 Ha dipole=1.6183 D
Worker 3 step 43: ACCEPTED large_displacement E=-152.055292 Ha dipole=1.1157 D
Worker 17 step 44: ACCEPTED principal_axis_rotation E=-152.055678 Ha dipole=0.7630 D
Worker 17 step 44: Adaptive box growth — new radius = 4.71 Å (acc=46.67%) 
Worker 27 step 39: ACCEPTED roto_reflection E=-152.054008 Ha dipole=0.7565 D
Worker 27 step 39: Adaptive box growth — new radius = 5.60 Å (acc=46.67%) 
Worker 27: 40/300 — accepted=15, rate=37.5%
Worker 17 step 45: twist — no coordinate change (box rejection?)
Worker 3 step 44: roto_reflection — no coordinate change (box rejection?)
Worker 26 step 34: ACCEPTED exchange E=-152.061860 Ha dipole=0.7336 D
Worker 5 step 42: ACCEPTED principal_axis_rotation E=-152.053956 Ha dipole=1.3010 D
Worker 38 step 36: ACCEPTED large_displacement E=-152.055438 Ha dipole=0.3418 D
Worker 38 step 37: principal_axis_rotation — no coordinate change (box rejection?)
Worker 2 step 61: ACCEPTED twist E=-152.055095 Ha dipole=1.0783 D
Worker 32 step 43: ACCEPTED mirror E=-152.058456 Ha dipole=1.1522 D
Worker 19 step 47: ACCEPTED exchange E=-152.056699 Ha dipole=1.5202 D
Worker 23 step 31: ACCEPTED large_displacement E=-152.057257 Ha dipole=1.0278 D
Worker 0 step 86: ACCEPTED large_displacement E=-152.059469 Ha dipole=1.3543 D
Worker 15 step 42: ACCEPTED exchange E=-152.055700 Ha dipole=0.7181 D
Worker 39 step 41: ACCEPTED principal_axis_rotation E=-152.058687 Ha dipole=0.6024 D
Worker 36 step 56: ACCEPTED twist E=-152.055082 Ha dipole=1.2827 D
Worker 21 step 37: ACCEPTED large_displacement E=-152.054733 Ha dipole=0.9456 D
Worker 21 step 38: mirror — no coordinate change (box rejection?)
Worker 7 step 105: ACCEPTED twist E=-152.054380 Ha dipole=0.9305 D
Worker 8 step 98: ACCEPTED principal_axis_rotation E=-152.055328 Ha dipole=1.3445 D
Worker 13 step 73: roto_reflection — no coordinate change (box rejection?)
Worker 13 step 74: roto_reflection — no coordinate change (box rejection?)
Worker 10 step 70: ACCEPTED principal_axis_rotation E=-152.053225 Ha dipole=1.3123 D
Worker 10 step 71: twist — no coordinate change (box rejection?)
Worker 10 step 72: twist — no coordinate change (box rejection?)
Worker 26 step 35: ACCEPTED principal_axis_rotation E=-152.060196 Ha dipole=1.0947 D
Worker 17 step 46: ACCEPTED large_displacement E=-152.059485 Ha dipole=0.8259 D
Worker 34 step 53: ACCEPTED exchange E=-152.059252 Ha dipole=1.6577 D
Worker 28 step 38: ACCEPTED large_displacement E=-152.059232 Ha dipole=1.5233 D
Worker 35 step 36: ACCEPTED mirror E=-152.057831 Ha dipole=1.3307 D
Worker 22 step 66: ACCEPTED twist E=-152.053484 Ha dipole=0.8048 D
Worker 2 step 62: ACCEPTED large_displacement E=-152.054879 Ha dipole=1.0745 D
Worker 1 step 147: ACCEPTED roto_reflection E=-152.059750 Ha dipole=1.3646 D
Worker 1 step 148: roto_reflection — no coordinate change (box rejection?)
Worker 37 step 99: ACCEPTED mirror E=-152.054786 Ha dipole=1.4633 D
Worker 37 step 99: Box stable window 1/3 (acc=60.00%)
Worker 37: 100/300 — accepted=29, rate=29.0%
Worker 27 step 40: ACCEPTED principal_axis_rotation E=-152.055915 Ha dipole=0.6044 D
Worker 5 step 43: ACCEPTED principal_axis_rotation E=-152.054206 Ha dipole=1.3010 D
Worker 38 step 38: ACCEPTED large_displacement E=-152.057036 Ha dipole=0.3413 D
Worker 3 step 45: ACCEPTED mirror E=-152.055227 Ha dipole=1.1867 D
Worker 0 step 87: ACCEPTED large_displacement E=-152.059589 Ha dipole=1.4300 D
Worker 19 step 48: ACCEPTED large_displacement E=-152.055345 Ha dipole=1.5025 D
Worker 0 step 88: twist — no coordinate change (box rejection?)
Worker 15 step 43: ACCEPTED twist E=-152.056309 Ha dipole=0.3928 D
Worker 12 step 83: ACCEPTED random_so3 E=-152.052958 Ha dipole=0.9032 D
Worker 32 step 44: ACCEPTED twist E=-152.060196 Ha dipole=1.4834 D
Worker 32 step 44: Adaptive box growth — new radius = 3.98 Å (acc=32.00%) 
Worker 10 step 73: ACCEPTED twist E=-152.053715 Ha dipole=1.1684 D
Worker 10 step 74: mirror — no coordinate change (box rejection?)
Worker 10 step 75: twist — no coordinate change (box rejection?)
Worker 10 step 76: exchange — no coordinate change (box rejection?)
Worker 10 step 77: twist — no coordinate change (box rejection?)
Worker 8: 100/300 — accepted=17, rate=17.0%
Worker 8 step 100: mirror — no coordinate change (box rejection?)
Worker 8 step 101: twist — no coordinate change (box rejection?)
Worker 8 step 102: roto_reflection — no coordinate change (box rejection?)
Worker 6 step 109: Adaptive box growth — new radius = 5.33 Å (acc=40.00%) 
Worker 6: 110/300 — accepted=23, rate=20.9%
Worker 24 step 42: ACCEPTED twist E=-152.057175 Ha dipole=1.0693 D
Worker 39 step 42: ACCEPTED mirror E=-152.058512 Ha dipole=1.5086 D
Worker 7 step 106: ACCEPTED twist E=-152.054378 Ha dipole=1.1682 D
Worker 29 step 37: ACCEPTED exchange E=-152.060960 Ha dipole=1.4648 D
Worker 36 step 57: ACCEPTED large_displacement E=-152.054675 Ha dipole=1.2851 D
Worker 20 step 54: Adaptive box growth — new radius = 5.33 Å (acc=40.00%) 
Worker 21 step 39: ACCEPTED random_so3 E=-152.056515 Ha dipole=1.4615 D
Worker 21 step 39: Box stable window 3/3 (acc=60.00%)
Worker 21 step 39: Box growth stabilized after 3 windows. Stopping growth.
Worker 21: 40/300 — accepted=18, rate=45.0%
Worker 4 step 47: ACCEPTED exchange E=-152.057009 Ha dipole=0.9991 D
Worker 38 step 39: ACCEPTED twist E=-152.053874 Ha dipole=1.1134 D
Worker 38 step 39: Box stable window 1/3 (acc=60.00%)
Worker 38: 40/300 — accepted=19, rate=47.5%
Worker 30 step 49: mirror — no coordinate change (box rejection?)
Worker 34 step 54: ACCEPTED exchange E=-152.059509 Ha dipole=1.6647 D
Worker 17 step 47: ACCEPTED principal_axis_rotation E=-152.060356 Ha dipole=0.8340 D
Worker 15 step 44: ACCEPTED roto_reflection E=-152.056132 Ha dipole=0.5311 D
Worker 28 step 39: Box stable window 2/3 (acc=60.00%)
Worker 28: 40/300 — accepted=15, rate=37.5%
Worker 35 step 37: ACCEPTED exchange E=-152.059954 Ha dipole=1.3939 D
Worker 22 step 67: ACCEPTED large_displacement E=-152.052663 Ha dipole=0.8079 D
Worker 22 step 68: roto_reflection — no coordinate change (box rejection?)
Worker 22 step 69: roto_reflection — no coordinate change (box rejection?)
Worker 5 step 44: Adaptive box growth — new radius = 5.32 Å (acc=50.00%) 
Worker 10 step 78: ACCEPTED principal_axis_rotation E=-152.053085 Ha dipole=1.1636 D
Worker 10 step 79: roto_reflection — no coordinate change (box rejection?)
Worker 37 step 100: ACCEPTED exchange E=-152.054212 Ha dipole=1.4576 D
Worker 1 step 149: Adaptive box growth — new radius = 7.29 Å (acc=20.00%) 
Worker 1: 150/300 — accepted=19, rate=12.7%
Worker 27 step 41: ACCEPTED large_displacement E=-152.056588 Ha dipole=0.6177 D
Worker 3 step 46: ACCEPTED exchange E=-152.052945 Ha dipole=1.1715 D
Worker 0 step 89: ACCEPTED principal_axis_rotation E=-152.059568 Ha dipole=1.4198 D
Worker 0 step 89: Adaptive box growth — new radius = 5.67 Å (acc=50.00%) 
Worker 0: 90/300 — accepted=32, rate=35.6%
Worker 12 step 84: ACCEPTED principal_axis_rotation E=-152.056100 Ha dipole=1.3474 D
Worker 19 step 49: ACCEPTED large_displacement E=-152.055603 Ha dipole=1.5070 D
Worker 19 step 49: Box stable window 1/3 (acc=60.00%)
Worker 19: 50/300 — accepted=22, rate=44.0%
Worker 19 step 50: large_displacement — no coordinate change (box rejection?)
Worker 20 step 55: ACCEPTED mirror E=-152.058250 Ha dipole=1.4249 D
Worker 4 step 49: twist — no coordinate change (box rejection?)
Worker 24 step 43: ACCEPTED large_displacement E=-152.057283 Ha dipole=1.0758 D
Worker 8 step 103: ACCEPTED roto_reflection E=-152.054186 Ha dipole=0.9065 D
Worker 8 step 104: twist — no coordinate change (box rejection?)
Worker 8 step 105: mirror — no coordinate change (box rejection?)
Worker 8 step 106: roto_reflection — no coordinate change (box rejection?)
Worker 7 step 107: ACCEPTED large_displacement E=-152.054336 Ha dipole=1.1671 D
Worker 7 step 108: large_displacement — no coordinate change (box rejection?)
Worker 36 step 58: ACCEPTED random_so3 E=-152.054812 Ha dipole=1.3242 D
Worker 36 step 59: mirror — no coordinate change (box rejection?)
Worker 29 step 38: ACCEPTED twist E=-152.061036 Ha dipole=1.4961 D
Worker 5 step 45: ACCEPTED exchange E=-152.053740 Ha dipole=1.3192 D
Worker 10 step 80: ACCEPTED large_displacement E=-152.053054 Ha dipole=1.1650 D
Worker 38 step 40: ACCEPTED random_so3 E=-152.056732 Ha dipole=1.1122 D
Worker 13 step 76: ACCEPTED large_displacement E=-152.058878 Ha dipole=1.5872 D
Worker 30 step 50: ACCEPTED roto_reflection E=-152.054877 Ha dipole=1.1904 D
Worker 30 step 51: roto_reflection — no coordinate change (box rejection?)
Worker 15 step 45: ACCEPTED large_displacement E=-152.056136 Ha dipole=0.5287 D
Worker 22 step 70: ACCEPTED principal_axis_rotation E=-152.052606 Ha dipole=0.8059 D
Worker 23 step 34: ACCEPTED roto_reflection E=-152.057302 Ha dipole=1.4655 D
Worker 23 step 34: Adaptive box growth — new radius = 5.63 Å (acc=40.00%) 
Worker 2 step 64: ACCEPTED exchange E=-152.054574 Ha dipole=1.0698 D
Worker 2 step 65: roto_reflection — no coordinate change (box rejection?)
Worker 2 step 66: roto_reflection — no coordinate change (box rejection?)
Worker 2 step 67: large_displacement — no coordinate change (box rejection?)
Worker 2 step 68: twist — no coordinate change (box rejection?)
Worker 2 step 69: mirror — no coordinate change (box rejection?)
Worker 28 step 41: mirror — no coordinate change (box rejection?)
Worker 28 step 42: roto_reflection — no coordinate change (box rejection?)
Worker 35 step 38: ACCEPTED mirror E=-152.059954 Ha dipole=1.3939 D
Worker 4 step 50: ACCEPTED large_displacement E=-152.058759 Ha dipole=1.0743 D
Worker 24 step 44: ACCEPTED principal_axis_rotation E=-152.057445 Ha dipole=1.0796 D
Worker 24 step 44: Box stable window 1/3 (acc=60.00%)
Worker 37 step 101: ACCEPTED large_displacement E=-152.054413 Ha dipole=1.4603 D
Worker 20 step 56: ACCEPTED large_displacement E=-152.059354 Ha dipole=1.4491 D
Worker 9 step 69: Adaptive box growth — new radius = 6.13 Å (acc=0.00%) 
Worker 9: 70/300 — accepted=15, rate=21.4%
Worker 33 step 53: ACCEPTED twist E=-152.057858 Ha dipole=1.0112 D
Worker 3 step 47: ACCEPTED random_so3 E=-152.054387 Ha dipole=1.3165 D
Worker 3 step 48: roto_reflection — no coordinate change (box rejection?)
Worker 3 step 49: twist — no coordinate change (box rejection?)
Worker 12 step 86: mirror — no coordinate change (box rejection?)
Worker 12 step 87: twist — no coordinate change (box rejection?)
Worker 39 step 44: ACCEPTED principal_axis_rotation E=-152.058354 Ha dipole=1.5201 D
Worker 39 step 44: Box stable window 1/3 (acc=60.00%)
Worker 19 step 51: ACCEPTED twist E=-152.055251 Ha dipole=1.4403 D
Worker 8 step 107: ACCEPTED mirror E=-152.055118 Ha dipole=1.3431 D
Worker 8 step 108: mirror — no coordinate change (box rejection?)
Worker 32 step 47: roto_reflection — no coordinate change (box rejection?)
Worker 32 step 48: roto_reflection — no coordinate change (box rejection?)
Worker 5 step 46: ACCEPTED twist E=-152.053517 Ha dipole=1.3002 D
Worker 30 step 52: ACCEPTED large_displacement E=-152.058212 Ha dipole=1.1979 D
Worker 34 step 56: ACCEPTED twist E=-152.059998 Ha dipole=1.6999 D
Worker 7 step 109: ACCEPTED principal_axis_rotation E=-152.054460 Ha dipole=1.1676 D
Worker 7: 110/300 — accepted=32, rate=29.1%
Worker 22 step 71: ACCEPTED random_so3 E=-152.053527 Ha dipole=0.6719 D
Worker 2 step 70: ACCEPTED exchange E=-152.054879 Ha dipole=1.0745 D
Worker 36 step 60: ACCEPTED exchange E=-152.054731 Ha dipole=1.3361 D
Worker 36 step 61: mirror — no coordinate change (box rejection?)
Worker 36 step 62: large_displacement — no coordinate change (box rejection?)
Worker 29 step 39: ACCEPTED mirror E=-152.061038 Ha dipole=1.4968 D
Worker 29 step 39: Box stable window 1/3 (acc=60.00%)
Worker 29: 40/300 — accepted=15, rate=37.5%
Worker 13 step 77: ACCEPTED twist E=-152.058698 Ha dipole=1.2741 D
Worker 26 step 39: Adaptive box growth — new radius = 5.63 Å (acc=20.00%) 
Worker 26: 40/300 — accepted=21, rate=52.5%
Worker 1 step 151: ACCEPTED mirror E=-152.059750 Ha dipole=1.3646 D
Worker 21 step 41: ACCEPTED roto_reflection E=-152.057117 Ha dipole=0.9653 D
Worker 6 step 112: ACCEPTED large_displacement E=-152.058317 Ha dipole=0.4460 D
Worker 38 step 41: ACCEPTED mirror E=-152.056732 Ha dipole=1.1122 D
Worker 17 step 49: ACCEPTED principal_axis_rotation E=-152.059862 Ha dipole=1.0693 D
Worker 17 step 49: Box stable window 1/3 (acc=60.00%)
Worker 17: 50/300 — accepted=20, rate=40.0%
Worker 15 step 46: ACCEPTED large_displacement E=-152.056065 Ha dipole=0.5265 D
Worker 35 step 39: ACCEPTED twist E=-152.059550 Ha dipole=1.4594 D
Worker 35: 40/300 — accepted=18, rate=45.0%
Worker 23 step 35: ACCEPTED large_displacement E=-152.055610 Ha dipole=1.4561 D
Worker 11 step 34: Adaptive box growth — new radius = 6.13 Å (acc=0.00%) 
Worker 33 step 54: ACCEPTED mirror E=-152.057858 Ha dipole=1.0112 D
Worker 33 step 54: Box stable window 1/3 (acc=60.00%)
Worker 4 step 51: ACCEPTED twist E=-152.056821 Ha dipole=1.6192 D
Worker 24 step 45: ACCEPTED twist E=-152.057884 Ha dipole=1.2382 D
Worker 24 step 46: roto_reflection — no coordinate change (box rejection?)
Worker 12 step 88: ACCEPTED exchange E=-152.058024 Ha dipole=1.3761 D
Worker 3 step 50: ACCEPTED twist E=-152.055746 Ha dipole=0.8400 D
Worker 3 step 51: roto_reflection — no coordinate change (box rejection?)
Worker 7 step 110: ACCEPTED large_displacement E=-152.054452 Ha dipole=1.1677 D
Worker 34 step 57: ACCEPTED twist E=-152.060070 Ha dipole=1.3965 D
Worker 0 step 91: ACCEPTED principal_axis_rotation E=-152.056742 Ha dipole=1.4245 D
Worker 19 step 52: ACCEPTED large_displacement E=-152.055115 Ha dipole=1.4365 D
Worker 8 step 109: ACCEPTED principal_axis_rotation E=-152.054340 Ha dipole=1.3363 D
Worker 8 step 109: Adaptive box growth — new radius = 6.13 Å (acc=30.00%) 
Worker 8: 110/300 — accepted=20, rate=18.2%
Worker 32 step 49: Adaptive box growth — new radius = 4.57 Å (acc=0.00%) 
Worker 32: 50/300 — accepted=18, rate=36.0%
Worker 32 step 50: twist — no coordinate change (box rejection?)
Worker 32 step 51: twist — no coordinate change (box rejection?)
Worker 5 step 47: ACCEPTED principal_axis_rotation E=-152.053052 Ha dipole=1.2992 D
Worker 22 step 72: ACCEPTED principal_axis_rotation E=-152.053393 Ha dipole=0.6680 D
Worker 17 step 50: ACCEPTED large_displacement E=-152.060048 Ha dipole=1.0776 D
Worker 21 step 42: ACCEPTED large_displacement E=-152.055361 Ha dipole=0.9600 D
Worker 36 step 63: ACCEPTED exchange E=-152.054812 Ha dipole=1.3242 D
Worker 36 step 64: twist — no coordinate change (box rejection?)
Worker 2 step 71: ACCEPTED random_so3 E=-152.054056 Ha dipole=0.7723 D
Worker 30 step 54: Adaptive box growth — new radius = 4.39 Å (acc=40.00%) 
Worker 13 step 79: mirror — no coordinate change (box rejection?)
Worker 12 step 89: ACCEPTED twist E=-152.058647 Ha dipole=1.5163 D
Worker 12 step 89: Adaptive box growth — new radius = 6.10 Å (acc=40.00%) 
Worker 12: 90/300 — accepted=27, rate=30.0%
Worker 20 step 58: ACCEPTED principal_axis_rotation E=-152.057803 Ha dipole=1.2823 D
Worker 10 step 82: ACCEPTED random_so3 E=-152.053191 Ha dipole=0.5418 D
Worker 38 step 42: ACCEPTED large_displacement E=-152.055803 Ha dipole=1.1045 D
Worker 33 step 55: ACCEPTED principal_axis_rotation E=-152.057183 Ha dipole=1.2543 D
Worker 33 step 56: twist — no coordinate change (box rejection?)
Worker 33 step 57: large_displacement — no coordinate change (box rejection?)
Worker 37 step 103: ACCEPTED large_displacement E=-152.054603 Ha dipole=1.4627 D
Worker 37 step 104: twist — no coordinate change (box rejection?)
Worker 37 step 105: roto_reflection — no coordinate change (box rejection?)
Worker 6 step 113: ACCEPTED exchange E=-152.059894 Ha dipole=0.4235 D
Worker 6 step 114: mirror — no coordinate change (box rejection?)
Worker 28 step 44: Adaptive box growth — new radius = 5.63 Å (acc=0.00%) 
Worker 4 step 52: ACCEPTED exchange E=-152.054024 Ha dipole=1.5654 D
Worker 24 step 48: twist — no coordinate change (box rejection?)
Worker 24 step 49: twist — no coordinate change (box rejection?)
Worker 3 step 52: ACCEPTED random_so3 E=-152.055617 Ha dipole=0.4619 D
Worker 3 step 53: mirror — no coordinate change (box rejection?)
Worker 7 step 111: ACCEPTED exchange E=-152.054297 Ha dipole=1.1657 D
Worker 39 step 46: ACCEPTED large_displacement E=-152.058207 Ha dipole=1.5284 D
Worker 39 step 47: roto_reflection — no coordinate change (box rejection?)
Worker 27 step 44: Adaptive box growth — new radius = 6.10 Å (acc=40.00%) 
Worker 27 step 45: roto_reflection — no coordinate change (box rejection?)
Worker 1 step 153: ACCEPTED mirror E=-152.059750 Ha dipole=1.3646 D
Worker 30 step 56: twist — no coordinate change (box rejection?)
Worker 12 step 90: ACCEPTED large_displacement E=-152.060020 Ha dipole=1.5783 D
Worker 19 step 53: ACCEPTED twist E=-152.055029 Ha dipole=1.2862 D
Worker 8 step 110: ACCEPTED mirror E=-152.054340 Ha dipole=1.3370 D
Worker 20 step 59: ACCEPTED twist E=-152.056909 Ha dipole=1.2870 D
Worker 20: 60/300 — accepted=23, rate=38.3%
Worker 21 step 43: ACCEPTED mirror E=-152.055361 Ha dipole=0.9600 D
Worker 23 step 38: roto_reflection — no coordinate change (box rejection?)
Worker 17 step 52: twist — no coordinate change (box rejection?)
Worker 22 step 73: ACCEPTED mirror E=-152.054200 Ha dipole=1.4673 D
Worker 22 step 74: twist — no coordinate change (box rejection?)
Worker 22 step 75: twist — no coordinate change (box rejection?)
Worker 5 step 48: ACCEPTED exchange E=-152.053013 Ha dipole=1.2827 D
Worker 5 step 49: roto_reflection — no coordinate change (box rejection?)
Worker 0 step 93: ACCEPTED large_displacement E=-152.059273 Ha dipole=1.3484 D
Worker 0 step 94: mirror — no coordinate change (box rejection?)
Worker 15 step 48: ACCEPTED large_displacement E=-152.056846 Ha dipole=0.5363 D
Worker 36 step 65: ACCEPTED exchange E=-152.054731 Ha dipole=1.3361 D
Worker 29 step 41: ACCEPTED random_so3 E=-152.057865 Ha dipole=0.8461 D
Worker 29 step 42: twist — no coordinate change (box rejection?)
Worker 26 step 41: ACCEPTED large_displacement E=-152.059722 Ha dipole=1.1064 D
Worker 2 step 72: ACCEPTED principal_axis_rotation E=-152.053238 Ha dipole=1.0746 D
Worker 10 step 83: ACCEPTED principal_axis_rotation E=-152.053228 Ha dipole=0.5423 D
Worker 37 step 106: ACCEPTED twist E=-152.055152 Ha dipole=1.1119 D
Worker 35 step 41: ACCEPTED exchange E=-152.056123 Ha dipole=1.4063 D
Worker 35 step 42: twist — no coordinate change (box rejection?)
Worker 35 step 43: mirror — no coordinate change (box rejection?)
Worker 34 step 59: Adaptive box growth — new radius = 6.13 Å (acc=40.00%) 
Worker 34: 60/300 — accepted=25, rate=41.7%
Worker 3 step 54: Adaptive box growth — new radius = 4.44 Å (acc=53.33%) 
Worker 3 step 55: large_displacement — no coordinate change (box rejection?)
Worker 12 step 91: ACCEPTED twist E=-152.058619 Ha dipole=1.3934 D
Worker 4 step 53: ACCEPTED twist E=-152.053820 Ha dipole=0.8967 D
Worker 1 step 154: ACCEPTED mirror E=-152.059743 Ha dipole=1.3641 D
Worker 1 step 154: Box stable window 1/3 (acc=60.00%)
Worker 9 step 72: ACCEPTED mirror E=-152.061100 Ha dipole=0.7875 D
Worker 8 step 111: ACCEPTED twist E=-152.052603 Ha dipole=0.5501 D
Worker 7 step 112: ACCEPTED principal_axis_rotation E=-152.054190 Ha dipole=1.3615 D
Worker 5 step 50: ACCEPTED random_so3 E=-152.056598 Ha dipole=0.7513 D
Worker 30 step 57: ACCEPTED principal_axis_rotation E=-152.055874 Ha dipole=1.2039 D
Worker 19 step 54: ACCEPTED large_displacement E=-152.055638 Ha dipole=1.2945 D
Worker 23 step 39: ACCEPTED mirror E=-152.055611 Ha dipole=1.4556 D
Worker 23 step 39: Adaptive box growth — new radius = 6.13 Å (acc=40.00%) 
Worker 23: 40/300 — accepted=13, rate=32.5%
Worker 37 step 107: ACCEPTED mirror E=-152.055152 Ha dipole=1.1119 D
Worker 37 step 108: roto_reflection — no coordinate change (box rejection?)
Worker 37 step 109: mirror — no coordinate change (box rejection?)
Worker 38 step 44: ACCEPTED twist E=-152.055636 Ha dipole=1.2148 D
Worker 38 step 45: roto_reflection — no coordinate change (box rejection?)
Worker 20 step 60: ACCEPTED mirror E=-152.056909 Ha dipole=1.2870 D
Worker 32 step 53: ACCEPTED large_displacement E=-152.059109 Ha dipole=1.4667 D
Worker 22 step 76: ACCEPTED large_displacement E=-152.054782 Ha dipole=1.4736 D
Worker 32 step 54: twist — no coordinate change (box rejection?)
Worker 0 step 95: ACCEPTED mirror E=-152.059273 Ha dipole=1.3484 D
Worker 39 step 49: Adaptive box growth — new radius = 8.41 Å (acc=20.00%) 
Worker 39: 50/300 — accepted=14, rate=28.0%
Worker 3 step 56: ACCEPTED twist E=-152.055281 Ha dipole=1.0415 D
Worker 36 step 66: ACCEPTED principal_axis_rotation E=-152.056511 Ha dipole=0.1936 D
Worker 15 step 49: ACCEPTED twist E=-152.056839 Ha dipole=1.0216 D
Worker 15: 50/300 — accepted=29, rate=58.0%
Worker 15 step 50: large_displacement — no coordinate change (box rejection?)
Worker 10 step 84: ACCEPTED principal_axis_rotation E=-152.053106 Ha dipole=0.7870 D
Worker 10 step 84: Adaptive box growth — new radius = 4.17 Å (acc=52.00%) 
Worker 10 step 85: large_displacement — no coordinate change (box rejection?)
Worker 10 step 86: exchange — no coordinate change (box rejection?)
Worker 2 step 73: ACCEPTED principal_axis_rotation E=-152.053200 Ha dipole=1.0763 D
Worker 33 step 59: Adaptive box growth — new radius = 5.32 Å (acc=20.00%) 
Worker 33: 60/300 — accepted=20, rate=33.3%
Worker 5 step 51: ACCEPTED exchange E=-152.057935 Ha dipole=0.7663 D
Worker 21 step 45: ACCEPTED mirror E=-152.054583 Ha dipole=1.2778 D
Worker 6 step 116: ACCEPTED random_so3 E=-152.051567 Ha dipole=1.4612 D
Worker 35 step 44: ACCEPTED roto_reflection E=-152.056382 Ha dipole=1.4644 D
Worker 35 step 44: Adaptive box growth — new radius = 5.79 Å (acc=40.00%) 
Worker 37 step 110: ACCEPTED exchange E=-152.055361 Ha dipole=1.1185 D
Worker 37 step 111: twist — no coordinate change (box rejection?)
Worker 23 step 40: ACCEPTED twist E=-152.056450 Ha dipole=1.4683 D
Worker 23 step 41: twist — no coordinate change (box rejection?)
Worker 8 step 112: ACCEPTED roto_reflection E=-152.054994 Ha dipole=1.2161 D
Worker 8 step 113: twist — no coordinate change (box rejection?)
Worker 12 step 92: ACCEPTED exchange E=-152.058955 Ha dipole=1.3670 D
Worker 4 step 54: ACCEPTED twist E=-152.054220 Ha dipole=0.3050 D
Worker 4 step 54: Box stable window 2/3 (acc=60.00%)
Worker 11 step 39: Adaptive box growth — new radius = 7.05 Å (acc=0.00%) 
Worker 11: 40/300 — accepted=9, rate=22.5%
Worker 1 step 155: ACCEPTED random_so3 E=-152.057924 Ha dipole=0.8331 D
Worker 7 step 113: ACCEPTED random_so3 E=-152.054214 Ha dipole=1.5472 D
Worker 7 step 114: roto_reflection — no coordinate change (box rejection?)
Worker 7 step 115: twist — no coordinate change (box rejection?)
Worker 7 step 116: twist — no coordinate change (box rejection?)
Worker 7 step 117: twist — no coordinate change (box rejection?)
Worker 7 step 118: twist — no coordinate change (box rejection?)
Worker 10 step 87: ACCEPTED mirror E=-152.053106 Ha dipole=0.7870 D
Worker 10 step 88: mirror — no coordinate change (box rejection?)
Worker 19 step 55: ACCEPTED random_so3 E=-152.055443 Ha dipole=1.5426 D
Worker 27 step 47: ACCEPTED twist E=-152.054406 Ha dipole=0.3379 D
Worker 38 step 46: ACCEPTED twist E=-152.053956 Ha dipole=1.2148 D
Worker 27 step 48: twist — no coordinate change (box rejection?)
Worker 38 step 47: mirror — no coordinate change (box rejection?)
Worker 22 step 77: ACCEPTED exchange E=-152.054488 Ha dipole=1.4724 D
Worker 22 step 78: twist — no coordinate change (box rejection?)
Worker 22 step 79: mirror — no coordinate change (box rejection?)
Worker 20 step 61: ACCEPTED twist E=-152.060881 Ha dipole=0.8076 D
Worker 3 step 58: mirror — no coordinate change (box rejection?)
Worker 20 step 62: twist — no coordinate change (box rejection?)
Worker 17 step 54: Adaptive box growth — new radius = 5.42 Å (acc=20.00%) 
Worker 20 step 63: roto_reflection — no coordinate change (box rejection?)
Worker 32 step 56: twist — no coordinate change (box rejection?)
Worker 2 step 74: ACCEPTED large_displacement E=-152.053307 Ha dipole=1.0778 D
Worker 2 step 75: roto_reflection — no coordinate change (box rejection?)
Worker 2 step 76: large_displacement — no coordinate change (box rejection?)
Worker 0 step 96: ACCEPTED exchange E=-152.059900 Ha dipole=1.3559 D
Worker 37 step 112: ACCEPTED twist E=-152.055328 Ha dipole=1.1130 D
Worker 26 step 44: ACCEPTED exchange E=-152.061756 Ha dipole=1.2187 D
Worker 26 step 44: Adaptive box growth — new radius = 6.13 Å (acc=40.00%) 
Worker 36 step 67: ACCEPTED exchange E=-152.056499 Ha dipole=0.1896 D
Worker 29 step 44: Adaptive box growth — new radius = 5.63 Å (acc=20.00%) 
Worker 15 step 51: ACCEPTED large_displacement E=-152.060886 Ha dipole=1.1111 D
Worker 35 step 46: twist — no coordinate change (box rejection?)
Worker 35 step 47: roto_reflection — no coordinate change (box rejection?)
Worker 23 step 42: ACCEPTED roto_reflection E=-152.056519 Ha dipole=1.2298 D
Worker 33 step 60: ACCEPTED large_displacement E=-152.056348 Ha dipole=1.2395 D
Worker 6 step 117: ACCEPTED roto_reflection E=-152.060769 Ha dipole=0.5482 D
Worker 21 step 46: ACCEPTED mirror E=-152.053635 Ha dipole=0.9597 D
Worker 21 step 47: exchange — no coordinate change (box rejection?)
Worker 21 step 48: large_displacement — no coordinate change (box rejection?)
Worker 28 step 47: ACCEPTED random_so3 E=-152.061248 Ha dipole=1.4667 D
Worker 8 step 114: ACCEPTED mirror E=-152.054994 Ha dipole=1.2161 D
Worker 32 step 57: ACCEPTED twist E=-152.058823 Ha dipole=1.4862 D
Worker 32 step 58: twist — no coordinate change (box rejection?)
Worker 22 step 80: ACCEPTED random_so3 E=-152.055232 Ha dipole=0.7707 D
Worker 7 step 119: ACCEPTED large_displacement E=-152.054343 Ha dipole=1.5489 D
Worker 7 step 119: Adaptive box growth — new radius = 5.49 Å (acc=50.00%) 
Worker 7: 120/300 — accepted=37, rate=30.8%
Worker 37 step 113: ACCEPTED exchange E=-152.055160 Ha dipole=1.1069 D
Worker 37 step 114: roto_reflection — no coordinate change (box rejection?)
Worker 9 step 74: ACCEPTED roto_reflection E=-152.061554 Ha dipole=0.9360 D
Worker 9 step 74: Adaptive box growth — new radius = 6.68 Å (acc=40.00%) 
Worker 34 step 61: ACCEPTED twist E=-152.060696 Ha dipole=1.3763 D
Worker 34 step 62: roto_reflection — no coordinate change (box rejection?)
Worker 26 step 45: ACCEPTED large_displacement E=-152.062164 Ha dipole=1.2833 D
Worker 29 step 45: ACCEPTED large_displacement E=-152.056151 Ha dipole=0.8199 D
Worker 10 step 89: Adaptive box growth — new radius = 4.80 Å (acc=20.00%) 
Worker 10: 90/300 — accepted=35, rate=38.9%
Worker 30 step 59: ACCEPTED random_so3 E=-152.058240 Ha dipole=1.4553 D
Worker 30 step 59: Adaptive box growth — new radius = 4.79 Å (acc=40.00%) 
Worker 30: 60/300 — accepted=29, rate=48.3%
Worker 19 step 56: ACCEPTED random_so3 E=-152.055097 Ha dipole=1.2782 D
Worker 38 step 48: ACCEPTED roto_reflection E=-152.054623 Ha dipole=1.1518 D
Worker 38 step 49: twist — no coordinate change (box rejection?)
Worker 38 step 50: mirror — no coordinate change (box rejection?)
Worker 27 step 49: ACCEPTED twist E=-152.054083 Ha dipole=0.3927 D
Worker 27 step 49: Adaptive box growth — new radius = 6.65 Å (acc=40.00%) 
Worker 27: 50/300 — accepted=19, rate=38.0%
Worker 2 step 77: ACCEPTED twist E=-152.053126 Ha dipole=0.8618 D
Worker 2 step 78: mirror — no coordinate change (box rejection?)
Worker 2 step 79: roto_reflection — no coordinate change (box rejection?)
Worker 2 step 80: principal_axis_rotation — no coordinate change (box rejection?)
Worker 2 step 81: twist — no coordinate change (box rejection?)
Worker 2 step 82: twist — no coordinate change (box rejection?)
Worker 2 step 83: twist — no coordinate change (box rejection?)
Worker 20 step 64: ACCEPTED principal_axis_rotation E=-152.060018 Ha dipole=0.4820 D
Worker 20 step 64: Box stable window 1/3 (acc=60.00%)
Worker 3 step 59: ACCEPTED principal_axis_rotation E=-152.053141 Ha dipole=1.4606 D
Worker 3 step 59: Adaptive box growth — new radius = 4.84 Å (acc=40.00%) 
Worker 3: 60/300 — accepted=30, rate=50.0%
Worker 33 step 61: ACCEPTED large_displacement E=-152.056497 Ha dipole=1.2427 D
Worker 36 step 68: ACCEPTED roto_reflection E=-152.053714 Ha dipole=1.5867 D
Worker 36 step 69: twist — no coordinate change (box rejection?)
Worker 39 step 52: ACCEPTED mirror E=-152.058196 Ha dipole=1.5283 D
Worker 5 step 54: ACCEPTED principal_axis_rotation E=-152.057650 Ha dipole=1.0498 D
Worker 35 step 48: ACCEPTED large_displacement E=-152.060006 Ha dipole=1.5181 D
Worker 23 step 43: ACCEPTED twist E=-152.057643 Ha dipole=1.1709 D
Worker 24 step 53: ACCEPTED random_so3 E=-152.057649 Ha dipole=1.5689 D
Worker 29 step 46: ACCEPTED mirror E=-152.056151 Ha dipole=0.8199 D
Worker 29 step 47: mirror — no coordinate change (box rejection?)
Worker 21: 50/300 — accepted=23, rate=46.0%
Worker 21 step 50: principal_axis_rotation — no coordinate change (box rejection?)
Worker 21 step 51: exchange — no coordinate change (box rejection?)
Worker 21 step 52: exchange — no coordinate change (box rejection?)
Worker 4 step 56: ACCEPTED twist E=-152.053309 Ha dipole=1.3197 D
Worker 2 step 84: ACCEPTED roto_reflection E=-152.053308 Ha dipole=0.8902 D
Worker 8 step 115: ACCEPTED large_displacement E=-152.055330 Ha dipole=1.2186 D
Worker 22 step 81: ACCEPTED random_so3 E=-152.055050 Ha dipole=1.1674 D
Worker 22 step 82: twist — no coordinate change (box rejection?)
Worker 12 step 94: ACCEPTED random_so3 E=-152.052769 Ha dipole=0.7952 D
Worker 32 step 59: Adaptive box growth — new radius = 5.26 Å (acc=20.00%) 
Worker 32: 60/300 — accepted=20, rate=33.3%
Worker 32 step 60: twist — no coordinate change (box rejection?)
Worker 32 step 61: roto_reflection — no coordinate change (box rejection?)
Worker 11 step 41: ACCEPTED twist E=-152.015931 Ha dipole=0.7389 D
Worker 7 step 120: ACCEPTED exchange E=-152.054245 Ha dipole=1.5477 D
Worker 37 step 115: ACCEPTED large_displacement E=-152.055507 Ha dipole=1.1122 D
Worker 7 step 121: roto_reflection — no coordinate change (box rejection?)
Worker 33 step 62: ACCEPTED principal_axis_rotation E=-152.056354 Ha dipole=1.0490 D
Worker 9 step 75: ACCEPTED twist E=-152.061408 Ha dipole=0.9594 D
Worker 17 step 56: ACCEPTED twist E=-152.056262 Ha dipole=1.0721 D
Worker 10 step 90: ACCEPTED principal_axis_rotation E=-152.053190 Ha dipole=0.7873 D
Worker 19 step 58: roto_reflection — no coordinate change (box rejection?)
Worker 19 step 59: large_displacement — no coordinate change (box rejection?)
Worker 19 step 60: twist — no coordinate change (box rejection?)
Worker 30 step 60: ACCEPTED principal_axis_rotation E=-152.058548 Ha dipole=1.4637 D
Worker 30 step 61: twist — no coordinate change (box rejection?)
Worker 38 step 51: ACCEPTED principal_axis_rotation E=-152.055307 Ha dipole=1.1618 D
Worker 36 step 70: ACCEPTED mirror E=-152.056614 Ha dipole=0.1950 D
Worker 36 step 71: roto_reflection — no coordinate change (box rejection?)
Worker 27 step 50: ACCEPTED random_so3 E=-152.058685 Ha dipole=0.9912 D
Worker 3 step 60: ACCEPTED twist E=-152.054624 Ha dipole=1.4478 D
Worker 20 step 65: ACCEPTED large_displacement E=-152.059729 Ha dipole=0.4525 D
Worker 15 step 53: ACCEPTED principal_axis_rotation E=-152.061167 Ha dipole=1.5223 D
Worker 6 step 119: Adaptive box growth — new radius = 5.81 Å (acc=40.00%) 
Worker 6: 120/300 — accepted=27, rate=22.5%
Worker 5 step 55: ACCEPTED large_displacement E=-152.058809 Ha dipole=1.0496 D
Worker 0 step 98: ACCEPTED principal_axis_rotation E=-152.059738 Ha dipole=1.3486 D
Worker 39 step 53: ACCEPTED exchange E=-152.046828 Ha dipole=1.4342 D
Worker 2 step 85: ACCEPTED twist E=-152.053706 Ha dipole=0.6117 D
Worker 22 step 83: ACCEPTED exchange E=-152.055521 Ha dipole=1.1785 D
Worker 29 step 49: roto_reflection — no coordinate change (box rejection?)
Worker 29 step 50: roto_reflection — no coordinate change (box rejection?)
Worker 1 step 158: ACCEPTED roto_reflection E=-152.054904 Ha dipole=0.9455 D
Worker 35 step 49: Adaptive box growth — new radius = 6.66 Å (acc=20.00%) 
Worker 35: 50/300 — accepted=21, rate=42.0%
Worker 13 step 84: Adaptive box growth — new radius = 5.94 Å (acc=20.00%) 
Worker 23 step 44: ACCEPTED large_displacement E=-152.060482 Ha dipole=1.2194 D
Worker 24 step 54: ACCEPTED twist E=-152.057448 Ha dipole=1.5092 D
Worker 24 step 54: Adaptive box growth — new radius = 5.81 Å (acc=30.00%) 
Worker 21 step 53: ACCEPTED twist E=-152.054935 Ha dipole=0.8550 D
Worker 36 step 72: ACCEPTED mirror E=-152.053714 Ha dipole=1.5867 D
Worker 36 step 73: mirror — no coordinate change (box rejection?)
Worker 28 step 49: Adaptive box growth — new radius = 6.47 Å (acc=20.00%) 
Worker 28: 50/300 — accepted=16, rate=32.0%
Worker 32 step 62: ACCEPTED exchange E=-152.058608 Ha dipole=1.4851 D
Worker 4 step 57: ACCEPTED mirror E=-152.054876 Ha dipole=0.9517 D
Worker 37 step 116: ACCEPTED large_displacement E=-152.054694 Ha dipole=1.1034 D
Worker 8 step 116: ACCEPTED large_displacement E=-152.056710 Ha dipole=1.2361 D
Worker 33 step 63: ACCEPTED random_so3 E=-152.057508 Ha dipole=1.5297 D
Worker 33 step 64: twist — no coordinate change (box rejection?)
Worker 7 step 122: ACCEPTED large_displacement E=-152.054212 Ha dipole=1.5473 D
Worker 7 step 123: twist — no coordinate change (box rejection?)
Worker 7 step 124: twist — no coordinate change (box rejection?)
Worker 17 step 57: ACCEPTED exchange E=-152.057601 Ha dipole=1.1117 D
Worker 2 step 86: ACCEPTED large_displacement E=-152.053312 Ha dipole=0.6125 D
Worker 2 step 87: mirror — no coordinate change (box rejection?)
Worker 2 step 88: roto_reflection — no coordinate change (box rejection?)
Worker 2 step 89: large_displacement — no coordinate change (box rejection?)
Worker 22 step 85: twist — no coordinate change (box rejection?)
Worker 19 step 61: ACCEPTED principal_axis_rotation E=-152.055656 Ha dipole=1.4873 D
Worker 1 step 159: Adaptive box growth — new radius = 7.94 Å (acc=40.00%) 
Worker 1: 160/300 — accepted=24, rate=15.0%
Worker 38 step 52: ACCEPTED twist E=-152.056339 Ha dipole=0.3825 D
Worker 30 step 62: ACCEPTED roto_reflection E=-152.059189 Ha dipole=1.4990 D
Worker 34 step 64: ACCEPTED roto_reflection E=-152.060382 Ha dipole=1.3942 D
Worker 34 step 64: Adaptive box growth — new radius = 6.68 Å (acc=40.00%) 
Worker 27 step 51: ACCEPTED twist E=-152.058887 Ha dipole=1.0099 D
Worker 3 step 61: ACCEPTED twist E=-152.054562 Ha dipole=1.4620 D
Worker 3 step 62: roto_reflection — no coordinate change (box rejection?)
Worker 3 step 63: twist — no coordinate change (box rejection?)
Worker 12 step 96: ACCEPTED twist E=-152.053675 Ha dipole=0.7080 D
Worker 20 step 66: ACCEPTED exchange E=-152.060765 Ha dipole=0.5926 D
Worker 15 step 54: ACCEPTED twist E=-152.061407 Ha dipole=1.3994 D
Worker 15 step 54: Box stable window 1/3 (acc=60.00%)
Worker 15 step 55: mirror — no coordinate change (box rejection?)
Worker 0 step 99: ACCEPTED twist E=-152.059608 Ha dipole=1.3825 D
Worker 0 step 99: Box stable window 1/3 (acc=60.00%)
Worker 0: 100/300 — accepted=38, rate=38.0%
Worker 36 step 74: Adaptive box growth — new radius = 4.41 Å (acc=53.33%) 
Worker 39 step 54: ACCEPTED mirror E=-152.056091 Ha dipole=0.5653 D
Worker 39 step 54: Box stable window 1/3 (acc=60.00%)
Worker 29 step 52: mirror — no coordinate change (box rejection?)
Worker 37 step 117: ACCEPTED large_displacement E=-152.054590 Ha dipole=1.1021 D
Worker 37 step 118: twist — no coordinate change (box rejection?)
Worker 35 step 50: ACCEPTED mirror E=-152.060006 Ha dipole=1.5180 D
Worker 10 step 92: ACCEPTED twist E=-152.053455 Ha dipole=0.8461 D
Worker 10 step 93: roto_reflection — no coordinate change (box rejection?)
Worker 4 step 58: ACCEPTED mirror E=-152.054876 Ha dipole=0.9517 D
Worker 2 step 90: ACCEPTED principal_axis_rotation E=-152.054380 Ha dipole=1.4878 D
Worker 13 step 85: ACCEPTED principal_axis_rotation E=-152.055080 Ha dipole=0.7947 D
Worker 23 step 45: ACCEPTED roto_reflection E=-152.058494 Ha dipole=1.1122 D
Worker 33 step 65: ACCEPTED exchange E=-152.058130 Ha dipole=1.5273 D
Worker 21 step 54: ACCEPTED large_displacement E=-152.055537 Ha dipole=0.8553 D
Worker 21 step 55: principal_axis_rotation — no coordinate change (box rejection?)
Worker 21 step 56: roto_reflection — no coordinate change (box rejection?)
Worker 21 step 57: principal_axis_rotation — no coordinate change (box rejection?)
Worker 22 step 86: ACCEPTED exchange E=-152.055050 Ha dipole=1.1674 D
Worker 8 step 117: ACCEPTED large_displacement E=-152.056365 Ha dipole=1.2297 D
Worker 7 step 125: ACCEPTED random_so3 E=-152.054248 Ha dipole=1.2707 D
Worker 36 step 75: ACCEPTED exchange E=-152.053530 Ha dipole=1.5868 D
Worker 6 step 121: ACCEPTED random_so3 E=-152.057850 Ha dipole=1.1736 D
Worker 1 step 160: ACCEPTED principal_axis_rotation E=-152.058934 Ha dipole=0.6412 D
Worker 32 step 64: ACCEPTED exchange E=-152.058823 Ha dipole=1.4862 D
Worker 32 step 64: Adaptive box growth — new radius = 5.73 Å (acc=40.00%) 
Worker 38 step 53: ACCEPTED twist E=-152.056347 Ha dipole=0.3852 D
Worker 38 step 54: twist — no coordinate change (box rejection?)
Worker 30 step 63: ACCEPTED large_displacement E=-152.061992 Ha dipole=1.5846 D
Worker 3 step 64: ACCEPTED exchange E=-152.053073 Ha dipole=1.4452 D
Worker 3 step 64: Box stable window 1/3 (acc=60.00%)
Worker 17 step 59: ACCEPTED roto_reflection E=-152.057735 Ha dipole=1.1425 D
Worker 17 step 59: Box stable window 1/3 (acc=60.00%)
Worker 17: 60/300 — accepted=24, rate=40.0%
Worker 2 step 91: ACCEPTED large_displacement E=-152.055214 Ha dipole=1.5033 D
Worker 15 step 56: ACCEPTED large_displacement E=-152.060496 Ha dipole=1.4641 D
Worker 26 step 49: ACCEPTED principal_axis_rotation E=-152.061583 Ha dipole=1.5415 D
Worker 26 step 49: Adaptive box growth — new radius = 6.68 Å (acc=40.00%) 
Worker 26: 50/300 — accepted=25, rate=50.0%
Worker 34 step 65: ACCEPTED principal_axis_rotation E=-152.059961 Ha dipole=1.7017 D
Worker 35 step 51: ACCEPTED large_displacement E=-152.060614 Ha dipole=1.5282 D
Worker 0 step 101: roto_reflection — no coordinate change (box rejection?)
Worker 10 step 94: ACCEPTED mirror E=-152.053455 Ha dipole=0.8461 D
Worker 10 step 94: Box stable window 1/3 (acc=60.00%)
Worker 10 step 95: twist — no coordinate change (box rejection?)
Worker 23 step 46: ACCEPTED roto_reflection E=-152.061483 Ha dipole=1.0106 D
Worker 23 step 47: twist — no coordinate change (box rejection?)
Worker 23 step 48: mirror — no coordinate change (box rejection?)
Worker 37 step 119: ACCEPTED twist E=-152.054567 Ha dipole=1.0605 D
Worker 37 step 119: Box stable window 2/3 (acc=60.00%)
Worker 37: 120/300 — accepted=41, rate=34.2%
Worker 29 step 53: ACCEPTED principal_axis_rotation E=-152.059032 Ha dipole=1.5953 D
Worker 4 step 59: Box stable window 3/3 (acc=60.00%)
Worker 4 step 59: Box growth stabilized after 3 windows. Stopping growth.
Worker 4: 60/300 — accepted=31, rate=51.7%
Worker 4 step 60: roto_reflection — no coordinate change (box rejection?)
Worker 4 step 61: twist — no coordinate change (box rejection?)
Worker 12 step 98: ACCEPTED mirror E=-152.053675 Ha dipole=0.7080 D
Worker 13 step 86: ACCEPTED large_displacement E=-152.055072 Ha dipole=0.7936 D
Worker 11 step 44: ACCEPTED mirror E=-152.015931 Ha dipole=0.7389 D
Worker 11 step 44: Adaptive box growth — new radius = 7.69 Å (acc=40.00%) 
Worker 21 step 58: ACCEPTED large_displacement E=-152.055836 Ha dipole=0.8347 D
Worker 21 step 59: twist — no coordinate change (box rejection?)
Worker 21 step 60: random_so3 — no coordinate change (box rejection?)
Worker 21 step 61: roto_reflection — no coordinate change (box rejection?)
Worker 21 step 62: twist — no coordinate change (box rejection?)
Worker 36 step 76: ACCEPTED principal_axis_rotation E=-152.052286 Ha dipole=1.3639 D
Worker 36 step 77: twist — no coordinate change (box rejection?)
Worker 7 step 126: ACCEPTED principal_axis_rotation E=-152.054236 Ha dipole=1.2709 D
Worker 7 step 127: twist — no coordinate change (box rejection?)
Worker 30 step 64: ACCEPTED roto_reflection E=-152.060790 Ha dipole=1.6307 D
Worker 8 step 118: ACCEPTED random_so3 E=-152.052517 Ha dipole=0.8054 D
Worker 9 step 78: ACCEPTED large_displacement E=-152.060200 Ha dipole=0.9372 D
Worker 2 step 92: ACCEPTED random_so3 E=-152.058048 Ha dipole=1.2055 D
Worker 2 step 93: mirror — no coordinate change (box rejection?)
Worker 1 step 161: ACCEPTED large_displacement E=-152.058046 Ha dipole=0.6629 D
Worker 19 step 63: ACCEPTED exchange E=-152.055167 Ha dipole=1.4809 D
Worker 34 step 66: ACCEPTED twist E=-152.057129 Ha dipole=1.5773 D
Worker 23 step 49: Adaptive box growth — new radius = 6.68 Å (acc=40.00%) 
Worker 23: 50/300 — accepted=19, rate=38.0%
Worker 5 step 58: ACCEPTED twist E=-152.058545 Ha dipole=0.8861 D
Worker 23 step 50: mirror — no coordinate change (box rejection?)
Worker 32 step 65: ACCEPTED twist E=-152.058966 Ha dipole=1.4943 D
Worker 10 step 96: ACCEPTED exchange E=-152.053066 Ha dipole=0.8441 D
Worker 10 step 97: large_displacement — no coordinate change (box rejection?)
Worker 10 step 98: roto_reflection — no coordinate change (box rejection?)
Worker 38 step 55: ACCEPTED random_so3 E=-152.052570 Ha dipole=1.1840 D
Worker 17 step 60: ACCEPTED principal_axis_rotation E=-152.060202 Ha dipole=1.1756 D
Worker 17 step 61: roto_reflection — no coordinate change (box rejection?)
Worker 3 step 65: ACCEPTED twist E=-152.052942 Ha dipole=1.4202 D
Worker 27 step 53: ACCEPTED twist E=-152.057780 Ha dipole=1.2425 D
Worker 0 step 102: ACCEPTED principal_axis_rotation E=-152.059041 Ha dipole=1.3618 D
Worker 39 step 56: ACCEPTED roto_reflection E=-152.058296 Ha dipole=1.1326 D
Worker 33 step 67: ACCEPTED mirror E=-152.058132 Ha dipole=1.5278 D
Worker 37 step 120: ACCEPTED mirror E=-152.053261 Ha dipole=1.2193 D
Worker 37 step 121: twist — no coordinate change (box rejection?)
Worker 29 step 54: Adaptive box growth — new radius = 6.47 Å (acc=30.00%) 
Worker 7 step 128: ACCEPTED exchange E=-152.054222 Ha dipole=1.2708 D
Worker 7 step 129: roto_reflection — no coordinate change (box rejection?)
Worker 12 step 99: Adaptive box growth — new radius = 6.65 Å (acc=40.00%) 
Worker 12: 100/300 — accepted=33, rate=33.0%
Worker 13 step 87: ACCEPTED random_so3 E=-152.055850 Ha dipole=0.6093 D
Worker 21 step 64: large_displacement — no coordinate change (box rejection?)
Worker 36 step 78: ACCEPTED large_displacement E=-152.052482 Ha dipole=1.3717 D
Worker 22 step 88: ACCEPTED twist E=-152.055133 Ha dipole=1.1863 D
Worker 22 step 89: large_displacement — no coordinate change (box rejection?)
Worker 22 step 90: roto_reflection — no coordinate change (box rejection?)
Worker 9 step 79: ACCEPTED principal_axis_rotation E=-152.060185 Ha dipole=0.9231 D
Worker 9 step 79: Box stable window 1/3 (acc=60.00%)
Worker 9: 80/300 — accepted=20, rate=25.0%
Worker 22 step 91: twist — no coordinate change (box rejection?)
Worker 6 step 123: ACCEPTED principal_axis_rotation E=-152.058324 Ha dipole=1.2426 D
Worker 2 step 94: ACCEPTED large_displacement E=-152.059274 Ha dipole=1.2230 D
Worker 28 step 52: ACCEPTED mirror E=-152.061248 Ha dipole=1.4667 D
Worker 8: 120/300 — accepted=28, rate=23.3%
Worker 23 step 51: ACCEPTED twist E=-152.061618 Ha dipole=0.9565 D
Worker 5 step 59: Adaptive box growth — new radius = 5.79 Å (acc=40.00%) 
Worker 5: 60/300 — accepted=27, rate=45.0%
Worker 34 step 67: ACCEPTED mirror E=-152.057129 Ha dipole=1.5775 D
Worker 10 step 99: ACCEPTED mirror E=-152.053065 Ha dipole=0.8449 D
Worker 10 step 99: Adaptive box growth — new radius = 5.23 Å (acc=40.00%) 
Worker 10: 100/300 — accepted=40, rate=40.0%
Worker 19 step 64: ACCEPTED exchange E=-152.055656 Ha dipole=1.4873 D
Worker 19 step 64: Adaptive box growth — new radius = 4.38 Å (acc=50.00%) 
Worker 38 step 56: ACCEPTED large_displacement E=-152.053493 Ha dipole=1.1827 D
Worker 38 step 57: roto_reflection — no coordinate change (box rejection?)
Worker 38 step 58: twist — no coordinate change (box rejection?)
Worker 35 step 53: ACCEPTED random_so3 E=-152.056037 Ha dipole=0.7502 D
Worker 17 step 62: ACCEPTED principal_axis_rotation E=-152.059758 Ha dipole=1.2234 D
Worker 27 step 54: ACCEPTED large_displacement E=-152.058833 Ha dipole=1.3112 D
Worker 27 step 55: mirror — no coordinate change (box rejection?)
Worker 7 step 130: ACCEPTED large_displacement E=-152.054151 Ha dipole=1.2703 D
Worker 3 step 66: ACCEPTED principal_axis_rotation E=-152.054315 Ha dipole=0.7594 D
Worker 3 step 67: roto_reflection — no coordinate change (box rejection?)
Worker 3 step 68: large_displacement — no coordinate change (box rejection?)
Worker 33 step 68: ACCEPTED roto_reflection E=-152.058048 Ha dipole=1.3943 D
Worker 3 step 69: roto_reflection — no coordinate change (box rejection?)
Worker 15 step 59: twist — no coordinate change (box rejection?)
Worker 20 step 69: Adaptive box growth — new radius = 5.81 Å (acc=40.00%) 
Worker 20: 70/300 — accepted=28, rate=40.0%
Worker 26 step 51: ACCEPTED mirror E=-152.061583 Ha dipole=1.5415 D
Worker 12 step 100: ACCEPTED exchange E=-152.057088 Ha dipole=0.6883 D
Worker 37 step 122: ACCEPTED random_so3 E=-152.054328 Ha dipole=1.5636 D
Worker 4 step 63: ACCEPTED twist E=-152.056213 Ha dipole=0.7927 D
Worker 23 step 52: ACCEPTED large_displacement E=-152.057996 Ha dipole=0.8899 D
Worker 5 step 60: ACCEPTED random_so3 E=-152.055124 Ha dipole=0.9666 D
Worker 6 step 124: Adaptive box growth — new radius = 6.33 Å (acc=40.00%) 
Worker 24 step 58: ACCEPTED twist E=-152.055966 Ha dipole=1.4956 D
Worker 36 step 79: ACCEPTED large_displacement E=-152.051845 Ha dipole=1.3681 D
Worker 36: 80/300 — accepted=36, rate=45.0%
Worker 38 step 59: ACCEPTED large_displacement E=-152.053814 Ha dipole=1.1838 D
Worker 38 step 59: Adaptive box growth — new radius = 4.94 Å (acc=53.33%) 
Worker 38: 60/300 — accepted=31, rate=51.7%
Worker 13 step 88: ACCEPTED large_displacement E=-152.055370 Ha dipole=0.6010 D
Worker 21 step 65: ACCEPTED large_displacement E=-152.056473 Ha dipole=0.8505 D
Worker 21 step 66: principal_axis_rotation — no coordinate change (box rejection?)
Worker 21 step 67: twist — no coordinate change (box rejection?)
Worker 21 step 68: roto_reflection — no coordinate change (box rejection?)
Worker 2 step 95: ACCEPTED principal_axis_rotation E=-152.059138 Ha dipole=1.2217 D
Worker 2 step 96: exchange — no coordinate change (box rejection?)
Worker 28 step 53: ACCEPTED mirror E=-152.061248 Ha dipole=1.4667 D
Worker 8 step 120: ACCEPTED roto_reflection E=-152.052664 Ha dipole=0.8665 D
Worker 10 step 100: ACCEPTED random_so3 E=-152.054679 Ha dipole=0.9846 D
Worker 34 step 68: ACCEPTED large_displacement E=-152.059030 Ha dipole=1.6057 D
Worker 19 step 65: ACCEPTED exchange E=-152.055167 Ha dipole=1.4809 D
Worker 35 step 54: Box stable window 1/3 (acc=60.00%)
Worker 1 step 163: ACCEPTED twist E=-152.057826 Ha dipole=0.6655 D
Worker 7 step 131: ACCEPTED twist E=-152.053943 Ha dipole=1.5882 D
Worker 7 step 132: twist — no coordinate change (box rejection?)
Worker 7 step 133: roto_reflection — no coordinate change (box rejection?)
Worker 7 step 134: twist — no coordinate change (box rejection?)
Worker 4 step 65: twist — no coordinate change (box rejection?)
Worker 4 step 66: twist — no coordinate change (box rejection?)
Worker 23 step 53: ACCEPTED twist E=-152.058766 Ha dipole=0.7572 D
Worker 24 step 59: Adaptive box growth — new radius = 6.68 Å (acc=20.00%) 
Worker 24: 60/300 — accepted=24, rate=40.0%
Worker 33: 70/300 — accepted=27, rate=38.6%
Worker 39 step 58: ACCEPTED exchange E=-152.060351 Ha dipole=1.1283 D
Worker 27 step 57: twist — no coordinate change (box rejection?)
Worker 0 step 104: Adaptive box growth — new radius = 6.52 Å (acc=20.00%) 
Worker 37 step 123: ACCEPTED exchange E=-152.053876 Ha dipole=1.5607 D
Worker 37 step 124: roto_reflection — no coordinate change (box rejection?)
Worker 38 step 60: ACCEPTED large_displacement E=-152.053900 Ha dipole=1.1847 D
Worker 38 step 61: mirror — no coordinate change (box rejection?)
Worker 3 step 71: ACCEPTED large_displacement E=-152.055881 Ha dipole=0.7520 D
Worker 29 step 56: ACCEPTED random_so3 E=-152.060523 Ha dipole=1.4647 D
Worker 6 step 125: ACCEPTED large_displacement E=-152.058307 Ha dipole=1.2343 D
Worker 36 step 80: ACCEPTED random_so3 E=-152.056914 Ha dipole=0.9019 D
Worker 35 step 55: ACCEPTED large_displacement E=-152.054740 Ha dipole=0.7481 D
Worker 13 step 89: ACCEPTED principal_axis_rotation E=-152.054837 Ha dipole=0.3688 D
Worker 13: 90/300 — accepted=23, rate=25.6%
Worker 22 step 93: ACCEPTED principal_axis_rotation E=-152.055056 Ha dipole=1.1863 D
Worker 22 step 94: roto_reflection — no coordinate change (box rejection?)
Worker 21 step 69: ACCEPTED twist E=-152.056939 Ha dipole=0.5691 D
Worker 21: 70/300 — accepted=28, rate=40.0%
Worker 24 step 60: ACCEPTED twist E=-152.054421 Ha dipole=1.5272 D
Worker 23 step 54: ACCEPTED twist E=-152.059004 Ha dipole=0.9692 D
Worker 2 step 97: ACCEPTED random_so3 E=-152.059989 Ha dipole=1.3382 D
Worker 4 step 67: ACCEPTED large_displacement E=-152.055986 Ha dipole=0.7787 D
Worker 39 step 59: Adaptive box growth — new radius = 9.16 Å (acc=40.00%) 
Worker 39: 60/300 — accepted=19, rate=31.7%
Worker 28 step 54: ACCEPTED twist E=-152.060681 Ha dipole=1.3164 D
Worker 28 step 54: Box stable window 1/3 (acc=60.00%)
Worker 17 step 64: ACCEPTED mirror E=-152.059758 Ha dipole=1.2234 D
Worker 17 step 64: Box stable window 2/3 (acc=60.00%)
Worker 15 step 61: ACCEPTED twist E=-152.058685 Ha dipole=0.7590 D
Worker 10 step 102: twist — no coordinate change (box rejection?)
Worker 8 step 121: ACCEPTED principal_axis_rotation E=-152.058373 Ha dipole=0.6520 D
Worker 1 step 164: ACCEPTED principal_axis_rotation E=-152.058177 Ha dipole=0.5225 D
Worker 34 step 69: ACCEPTED twist E=-152.058676 Ha dipole=1.6242 D
Worker 34: 70/300 — accepted=32, rate=45.7%
Worker 19 step 66: ACCEPTED twist E=-152.054631 Ha dipole=1.5940 D
Worker 19 step 67: mirror — no coordinate change (box rejection?)
Worker 7 step 135: ACCEPTED exchange E=-152.054059 Ha dipole=1.5890 D
Worker 32 step 68: ACCEPTED large_displacement E=-152.059863 Ha dipole=1.5025 D
Worker 11 step 48: ACCEPTED principal_axis_rotation E=-152.014573 Ha dipole=0.4653 D
Worker 12 step 102: ACCEPTED twist E=-152.056941 Ha dipole=0.6346 D
Worker 35 step 56: ACCEPTED random_so3 E=-152.056799 Ha dipole=1.6480 D
Worker 20 step 71: ACCEPTED exchange E=-152.059729 Ha dipole=0.4525 D
Worker 5 step 62: ACCEPTED large_displacement E=-152.054063 Ha dipole=0.9569 D
Worker 5 step 63: mirror — no coordinate change (box rejection?)
Worker 24 step 61: ACCEPTED principal_axis_rotation E=-152.056412 Ha dipole=1.5430 D
Worker 37 step 125: ACCEPTED principal_axis_rotation E=-152.053636 Ha dipole=1.5898 D
Worker 4 step 68: ACCEPTED principal_axis_rotation E=-152.055869 Ha dipole=0.7804 D
Worker 36 step 81: ACCEPTED twist E=-152.057054 Ha dipole=0.9195 D
Worker 38 step 62: ACCEPTED large_displacement E=-152.054359 Ha dipole=1.1867 D
Worker 39 step 60: ACCEPTED mirror E=-152.060358 Ha dipole=1.1292 D
Worker 30 step 68: ACCEPTED principal_axis_rotation E=-152.062031 Ha dipole=1.6303 D
Worker 3 step 72: ACCEPTED large_displacement E=-152.054416 Ha dipole=0.7758 D
Worker 29 step 57: ACCEPTED large_displacement E=-152.060427 Ha dipole=1.4475 D
Worker 10 step 103: ACCEPTED large_displacement E=-152.055439 Ha dipole=1.0004 D
Worker 1 step 165: ACCEPTED twist E=-152.055390 Ha dipole=1.3566 D
Worker 13 step 90: ACCEPTED principal_axis_rotation E=-152.055256 Ha dipole=0.6977 D
Worker 22 step 95: ACCEPTED large_displacement E=-152.054857 Ha dipole=1.1850 D
Worker 21 step 70: ACCEPTED exchange E=-152.057999 Ha dipole=0.5682 D
Worker 26 step 54: ACCEPTED large_displacement E=-152.057487 Ha dipole=1.6215 D
Worker 26 step 54: Adaptive box growth — new radius = 7.29 Å (acc=40.00%) 
Worker 23 step 55: ACCEPTED mirror E=-152.059005 Ha dipole=0.9691 D
Worker 2 step 98: ACCEPTED large_displacement E=-152.058542 Ha dipole=1.3137 D
Worker 17 step 65: ACCEPTED large_displacement E=-152.058999 Ha dipole=1.2016 D
Worker 35 step 57: ACCEPTED twist E=-152.058602 Ha dipole=1.6442 D
Worker 8 step 122: ACCEPTED large_displacement E=-152.057333 Ha dipole=0.6313 D
Worker 8 step 123: twist — no coordinate change (box rejection?)
Worker 19 step 68: ACCEPTED large_displacement E=-152.054152 Ha dipole=1.5878 D
Worker 34 step 70: ACCEPTED twist E=-152.056673 Ha dipole=1.5796 D
Worker 4 step 69: ACCEPTED mirror E=-152.056439 Ha dipole=1.4579 D
Worker 4: 70/300 — accepted=35, rate=50.0%
Worker 4 step 70: random_so3 — no coordinate change (box rejection?)
Worker 28 step 56: ACCEPTED large_displacement E=-152.060597 Ha dipole=1.3909 D
Worker 7 step 136: ACCEPTED large_displacement E=-152.054278 Ha dipole=1.5915 D
Worker 7 step 137: roto_reflection — no coordinate change (box rejection?)
Worker 37 step 126: ACCEPTED principal_axis_rotation E=-152.054433 Ha dipole=0.5210 D
Worker 11 step 49: Adaptive box growth — new radius = 8.84 Å (acc=20.00%) 
Worker 11: 50/300 — accepted=12, rate=24.0%
Worker 32 step 69: ACCEPTED large_displacement E=-152.059717 Ha dipole=1.5007 D
Worker 32 step 69: Box stable window 1/3 (acc=60.00%)
Worker 32: 70/300 — accepted=25, rate=35.7%
Worker 1 step 166: ACCEPTED exchange E=-152.055270 Ha dipole=1.3644 D
Worker 33 step 71: ACCEPTED twist E=-152.056842 Ha dipole=1.5557 D
Worker 27 step 59: ACCEPTED mirror E=-152.058826 Ha dipole=1.3102 D
Worker 27 step 59: Adaptive box growth — new radius = 7.65 Å (acc=20.00%) 
Worker 27: 60/300 — accepted=24, rate=40.0%
Worker 6 step 127: ACCEPTED mirror E=-152.058313 Ha dipole=1.2336 D
Worker 5 step 64: Adaptive box growth — new radius = 6.32 Å (acc=40.00%) 
Worker 26 step 55: ACCEPTED principal_axis_rotation E=-152.057349 Ha dipole=1.6900 D
Worker 0 step 106: ACCEPTED twist E=-152.059933 Ha dipole=1.1422 D
Worker 38 step 63: ACCEPTED principal_axis_rotation E=-152.054432 Ha dipole=1.1864 D
Worker 36 step 82: ACCEPTED principal_axis_rotation E=-152.057070 Ha dipole=0.8667 D
Worker 12 step 104: ACCEPTED principal_axis_rotation E=-152.055530 Ha dipole=0.6092 D
Worker 12 step 104: Box stable window 1/3 (acc=60.00%)
Worker 3 step 73: ACCEPTED roto_reflection E=-152.054098 Ha dipole=1.4240 D
Worker 30 step 69: ACCEPTED mirror E=-152.062031 Ha dipole=1.6307 D
Worker 30 step 69: Adaptive box growth — new radius = 5.22 Å (acc=40.00%) 
Worker 30: 70/300 — accepted=35, rate=50.0%
Worker 30 step 70: twist — no coordinate change (box rejection?)
Worker 10 step 104: ACCEPTED twist E=-152.053779 Ha dipole=0.7296 D
Worker 10 step 104: Box stable window 1/3 (acc=60.00%)
Worker 10 step 105: roto_reflection — no coordinate change (box rejection?)
Worker 22 step 96: ACCEPTED principal_axis_rotation E=-152.053610 Ha dipole=1.1704 D
Worker 4 step 71: ACCEPTED principal_axis_rotation E=-152.057379 Ha dipole=0.4209 D
Worker 37 step 127: ACCEPTED large_displacement E=-152.054387 Ha dipole=0.5193 D
Worker 37 step 128: large_displacement — no coordinate change (box rejection?)
Worker 13 step 91: ACCEPTED twist E=-152.055315 Ha dipole=0.6627 D
Worker 24 step 63: ACCEPTED large_displacement E=-152.055532 Ha dipole=1.5375 D
Worker 21 step 72: roto_reflection — no coordinate change (box rejection?)
Worker 9 step 83: ACCEPTED twist E=-152.060897 Ha dipole=1.0778 D
Worker 2: 100/300 — accepted=42, rate=42.0%
Worker 15 step 63: ACCEPTED random_so3 E=-152.056301 Ha dipole=0.8764 D
Worker 2 step 100: roto_reflection — no coordinate change (box rejection?)
Worker 2 step 101: large_displacement — no coordinate change (box rejection?)
Worker 2 step 102: large_displacement — no coordinate change (box rejection?)
Worker 1 step 167: ACCEPTED twist E=-152.055017 Ha dipole=1.3394 D
Worker 8 step 124: ACCEPTED random_so3 E=-152.059660 Ha dipole=1.1576 D
Worker 7 step 138: ACCEPTED twist E=-152.054290 Ha dipole=1.5980 D
Worker 7 step 139: twist — no coordinate change (box rejection?)
Worker 7 step 140: twist — no coordinate change (box rejection?)
Worker 7 step 141: mirror — no coordinate change (box rejection?)
Worker 19 step 69: ACCEPTED principal_axis_rotation E=-152.054925 Ha dipole=1.5956 D
Worker 19: 70/300 — accepted=35, rate=50.0%
Worker 34 step 71: ACCEPTED large_displacement E=-152.056709 Ha dipole=1.5723 D
Worker 34 step 72: mirror — no coordinate change (box rejection?)
Worker 3 step 74: ACCEPTED large_displacement E=-152.055419 Ha dipole=1.4353 D
Worker 3 step 74: Box stable window 2/3 (acc=60.00%)
Worker 3 step 75: twist — no coordinate change (box rejection?)
Worker 27 step 60: ACCEPTED twist E=-152.057001 Ha dipole=0.7043 D
Worker 5 step 65: ACCEPTED twist E=-152.051897 Ha dipole=1.3500 D
Worker 32 step 71: twist — no coordinate change (box rejection?)
Worker 26 step 56: ACCEPTED mirror E=-152.057349 Ha dipole=1.6900 D
Worker 33 step 72: ACCEPTED random_so3 E=-152.057047 Ha dipole=1.6289 D
Worker 20 step 73: ACCEPTED mirror E=-152.059729 Ha dipole=0.4526 D
Worker 37 step 129: ACCEPTED random_so3 E=-152.054402 Ha dipole=1.1439 D
Worker 37: 130/300 — accepted=48, rate=36.9%
Worker 37 step 130: roto_reflection — no coordinate change (box rejection?)
Worker 4 step 73: mirror — no coordinate change (box rejection?)
Worker 22 step 97: ACCEPTED large_displacement E=-152.053447 Ha dipole=1.1700 D
Worker 22 step 98: twist — no coordinate change (box rejection?)
Worker 29 step 59: ACCEPTED principal_axis_rotation E=-152.060625 Ha dipole=1.5043 D
Worker 29 step 59: Box stable window 1/3 (acc=60.00%)
Worker 29: 60/300 — accepted=22, rate=36.7%
Worker 38 step 64: ACCEPTED random_so3 E=-152.054417 Ha dipole=0.4047 D
Worker 0 step 107: ACCEPTED exchange E=-152.059531 Ha dipole=1.1753 D
Worker 36 step 83: ACCEPTED exchange E=-152.055862 Ha dipole=0.8476 D
Worker 9 step 84: Adaptive box growth — new radius = 7.69 Å (acc=20.00%) 
Worker 35 step 59: Box stable window 2/3 (acc=60.00%)
Worker 35: 60/300 — accepted=27, rate=45.0%
Worker 12 step 105: ACCEPTED principal_axis_rotation E=-152.054189 Ha dipole=1.6105 D
Worker 7 step 142: ACCEPTED large_displacement E=-152.054028 Ha dipole=1.5947 D
Worker 10 step 106: ACCEPTED exchange E=-152.056293 Ha dipole=0.7365 D
Worker 24 step 64: ACCEPTED large_displacement E=-152.055195 Ha dipole=1.5368 D
Worker 24 step 65: twist — no coordinate change (box rejection?)
Worker 13 step 92: ACCEPTED random_so3 E=-152.054021 Ha dipole=0.9819 D
Worker 13 step 93: roto_reflection — no coordinate change (box rejection?)
Worker 21 step 74: twist — no coordinate change (box rejection?)
Worker 6 step 129: ACCEPTED mirror E=-152.058313 Ha dipole=1.2336 D
Worker 6 step 129: Box stable window 1/3 (acc=60.00%)
Worker 6: 130/300 — accepted=32, rate=24.6%
Worker 15 step 64: Adaptive box growth — new radius = 5.63 Å (acc=30.00%) 
Worker 3 step 76: ACCEPTED principal_axis_rotation E=-152.057823 Ha dipole=1.3558 D
Worker 1 step 168: ACCEPTED roto_reflection E=-152.056850 Ha dipole=0.5451 D
Worker 27 step 61: ACCEPTED large_displacement E=-152.058207 Ha dipole=0.6955 D
Worker 37 step 131: ACCEPTED random_so3 E=-152.054360 Ha dipole=0.8428 D
Worker 8 step 125: ACCEPTED large_displacement E=-152.058481 Ha dipole=1.1972 D
Worker 19 step 70: ACCEPTED principal_axis_rotation E=-152.054920 Ha dipole=1.5955 D
Worker 34 step 73: ACCEPTED twist E=-152.056838 Ha dipole=1.5742 D
Worker 7 step 143: ACCEPTED exchange E=-152.053833 Ha dipole=1.5930 D
Worker 5 step 66: ACCEPTED roto_reflection E=-152.057738 Ha dipole=0.8761 D
Worker 24 step 66: ACCEPTED principal_axis_rotation E=-152.054209 Ha dipole=1.5887 D
Worker 17 step 68: ACCEPTED twist E=-152.058562 Ha dipole=1.3526 D
Worker 29 step 60: ACCEPTED principal_axis_rotation E=-152.059281 Ha dipole=1.5476 D
Worker 33 step 73: ACCEPTED twist E=-152.059176 Ha dipole=1.6409 D
Worker 13 step 94: ACCEPTED large_displacement E=-152.054014 Ha dipole=0.9819 D
Worker 20 step 74: ACCEPTED principal_axis_rotation E=-152.057387 Ha dipole=0.6940 D
Worker 20 step 74: Box stable window 1/3 (acc=60.00%)
Worker 22 step 99: ACCEPTED twist E=-152.053358 Ha dipole=1.2354 D
Worker 22: 100/300 — accepted=42, rate=42.0%
Worker 22 step 100: roto_reflection — no coordinate change (box rejection?)
Worker 21 step 75: ACCEPTED twist E=-152.058128 Ha dipole=0.5355 D
Worker 21 step 76: roto_reflection — no coordinate change (box rejection?)
Worker 38 step 65: ACCEPTED random_so3 E=-152.054326 Ha dipole=0.8133 D
Worker 21 step 77: large_displacement — no coordinate change (box rejection?)
Worker 0 step 108: ACCEPTED principal_axis_rotation E=-152.055311 Ha dipole=1.1081 D
Worker 36 step 84: ACCEPTED twist E=-152.054922 Ha dipole=1.2131 D
Worker 37 step 132: ACCEPTED random_so3 E=-152.053753 Ha dipole=1.6087 D
Worker 9 step 85: ACCEPTED large_displacement E=-152.061418 Ha dipole=1.1038 D
Worker 12 step 106: ACCEPTED roto_reflection E=-152.051613 Ha dipole=1.5822 D
Worker 10 step 107: ACCEPTED roto_reflection E=-152.056058 Ha dipole=0.5488 D
Worker 10 step 108: roto_reflection — no coordinate change (box rejection?)
Worker 39 step 63: ACCEPTED large_displacement E=-152.059597 Ha dipole=1.0767 D
Worker 4 step 76: exchange — no coordinate change (box rejection?)
Worker 4 step 77: mirror — no coordinate change (box rejection?)
Worker 30 step 72: ACCEPTED principal_axis_rotation E=-152.061963 Ha dipole=1.6039 D
Worker 28 step 59: Adaptive box growth — new radius = 7.44 Å (acc=20.00%) 
Worker 28: 60/300 — accepted=20, rate=33.3%
Worker 3 step 77: ACCEPTED large_displacement E=-152.058200 Ha dipole=1.3619 D
Worker 23 step 58: ACCEPTED large_displacement E=-152.060476 Ha dipole=0.9669 D
Worker 7 step 144: ACCEPTED random_so3 E=-152.053706 Ha dipole=1.3644 D
Worker 7 step 144: Adaptive box growth — new radius = 5.59 Å (acc=52.00%) 
Worker 17 step 69: Adaptive box growth — new radius = 5.91 Å (acc=40.00%) 
Worker 17: 70/300 — accepted=29, rate=41.4%
Worker 2 step 104: ACCEPTED large_displacement E=-152.059743 Ha dipole=1.3367 D
Worker 15 step 65: ACCEPTED large_displacement E=-152.058452 Ha dipole=0.8876 D
Worker 6 step 130: ACCEPTED mirror E=-152.058307 Ha dipole=1.2343 D
Worker 1: 170/300 — accepted=32, rate=18.8%
Worker 33 step 74: Box stable window 1/3 (acc=60.00%)
Worker 24 step 67: ACCEPTED large_displacement E=-152.053558 Ha dipole=1.5807 D
Worker 19 step 71: ACCEPTED large_displacement E=-152.054551 Ha dipole=1.5920 D
Worker 21 step 78: ACCEPTED exchange E=-152.057235 Ha dipole=0.5369 D
Worker 37 step 133: ACCEPTED mirror E=-152.054367 Ha dipole=0.0702 D
Worker 34 step 74: ACCEPTED large_displacement E=-152.055870 Ha dipole=1.5644 D
Worker 39 step 64: Adaptive box growth — new radius = 9.99 Å (acc=40.00%) 
Worker 5 step 67: ACCEPTED large_displacement E=-152.058355 Ha dipole=0.8830 D
Worker 32 step 73: ACCEPTED roto_reflection E=-152.055850 Ha dipole=0.7026 D
Worker 26 step 58: ACCEPTED mirror E=-152.057351 Ha dipole=1.6907 D
Worker 13 step 95: ACCEPTED large_displacement E=-152.054226 Ha dipole=0.9823 D
Worker 10 step 109: Adaptive box growth — new radius = 5.70 Å (acc=40.00%) 
Worker 10: 110/300 — accepted=45, rate=40.9%
Worker 4 step 79: twist — no coordinate change (box rejection?)
Worker 29 step 61: ACCEPTED large_displacement E=-152.059667 Ha dipole=1.5830 D
Worker 7 step 145: ACCEPTED principal_axis_rotation E=-152.053850 Ha dipole=1.3656 D
Worker 7 step 146: roto_reflection — no coordinate change (box rejection?)
Worker 22 step 101: ACCEPTED random_so3 E=-152.054506 Ha dipole=1.3341 D
Worker 22 step 102: roto_reflection — no coordinate change (box rejection?)
Worker 22 step 103: twist — no coordinate change (box rejection?)
Worker 22 step 104: twist — no coordinate change (box rejection?)
Worker 22 step 105: roto_reflection — no coordinate change (box rejection?)
Worker 22 step 106: twist — no coordinate change (box rejection?)
Worker 38 step 66: ACCEPTED random_so3 E=-152.054074 Ha dipole=1.0522 D
Worker 38 step 67: roto_reflection — no coordinate change (box rejection?)
Worker 20 step 75: ACCEPTED mirror E=-152.057387 Ha dipole=0.6939 D
Worker 3 step 78: ACCEPTED twist E=-152.055271 Ha dipole=1.4578 D
Worker 17 step 70: ACCEPTED principal_axis_rotation E=-152.058249 Ha dipole=1.3378 D
Worker 17 step 71: mirror — no coordinate change (box rejection?)
Worker 0 step 109: ACCEPTED large_displacement E=-152.056501 Ha dipole=1.1123 D
Worker 0: 110/300 — accepted=43, rate=39.1%
Worker 36 step 85: ACCEPTED mirror E=-152.051812 Ha dipole=1.0548 D
Worker 12 step 107: ACCEPTED random_so3 E=-152.049709 Ha dipole=1.3624 D
Worker 33 step 75: ACCEPTED exchange E=-152.057475 Ha dipole=1.6093 D
Worker 21 step 79: ACCEPTED exchange E=-152.058128 Ha dipole=0.5355 D
Worker 21: 80/300 — accepted=32, rate=40.0%
Worker 27 step 63: ACCEPTED large_displacement E=-152.059403 Ha dipole=0.6940 D
Worker 23 step 59: Adaptive box growth — new radius = 7.29 Å (acc=40.00%) 
Worker 23: 60/300 — accepted=25, rate=41.7%
Worker 32 step 74: ACCEPTED mirror E=-152.056055 Ha dipole=1.4707 D
Worker 32 step 74: Adaptive box growth — new radius = 6.25 Å (acc=40.00%) 
Worker 15 step 66: ACCEPTED large_displacement E=-152.058874 Ha dipole=0.8937 D
Worker 7 step 147: ACCEPTED principal_axis_rotation E=-152.054430 Ha dipole=0.5676 D
Worker 1 step 170: ACCEPTED exchange E=-152.059279 Ha dipole=0.5776 D
Worker 19 step 72: ACCEPTED principal_axis_rotation E=-152.054587 Ha dipole=1.5920 D
Worker 24 step 68: ACCEPTED roto_reflection E=-152.053036 Ha dipole=1.5405 D
Worker 24 step 69: mirror — no coordinate change (box rejection?)
Worker 8 step 127: ACCEPTED principal_axis_rotation E=-152.055913 Ha dipole=1.1120 D
Worker 37 step 134: Box stable window 1/3 (acc=60.00%)
Worker 37 step 135: mirror — no coordinate change (box rejection?)
Worker 22 step 107: ACCEPTED exchange E=-152.054729 Ha dipole=1.3352 D
Worker 37 step 136: roto_reflection — no coordinate change (box rejection?)
Worker 22 step 108: twist — no coordinate change (box rejection?)
Worker 37 step 137: exchange — no coordinate change (box rejection?)
Worker 37 step 138: twist — no coordinate change (box rejection?)
Worker 13 step 97: mirror — no coordinate change (box rejection?)
Worker 33 step 76: ACCEPTED exchange E=-152.059176 Ha dipole=1.6409 D
Worker 12 step 108: ACCEPTED roto_reflection E=-152.058816 Ha dipole=0.8103 D
Worker 39 step 65: ACCEPTED twist E=-152.059482 Ha dipole=1.0218 D
Worker 26 step 59: Box stable window 1/3 (acc=60.00%)
Worker 26: 60/300 — accepted=30, rate=50.0%
Worker 10 step 110: ACCEPTED twist E=-152.056101 Ha dipole=0.3438 D
Worker 27 step 64: Box stable window 1/3 (acc=60.00%)
Worker 4 step 80: ACCEPTED principal_axis_rotation E=-152.054511 Ha dipole=1.1337 D
Worker 4 step 81: exchange — no coordinate change (box rejection?)
Worker 29 step 62: ACCEPTED mirror E=-152.059668 Ha dipole=1.5830 D
Worker 35 step 62: ACCEPTED exchange E=-152.059808 Ha dipole=1.6593 D
Worker 38 step 68: ACCEPTED random_so3 E=-152.054671 Ha dipole=1.4513 D
Worker 38 step 69: roto_reflection — no coordinate change (box rejection?)
Worker 38 step 70: roto_reflection — no coordinate change (box rejection?)
Worker 30 step 74: Adaptive box growth — new radius = 6.00 Å (acc=20.00%) 
Worker 20 step 76: ACCEPTED roto_reflection E=-152.056736 Ha dipole=1.5932 D
Worker 17 step 72: ACCEPTED principal_axis_rotation E=-152.058679 Ha dipole=1.3360 D
Worker 17 step 73: roto_reflection — no coordinate change (box rejection?)
Worker 32 step 75: ACCEPTED twist E=-152.056144 Ha dipole=1.1790 D
Worker 32 step 76: twist — no coordinate change (box rejection?)
Worker 36 step 86: ACCEPTED large_displacement E=-152.053443 Ha dipole=1.0614 D
Worker 3 step 79: ACCEPTED mirror E=-152.055271 Ha dipole=1.4578 D
Worker 3: 80/300 — accepted=43, rate=53.8%
Worker 0 step 110: ACCEPTED exchange E=-152.060226 Ha dipole=1.1779 D
Worker 22 step 109: ACCEPTED exchange E=-152.054506 Ha dipole=1.3341 D
Worker 22: 110/300 — accepted=45, rate=40.9%
Worker 22 step 110: roto_reflection — no coordinate change (box rejection?)
Worker 22 step 111: twist — no coordinate change (box rejection?)
Worker 11 step 54: Adaptive box growth — new radius = 10.17 Å (acc=0.00%) 
Worker 8 step 128: ACCEPTED large_displacement E=-152.058751 Ha dipole=1.1092 D
Worker 23 step 60: ACCEPTED twist E=-152.060805 Ha dipole=0.6900 D
Worker 19 step 73: ACCEPTED principal_axis_rotation E=-152.054612 Ha dipole=1.5924 D
Worker 19 step 74: twist — no coordinate change (box rejection?)
Worker 7 step 148: ACCEPTED principal_axis_rotation E=-152.054269 Ha dipole=1.1823 D
Worker 7 step 149: twist — no coordinate change (box rejection?)
Worker 7 step 150: twist — no coordinate change (box rejection?)
Worker 12 step 109: ACCEPTED large_displacement E=-152.058544 Ha dipole=0.8170 D
Worker 12: 110/300 — accepted=41, rate=37.3%
Worker 24 step 70: ACCEPTED mirror E=-152.054760 Ha dipole=0.4539 D
Worker 6 step 132: ACCEPTED roto_reflection E=-152.056737 Ha dipole=1.4093 D
Worker 1 step 171: ACCEPTED large_displacement E=-152.058937 Ha dipole=0.5534 D
Worker 33 step 78: mirror — no coordinate change (box rejection?)
Worker 37 step 139: ACCEPTED twist E=-152.054203 Ha dipole=0.9033 D
Worker 37 step 139: Adaptive box growth — new radius = 6.03 Å (acc=20.00%) 
Worker 37: 140/300 — accepted=52, rate=37.1%
Worker 37 step 140: roto_reflection — no coordinate change (box rejection?)
Worker 5 step 69: ACCEPTED principal_axis_rotation E=-152.053962 Ha dipole=1.1126 D
Worker 5: 70/300 — accepted=33, rate=47.1%
Worker 5 step 70: roto_reflection — no coordinate change (box rejection?)
Worker 13 step 98: ACCEPTED exchange E=-152.053751 Ha dipole=0.9861 D
Worker 13 step 99: roto_reflection — no coordinate change (box rejection?)
Worker 17 step 74: ACCEPTED exchange E=-152.056929 Ha dipole=1.3251 D
Worker 17 step 74: Box stable window 1/3 (acc=60.00%)
Worker 34 step 76: ACCEPTED random_so3 E=-152.057919 Ha dipole=0.1727 D
Worker 39 step 66: ACCEPTED principal_axis_rotation E=-152.059732 Ha dipole=1.0284 D
Worker 22 step 112: ACCEPTED exchange E=-152.054729 Ha dipole=1.3352 D
Worker 36 step 87: ACCEPTED principal_axis_rotation E=-152.055096 Ha dipole=1.3976 D
Worker 4 step 82: ACCEPTED principal_axis_rotation E=-152.054489 Ha dipole=0.9037 D
Worker 28 step 62: ACCEPTED large_displacement E=-152.060480 Ha dipole=1.4178 D
Worker 10 step 111: ACCEPTED principal_axis_rotation E=-152.056518 Ha dipole=0.3488 D
Worker 38 step 71: ACCEPTED large_displacement E=-152.055086 Ha dipole=1.4560 D
Worker 38 step 72: twist — no coordinate change (box rejection?)
Worker 38 step 73: twist — no coordinate change (box rejection?)
Worker 20 step 77: ACCEPTED twist E=-152.056416 Ha dipole=1.5950 D
Worker 38 step 74: mirror — no coordinate change (box rejection?)
Worker 3 step 80: ACCEPTED mirror E=-152.055270 Ha dipole=1.4580 D
Worker 13 step 100: ACCEPTED principal_axis_rotation E=-152.055251 Ha dipole=0.8991 D
Worker 21 step 81: ACCEPTED large_displacement E=-152.059503 Ha dipole=0.5379 D
Worker 21 step 82: twist — no coordinate change (box rejection?)
Worker 21 step 83: large_displacement — no coordinate change (box rejection?)
Worker 37 step 141: ACCEPTED twist E=-152.054161 Ha dipole=0.8004 D
Worker 8 step 129: ACCEPTED random_so3 E=-152.058936 Ha dipole=1.5996 D
Worker 8: 130/300 — accepted=36, rate=27.7%
Worker 8 step 130: mirror — no coordinate change (box rejection?)
Worker 36 step 88: ACCEPTED large_displacement E=-152.054886 Ha dipole=1.3961 D
Worker 4 step 84: mirror — no coordinate change (box rejection?)
Worker 4 step 85: mirror — no coordinate change (box rejection?)
Worker 19 step 75: ACCEPTED mirror E=-152.054613 Ha dipole=1.5922 D
Worker 7 step 151: ACCEPTED twist E=-152.053985 Ha dipole=1.4658 D
Worker 7 step 152: principal_axis_rotation — no coordinate change (box rejection?)
Worker 12 step 110: ACCEPTED large_displacement E=-152.058133 Ha dipole=0.8073 D
Worker 24 step 71: ACCEPTED mirror E=-152.054760 Ha dipole=0.4534 D
Worker 24 step 72: roto_reflection — no coordinate change (box rejection?)
Worker 2 step 107: ACCEPTED large_displacement E=-152.057052 Ha dipole=1.3013 D
Worker 33 step 79: Adaptive box growth — new radius = 5.79 Å (acc=40.00%) 
Worker 33: 80/300 — accepted=32, rate=40.0%
Worker 5 step 71: ACCEPTED twist E=-152.055688 Ha dipole=0.9929 D
Worker 29 step 64: Box stable window 2/3 (acc=60.00%)
Worker 22 step 113: ACCEPTED principal_axis_rotation E=-152.054724 Ha dipole=1.3350 D
Worker 17 step 75: ACCEPTED twist E=-152.058339 Ha dipole=1.0088 D
Worker 34 step 77: ACCEPTED twist E=-152.057216 Ha dipole=1.0142 D
Worker 30 step 77: ACCEPTED principal_axis_rotation E=-152.057350 Ha dipole=1.4952 D
Worker 32 step 78: ACCEPTED exchange E=-152.053120 Ha dipole=1.1714 D
Worker 10 step 112: ACCEPTED mirror E=-152.055198 Ha dipole=1.5879 D
Worker 13 step 102: twist — no coordinate change (box rejection?)
Worker 38 step 75: ACCEPTED twist E=-152.055152 Ha dipole=1.5159 D
Worker 37 step 142: ACCEPTED twist E=-152.054237 Ha dipole=0.4042 D
Worker 37 step 143: twist — no coordinate change (box rejection?)
Worker 37 step 144: twist — no coordinate change (box rejection?)
Worker 37 step 145: twist — no coordinate change (box rejection?)
Worker 37 step 146: mirror — no coordinate change (box rejection?)
Worker 35 step 64: ACCEPTED mirror E=-152.059807 Ha dipole=1.6592 D
Worker 35 step 64: Adaptive box growth — new radius = 7.26 Å (acc=40.00%) 
Worker 20 step 78: ACCEPTED principal_axis_rotation E=-152.056931 Ha dipole=1.5620 D
Worker 20 step 79: roto_reflection — no coordinate change (box rejection?)
Worker 36 step 89: ACCEPTED principal_axis_rotation E=-152.054928 Ha dipole=1.3963 D
Worker 36: 90/300 — accepted=46, rate=51.1%
Worker 28 step 64: ACCEPTED exchange E=-152.060654 Ha dipole=1.3194 D
Worker 28 step 64: Adaptive box growth — new radius = 8.11 Å (acc=40.00%) 
Worker 4 step 86: ACCEPTED random_so3 E=-152.053546 Ha dipole=1.0378 D
Worker 4 step 87: twist — no coordinate change (box rejection?)
Worker 4 step 88: twist — no coordinate change (box rejection?)
Worker 4 step 89: mirror — no coordinate change (box rejection?)
Worker 4 step 90: exchange — no coordinate change (box rejection?)
Worker 3 step 81: ACCEPTED twist E=-152.054241 Ha dipole=1.3458 D
Worker 9 step 89: ACCEPTED twist E=-152.061464 Ha dipole=1.0858 D
Worker 9 step 89: Adaptive box growth — new radius = 8.38 Å (acc=40.00%) 
Worker 9: 90/300 — accepted=23, rate=25.6%
Worker 39 step 68: ACCEPTED twist E=-152.059701 Ha dipole=1.0312 D
Worker 24 step 73: ACCEPTED exchange E=-152.054718 Ha dipole=0.4516 D
Worker 21 step 84: ACCEPTED principal_axis_rotation E=-152.058559 Ha dipole=1.3771 D
Worker 21 step 85: roto_reflection — no coordinate change (box rejection?)
Worker 29 step 65: ACCEPTED roto_reflection E=-152.061200 Ha dipole=1.5840 D
Worker 8 step 131: ACCEPTED principal_axis_rotation E=-152.058250 Ha dipole=1.5876 D
Worker 23 step 62: ACCEPTED twist E=-152.060013 Ha dipole=0.4053 D
Worker 19 step 76: ACCEPTED large_displacement E=-152.054467 Ha dipole=1.5906 D
Worker 7 step 153: ACCEPTED principal_axis_rotation E=-152.053970 Ha dipole=1.4659 D
Worker 7 step 154: twist — no coordinate change (box rejection?)
Worker 7 step 155: twist — no coordinate change (box rejection?)
Worker 30 step 78: ACCEPTED exchange E=-152.056885 Ha dipole=1.4946 D
Worker 37 step 148: twist — no coordinate change (box rejection?)
Worker 15 step 69: ACCEPTED twist E=-152.058771 Ha dipole=0.8463 D
Worker 15 step 69: Box stable window 1/3 (acc=60.00%)
Worker 15: 70/300 — accepted=38, rate=54.3%
Worker 13 step 103: ACCEPTED large_displacement E=-152.054846 Ha dipole=0.8952 D
Worker 2 step 108: ACCEPTED twist E=-152.058182 Ha dipole=1.3432 D
Worker 36 step 90: ACCEPTED exchange E=-152.054127 Ha dipole=1.3902 D
Worker 6 step 134: ACCEPTED mirror E=-152.056742 Ha dipole=1.4087 D
Worker 6 step 134: Box stable window 2/3 (acc=60.00%)
Worker 33 step 80: ACCEPTED random_so3 E=-152.057877 Ha dipole=1.6450 D
Worker 4 step 91: ACCEPTED principal_axis_rotation E=-152.057258 Ha dipole=1.4127 D
Worker 22 step 114: ACCEPTED large_displacement E=-152.056050 Ha dipole=1.3525 D
Worker 35 step 65: ACCEPTED twist E=-152.059429 Ha dipole=1.5640 D
Worker 24 step 74: ACCEPTED principal_axis_rotation E=-152.054755 Ha dipole=0.4209 D
Worker 10 step 113: ACCEPTED principal_axis_rotation E=-152.058570 Ha dipole=1.3763 D
Worker 10 step 114: twist — no coordinate change (box rejection?)
Worker 32 step 79: ACCEPTED twist E=-152.057718 Ha dipole=0.6781 D
Worker 32 step 79: Box stable window 1/3 (acc=60.00%)
Worker 32: 80/300 — accepted=30, rate=37.5%
Worker 38 step 76: ACCEPTED roto_reflection E=-152.053812 Ha dipole=0.8257 D
Worker 1 step 174: Adaptive box growth — new radius = 8.66 Å (acc=40.00%) 
Worker 0 step 113: ACCEPTED twist E=-152.059888 Ha dipole=0.7717 D
Worker 20 step 80: ACCEPTED twist E=-152.058064 Ha dipole=1.2906 D
Worker 30 step 79: ACCEPTED exchange E=-152.057350 Ha dipole=1.4952 D
Worker 30 step 79: Box stable window 1/3 (acc=60.00%)
Worker 30: 80/300 — accepted=39, rate=48.8%
Worker 37 step 149: ACCEPTED large_displacement E=-152.054261 Ha dipole=0.4044 D
Worker 37 step 149: Adaptive box growth — new radius = 6.93 Å (acc=30.00%) 
Worker 37: 150/300 — accepted=55, rate=36.7%
Worker 3 step 82: ACCEPTED principal_axis_rotation E=-152.057499 Ha dipole=1.4599 D
Worker 19 step 77: ACCEPTED exchange E=-152.054386 Ha dipole=1.5897 D
Worker 39 step 69: Box stable window 1/3 (acc=60.00%)
Worker 39: 70/300 — accepted=24, rate=34.3%
Worker 36 step 92: large_displacement — no coordinate change (box rejection?)
Worker 35 step 66: ACCEPTED mirror E=-152.053238 Ha dipole=0.6337 D
Worker 24 step 75: ACCEPTED large_displacement E=-152.054554 Ha dipole=0.4201 D
Worker 11 step 59: Adaptive box growth — new radius = 11.69 Å (acc=0.00%) 
Worker 11: 60/300 — accepted=12, rate=20.0%
Worker 7 step 156: ACCEPTED random_so3 E=-152.054599 Ha dipole=1.4754 D
Worker 7 step 157: twist — no coordinate change (box rejection?)
Worker 2: 110/300 — accepted=45, rate=40.9%
Worker 2 step 110: twist — no coordinate change (box rejection?)
Worker 13 step 104: ACCEPTED mirror E=-152.054846 Ha dipole=0.8952 D
Worker 13 step 104: Adaptive box growth — new radius = 6.11 Å (acc=50.00%) 
Worker 15 step 70: ACCEPTED large_displacement E=-152.058567 Ha dipole=0.8379 D
Worker 12 step 112: ACCEPTED large_displacement E=-152.060147 Ha dipole=0.8085 D
Worker 29 step 67: ACCEPTED mirror E=-152.061200 Ha dipole=1.5840 D
Worker 29 step 68: mirror — no coordinate change (box rejection?)
Worker 27 step 68: ACCEPTED large_displacement E=-152.059170 Ha dipole=0.6929 D
Worker 17 step 77: ACCEPTED twist E=-152.058568 Ha dipole=0.8571 D
Worker 33 step 81: ACCEPTED twist E=-152.058362 Ha dipole=1.5523 D
Worker 4 step 92: ACCEPTED large_displacement E=-152.058556 Ha dipole=1.4611 D
Worker 5 step 73: ACCEPTED roto_reflection E=-152.055530 Ha dipole=1.1772 D
Worker 5 step 74: mirror — no coordinate change (box rejection?)
Worker 37 step 150: ACCEPTED exchange E=-152.054296 Ha dipole=0.4051 D
Worker 30 step 80: ACCEPTED principal_axis_rotation E=-152.060280 Ha dipole=1.0700 D
Worker 37 step 151: roto_reflection — no coordinate change (box rejection?)
Worker 34 step 79: Adaptive box growth — new radius = 7.29 Å (acc=40.00%) 
Worker 34: 80/300 — accepted=38, rate=47.5%
Worker 19 step 78: ACCEPTED large_displacement E=-152.054227 Ha dipole=1.5877 D
Worker 26 step 63: ACCEPTED mirror E=-152.057351 Ha dipole=1.6907 D
Worker 38 step 77: ACCEPTED principal_axis_rotation E=-152.053839 Ha dipole=0.8293 D
Worker 0 step 114: Adaptive box growth — new radius = 7.10 Å (acc=40.00%) 
Worker 1 step 175: ACCEPTED exchange E=-152.058653 Ha dipole=0.5555 D
Worker 35 step 67: ACCEPTED random_so3 E=-152.054000 Ha dipole=0.7409 D
Worker 2 step 112: twist — no coordinate change (box rejection?)
Worker 3 step 83: ACCEPTED twist E=-152.057468 Ha dipole=1.5476 D
Worker 29 step 69: ACCEPTED mirror E=-152.061200 Ha dipole=1.5840 D
Worker 29 step 69: Box stable window 3/3 (acc=60.00%)
Worker 29 step 69: Box growth stabilized after 3 windows. Stopping growth.
Worker 29: 70/300 — accepted=28, rate=40.0%
Worker 24 step 76: ACCEPTED principal_axis_rotation E=-152.053749 Ha dipole=1.5662 D
Worker 24 step 77: twist — no coordinate change (box rejection?)
Worker 24 step 78: roto_reflection — no coordinate change (box rejection?)
Worker 17 step 78: ACCEPTED twist E=-152.059040 Ha dipole=0.7301 D
Worker 17 step 79: twist — no coordinate change (box rejection?)
Worker 17 step 80: roto_reflection — no coordinate change (box rejection?)
Worker 17 step 81: exchange — no coordinate change (box rejection?)
Worker 17 step 82: twist — no coordinate change (box rejection?)
Worker 37 step 152: ACCEPTED large_displacement E=-152.054333 Ha dipole=0.4050 D
Worker 30 step 81: ACCEPTED mirror E=-152.060280 Ha dipole=1.0700 D
Worker 21 step 87: ACCEPTED mirror E=-152.057663 Ha dipole=0.8186 D
Worker 19 step 79: ACCEPTED exchange E=-152.054306 Ha dipole=1.5886 D
Worker 19: 80/300 — accepted=44, rate=55.0%
Worker 19 step 80: roto_reflection — no coordinate change (box rejection?)
Worker 19 step 81: twist — no coordinate change (box rejection?)
Worker 7 step 158: ACCEPTED large_displacement E=-152.054357 Ha dipole=1.4724 D
Worker 7 step 159: twist — no coordinate change (box rejection?)
Worker 7 step 160: mirror — no coordinate change (box rejection?)
Worker 13 step 105: ACCEPTED large_displacement E=-152.055525 Ha dipole=0.8926 D
Worker 23 step 64: Adaptive box growth — new radius = 7.94 Å (acc=40.00%) 
Worker 12 step 113: ACCEPTED principal_axis_rotation E=-152.059001 Ha dipole=0.8138 D
Worker 12 step 114: mirror — no coordinate change (box rejection?)
Worker 27 step 69: Adaptive box growth — new radius = 8.80 Å (acc=20.00%) 
Worker 27: 70/300 — accepted=28, rate=40.0%
Worker 35 step 68: ACCEPTED twist E=-152.057596 Ha dipole=0.5378 D
Worker 33 step 82: ACCEPTED roto_reflection E=-152.058291 Ha dipole=1.6080 D
Worker 5 step 75: ACCEPTED roto_reflection E=-152.056379 Ha dipole=0.8668 D
Worker 5 step 76: exchange — no coordinate change (box rejection?)
Worker 5 step 77: exchange — no coordinate change (box rejection?)
Worker 2 step 113: ACCEPTED large_displacement E=-152.060129 Ha dipole=1.3708 D
Worker 2 step 114: roto_reflection — no coordinate change (box rejection?)
Worker 34 step 80: ACCEPTED large_displacement E=-152.058044 Ha dipole=1.0196 D
Worker 22 step 116: ACCEPTED large_displacement E=-152.056398 Ha dipole=1.3534 D
Worker 29 step 71: roto_reflection — no coordinate change (box rejection?)
Worker 26 step 64: ACCEPTED large_displacement E=-152.061609 Ha dipole=1.5949 D
Worker 26 step 64: Adaptive box growth — new radius = 7.94 Å (acc=40.00%) 
Worker 37 step 153: ACCEPTED principal_axis_rotation E=-152.054355 Ha dipole=0.4053 D
Worker 38 step 78: ACCEPTED roto_reflection E=-152.053850 Ha dipole=1.2463 D
Worker 38 step 79: large_displacement — no coordinate change (box rejection?)
Worker 17 step 83: ACCEPTED principal_axis_rotation E=-152.056378 Ha dipole=1.2646 D
Worker 9 step 92: ACCEPTED large_displacement E=-152.060914 Ha dipole=1.1070 D
Worker 0 step 115: ACCEPTED exchange E=-152.058552 Ha dipole=0.6619 D
Worker 1 step 176: ACCEPTED roto_reflection E=-152.058715 Ha dipole=0.9890 D
Worker 30 step 82: ACCEPTED mirror E=-152.060280 Ha dipole=1.0700 D
Worker 20 step 82: ACCEPTED principal_axis_rotation E=-152.058130 Ha dipole=1.3004 D
Worker 19 step 82: ACCEPTED large_displacement E=-152.054296 Ha dipole=1.5885 D
Worker 19 step 83: roto_reflection — no coordinate change (box rejection?)
Worker 19 step 84: twist — no coordinate change (box rejection?)
Worker 19 step 85: mirror — no coordinate change (box rejection?)
Worker 19 step 86: mirror — no coordinate change (box rejection?)
Worker 7 step 161: ACCEPTED random_so3 E=-152.054191 Ha dipole=1.2726 D
Worker 3 step 84: ACCEPTED large_displacement E=-152.055839 Ha dipole=1.5323 D
Worker 36 step 94: ACCEPTED large_displacement E=-152.054091 Ha dipole=1.3896 D
Worker 36 step 94: Adaptive box growth — new radius = 4.81 Å (acc=40.00%) 
Worker 36 step 95: roto_reflection — no coordinate change (box rejection?)
Worker 39 step 71: ACCEPTED large_displacement E=-152.057952 Ha dipole=1.0067 D
Worker 24 step 79: ACCEPTED random_so3 E=-152.054363 Ha dipole=0.7044 D
Worker 24 step 79: Box stable window 1/3 (acc=60.00%)
Worker 24: 80/300 — accepted=38, rate=47.5%
Worker 24 step 80: roto_reflection — no coordinate change (box rejection?)
Worker 2 step 116: roto_reflection — no coordinate change (box rejection?)
Worker 15 step 72: ACCEPTED large_displacement E=-152.058734 Ha dipole=0.8428 D
Worker 21 step 88: ACCEPTED exchange E=-152.058365 Ha dipole=0.8327 D
Worker 10 step 117: ACCEPTED large_displacement E=-152.057308 Ha dipole=1.3478 D
Worker 13 step 106: ACCEPTED twist E=-152.055267 Ha dipole=0.9547 D
Worker 27 step 70: ACCEPTED large_displacement E=-152.059114 Ha dipole=0.6772 D
Worker 23 step 65: ACCEPTED large_displacement E=-152.059144 Ha dipole=0.4040 D
Worker 8 step 134: Adaptive box growth — new radius = 7.05 Å (acc=20.00%) 
Worker 12 step 115: ACCEPTED twist E=-152.056381 Ha dipole=1.0065 D
Worker 17 step 84: ACCEPTED twist E=-152.056683 Ha dipole=1.3249 D
Worker 17 step 84: Adaptive box growth — new radius = 6.08 Å (acc=50.00%) 
Worker 6 step 137: ACCEPTED mirror E=-152.056742 Ha dipole=1.4087 D
Worker 37 step 154: ACCEPTED exchange E=-152.054218 Ha dipole=0.4043 D
Worker 37 step 155: roto_reflection — no coordinate change (box rejection?)
Worker 35: 70/300 — accepted=33, rate=47.1%
Worker 33 step 83: ACCEPTED principal_axis_rotation E=-152.058606 Ha dipole=1.6109 D
Worker 22 step 117: ACCEPTED large_displacement E=-152.055692 Ha dipole=1.3429 D
Worker 34 step 81: ACCEPTED mirror E=-152.058044 Ha dipole=1.0196 D
Worker 19 step 87: ACCEPTED principal_axis_rotation E=-152.053667 Ha dipole=0.4101 D
Worker 19 step 88: twist — no coordinate change (box rejection?)
Worker 19 step 89: large_displacement — no coordinate change (box rejection?)
Worker 19 step 90: roto_reflection — no coordinate change (box rejection?)
Worker 19 step 91: roto_reflection — no coordinate change (box rejection?)
Worker 19 step 92: roto_reflection — no coordinate change (box rejection?)
Worker 19 step 93: twist — no coordinate change (box rejection?)
Worker 29 step 72: ACCEPTED roto_reflection E=-152.051048 Ha dipole=0.7227 D
Worker 38 step 80: ACCEPTED mirror E=-152.053850 Ha dipole=1.2456 D
Worker 2 step 117: ACCEPTED large_displacement E=-152.057964 Ha dipole=1.3501 D
Worker 0 step 116: ACCEPTED mirror E=-152.058552 Ha dipole=0.6619 D
Worker 1 step 177: ACCEPTED twist E=-152.053991 Ha dipole=1.5075 D
Worker 32 step 82: ACCEPTED twist E=-152.058104 Ha dipole=0.7937 D
Worker 20 step 83: ACCEPTED principal_axis_rotation E=-152.057855 Ha dipole=1.2384 D
Worker 30 step 83: ACCEPTED mirror E=-152.060283 Ha dipole=1.0690 D
Worker 30 step 84: roto_reflection — no coordinate change (box rejection?)
Worker 11 step 63: ACCEPTED twist E=-152.013706 Ha dipole=0.5103 D
Worker 7 step 162: ACCEPTED mirror E=-152.054191 Ha dipole=1.2730 D
Worker 7 step 163: roto_reflection — no coordinate change (box rejection?)
Worker 7 step 164: mirror — no coordinate change (box rejection?)
Worker 36 step 96: ACCEPTED mirror E=-152.053602 Ha dipole=0.8247 D
Worker 36 step 97: twist — no coordinate change (box rejection?)
Worker 6 step 138: ACCEPTED principal_axis_rotation E=-152.061736 Ha dipole=0.2871 D
Worker 3 step 85: ACCEPTED exchange E=-152.056592 Ha dipole=1.5469 D
Worker 8 step 135: ACCEPTED mirror E=-152.058250 Ha dipole=1.5876 D
Worker 24 step 81: ACCEPTED twist E=-152.054331 Ha dipole=1.1761 D
Worker 12 step 116: ACCEPTED twist E=-152.055539 Ha dipole=1.0153 D
Worker 39 step 72: ACCEPTED large_displacement E=-152.057810 Ha dipole=1.0051 D
Worker 9 step 94: Adaptive box growth — new radius = 9.63 Å (acc=20.00%) 
Worker 17 step 85: ACCEPTED principal_axis_rotation E=-152.056811 Ha dipole=1.3196 D
Worker 15 step 73: ACCEPTED twist E=-152.057868 Ha dipole=0.9852 D
Worker 21 step 89: ACCEPTED large_displacement E=-152.056099 Ha dipole=0.8189 D
Worker 21: 90/300 — accepted=37, rate=41.1%
Worker 35 step 70: ACCEPTED twist E=-152.061102 Ha dipole=0.3946 D
Worker 35 step 71: twist — no coordinate change (box rejection?)
Worker 28 step 69: ACCEPTED large_displacement E=-152.059079 Ha dipole=1.3409 D
Worker 28 step 69: Adaptive box growth — new radius = 9.33 Å (acc=20.00%) 
Worker 35 step 72: roto_reflection — no coordinate change (box rejection?)
Worker 28: 70/300 — accepted=23, rate=32.9%
Worker 13 step 107: ACCEPTED large_displacement E=-152.055223 Ha dipole=0.9525 D
Worker 29 step 73: ACCEPTED large_displacement E=-152.053918 Ha dipole=0.7401 D
Worker 23 step 66: ACCEPTED large_displacement E=-152.058587 Ha dipole=0.4089 D
Worker 2 step 118: ACCEPTED mirror E=-152.057964 Ha dipole=1.3501 D
Worker 37 step 156: ACCEPTED principal_axis_rotation E=-152.053811 Ha dipole=1.5806 D
Worker 11 step 64: Adaptive box growth — new radius = 13.44 Å (acc=20.00%) 
Worker 5 step 79: ACCEPTED large_displacement E=-152.055997 Ha dipole=0.8596 D
Worker 5 step 79: Adaptive box growth — new radius = 6.88 Å (acc=40.00%) 
Worker 5: 80/300 — accepted=37, rate=46.2%
Worker 27 step 72: ACCEPTED principal_axis_rotation E=-152.059384 Ha dipole=0.6676 D
Worker 22 step 118: ACCEPTED mirror E=-152.055692 Ha dipole=1.3429 D
Worker 4 step 95: ACCEPTED large_displacement E=-152.056720 Ha dipole=1.4059 D
Worker 19 step 94: ACCEPTED mirror E=-152.053667 Ha dipole=0.4092 D
Worker 19 step 94: Adaptive box growth — new radius = 5.04 Å (acc=20.00%) 
Worker 12 step 117: ACCEPTED principal_axis_rotation E=-152.057802 Ha dipole=1.0419 D
Worker 38 step 82: large_displacement — no coordinate change (box rejection?)
Worker 38 step 83: exchange — no coordinate change (box rejection?)
Worker 38 step 84: exchange — no coordinate change (box rejection?)
Worker 38 step 85: mirror — no coordinate change (box rejection?)
Worker 38 step 86: twist — no coordinate change (box rejection?)
Worker 6 step 139: Adaptive box growth — new radius = 6.91 Å (acc=40.00%) 
Worker 6: 140/300 — accepted=37, rate=26.4%
Worker 9 step 95: ACCEPTED roto_reflection E=-152.060289 Ha dipole=1.2868 D
Worker 1 step 178: ACCEPTED principal_axis_rotation E=-152.055518 Ha dipole=1.4778 D
Worker 32 step 83: ACCEPTED mirror E=-152.058104 Ha dipole=0.7937 D
Worker 20 step 84: ACCEPTED large_displacement E=-152.058226 Ha dipole=1.1834 D
Worker 7 step 165: ACCEPTED large_displacement E=-152.054308 Ha dipole=1.2745 D
Worker 29 step 74: ACCEPTED twist E=-152.054152 Ha dipole=0.7600 D
Worker 24 step 82: ACCEPTED principal_axis_rotation E=-152.053911 Ha dipole=1.1874 D
Worker 24 step 83: twist — no coordinate change (box rejection?)
Worker 10 step 119: Adaptive box growth — new radius = 5.87 Å (acc=50.00%) 
Worker 10: 120/300 — accepted=50, rate=41.7%
Worker 2 step 119: ACCEPTED exchange E=-152.057165 Ha dipole=1.3379 D
Worker 2: 120/300 — accepted=49, rate=40.8%
Worker 2 step 120: twist — no coordinate change (box rejection?)
Worker 8 step 136: ACCEPTED large_displacement E=-152.058847 Ha dipole=1.6155 D
Worker 39 step 73: ACCEPTED roto_reflection E=-152.057722 Ha dipole=0.9105 D
Worker 11 step 65: ACCEPTED large_displacement E=-152.047815 Ha dipole=0.5506 D
Worker 26 step 68: ACCEPTED roto_reflection E=-152.062368 Ha dipole=1.1957 D
Worker 27 step 73: ACCEPTED random_so3 E=-152.059671 Ha dipole=0.7143 D
Worker 34 step 83: ACCEPTED twist E=-152.057408 Ha dipole=0.9822 D
Worker 15 step 74: ACCEPTED twist E=-152.058593 Ha dipole=0.6390 D
Worker 17 step 87: twist — no coordinate change (box rejection?)
Worker 21 step 90: ACCEPTED large_displacement E=-152.057528 Ha dipole=0.8205 D
Worker 21 step 91: twist — no coordinate change (box rejection?)
Worker 13 step 108: ACCEPTED random_so3 E=-152.054560 Ha dipole=1.4216 D
Worker 37 step 157: ACCEPTED large_displacement E=-152.053957 Ha dipole=1.5823 D
Worker 12 step 118: ACCEPTED twist E=-152.058216 Ha dipole=0.8764 D
Worker 19 step 95: ACCEPTED large_displacement E=-152.053634 Ha dipole=0.4089 D
Worker 22 step 119: ACCEPTED exchange E=-152.056392 Ha dipole=1.3578 D
Worker 22: 120/300 — accepted=52, rate=43.3%
Worker 4 step 97: roto_reflection — no coordinate change (box rejection?)
Worker 4 step 98: mirror — no coordinate change (box rejection?)
Worker 24 step 84: ACCEPTED twist E=-152.054153 Ha dipole=1.4997 D
Worker 24 step 84: Box stable window 2/3 (acc=60.00%)
Worker 38 step 87: ACCEPTED principal_axis_rotation E=-152.053300 Ha dipole=1.4904 D
Worker 38 step 88: roto_reflection — no coordinate change (box rejection?)
Worker 38 step 89: roto_reflection — no coordinate change (box rejection?)
Worker 38 step 90: exchange — no coordinate change (box rejection?)
Worker 26 step 69: ACCEPTED principal_axis_rotation E=-152.060577 Ha dipole=1.1720 D
Worker 26 step 69: Adaptive box growth — new radius = 8.66 Å (acc=40.00%) 
Worker 26: 70/300 — accepted=34, rate=48.6%
Worker 5 step 81: ACCEPTED principal_axis_rotation E=-152.059946 Ha dipole=1.5081 D
Worker 27 step 74: Box stable window 1/3 (acc=60.00%)
Worker 34 step 84: Box stable window 1/3 (acc=60.00%)
Worker 1 step 179: ACCEPTED large_displacement E=-152.054381 Ha dipole=1.4783 D
Worker 1: 180/300 — accepted=39, rate=21.7%
Worker 32 step 84: ACCEPTED twist E=-152.059050 Ha dipole=1.2486 D
Worker 32 step 84: Box stable window 2/3 (acc=60.00%)
Worker 7 step 166: ACCEPTED random_so3 E=-152.053899 Ha dipole=1.5963 D
Worker 20 step 85: ACCEPTED twist E=-152.059871 Ha dipole=0.5742 D
Worker 36 step 99: ACCEPTED large_displacement E=-152.053940 Ha dipole=0.8250 D
Worker 36 step 99: Adaptive box growth — new radius = 5.24 Å (acc=40.00%) 
Worker 36: 100/300 — accepted=50, rate=50.0%
Worker 36 step 100: twist — no coordinate change (box rejection?)
Worker 36 step 101: twist — no coordinate change (box rejection?)
Worker 36 step 102: roto_reflection — no coordinate change (box rejection?)
Worker 36 step 103: mirror — no coordinate change (box rejection?)
Worker 29 step 75: ACCEPTED mirror E=-152.054152 Ha dipole=0.7600 D
Worker 3 step 87: ACCEPTED exchange E=-152.055839 Ha dipole=1.5323 D
Worker 3 step 88: roto_reflection — no coordinate change (box rejection?)
Worker 10 step 120: ACCEPTED principal_axis_rotation E=-152.056275 Ha dipole=1.3371 D
Worker 2 step 122: twist — no coordinate change (box rejection?)
Worker 39 step 74: ACCEPTED large_displacement E=-152.057270 Ha dipole=0.9045 D
Worker 8 step 137: ACCEPTED random_so3 E=-152.060556 Ha dipole=1.6186 D
Worker 35 step 74: Adaptive box growth — new radius = 8.35 Å (acc=20.00%) 
Worker 15 step 75: ACCEPTED twist E=-152.057926 Ha dipole=0.7515 D
Worker 15 step 76: twist — no coordinate change (box rejection?)
Worker 21 step 92: ACCEPTED exchange E=-152.057921 Ha dipole=0.7959 D
Worker 21 step 93: roto_reflection — no coordinate change (box rejection?)
Worker 21 step 94: large_displacement — no coordinate change (box rejection?)
Worker 21 step 95: twist — no coordinate change (box rejection?)
Worker 21 step 96: mirror — no coordinate change (box rejection?)
Worker 24 step 85: ACCEPTED large_displacement E=-152.053914 Ha dipole=1.4974 D
Worker 13 step 109: ACCEPTED twist E=-152.056019 Ha dipole=1.5505 D
Worker 13: 110/300 — accepted=37, rate=33.6%
Worker 37 step 158: ACCEPTED large_displacement E=-152.053974 Ha dipole=1.5824 D
Worker 26 step 70: ACCEPTED twist E=-152.060800 Ha dipole=1.4447 D
Worker 23 step 68: ACCEPTED principal_axis_rotation E=-152.058727 Ha dipole=0.4083 D
Worker 11 step 67: ACCEPTED large_displacement E=-152.059381 Ha dipole=0.5577 D
Worker 27 step 75: ACCEPTED principal_axis_rotation E=-152.059408 Ha dipole=0.4340 D
Worker 19 step 96: ACCEPTED large_displacement E=-152.053708 Ha dipole=0.4090 D
Worker 12 step 119: ACCEPTED mirror E=-152.058216 Ha dipole=0.8764 D
Worker 12: 120/300 — accepted=49, rate=40.8%
Worker 7 step 167: ACCEPTED twist E=-152.054248 Ha dipole=0.7835 D
Worker 7 step 168: mirror — no coordinate change (box rejection?)
Worker 7 step 169: mirror — no coordinate change (box rejection?)
Worker 7 step 170: large_displacement — no coordinate change (box rejection?)
Worker 9 step 98: ACCEPTED mirror E=-152.060289 Ha dipole=1.2868 D
Worker 33 step 86: ACCEPTED random_so3 E=-152.056017 Ha dipole=1.2684 D
Worker 1 step 180: ACCEPTED large_displacement E=-152.055811 Ha dipole=1.4951 D
Worker 4 step 99: ACCEPTED exchange E=-152.053563 Ha dipole=1.3574 D
Worker 4: 100/300 — accepted=43, rate=43.0%
Worker 38 step 91: ACCEPTED random_so3 E=-152.054309 Ha dipole=0.9273 D
Worker 38 step 92: twist — no coordinate change (box rejection?)
Worker 38 step 93: roto_reflection — no coordinate change (box rejection?)
Worker 38 step 94: twist — no coordinate change (box rejection?)
Worker 17 step 89: ACCEPTED twist E=-152.059926 Ha dipole=1.6820 D
Worker 17 step 89: Adaptive box growth — new radius = 6.63 Å (acc=40.00%) 
Worker 17: 90/300 — accepted=39, rate=43.3%
Worker 20 step 86: ACCEPTED roto_reflection E=-152.059284 Ha dipole=0.2272 D
Worker 0 step 119: ACCEPTED mirror E=-152.058552 Ha dipole=0.6619 D
Worker 0 step 119: Box stable window 1/3 (acc=60.00%)
Worker 0: 120/300 — accepted=48, rate=40.0%
Worker 32 step 85: ACCEPTED twist E=-152.059040 Ha dipole=1.2687 D
Worker 35 step 75: ACCEPTED roto_reflection E=-152.061004 Ha dipole=0.5830 D
Worker 36 step 104: ACCEPTED random_so3 E=-152.053551 Ha dipole=1.5016 D
Worker 36 step 104: Adaptive box growth — new radius = 6.03 Å (acc=20.00%) 
Worker 26 step 71: ACCEPTED roto_reflection E=-152.060710 Ha dipole=1.4277 D
Worker 30 step 87: ACCEPTED large_displacement E=-152.057504 Ha dipole=1.0510 D
Worker 11 step 68: ACCEPTED twist E=-152.060018 Ha dipole=0.7826 D
Worker 21 step 97: ACCEPTED principal_axis_rotation E=-152.057735 Ha dipole=0.8081 D
Worker 29 step 76: ACCEPTED large_displacement E=-152.055317 Ha dipole=0.7707 D
Worker 5 step 84: mirror — no coordinate change (box rejection?)
Worker 19 step 97: ACCEPTED principal_axis_rotation E=-152.053688 Ha dipole=1.2128 D
Worker 19 step 98: large_displacement — no coordinate change (box rejection?)
Worker 3 step 89: ACCEPTED exchange E=-152.056592 Ha dipole=1.5469 D
Worker 3 step 89: Box stable window 1/3 (acc=60.00%)
Worker 3: 90/300 — accepted=51, rate=56.7%
Worker 10 step 121: ACCEPTED mirror E=-152.053819 Ha dipole=0.9246 D
Worker 2 step 123: ACCEPTED twist E=-152.056862 Ha dipole=1.3535 D
Worker 2 step 124: exchange — no coordinate change (box rejection?)
Worker 39 step 75: ACCEPTED principal_axis_rotation E=-152.056953 Ha dipole=0.8984 D
Worker 2 step 125: roto_reflection — no coordinate change (box rejection?)
Worker 9 step 99: ACCEPTED twist E=-152.059039 Ha dipole=1.2308 D
Worker 9 step 99: Box stable window 1/3 (acc=60.00%)
Worker 9: 100/300 — accepted=27, rate=27.0%
Worker 8 step 138: ACCEPTED mirror E=-152.060556 Ha dipole=1.6186 D
Worker 15 step 77: ACCEPTED exchange E=-152.057741 Ha dipole=0.7456 D
Worker 15 step 78: mirror — no coordinate change (box rejection?)
Worker 24 step 86: ACCEPTED twist E=-152.053815 Ha dipole=0.7978 D
Worker 37 step 159: ACCEPTED exchange E=-152.053958 Ha dipole=1.5824 D
Worker 37: 160/300 — accepted=63, rate=39.4%
Worker 13 step 110: ACCEPTED mirror E=-152.056019 Ha dipole=1.5505 D
Worker 23 step 69: ACCEPTED principal_axis_rotation E=-152.059847 Ha dipole=0.6770 D
Worker 23: 70/300 — accepted=31, rate=44.3%
Worker 27 step 76: ACCEPTED mirror E=-152.059408 Ha dipole=0.4340 D
Worker 7 step 171: ACCEPTED large_displacement E=-152.054491 Ha dipole=0.7829 D
Worker 7 step 172: twist — no coordinate change (box rejection?)
Worker 7 step 173: twist — no coordinate change (box rejection?)
Worker 12 step 120: ACCEPTED principal_axis_rotation E=-152.060213 Ha dipole=0.9222 D
Worker 12 step 121: exchange — no coordinate change (box rejection?)
Worker 12 step 122: exchange — no coordinate change (box rejection?)
Worker 35 step 76: ACCEPTED mirror E=-152.060999 Ha dipole=0.5816 D
Worker 34 step 86: ACCEPTED exchange E=-152.049655 Ha dipole=0.9801 D
Worker 11 step 69: ACCEPTED principal_axis_rotation E=-152.061194 Ha dipole=0.7751 D
Worker 11: 70/300 — accepted=17, rate=24.3%
Worker 21 step 98: ACCEPTED principal_axis_rotation E=-152.060934 Ha dipole=0.3898 D
Worker 33 step 87: ACCEPTED twist E=-152.057307 Ha dipole=1.2272 D
Worker 1 step 181: ACCEPTED twist E=-152.055810 Ha dipole=1.4952 D
Worker 22 step 121: ACCEPTED mirror E=-152.056392 Ha dipole=1.3578 D
Worker 22 step 122: mirror — no coordinate change (box rejection?)
Worker 19 step 99: ACCEPTED mirror E=-152.054275 Ha dipole=1.0623 D
Worker 19: 100/300 — accepted=51, rate=51.0%
Worker 19 step 100: roto_reflection — no coordinate change (box rejection?)
Worker 38 step 95: ACCEPTED principal_axis_rotation E=-152.054360 Ha dipole=0.9235 D
Worker 38 step 96: roto_reflection — no coordinate change (box rejection?)
Worker 38 step 97: mirror — no coordinate change (box rejection?)
Worker 4 step 100: ACCEPTED twist E=-152.053391 Ha dipole=1.4751 D
Worker 17 step 90: ACCEPTED twist E=-152.059617 Ha dipole=1.6572 D
Worker 0 step 120: ACCEPTED random_so3 E=-152.053986 Ha dipole=1.6095 D
Worker 36 step 105: ACCEPTED random_so3 E=-152.053414 Ha dipole=1.5958 D
Worker 36 step 106: twist — no coordinate change (box rejection?)
Worker 32 step 86: ACCEPTED large_displacement E=-152.061712 Ha dipole=1.3597 D
Worker 32 step 87: twist — no coordinate change (box rejection?)
Worker 30 step 88: ACCEPTED twist E=-152.056979 Ha dipole=0.7192 D
Worker 29 step 77: ACCEPTED mirror E=-152.055313 Ha dipole=0.7717 D
Worker 3 step 91: mirror — no coordinate change (box rejection?)
Worker 3 step 92: roto_reflection — no coordinate change (box rejection?)
Worker 10 step 122: ACCEPTED large_displacement E=-152.054153 Ha dipole=0.9217 D
Worker 7 step 174: ACCEPTED large_displacement E=-152.054381 Ha dipole=0.7832 D
Worker 7 step 174: Adaptive box growth — new radius = 5.87 Å (acc=46.67%) 
Worker 7 step 175: mirror — no coordinate change (box rejection?)
Worker 39 step 76: ACCEPTED large_displacement E=-152.056558 Ha dipole=0.8927 D
Worker 7 step 176: mirror — no coordinate change (box rejection?)
Worker 7 step 177: mirror — no coordinate change (box rejection?)
Worker 8 step 139: ACCEPTED large_displacement E=-152.058090 Ha dipole=1.5865 D
Worker 8: 140/300 — accepted=42, rate=30.0%
Worker 13 step 111: ACCEPTED roto_reflection E=-152.054063 Ha dipole=0.4955 D
Worker 37 step 160: ACCEPTED twist E=-152.053948 Ha dipole=1.6003 D
Worker 37 step 161: mirror — no coordinate change (box rejection?)
Worker 37 step 162: twist — no coordinate change (box rejection?)
Worker 11 step 70: ACCEPTED mirror E=-152.061198 Ha dipole=0.7759 D
Worker 20 step 88: ACCEPTED principal_axis_rotation E=-152.060083 Ha dipole=0.4868 D
Worker 15 step 79: ACCEPTED mirror E=-152.057746 Ha dipole=0.7449 D
Worker 15 step 79: Box stable window 1/3 (acc=60.00%)
Worker 15: 80/300 — accepted=45, rate=56.2%
Worker 24 step 87: ACCEPTED large_displacement E=-152.053846 Ha dipole=0.7978 D
Worker 28 step 73: ACCEPTED exchange E=-152.058284 Ha dipole=1.4409 D
Worker 21: 100/300 — accepted=41, rate=41.0%
Worker 23 step 70: ACCEPTED mirror E=-152.059847 Ha dipole=0.6770 D
Worker 19 step 101: ACCEPTED random_so3 E=-152.054588 Ha dipole=1.3001 D
Worker 33 step 88: ACCEPTED principal_axis_rotation E=-152.057833 Ha dipole=0.7073 D
Worker 33 step 89: mirror — no coordinate change (box rejection?)
Worker 33 step 90: roto_reflection — no coordinate change (box rejection?)
Worker 34 step 87: ACCEPTED mirror E=-152.049656 Ha dipole=0.9793 D
Worker 0 step 121: ACCEPTED twist E=-152.051266 Ha dipole=1.2006 D
Worker 30 step 89: Box stable window 2/3 (acc=60.00%)
Worker 30: 90/300 — accepted=45, rate=50.0%
Worker 1 step 182: ACCEPTED mirror E=-152.055810 Ha dipole=1.4952 D
Worker 38 step 98: ACCEPTED mirror E=-152.054360 Ha dipole=0.9235 D
Worker 38 step 99: roto_reflection — no coordinate change (box rejection?)
Worker 38 step 100: roto_reflection — no coordinate change (box rejection?)
Worker 38 step 101: twist — no coordinate change (box rejection?)
Worker 22 step 123: ACCEPTED principal_axis_rotation E=-152.056540 Ha dipole=1.3594 D
Worker 2 step 127: ACCEPTED twist E=-152.058245 Ha dipole=1.4598 D
Worker 2 step 128: exchange — no coordinate change (box rejection?)
Worker 4 step 101: ACCEPTED principal_axis_rotation E=-152.057473 Ha dipole=0.4629 D
Worker 4 step 102: twist — no coordinate change (box rejection?)
Worker 7 step 178: ACCEPTED twist E=-152.054354 Ha dipole=0.8841 D
Worker 7 step 179: roto_reflection — no coordinate change (box rejection?)
Worker 7 step 180: twist — no coordinate change (box rejection?)
Worker 7 step 181: mirror — no coordinate change (box rejection?)
Worker 13 step 112: ACCEPTED roto_reflection E=-152.054321 Ha dipole=0.1246 D
Worker 6 step 144: Adaptive box growth — new radius = 7.94 Å (acc=0.00%) 
Worker 36 step 107: ACCEPTED random_so3 E=-152.054438 Ha dipole=1.0603 D
Worker 32 step 89: mirror — no coordinate change (box rejection?)
Worker 33 step 91: ACCEPTED twist E=-152.057269 Ha dipole=0.5003 D
Worker 29 step 78: ACCEPTED exchange E=-152.057363 Ha dipole=0.7461 D
Worker 3 step 93: ACCEPTED roto_reflection E=-152.056415 Ha dipole=1.4313 D
Worker 10 step 123: ACCEPTED principal_axis_rotation E=-152.056675 Ha dipole=1.6095 D
Worker 34 step 88: ACCEPTED exchange E=-152.057409 Ha dipole=0.9813 D
Worker 23 step 71: ACCEPTED principal_axis_rotation E=-152.058427 Ha dipole=0.5456 D
Worker 37 step 163: ACCEPTED twist E=-152.053978 Ha dipole=1.5843 D
Worker 39 step 77: ACCEPTED principal_axis_rotation E=-152.055245 Ha dipole=0.8101 D
Worker 8 step 140: ACCEPTED twist E=-152.058798 Ha dipole=0.9282 D
Worker 30 step 90: ACCEPTED principal_axis_rotation E=-152.056431 Ha dipole=0.6354 D
Worker 12 step 124: ACCEPTED twist E=-152.056313 Ha dipole=0.9136 D
Worker 12 step 124: Adaptive box growth — new radius = 7.25 Å (acc=40.00%) 
Worker 26 step 74: ACCEPTED twist E=-152.059476 Ha dipole=1.6776 D
Worker 26 step 74: Box stable window 1/3 (acc=60.00%)
Worker 24 step 88: ACCEPTED random_so3 E=-152.053811 Ha dipole=1.4101 D
Worker 20 step 89: Box stable window 1/3 (acc=60.00%)
Worker 20: 90/300 — accepted=42, rate=46.7%
Worker 7 step 182: ACCEPTED random_so3 E=-152.053980 Ha dipole=1.4540 D
Worker 7 step 183: roto_reflection — no coordinate change (box rejection?)
Worker 7 step 184: large_displacement — no coordinate change (box rejection?)
Worker 28 step 74: Adaptive box growth — new radius = 10.72 Å (acc=20.00%) 
Worker 2 step 129: ACCEPTED principal_axis_rotation E=-152.058742 Ha dipole=1.4693 D
Worker 2: 130/300 — accepted=52, rate=40.0%
Worker 19 step 102: ACCEPTED large_displacement E=-152.054634 Ha dipole=1.3010 D
Worker 13 step 113: ACCEPTED roto_reflection E=-152.055067 Ha dipole=1.6176 D
Worker 0 step 122: ACCEPTED principal_axis_rotation E=-152.053138 Ha dipole=1.2122 D
Worker 38 step 102: ACCEPTED large_displacement E=-152.054400 Ha dipole=0.9233 D
Worker 38 step 103: roto_reflection — no coordinate change (box rejection?)
Worker 38 step 104: twist — no coordinate change (box rejection?)
Worker 38 step 105: large_displacement — no coordinate change (box rejection?)
Worker 22 step 125: roto_reflection — no coordinate change (box rejection?)
Worker 22 step 126: mirror — no coordinate change (box rejection?)
Worker 17 step 92: ACCEPTED principal_axis_rotation E=-152.057948 Ha dipole=1.4581 D
Worker 29 step 79: ACCEPTED large_displacement E=-152.058625 Ha dipole=0.7530 D
Worker 29: 80/300 — accepted=36, rate=45.0%
Worker 29 step 80: twist — no coordinate change (box rejection?)
Worker 4 step 103: ACCEPTED large_displacement E=-152.055291 Ha dipole=0.4327 D
Worker 4 step 104: twist — no coordinate change (box rejection?)
Worker 4 step 105: mirror — no coordinate change (box rejection?)
Worker 4 step 106: mirror — no coordinate change (box rejection?)
Worker 34 step 89: Box stable window 2/3 (acc=60.00%)
Worker 34: 90/300 — accepted=44, rate=48.9%
Worker 23 step 72: ACCEPTED twist E=-152.058897 Ha dipole=0.0739 D
Worker 30 step 91: ACCEPTED principal_axis_rotation E=-152.057021 Ha dipole=0.6534 D
Worker 12 step 125: ACCEPTED roto_reflection E=-152.058202 Ha dipole=0.9333 D
Worker 36 step 108: ACCEPTED twist E=-152.054611 Ha dipole=0.5528 D
Worker 6 step 145: ACCEPTED twist E=-152.059306 Ha dipole=0.4978 D
Worker 35 step 79: Adaptive box growth — new radius = 9.10 Å (acc=40.00%) 
Worker 35: 80/300 — accepted=36, rate=45.0%
Worker 7 step 185: ACCEPTED mirror E=-152.054337 Ha dipole=0.6923 D
Worker 7 step 186: mirror — no coordinate change (box rejection?)
Worker 33 step 92: ACCEPTED random_so3 E=-152.057710 Ha dipole=0.5415 D
Worker 3 step 94: ACCEPTED mirror E=-152.056415 Ha dipole=1.4315 D
Worker 3 step 94: Adaptive box growth — new radius = 5.27 Å (acc=40.00%) 
Worker 10 step 124: ACCEPTED mirror E=-152.055492 Ha dipole=0.3653 D
Worker 37 step 164: ACCEPTED large_displacement E=-152.053985 Ha dipole=1.5844 D
Worker 37 step 164: Box stable window 1/3 (acc=60.00%)
Worker 37 step 165: roto_reflection — no coordinate change (box rejection?)
Worker 39 step 78: ACCEPTED large_displacement E=-152.054745 Ha dipole=0.8094 D
Worker 8 step 141: ACCEPTED twist E=-152.059647 Ha dipole=1.0749 D
Worker 24 step 89: ACCEPTED large_displacement E=-152.053384 Ha dipole=1.4081 D
Worker 24: 90/300 — accepted=46, rate=51.1%
Worker 15 step 81: ACCEPTED exchange E=-152.057929 Ha dipole=0.7508 D
Worker 34 step 90: ACCEPTED large_displacement E=-152.056864 Ha dipole=0.9768 D
Worker 19 step 103: ACCEPTED exchange E=-152.054714 Ha dipole=1.3030 D
Worker 21 step 101: ACCEPTED exchange E=-152.061415 Ha dipole=0.3524 D
Worker 2 step 130: ACCEPTED twist E=-152.056349 Ha dipole=1.1248 D
Worker 30 step 92: ACCEPTED twist E=-152.056655 Ha dipole=0.7183 D
Worker 7 step 187: ACCEPTED large_displacement E=-152.054194 Ha dipole=0.6927 D
Worker 7 step 188: twist — no coordinate change (box rejection?)
Worker 27 step 79: ACCEPTED mirror E=-152.059408 Ha dipole=0.4340 D
Worker 27 step 79: Box stable window 2/3 (acc=60.00%)
Worker 27: 80/300 — accepted=34, rate=42.5%
Worker 35 step 80: ACCEPTED principal_axis_rotation E=-152.057604 Ha dipole=0.5519 D
Worker 0 step 123: ACCEPTED random_so3 E=-152.053775 Ha dipole=1.4567 D
Worker 38 step 106: ACCEPTED principal_axis_rotation E=-152.054292 Ha dipole=0.9384 D
Worker 1 step 184: ACCEPTED exchange E=-152.052607 Ha dipole=1.4665 D
Worker 22 step 127: ACCEPTED mirror E=-152.056540 Ha dipole=1.3594 D
Worker 22 step 128: twist — no coordinate change (box rejection?)
Worker 22 step 129: twist — no coordinate change (box rejection?)
Worker 22 step 130: large_displacement — no coordinate change (box rejection?)
Worker 17 step 93: ACCEPTED twist E=-152.057255 Ha dipole=1.5232 D
Worker 4 step 107: ACCEPTED twist E=-152.055067 Ha dipole=0.4085 D
Worker 13 step 115: ACCEPTED mirror E=-152.055067 Ha dipole=1.6176 D
Worker 36 step 109: ACCEPTED large_displacement E=-152.054455 Ha dipole=0.5514 D
Worker 36: 110/300 — accepted=55, rate=50.0%
Worker 12 step 126: ACCEPTED twist E=-152.057748 Ha dipole=1.2039 D
Worker 36 step 110: mirror — no coordinate change (box rejection?)
Worker 36 step 111: mirror — no coordinate change (box rejection?)
Worker 26 step 76: ACCEPTED exchange E=-152.054951 Ha dipole=1.5975 D
Worker 6 step 146: ACCEPTED principal_axis_rotation E=-152.059400 Ha dipole=0.5285 D
Worker 23 step 74: ACCEPTED mirror E=-152.058898 Ha dipole=0.0739 D
Worker 33 step 93: ACCEPTED large_displacement E=-152.059996 Ha dipole=0.5365 D
Worker 20 step 91: ACCEPTED mirror E=-152.060083 Ha dipole=0.4868 D
Worker 30 step 93: ACCEPTED mirror E=-152.056654 Ha dipole=0.7192 D
Worker 7 step 189: ACCEPTED random_so3 E=-152.054185 Ha dipole=0.7378 D
Worker 7 step 189: Adaptive box growth — new radius = 6.63 Å (acc=33.33%) 
Worker 7: 190/300 — accepted=69, rate=36.3%
Worker 37 step 166: ACCEPTED exchange E=-152.053954 Ha dipole=1.5840 D
Worker 3 step 95: ACCEPTED large_displacement E=-152.057535 Ha dipole=1.4462 D
Worker 10 step 125: ACCEPTED mirror E=-152.055492 Ha dipole=0.3653 D
Worker 39 step 79: ACCEPTED roto_reflection E=-152.055585 Ha dipole=0.8715 D
Worker 39: 80/300 — accepted=33, rate=41.2%
Worker 11 step 73: ACCEPTED mirror E=-152.061198 Ha dipole=0.7760 D
Worker 24 step 90: ACCEPTED principal_axis_rotation E=-152.055005 Ha dipole=0.5112 D
Worker 9 step 104: ACCEPTED twist E=-152.060030 Ha dipole=1.4382 D
Worker 13 step 116: ACCEPTED large_displacement E=-152.054800 Ha dipole=1.6124 D
Worker 9 step 104: Adaptive box growth — new radius = 11.08 Å (acc=20.00%) 
Worker 19 step 104: ACCEPTED principal_axis_rotation E=-152.054168 Ha dipole=1.0913 D
Worker 19 step 105: twist — no coordinate change (box rejection?)
Worker 28 step 76: ACCEPTED large_displacement E=-152.054386 Ha dipole=1.4559 D
Worker 21 step 102: ACCEPTED twist E=-152.060686 Ha dipole=0.6808 D
Worker 2 step 131: ACCEPTED principal_axis_rotation E=-152.050702 Ha dipole=1.4762 D
Worker 35 step 81: ACCEPTED principal_axis_rotation E=-152.054337 Ha dipole=0.5023 D
Worker 27 step 80: ACCEPTED mirror E=-152.059408 Ha dipole=0.4340 D
Worker 6 step 147: ACCEPTED mirror E=-152.059400 Ha dipole=0.5285 D
Worker 0 step 124: ACCEPTED large_displacement E=-152.056171 Ha dipole=1.4983 D
Worker 32 step 92: ACCEPTED twist E=-152.061584 Ha dipole=1.3560 D
Worker 30 step 94: ACCEPTED mirror E=-152.056655 Ha dipole=0.7183 D
Worker 29 step 83: ACCEPTED twist E=-152.059625 Ha dipole=0.8523 D
Worker 29 step 84: twist — no coordinate change (box rejection?)
Worker 29 step 85: roto_reflection — no coordinate change (box rejection?)
Worker 22 step 131: ACCEPTED twist E=-152.055785 Ha dipole=1.5133 D
Worker 1 step 185: ACCEPTED principal_axis_rotation E=-152.052936 Ha dipole=1.4843 D
Worker 22 step 132: twist — no coordinate change (box rejection?)
Worker 36 step 113: twist — no coordinate change (box rejection?)
Worker 17 step 94: ACCEPTED principal_axis_rotation E=-152.058073 Ha dipole=1.5995 D
Worker 4 step 108: ACCEPTED principal_axis_rotation E=-152.055261 Ha dipole=0.4123 D
Worker 11 step 74: Adaptive box growth — new radius = 13.57 Å (acc=40.00%) 
Worker 12 step 127: ACCEPTED twist E=-152.057161 Ha dipole=1.2906 D
Worker 26 step 77: ACCEPTED twist E=-152.056097 Ha dipole=1.4783 D
Worker 33 step 94: Box stable window 1/3 (acc=60.00%)
Worker 15 step 83: ACCEPTED mirror E=-152.057929 Ha dipole=0.7508 D
Worker 5 step 89: ACCEPTED mirror E=-152.059947 Ha dipole=1.5085 D
Worker 5 step 89: Adaptive box growth — new radius = 7.92 Å (acc=20.00%) 
Worker 5: 90/300 — accepted=39, rate=43.3%
Worker 37 step 167: ACCEPTED principal_axis_rotation E=-152.054232 Ha dipole=0.6507 D
Worker 7 step 190: ACCEPTED twist E=-152.054133 Ha dipole=0.7787 D
Worker 10 step 126: ACCEPTED twist E=-152.058151 Ha dipole=1.3816 D
Worker 39 step 80: ACCEPTED exchange E=-152.055618 Ha dipole=0.8821 D
Worker 19 step 106: ACCEPTED exchange E=-152.054327 Ha dipole=1.0911 D
Worker 6 step 148: ACCEPTED mirror E=-152.059400 Ha dipole=0.5285 D
Worker 24 step 91: ACCEPTED twist E=-152.054761 Ha dipole=0.1761 D
Worker 8 step 143: ACCEPTED twist E=-152.060220 Ha dipole=0.8115 D
Worker 34 step 93: ACCEPTED large_displacement E=-152.057522 Ha dipole=0.9832 D
Worker 30 step 95: ACCEPTED principal_axis_rotation E=-152.054662 Ha dipole=0.6312 D
Worker 36 step 114: Adaptive box growth — new radius = 6.94 Å (acc=0.00%) 
Worker 23 step 76: ACCEPTED twist E=-152.060767 Ha dipole=0.8440 D
Worker 13 step 117: ACCEPTED random_so3 E=-152.054089 Ha dipole=1.1858 D
Worker 13 step 118: roto_reflection — no coordinate change (box rejection?)
Worker 28 step 77: ACCEPTED exchange E=-152.058463 Ha dipole=1.3840 D
Worker 20 step 93: ACCEPTED twist E=-152.059012 Ha dipole=0.6985 D
Worker 11 step 75: ACCEPTED twist E=-152.061298 Ha dipole=1.3278 D
Worker 2 step 132: ACCEPTED twist E=-152.050600 Ha dipole=1.3099 D
Worker 35 step 83: mirror — no coordinate change (box rejection?)
Worker 4 step 109: ACCEPTED large_displacement E=-152.057526 Ha dipole=0.4371 D
Worker 4: 110/300 — accepted=49, rate=44.5%
Worker 38 step 108: ACCEPTED principal_axis_rotation E=-152.053948 Ha dipole=0.9427 D
Worker 0 step 125: ACCEPTED roto_reflection E=-152.058765 Ha dipole=1.5188 D
Worker 0 step 126: twist — no coordinate change (box rejection?)
Worker 15 step 84: ACCEPTED large_displacement E=-152.057619 Ha dipole=0.7407 D
Worker 15 step 84: Box stable window 2/3 (acc=60.00%)
Worker 22 step 133: ACCEPTED exchange E=-152.055070 Ha dipole=1.5044 D
Worker 1 step 186: ACCEPTED principal_axis_rotation E=-152.052815 Ha dipole=1.4953 D
Worker 19 step 107: ACCEPTED exchange E=-152.054168 Ha dipole=1.0913 D
Worker 17 step 95: ACCEPTED mirror E=-152.058072 Ha dipole=1.5994 D
Worker 39 step 81: ACCEPTED principal_axis_rotation E=-152.056781 Ha dipole=0.8898 D
Worker 6 step 149: ACCEPTED mirror E=-152.059400 Ha dipole=0.5285 D
Worker 6: 150/300 — accepted=42, rate=28.0%
Worker 36 step 115: ACCEPTED random_so3 E=-152.054248 Ha dipole=1.0373 D
Worker 3 step 97: ACCEPTED random_so3 E=-152.054219 Ha dipole=0.1932 D
Worker 12 step 128: ACCEPTED exchange E=-152.049115 Ha dipole=1.2727 D
Worker 26 step 78: ACCEPTED mirror E=-152.056097 Ha dipole=1.4783 D
Worker 8 step 144: Box stable window 1/3 (acc=60.00%)
Worker 33 step 95: ACCEPTED twist E=-152.056900 Ha dipole=1.0649 D
Worker 7 step 191: ACCEPTED roto_reflection E=-152.053961 Ha dipole=1.4130 D
Worker 37 step 168: ACCEPTED twist E=-152.054134 Ha dipole=0.8975 D
Worker 7 step 192: twist — no coordinate change (box rejection?)
Worker 37 step 169: mirror — no coordinate change (box rejection?)
Worker 30 step 96: ACCEPTED large_displacement E=-152.052869 Ha dipole=0.6374 D
Worker 11 step 76: ACCEPTED twist E=-152.061478 Ha dipole=1.5112 D
Worker 5 step 90: ACCEPTED large_displacement E=-152.056254 Ha dipole=1.5419 D
Worker 34 step 94: ACCEPTED large_displacement E=-152.056026 Ha dipole=0.9698 D
Worker 34 step 94: Box stable window 3/3 (acc=60.00%)
Worker 34 step 94: Box growth stabilized after 3 windows. Stopping growth.
Worker 24 step 92: ACCEPTED twist E=-152.054741 Ha dipole=0.1198 D
Worker 0 step 127: ACCEPTED principal_axis_rotation E=-152.059870 Ha dipole=1.3581 D
Worker 0 step 128: roto_reflection — no coordinate change (box rejection?)
Worker 4 step 110: ACCEPTED large_displacement E=-152.055334 Ha dipole=0.4107 D
Worker 13 step 119: Box stable window 1/3 (acc=60.00%)
Worker 13: 120/300 — accepted=44, rate=36.7%
Worker 23 step 77: ACCEPTED twist E=-152.057215 Ha dipole=1.0490 D
Worker 19 step 109: twist — no coordinate change (box rejection?)
Worker 19 step 110: twist — no coordinate change (box rejection?)
Worker 15 step 85: ACCEPTED twist E=-152.057509 Ha dipole=0.7552 D
Worker 20 step 94: ACCEPTED roto_reflection E=-152.060473 Ha dipole=0.8630 D
Worker 20 step 94: Box stable window 2/3 (acc=60.00%)
Worker 28 step 78: ACCEPTED mirror E=-152.058463 Ha dipole=1.3840 D
Worker 2 step 133: ACCEPTED principal_axis_rotation E=-152.050961 Ha dipole=1.2399 D
Worker 2 step 134: twist — no coordinate change (box rejection?)
Worker 2 step 135: mirror — no coordinate change (box rejection?)
Worker 2 step 136: twist — no coordinate change (box rejection?)
Worker 36 step 116: ACCEPTED mirror E=-152.054128 Ha dipole=1.2329 D
Worker 36 step 117: mirror — no coordinate change (box rejection?)
Worker 36 step 118: mirror — no coordinate change (box rejection?)
Worker 3 step 98: ACCEPTED random_so3 E=-152.056336 Ha dipole=0.7911 D
Worker 38 step 109: ACCEPTED large_displacement E=-152.053743 Ha dipole=0.9423 D
Worker 38 step 109: Adaptive box growth — new radius = 5.45 Å (acc=37.78%) 
Worker 38: 110/300 — accepted=52, rate=47.3%
Worker 35 step 84: ACCEPTED large_displacement E=-152.054892 Ha dipole=0.5269 D
Worker 35 step 84: Box stable window 1/3 (acc=60.00%)
Worker 10 step 128: ACCEPTED large_displacement E=-152.059926 Ha dipole=1.4361 D
Worker 32 step 94: Adaptive box growth — new radius = 7.19 Å (acc=30.00%) 
Worker 22 step 134: ACCEPTED large_displacement E=-152.057034 Ha dipole=1.5366 D
Worker 22 step 135: large_displacement — no coordinate change (box rejection?)
Worker 22 step 136: large_displacement — no coordinate change (box rejection?)
Worker 22 step 137: large_displacement — no coordinate change (box rejection?)
Worker 1 step 187: ACCEPTED exchange E=-152.055412 Ha dipole=1.5180 D
Worker 34 step 95: ACCEPTED mirror E=-152.057449 Ha dipole=1.3695 D
Worker 39 step 82: ACCEPTED large_displacement E=-152.056152 Ha dipole=0.8819 D
Worker 17 step 96: ACCEPTED large_displacement E=-152.057533 Ha dipole=1.5891 D
Worker 37 step 170: ACCEPTED exchange E=-152.054216 Ha dipole=0.8986 D
Worker 37 step 171: mirror — no coordinate change (box rejection?)
Worker 26 step 79: Box stable window 2/3 (acc=60.00%)
Worker 26: 80/300 — accepted=40, rate=50.0%
Worker 12 step 129: ACCEPTED large_displacement E=-152.050817 Ha dipole=1.2843 D
Worker 12: 130/300 — accepted=56, rate=43.1%
Worker 20 step 96: roto_reflection — no coordinate change (box rejection?)
Worker 7 step 193: ACCEPTED mirror E=-152.054091 Ha dipole=0.7787 D
Worker 33 step 96: ACCEPTED exchange E=-152.054528 Ha dipole=1.0155 D
Worker 19 step 111: ACCEPTED random_so3 E=-152.054243 Ha dipole=1.2534 D
Worker 21 step 105: ACCEPTED random_so3 E=-152.054035 Ha dipole=1.2627 D
Worker 0 step 129: ACCEPTED principal_axis_rotation E=-152.059501 Ha dipole=1.3506 D
Worker 0 step 129: Box stable window 1/3 (acc=60.00%)
Worker 0: 130/300 — accepted=56, rate=43.1%
Worker 0 step 130: roto_reflection — no coordinate change (box rejection?)
Worker 24 step 93: ACCEPTED exchange E=-152.054955 Ha dipole=0.1232 D
Worker 4 step 111: ACCEPTED exchange E=-152.054570 Ha dipole=0.4150 D
Worker 11 step 78: ACCEPTED twist E=-152.061755 Ha dipole=1.4813 D
Worker 13 step 120: ACCEPTED exchange E=-152.052374 Ha dipole=1.1721 D
Worker 13 step 121: twist — no coordinate change (box rejection?)
Worker 2 step 137: ACCEPTED principal_axis_rotation E=-152.055995 Ha dipole=1.2923 D
Worker 23 step 78: ACCEPTED large_displacement E=-152.057275 Ha dipole=1.0323 D
Worker 37 step 172: ACCEPTED large_displacement E=-152.054266 Ha dipole=0.8986 D
Worker 37 step 173: twist — no coordinate change (box rejection?)
Worker 28 step 79: ACCEPTED twist E=-152.053287 Ha dipole=0.9509 D
Worker 28: 80/300 — accepted=28, rate=35.0%
Worker 29 step 88: ACCEPTED large_displacement E=-152.058453 Ha dipole=0.8532 D
Worker 36 step 119: ACCEPTED mirror E=-152.054248 Ha dipole=1.0373 D
Worker 36 step 119: Box stable window 1/3 (acc=60.00%)
Worker 36: 120/300 — accepted=58, rate=48.3%
Worker 30 step 98: ACCEPTED principal_axis_rotation E=-152.057363 Ha dipole=1.3468 D
Worker 26 step 80: ACCEPTED large_displacement E=-152.054729 Ha dipole=1.4751 D
Worker 3 step 99: ACCEPTED mirror E=-152.053283 Ha dipole=1.3947 D
Worker 3: 100/300 — accepted=57, rate=57.0%
Worker 3 step 100: roto_reflection — no coordinate change (box rejection?)
Worker 38 step 110: ACCEPTED principal_axis_rotation E=-152.054254 Ha dipole=1.2362 D
Worker 35 step 85: ACCEPTED twist E=-152.054850 Ha dipole=0.5167 D
Worker 10 step 129: Box stable window 1/3 (acc=60.00%)
Worker 10: 130/300 — accepted=58, rate=44.6%
Worker 1 step 188: ACCEPTED mirror E=-152.055412 Ha dipole=1.5180 D
Worker 27 step 83: ACCEPTED principal_axis_rotation E=-152.060396 Ha dipole=0.4625 D
Worker 20 step 98: random_so3 — no coordinate change (box rejection?)
Worker 39 step 83: ACCEPTED large_displacement E=-152.056889 Ha dipole=0.8911 D
Worker 34 step 96: ACCEPTED roto_reflection E=-152.054375 Ha dipole=1.5401 D
Worker 21 step 106: ACCEPTED principal_axis_rotation E=-152.059049 Ha dipole=0.7773 D
Worker 21 step 107: twist — no coordinate change (box rejection?)
Worker 17 step 97: ACCEPTED twist E=-152.058713 Ha dipole=1.4094 D
Worker 9 step 108: ACCEPTED exchange E=-152.061072 Ha dipole=1.5925 D
Worker 6 step 151: ACCEPTED mirror E=-152.059400 Ha dipole=0.5285 D
Worker 2 step 138: ACCEPTED twist E=-152.056791 Ha dipole=0.7891 D
Worker 7 step 194: ACCEPTED large_displacement E=-152.054121 Ha dipole=0.7785 D
Worker 7 step 195: twist — no coordinate change (box rejection?)
Worker 7 step 196: twist — no coordinate change (box rejection?)
Worker 7 step 197: twist — no coordinate change (box rejection?)
Worker 7 step 198: principal_axis_rotation — no coordinate change (box rejection?)
Worker 7 step 199: principal_axis_rotation — no coordinate change (box rejection?)
Worker 12 step 130: ACCEPTED mirror E=-152.050817 Ha dipole=1.2843 D
Worker 8 step 146: ACCEPTED twist E=-152.058842 Ha dipole=1.0645 D
Worker 19 step 113: twist — no coordinate change (box rejection?)
Worker 33 step 97: ACCEPTED principal_axis_rotation E=-152.058386 Ha dipole=0.3959 D
Worker 15 step 87: ACCEPTED mirror E=-152.057509 Ha dipole=0.7552 D
Worker 11 step 79: ACCEPTED twist E=-152.060619 Ha dipole=1.4437 D
Worker 11: 80/300 — accepted=23, rate=28.7%
Worker 30 step 99: Box stable window 1/3 (acc=60.00%)
Worker 30: 100/300 — accepted=53, rate=53.0%
Worker 24 step 94: ACCEPTED mirror E=-152.053194 Ha dipole=1.5999 D
Worker 0 step 131: ACCEPTED twist E=-152.059587 Ha dipole=1.3374 D
Worker 26 step 81: ACCEPTED large_displacement E=-152.055419 Ha dipole=1.4838 D
Worker 1 step 189: ACCEPTED large_displacement E=-152.054395 Ha dipole=1.5387 D
Worker 1: 190/300 — accepted=48, rate=25.3%
Worker 4 step 112: ACCEPTED twist E=-152.053089 Ha dipole=0.7661 D
Worker 4 step 113: principal_axis_rotation — no coordinate change (box rejection?)
Worker 36 step 120: ACCEPTED large_displacement E=-152.054539 Ha dipole=1.0367 D
Worker 23 step 79: Box stable window 1/3 (acc=60.00%)
Worker 23: 80/300 — accepted=38, rate=47.5%
Worker 37 step 174: ACCEPTED principal_axis_rotation E=-152.054203 Ha dipole=1.3415 D
Worker 37 step 174: Box stable window 2/3 (acc=60.00%)
Worker 28 step 80: ACCEPTED mirror E=-152.053287 Ha dipole=0.9509 D
Worker 29: 90/300 — accepted=38, rate=42.2%
Worker 29 step 90: mirror — no coordinate change (box rejection?)
Worker 9 step 109: Adaptive box growth — new radius = 12.74 Å (acc=20.00%) 
Worker 9: 110/300 — accepted=29, rate=26.4%
Worker 20 step 99: Adaptive box growth — new radius = 6.68 Å (acc=0.00%) 
Worker 20: 100/300 — accepted=45, rate=45.0%
Worker 38 step 111: ACCEPTED principal_axis_rotation E=-152.054361 Ha dipole=1.2388 D
Worker 27 step 84: Adaptive box growth — new radius = 9.59 Å (acc=40.00%) 
Worker 2: 140/300 — accepted=58, rate=41.4%
Worker 3 step 101: ACCEPTED large_displacement E=-152.053072 Ha dipole=1.3838 D
Worker 35 step 86: ACCEPTED principal_axis_rotation E=-152.055343 Ha dipole=0.5206 D
Worker 10 step 130: ACCEPTED principal_axis_rotation E=-152.058444 Ha dipole=1.5307 D
Worker 22 step 139: ACCEPTED exchange E=-152.056321 Ha dipole=1.5212 D
Worker 22: 140/300 — accepted=59, rate=42.1%
Worker 22 step 140: mirror — no coordinate change (box rejection?)
Worker 39 step 84: ACCEPTED roto_reflection E=-152.056918 Ha dipole=1.2494 D
Worker 1 step 190: ACCEPTED twist E=-152.058708 Ha dipole=1.4080 D
Worker 36 step 122: roto_reflection — no coordinate change (box rejection?)
Worker 12 step 131: ACCEPTED large_displacement E=-152.051917 Ha dipole=1.3065 D
Worker 6 step 152: ACCEPTED random_so3 E=-152.058252 Ha dipole=1.1303 D
Worker 19 step 114: ACCEPTED large_displacement E=-152.054304 Ha dipole=1.2531 D
Worker 19 step 114: Adaptive box growth — new radius = 5.49 Å (acc=40.00%) 
Worker 37 step 175: ACCEPTED exchange E=-152.054034 Ha dipole=1.3398 D
Worker 37 step 176: roto_reflection — no coordinate change (box rejection?)
Worker 37 step 177: twist — no coordinate change (box rejection?)
Worker 7 step 200: ACCEPTED random_so3 E=-152.053882 Ha dipole=1.2158 D
Worker 7 step 201: roto_reflection — no coordinate change (box rejection?)
Worker 7 step 202: twist — no coordinate change (box rejection?)
Worker 4 step 114: ACCEPTED roto_reflection E=-152.052878 Ha dipole=0.8397 D
Worker 7 step 203: large_displacement — no coordinate change (box rejection?)
Worker 7 step 204: exchange — no coordinate change (box rejection?)
Worker 7 step 205: exchange — no coordinate change (box rejection?)
Worker 7 step 206: mirror — no coordinate change (box rejection?)
Worker 7 step 207: mirror — no coordinate change (box rejection?)
Worker 5 step 94: Adaptive box growth — new radius = 9.10 Å (acc=20.00%) 
Worker 33 step 98: ACCEPTED twist E=-152.058265 Ha dipole=0.3762 D
Worker 15 step 88: ACCEPTED large_displacement E=-152.056856 Ha dipole=0.7552 D
Worker 24 step 95: ACCEPTED large_displacement E=-152.053184 Ha dipole=1.5993 D
Worker 24 step 96: roto_reflection — no coordinate change (box rejection?)
Worker 0 step 132: ACCEPTED large_displacement E=-152.058645 Ha dipole=1.3295 D
Worker 26 step 82: ACCEPTED twist E=-152.053971 Ha dipole=1.4730 D
Worker 26 step 83: twist — no coordinate change (box rejection?)
Worker 23 step 80: ACCEPTED roto_reflection E=-152.059272 Ha dipole=1.2679 D
Worker 20 step 100: ACCEPTED roto_reflection E=-152.059531 Ha dipole=1.3506 D
Worker 13 step 123: ACCEPTED exchange E=-152.054089 Ha dipole=1.1858 D
Worker 13 step 124: twist — no coordinate change (box rejection?)
Worker 9 step 110: ACCEPTED twist E=-152.053928 Ha dipole=1.3228 D
Worker 28 step 81: ACCEPTED twist E=-152.057524 Ha dipole=0.7577 D
Worker 29 step 91: ACCEPTED large_displacement E=-152.056485 Ha dipole=0.8582 D
Worker 29 step 92: mirror — no coordinate change (box rejection?)
Worker 8 step 148: ACCEPTED random_so3 E=-152.046798 Ha dipole=0.4803 D
Worker 38 step 112: ACCEPTED twist E=-152.054332 Ha dipole=1.2375 D
Worker 38 step 113: twist — no coordinate change (box rejection?)
Worker 12 step 132: ACCEPTED exchange E=-152.056513 Ha dipole=1.3119 D
Worker 37 step 178: ACCEPTED exchange E=-152.054203 Ha dipole=1.3415 D
Worker 37 step 179: roto_reflection — no coordinate change (box rejection?)
Worker 3 step 102: ACCEPTED twist E=-152.053577 Ha dipole=1.1751 D
Worker 3 step 103: roto_reflection — no coordinate change (box rejection?)
Worker 36 step 123: ACCEPTED twist E=-152.054742 Ha dipole=0.8976 D
Worker 35 step 87: ACCEPTED principal_axis_rotation E=-152.055334 Ha dipole=0.5206 D
Worker 15 step 89: ACCEPTED exchange E=-152.057209 Ha dipole=0.7523 D
Worker 15: 90/300 — accepted=52, rate=57.8%
Worker 32 step 97: ACCEPTED mirror E=-152.061584 Ha dipole=1.3560 D
Worker 22 step 141: ACCEPTED large_displacement E=-152.057341 Ha dipole=1.5368 D
Worker 39 step 85: ACCEPTED large_displacement E=-152.057274 Ha dipole=1.2518 D
Worker 19 step 115: ACCEPTED random_so3 E=-152.054047 Ha dipole=0.4703 D
Worker 34 step 98: ACCEPTED large_displacement E=-152.057189 Ha dipole=1.5187 D
Worker 19 step 116: twist — no coordinate change (box rejection?)
Worker 19 step 117: twist — no coordinate change (box rejection?)
Worker 19 step 118: roto_reflection — no coordinate change (box rejection?)
Worker 21 step 109: ACCEPTED random_so3 E=-152.060506 Ha dipole=0.8390 D
Worker 21: 110/300 — accepted=46, rate=41.8%
Worker 21 step 110: mirror — no coordinate change (box rejection?)
Worker 17 step 99: Box stable window 1/3 (acc=60.00%)
Worker 17: 100/300 — accepted=46, rate=46.0%
Worker 17 step 100: roto_reflection — no coordinate change (box rejection?)
Worker 30 step 102: ACCEPTED random_so3 E=-152.058751 Ha dipole=1.5939 D
Worker 7 step 208: ACCEPTED random_so3 E=-152.054233 Ha dipole=0.9757 D
Worker 4 step 115: ACCEPTED large_displacement E=-152.053531 Ha dipole=0.8445 D
Worker 10 step 132: ACCEPTED large_displacement E=-152.058399 Ha dipole=1.5461 D
Worker 5 step 95: ACCEPTED twist E=-152.056150 Ha dipole=1.5351 D
Worker 1 step 192: ACCEPTED mirror E=-152.058708 Ha dipole=1.4080 D
Worker 33: 100/300 — accepted=46, rate=46.0%
Worker 33 step 100: roto_reflection — no coordinate change (box rejection?)
Worker 24 step 97: ACCEPTED twist E=-152.054080 Ha dipole=1.4341 D
Worker 24 step 98: roto_reflection — no coordinate change (box rejection?)
Worker 24 step 99: roto_reflection — no coordinate change (box rejection?)
Worker 8 step 149: ACCEPTED exchange E=-152.054015 Ha dipole=0.5588 D
Worker 8 step 149: Box stable window 2/3 (acc=60.00%)
Worker 8: 150/300 — accepted=48, rate=32.0%
Worker 12 step 133: ACCEPTED twist E=-152.056796 Ha dipole=1.4845 D
Worker 26 step 84: ACCEPTED large_displacement E=-152.054237 Ha dipole=1.4767 D
Worker 0 step 133: ACCEPTED large_displacement E=-152.059872 Ha dipole=1.3402 D
Worker 3 step 104: Adaptive box growth — new radius = 5.75 Å (acc=40.00%) 
Worker 13 step 125: ACCEPTED principal_axis_rotation E=-152.054158 Ha dipole=1.2547 D
Worker 20 step 101: ACCEPTED exchange E=-152.060119 Ha dipole=1.3632 D
Worker 37 step 180: ACCEPTED large_displacement E=-152.054180 Ha dipole=1.3415 D
Worker 9 step 111: ACCEPTED exchange E=-152.056289 Ha dipole=1.3468 D
Worker 38 step 114: Box stable window 1/3 (acc=60.00%)
Worker 29 step 93: ACCEPTED twist E=-152.054338 Ha dipole=1.0596 D
Worker 36 step 124: ACCEPTED exchange E=-152.054179 Ha dipole=0.8963 D
Worker 36 step 124: Box stable window 2/3 (acc=60.00%)
Worker 6 step 154: Adaptive box growth — new radius = 8.66 Å (acc=40.00%) 
Worker 2 step 142: ACCEPTED random_so3 E=-152.055378 Ha dipole=0.9983 D
Worker 22 step 142: ACCEPTED exchange E=-152.058552 Ha dipole=1.5629 D
Worker 22 step 143: twist — no coordinate change (box rejection?)
Worker 22 step 144: roto_reflection — no coordinate change (box rejection?)
Worker 10 step 133: ACCEPTED random_so3 E=-152.061250 Ha dipole=1.6820 D
Worker 19 step 119: ACCEPTED principal_axis_rotation E=-152.053829 Ha dipole=1.0362 D
Worker 19 step 119: Adaptive box growth — new radius = 5.99 Å (acc=40.00%) 
Worker 19: 120/300 — accepted=61, rate=50.8%
Worker 39 step 86: ACCEPTED twist E=-152.057330 Ha dipole=1.2915 D
Worker 26 step 85: ACCEPTED twist E=-152.054214 Ha dipole=0.7381 D
Worker 3 step 105: ACCEPTED random_so3 E=-152.057301 Ha dipole=1.1326 D
Worker 34 step 99: ACCEPTED mirror E=-152.057189 Ha dipole=1.5187 D
Worker 34: 100/300 — accepted=51, rate=51.0%
Worker 17 step 101: ACCEPTED principal_axis_rotation E=-152.058251 Ha dipole=1.5685 D
Worker 7 step 209: ACCEPTED random_so3 E=-152.053885 Ha dipole=1.4254 D
Worker 7 step 209: Adaptive box growth — new radius = 7.63 Å (acc=20.00%) 
Worker 7: 210/300 — accepted=76, rate=36.2%
Worker 23 step 82: ACCEPTED exchange E=-152.058615 Ha dipole=1.2550 D
Worker 4 step 116: ACCEPTED twist E=-152.055763 Ha dipole=1.1286 D
Worker 12 step 134: ACCEPTED large_displacement E=-152.057434 Ha dipole=1.5189 D
Worker 33 step 101: ACCEPTED mirror E=-152.060424 Ha dipole=1.6620 D
Worker 30 step 104: ACCEPTED large_displacement E=-152.060279 Ha dipole=1.6334 D
Worker 30 step 104: Adaptive box growth — new radius = 6.54 Å (acc=40.00%) 
Worker 11 step 82: ACCEPTED exchange E=-152.058590 Ha dipole=1.4761 D
Worker 0 step 134: Box stable window 2/3 (acc=60.00%)
Worker 32 step 99: ACCEPTED exchange E=-152.059427 Ha dipole=1.2288 D
Worker 32 step 99: Adaptive box growth — new radius = 7.83 Å (acc=40.00%) 
Worker 32: 100/300 — accepted=38, rate=38.0%
Worker 38 step 115: ACCEPTED random_so3 E=-152.053847 Ha dipole=1.0335 D
Worker 38 step 116: roto_reflection — no coordinate change (box rejection?)
Worker 38 step 117: twist — no coordinate change (box rejection?)
Worker 27 step 87: ACCEPTED mirror E=-152.060394 Ha dipole=0.4631 D
Worker 1 step 194: ACCEPTED twist E=-152.058737 Ha dipole=1.4079 D
Worker 1 step 194: Box stable window 1/3 (acc=60.00%)
Worker 37 step 181: ACCEPTED large_displacement E=-152.054167 Ha dipole=1.3412 D
Worker 37 step 182: twist — no coordinate change (box rejection?)
Worker 37 step 183: mirror — no coordinate change (box rejection?)
Worker 13 step 126: ACCEPTED roto_reflection E=-152.055458 Ha dipole=1.0327 D
Worker 36 step 125: ACCEPTED exchange E=-152.054742 Ha dipole=0.8976 D
Worker 29 step 94: ACCEPTED roto_reflection E=-152.056284 Ha dipole=0.5868 D
Worker 10 step 134: Box stable window 2/3 (acc=60.00%)
Worker 35 step 89: ACCEPTED roto_reflection E=-152.057365 Ha dipole=0.5986 D
Worker 35: 90/300 — accepted=43, rate=47.8%
Worker 8 step 151: ACCEPTED roto_reflection E=-152.055520 Ha dipole=0.3316 D
Worker 3 step 106: ACCEPTED large_displacement E=-152.055292 Ha dipole=1.1244 D
Worker 19 step 120: ACCEPTED mirror E=-152.053829 Ha dipole=1.0362 D
Worker 22 step 145: ACCEPTED large_displacement E=-152.061625 Ha dipole=1.6284 D
Worker 22 step 146: twist — no coordinate change (box rejection?)
Worker 22 step 147: twist — no coordinate change (box rejection?)
Worker 22 step 148: large_displacement — no coordinate change (box rejection?)
Worker 39 step 87: ACCEPTED twist E=-152.058318 Ha dipole=1.4725 D
Worker 39 step 88: mirror — no coordinate change (box rejection?)
Worker 1 step 196: roto_reflection — no coordinate change (box rejection?)
Worker 34 step 100: ACCEPTED exchange E=-152.058670 Ha dipole=1.5035 D
Worker 7 step 210: ACCEPTED exchange E=-152.053927 Ha dipole=1.4257 D
Worker 7 step 211: mirror — no coordinate change (box rejection?)
Worker 17 step 102: ACCEPTED twist E=-152.058177 Ha dipole=1.6290 D
Worker 24 step 101: ACCEPTED principal_axis_rotation E=-152.053400 Ha dipole=1.4305 D
Worker 32 step 100: ACCEPTED exchange E=-152.061584 Ha dipole=1.3560 D
Worker 23 step 83: ACCEPTED exchange E=-152.059272 Ha dipole=1.2679 D
Worker 2 step 144: ACCEPTED large_displacement E=-152.060327 Ha dipole=1.0499 D
Worker 4 step 118: mirror — no coordinate change (box rejection?)
Worker 29 step 95: ACCEPTED principal_axis_rotation E=-152.054924 Ha dipole=1.5718 D
Worker 28 step 84: Adaptive box growth — new radius = 11.69 Å (acc=40.00%) 
Worker 11 step 83: ACCEPTED principal_axis_rotation E=-152.057949 Ha dipole=1.7004 D
Worker 38 step 118: ACCEPTED large_displacement E=-152.053753 Ha dipole=1.0335 D
Worker 38 step 119: roto_reflection — no coordinate change (box rejection?)
Worker 38 step 120: twist — no coordinate change (box rejection?)
Worker 0 step 135: ACCEPTED twist E=-152.057464 Ha dipole=1.5487 D
Worker 8 step 152: ACCEPTED twist E=-152.062043 Ha dipole=1.2519 D
Worker 37 step 184: ACCEPTED mirror E=-152.054167 Ha dipole=1.3412 D
Worker 37 step 184: Adaptive box growth — new radius = 7.14 Å (acc=50.00%) 
Worker 15 step 92: ACCEPTED twist E=-152.061561 Ha dipole=0.1888 D
Worker 36 step 126: ACCEPTED principal_axis_rotation E=-152.054785 Ha dipole=0.8056 D
Worker 20 step 103: ACCEPTED large_displacement E=-152.060645 Ha dipole=1.3847 D
Worker 22: 150/300 — accepted=62, rate=41.3%
Worker 10 step 135: ACCEPTED mirror E=-152.061250 Ha dipole=1.6820 D
Worker 33 step 103: ACCEPTED mirror E=-152.060424 Ha dipole=1.6620 D
Worker 33 step 104: large_displacement — no coordinate change (box rejection?)
Worker 1 step 197: ACCEPTED mirror E=-152.058741 Ha dipole=1.4073 D
Worker 21 step 113: ACCEPTED twist E=-152.059937 Ha dipole=0.7729 D
Worker 29 step 96: ACCEPTED exchange E=-152.057608 Ha dipole=1.6126 D
Worker 6 step 156: ACCEPTED principal_axis_rotation E=-152.055864 Ha dipole=0.7338 D
Worker 3 step 107: ACCEPTED principal_axis_rotation E=-152.054423 Ha dipole=1.1301 D
Worker 35 step 91: ACCEPTED mirror E=-152.057365 Ha dipole=0.5986 D
Worker 19 step 121: ACCEPTED mirror E=-152.054014 Ha dipole=1.2326 D
Worker 5 step 98: ACCEPTED roto_reflection E=-152.055976 Ha dipole=1.5105 D
Worker 0 step 136: ACCEPTED mirror E=-152.057464 Ha dipole=1.5487 D
Worker 12 step 136: ACCEPTED principal_axis_rotation E=-152.051444 Ha dipole=0.3706 D
Worker 39 step 89: Box stable window 1/3 (acc=60.00%)
Worker 39: 90/300 — accepted=41, rate=45.6%
Worker 7 step 212: ACCEPTED twist E=-152.054163 Ha dipole=0.4698 D
Worker 24 step 102: ACCEPTED exchange E=-152.053458 Ha dipole=1.4303 D
Worker 17 step 103: ACCEPTED twist E=-152.057562 Ha dipole=1.5616 D
Worker 32 step 101: ACCEPTED large_displacement E=-152.060615 Ha dipole=1.3079 D
Worker 23 step 84: ACCEPTED exchange E=-152.058615 Ha dipole=1.2550 D
Worker 27 step 89: ACCEPTED principal_axis_rotation E=-152.059156 Ha dipole=1.0443 D
Worker 27 step 89: Adaptive box growth — new radius = 10.45 Å (acc=40.00%) 
Worker 27: 90/300 — accepted=38, rate=42.2%
Worker 37 step 185: ACCEPTED twist E=-152.054101 Ha dipole=1.6135 D
Worker 37 step 186: mirror — no coordinate change (box rejection?)
Worker 37 step 187: twist — no coordinate change (box rejection?)
Worker 4 step 119: ACCEPTED random_so3 E=-152.054443 Ha dipole=1.3824 D
Worker 4: 120/300 — accepted=56, rate=46.7%
Worker 9 step 114: ACCEPTED mirror E=-152.056293 Ha dipole=1.3468 D
Worker 9 step 114: Box stable window 1/3 (acc=60.00%)
Worker 30 step 106: ACCEPTED large_displacement E=-152.056912 Ha dipole=1.5641 D
Worker 33 step 106: mirror — no coordinate change (box rejection?)
Worker 38 step 121: ACCEPTED twist E=-152.054364 Ha dipole=0.4072 D
Worker 22 step 150: ACCEPTED mirror E=-152.061625 Ha dipole=1.6284 D
Worker 36 step 127: ACCEPTED mirror E=-152.053538 Ha dipole=1.3939 D
Worker 15 step 94: twist — no coordinate change (box rejection?)
Worker 13 step 128: ACCEPTED large_displacement E=-152.057917 Ha dipole=1.0782 D
Worker 13 step 129: twist — no coordinate change (box rejection?)
Worker 20 step 104: Box stable window 1/3 (acc=60.00%)
Worker 2 step 147: roto_reflection — no coordinate change (box rejection?)
Worker 10 step 136: ACCEPTED large_displacement E=-152.060725 Ha dipole=1.6715 D
Worker 0 step 137: ACCEPTED twist E=-152.058110 Ha dipole=1.2910 D
Worker 8 step 154: Adaptive box growth — new radius = 7.69 Å (acc=40.00%) 
Worker 1 step 198: ACCEPTED twist E=-152.058823 Ha dipole=1.5635 D
Worker 37 step 188: ACCEPTED large_displacement E=-152.054128 Ha dipole=1.6139 D
Worker 21 step 114: ACCEPTED random_so3 E=-152.060609 Ha dipole=0.6390 D
Worker 12 step 137: ACCEPTED roto_reflection E=-152.054918 Ha dipole=0.4814 D
Worker 19 step 122: ACCEPTED random_so3 E=-152.054392 Ha dipole=0.7608 D
Worker 3 step 108: ACCEPTED large_displacement E=-152.054633 Ha dipole=1.1391 D
Worker 26 step 88: ACCEPTED random_so3 E=-152.054243 Ha dipole=1.0790 D
Worker 5 step 99: Adaptive box growth — new radius = 9.92 Å (acc=40.00%) 
Worker 5: 100/300 — accepted=42, rate=42.0%
Worker 7 step 213: ACCEPTED large_displacement E=-152.054236 Ha dipole=0.4699 D
Worker 39 step 90: ACCEPTED large_displacement E=-152.059116 Ha dipole=1.4885 D
Worker 24 step 103: ACCEPTED principal_axis_rotation E=-152.053479 Ha dipole=1.3346 D
Worker 34 step 102: ACCEPTED principal_axis_rotation E=-152.060242 Ha dipole=1.1228 D
Worker 17 step 104: Box stable window 2/3 (acc=60.00%)
Worker 17 step 105: roto_reflection — no coordinate change (box rejection?)
Worker 32 step 102: ACCEPTED exchange E=-152.058874 Ha dipole=1.2180 D
Worker 23 step 85: ACCEPTED mirror E=-152.058610 Ha dipole=1.2558 D
Worker 4 step 120: ACCEPTED twist E=-152.055180 Ha dipole=1.3987 D
Worker 33 step 107: ACCEPTED mirror E=-152.060419 Ha dipole=1.6621 D
Worker 0 step 138: ACCEPTED exchange E=-152.058950 Ha dipole=1.3286 D
Worker 22 step 152: twist — no coordinate change (box rejection?)
Worker 38 step 122: ACCEPTED twist E=-152.054486 Ha dipole=0.2394 D
Worker 29 step 98: ACCEPTED mirror E=-152.057608 Ha dipole=1.6126 D
Worker 37 step 189: ACCEPTED large_displacement E=-152.054135 Ha dipole=1.6140 D
Worker 37 step 189: Box stable window 1/3 (acc=60.00%)
Worker 37: 190/300 — accepted=80, rate=42.1%
Worker 12 step 138: ACCEPTED twist E=-152.054897 Ha dipole=0.4782 D
Worker 36 step 128: ACCEPTED exchange E=-152.053699 Ha dipole=1.3938 D
Worker 13 step 130: ACCEPTED twist E=-152.057938 Ha dipole=1.1000 D
Worker 20 step 105: ACCEPTED mirror E=-152.060643 Ha dipole=1.3840 D
Worker 32 step 103: ACCEPTED exchange E=-152.060615 Ha dipole=1.3079 D
Worker 1 step 199: ACCEPTED mirror E=-152.058823 Ha dipole=1.5635 D
Worker 1 step 199: Box stable window 2/3 (acc=60.00%)
Worker 1: 200/300 — accepted=54, rate=27.0%
Worker 21 step 116: roto_reflection — no coordinate change (box rejection?)
Worker 26 step 89: ACCEPTED mirror E=-152.054243 Ha dipole=1.0790 D
Worker 26 step 89: Box stable window 1/3 (acc=60.00%)
Worker 26: 90/300 — accepted=47, rate=52.2%
Worker 19 step 123: ACCEPTED mirror E=-152.054392 Ha dipole=0.7608 D
Worker 3 step 109: ACCEPTED large_displacement E=-152.053977 Ha dipole=1.1461 D
Worker 3: 110/300 — accepted=64, rate=58.2%
Worker 22 step 153: ACCEPTED twist E=-152.061698 Ha dipole=1.6399 D
Worker 22 step 154: large_displacement — no coordinate change (box rejection?)
Worker 22 step 155: roto_reflection — no coordinate change (box rejection?)
Worker 7 step 214: ACCEPTED random_so3 E=-152.053917 Ha dipole=1.4212 D
Worker 24 step 104: ACCEPTED principal_axis_rotation E=-152.053832 Ha dipole=0.6874 D
Worker 24 step 104: Box stable window 1/3 (acc=60.00%)
Worker 39 step 91: ACCEPTED principal_axis_rotation E=-152.057599 Ha dipole=1.4563 D
Worker 12 step 139: ACCEPTED mirror E=-152.058360 Ha dipole=1.6108 D
Worker 12: 140/300 — accepted=65, rate=46.4%
Worker 23 step 86: ACCEPTED twist E=-152.058709 Ha dipole=1.2133 D
Worker 17 step 106: ACCEPTED twist E=-152.057902 Ha dipole=1.5335 D
Worker 0: 140/300 — accepted=63, rate=45.0%
Worker 28 step 87: ACCEPTED twist E=-152.056426 Ha dipole=0.6813 D
Worker 38 step 123: ACCEPTED random_so3 E=-152.054242 Ha dipole=0.6908 D
Worker 37 step 190: ACCEPTED exchange E=-152.054080 Ha dipole=1.6136 D
Worker 35 step 94: ACCEPTED twist E=-152.056383 Ha dipole=0.1764 D
Worker 35 step 94: Adaptive box growth — new radius = 9.92 Å (acc=40.00%) 
Worker 30 step 108: ACCEPTED principal_axis_rotation E=-152.057443 Ha dipole=1.5709 D
Worker 29 step 99: ACCEPTED large_displacement E=-152.058028 Ha dipole=1.6181 D
Worker 29: 100/300 — accepted=45, rate=45.0%
Worker 6 step 159: Adaptive box growth — new radius = 9.95 Å (acc=20.00%) 
Worker 6: 160/300 — accepted=45, rate=28.1%
Worker 11 step 86: ACCEPTED mirror E=-152.057949 Ha dipole=1.7004 D
Worker 36 step 129: ACCEPTED principal_axis_rotation E=-152.053917 Ha dipole=1.3954 D
Worker 36: 130/300 — accepted=66, rate=50.8%
Worker 26 step 90: ACCEPTED principal_axis_rotation E=-152.056193 Ha dipole=1.1086 D
Worker 8 step 157: ACCEPTED large_displacement E=-152.061944 Ha dipole=1.2232 D
Worker 22 step 156: ACCEPTED large_displacement E=-152.060029 Ha dipole=1.5978 D
Worker 15 step 96: ACCEPTED twist E=-152.061583 Ha dipole=0.1830 D
Worker 13 step 131: ACCEPTED mirror E=-152.057938 Ha dipole=1.1000 D
Worker 2: 150/300 — accepted=60, rate=40.0%
Worker 12 step 141: roto_reflection — no coordinate change (box rejection?)
Worker 10 step 139: Adaptive box growth — new radius = 6.40 Å (acc=40.00%) 
Worker 10: 140/300 — accepted=63, rate=45.0%
Worker 1 step 200: ACCEPTED mirror E=-152.058823 Ha dipole=1.5635 D
Worker 21 step 118: roto_reflection — no coordinate change (box rejection?)
Worker 19 step 124: ACCEPTED exchange E=-152.054078 Ha dipole=0.7600 D
Worker 37 step 191: ACCEPTED principal_axis_rotation E=-152.054000 Ha dipole=0.9068 D
Worker 37 step 192: roto_reflection — no coordinate change (box rejection?)
Worker 37 step 193: twist — no coordinate change (box rejection?)
Worker 3 step 110: ACCEPTED exchange E=-152.053463 Ha dipole=1.1471 D
Worker 3 step 111: twist — no coordinate change (box rejection?)
Worker 9 step 118: ACCEPTED principal_axis_rotation E=-152.055645 Ha dipole=1.2659 D
Worker 7 step 215: ACCEPTED large_displacement E=-152.053918 Ha dipole=1.4211 D
Worker 7 step 216: roto_reflection — no coordinate change (box rejection?)
Worker 24 step 105: ACCEPTED twist E=-152.053420 Ha dipole=1.3733 D
Worker 23 step 87: ACCEPTED principal_axis_rotation E=-152.059022 Ha dipole=1.2247 D
Worker 32 step 105: ACCEPTED random_so3 E=-152.053232 Ha dipole=1.4158 D
Worker 26 step 91: ACCEPTED principal_axis_rotation E=-152.053995 Ha dipole=1.0817 D
Worker 39 step 92: ACCEPTED large_displacement E=-152.059337 Ha dipole=1.4793 D
Worker 34 step 104: ACCEPTED large_displacement E=-152.059151 Ha dipole=1.1240 D
Worker 17 step 107: ACCEPTED large_displacement E=-152.057083 Ha dipole=1.5146 D
Worker 38 step 124: ACCEPTED random_so3 E=-152.053931 Ha dipole=1.4418 D
Worker 38 step 124: Box stable window 2/3 (acc=60.00%)
Worker 38 step 125: roto_reflection — no coordinate change (box rejection?)
Worker 38 step 126: roto_reflection — no coordinate change (box rejection?)
Worker 33 step 109: Adaptive box growth — new radius = 6.66 Å (acc=30.00%) 
Worker 33: 110/300 — accepted=49, rate=44.5%
Worker 12 step 142: ACCEPTED mirror E=-152.058355 Ha dipole=1.6111 D
Worker 0 step 140: ACCEPTED exchange E=-152.058110 Ha dipole=1.2910 D
Worker 35 step 95: ACCEPTED large_displacement E=-152.056157 Ha dipole=0.1756 D
Worker 30 step 109: ACCEPTED twist E=-152.055360 Ha dipole=1.2552 D
Worker 30 step 109: Box stable window 1/3 (acc=60.00%)
Worker 30: 110/300 — accepted=58, rate=52.7%
Worker 29 step 100: ACCEPTED twist E=-152.056881 Ha dipole=1.4195 D
Worker 6 step 160: ACCEPTED twist E=-152.060114 Ha dipole=0.5537 D
Worker 36 step 130: ACCEPTED principal_axis_rotation E=-152.053930 Ha dipole=1.3955 D
Worker 11 step 87: ACCEPTED mirror E=-152.057949 Ha dipole=1.7004 D
Worker 37 step 194: ACCEPTED random_so3 E=-152.054109 Ha dipole=1.5096 D
Worker 37 step 194: Box stable window 2/3 (acc=60.00%)
Worker 37 step 195: twist — no coordinate change (box rejection?)
Worker 37 step 196: roto_reflection — no coordinate change (box rejection?)
Worker 37 step 197: twist — no coordinate change (box rejection?)
Worker 37 step 198: mirror — no coordinate change (box rejection?)
Worker 37 step 199: twist — no coordinate change (box rejection?)
Worker 37 step 200: twist — no coordinate change (box rejection?)
Worker 15 step 97: ACCEPTED large_displacement E=-152.061138 Ha dipole=0.1828 D
Worker 9 step 119: ACCEPTED twist E=-152.054477 Ha dipole=1.1965 D
Worker 9 step 119: Adaptive box growth — new radius = 13.57 Å (acc=40.00%) 
Worker 9: 120/300 — accepted=34, rate=28.3%
Worker 13 step 132: ACCEPTED large_displacement E=-152.060423 Ha dipole=1.1713 D
Worker 2 step 151: roto_reflection — no coordinate change (box rejection?)
Worker 2 step 152: roto_reflection — no coordinate change (box rejection?)
Worker 2 step 153: mirror — no coordinate change (box rejection?)
Worker 27 step 93: ACCEPTED principal_axis_rotation E=-152.058959 Ha dipole=0.9408 D
Worker 28 step 89: ACCEPTED large_displacement E=-152.058684 Ha dipole=0.6348 D
Worker 28 step 89: Adaptive box growth — new radius = 12.74 Å (acc=40.00%) 
Worker 28: 90/300 — accepted=32, rate=35.6%
Worker 26 step 92: ACCEPTED principal_axis_rotation E=-152.053246 Ha dipole=1.0735 D
Worker 32 step 106: ACCEPTED large_displacement E=-152.052705 Ha dipole=1.4012 D
Worker 8 step 159: Adaptive box growth — new radius = 8.84 Å (acc=20.00%) 
Worker 8: 160/300 — accepted=51, rate=31.9%
Worker 22 step 158: ACCEPTED large_displacement E=-152.059802 Ha dipole=1.7151 D
Worker 10 step 140: ACCEPTED twist E=-152.061582 Ha dipole=1.7559 D
Worker 1 step 201: ACCEPTED large_displacement E=-152.059368 Ha dipole=1.5107 D
Worker 19 step 125: ACCEPTED exchange E=-152.054392 Ha dipole=0.7608 D
Worker 19 step 126: twist — no coordinate change (box rejection?)
Worker 19 step 127: roto_reflection — no coordinate change (box rejection?)
Worker 21 step 119: ACCEPTED mirror E=-152.060609 Ha dipole=0.6390 D
Worker 21: 120/300 — accepted=49, rate=40.8%
Worker 3 step 112: ACCEPTED mirror E=-152.053463 Ha dipole=1.1471 D
Worker 7 step 217: ACCEPTED roto_reflection E=-152.054166 Ha dipole=0.7637 D
Worker 39 step 93: ACCEPTED mirror E=-152.059337 Ha dipole=1.4793 D
Worker 24 step 106: ACCEPTED exchange E=-152.053334 Ha dipole=1.3711 D
Worker 37 step 201: ACCEPTED principal_axis_rotation E=-152.054114 Ha dipole=1.5095 D
Worker 17 step 108: ACCEPTED principal_axis_rotation E=-152.053457 Ha dipole=1.4488 D
Worker 38 step 128: mirror — no coordinate change (box rejection?)
Worker 4 step 123: ACCEPTED twist E=-152.054653 Ha dipole=0.3138 D
Worker 27 step 94: Adaptive box growth — new radius = 12.02 Å (acc=20.00%) 
Worker 28 step 90: ACCEPTED large_displacement E=-152.059516 Ha dipole=0.6746 D
Worker 0 step 141: ACCEPTED twist E=-152.058243 Ha dipole=1.2343 D
Worker 35 step 96: ACCEPTED large_displacement E=-152.055811 Ha dipole=0.1730 D
Worker 8 step 160: ACCEPTED twist E=-152.061702 Ha dipole=1.2300 D
Worker 30 step 110: ACCEPTED mirror E=-152.055360 Ha dipole=1.2552 D
Worker 26 step 93: ACCEPTED large_displacement E=-152.053552 Ha dipole=1.0821 D
Worker 26 step 94: mirror — no coordinate change (box rejection?)
Worker 26 step 95: mirror — no coordinate change (box rejection?)
Worker 29 step 101: ACCEPTED principal_axis_rotation E=-152.059114 Ha dipole=1.1848 D
Worker 36 step 131: ACCEPTED mirror E=-152.053930 Ha dipole=1.3955 D
Worker 11 step 88: ACCEPTED twist E=-152.060919 Ha dipole=1.5845 D
Worker 22 step 159: ACCEPTED twist E=-152.059831 Ha dipole=1.6572 D
Worker 22: 160/300 — accepted=67, rate=41.9%
Worker 22 step 160: mirror — no coordinate change (box rejection?)
Worker 12 step 144: ACCEPTED exchange E=-152.059355 Ha dipole=1.6282 D
Worker 12 step 144: Adaptive box growth — new radius = 7.90 Å (acc=40.00%) 
Worker 39 step 94: ACCEPTED random_so3 E=-152.058536 Ha dipole=1.3631 D
Worker 32 step 107: ACCEPTED twist E=-152.060439 Ha dipole=0.9868 D
Worker 2 step 154: ACCEPTED large_displacement E=-152.056915 Ha dipole=1.0176 D
Worker 13 step 133: ACCEPTED large_displacement E=-152.059397 Ha dipole=1.1228 D
Worker 20 step 108: ACCEPTED roto_reflection E=-152.061450 Ha dipole=1.2530 D
Worker 19 step 128: ACCEPTED large_displacement E=-152.054384 Ha dipole=0.7615 D
Worker 27 step 95: ACCEPTED principal_axis_rotation E=-152.058189 Ha dipole=0.9623 D
Worker 3 step 113: ACCEPTED mirror E=-152.053463 Ha dipole=1.1471 D
Worker 3 step 114: mirror — no coordinate change (box rejection?)
Worker 37 step 202: ACCEPTED large_displacement E=-152.054074 Ha dipole=1.5089 D
Worker 37 step 203: roto_reflection — no coordinate change (box rejection?)
Worker 37 step 204: twist — no coordinate change (box rejection?)
Worker 37 step 205: twist — no coordinate change (box rejection?)
Worker 37 step 206: twist — no coordinate change (box rejection?)
Worker 37 step 207: mirror — no coordinate change (box rejection?)
Worker 37 step 208: twist — no coordinate change (box rejection?)
Worker 37 step 209: twist — no coordinate change (box rejection?)
Worker 7 step 218: ACCEPTED exchange E=-152.054228 Ha dipole=0.7638 D
Worker 24 step 107: ACCEPTED random_so3 E=-152.054228 Ha dipole=1.3150 D
Worker 24 step 108: roto_reflection — no coordinate change (box rejection?)
Worker 23 step 89: Box stable window 1/3 (acc=60.00%)
Worker 23: 90/300 — accepted=45, rate=50.0%
Worker 5 step 103: ACCEPTED mirror E=-152.055976 Ha dipole=1.5105 D
Worker 12 step 145: ACCEPTED twist E=-152.060223 Ha dipole=1.5892 D
Worker 38 step 129: ACCEPTED exchange E=-152.053707 Ha dipole=1.4404 D
Worker 38 step 129: Adaptive box growth — new radius = 6.27 Å (acc=20.00%) 
Worker 38: 130/300 — accepted=62, rate=47.7%
Worker 38 step 130: twist — no coordinate change (box rejection?)
Worker 4 step 124: ACCEPTED exchange E=-152.053165 Ha dipole=0.3067 D
Worker 17 step 109: ACCEPTED random_so3 E=-152.053429 Ha dipole=0.9942 D
Worker 17: 110/300 — accepted=53, rate=48.2%
Worker 17 step 110: mirror — no coordinate change (box rejection?)
Worker 17 step 111: roto_reflection — no coordinate change (box rejection?)
Worker 35 step 97: ACCEPTED twist E=-152.054822 Ha dipole=0.6558 D
Worker 33 step 111: ACCEPTED principal_axis_rotation E=-152.056839 Ha dipole=1.4827 D
Worker 0 step 142: ACCEPTED exchange E=-152.058187 Ha dipole=1.2549 D
Worker 36 step 132: ACCEPTED twist E=-152.053879 Ha dipole=1.0964 D
Worker 30 step 111: ACCEPTED large_displacement E=-152.056385 Ha dipole=1.2679 D
Worker 26 step 96: ACCEPTED exchange E=-152.053588 Ha dipole=1.0879 D
Worker 9 step 122: ACCEPTED principal_axis_rotation E=-152.054429 Ha dipole=1.3083 D
Worker 6 step 162: ACCEPTED mirror E=-152.060114 Ha dipole=0.5537 D
Worker 27 step 96: ACCEPTED mirror E=-152.058189 Ha dipole=0.9623 D
Worker 37 step 210: ACCEPTED exchange E=-152.054088 Ha dipole=1.5092 D
Worker 11 step 89: Box stable window 1/3 (acc=60.00%)
Worker 11: 90/300 — accepted=28, rate=31.1%
Worker 37 step 211: mirror — no coordinate change (box rejection?)
Worker 37 step 212: roto_reflection — no coordinate change (box rejection?)
Worker 22 step 161: ACCEPTED mirror E=-152.059831 Ha dipole=1.6572 D
Worker 15 step 99: Adaptive box growth — new radius = 6.47 Å (acc=30.00%) 
Worker 15: 100/300 — accepted=55, rate=55.0%
Worker 2 step 155: ACCEPTED mirror E=-152.056916 Ha dipole=1.0169 D
Worker 32 step 108: ACCEPTED twist E=-152.058319 Ha dipole=1.3151 D
Worker 13 step 134: ACCEPTED mirror E=-152.059397 Ha dipole=1.1228 D
Worker 20 step 109: ACCEPTED large_displacement E=-152.062339 Ha dipole=1.2858 D
Worker 20 step 109: Box stable window 2/3 (acc=60.00%)
Worker 20: 110/300 — accepted=51, rate=46.4%
Worker 12 step 146: ACCEPTED twist E=-152.059749 Ha dipole=1.0201 D
Worker 19 step 129: ACCEPTED twist E=-152.054395 Ha dipole=0.7515 D
Worker 19 step 129: Box stable window 1/3 (acc=60.00%)
Worker 19: 130/300 — accepted=69, rate=53.1%
Worker 21 step 122: ACCEPTED principal_axis_rotation E=-152.060740 Ha dipole=0.6471 D
Worker 3 step 115: ACCEPTED principal_axis_rotation E=-152.053924 Ha dipole=1.1507 D
Worker 1 step 203: ACCEPTED roto_reflection E=-152.060388 Ha dipole=1.4207 D
Worker 39 step 96: ACCEPTED twist E=-152.059016 Ha dipole=1.3098 D
Worker 7 step 219: ACCEPTED roto_reflection E=-152.054274 Ha dipole=1.0657 D
Worker 7: 220/300 — accepted=84, rate=38.2%
Worker 24 step 109: ACCEPTED large_displacement E=-152.054266 Ha dipole=1.3142 D
Worker 24: 110/300 — accepted=61, rate=55.5%
Worker 9 step 123: ACCEPTED mirror E=-152.054429 Ha dipole=1.3083 D
Worker 5 step 104: Adaptive box growth — new radius = 11.41 Å (acc=20.00%) 
Worker 28 step 93: ACCEPTED large_displacement E=-152.058976 Ha dipole=0.6194 D
Worker 37 step 213: ACCEPTED principal_axis_rotation E=-152.054107 Ha dipole=1.5094 D
Worker 27 step 97: ACCEPTED random_so3 E=-152.060294 Ha dipole=1.4891 D
Worker 37 step 214: twist — no coordinate change (box rejection?)
Worker 37 step 215: mirror — no coordinate change (box rejection?)
Worker 37 step 216: large_displacement — no coordinate change (box rejection?)
Worker 8 step 163: ACCEPTED mirror E=-152.061703 Ha dipole=1.2304 D
Worker 38 step 131: ACCEPTED mirror E=-152.054346 Ha dipole=0.7183 D
Worker 34 step 107: ACCEPTED twist E=-152.056183 Ha dipole=1.6354 D
Worker 4 step 125: ACCEPTED twist E=-152.052939 Ha dipole=0.2732 D
Worker 17 step 112: ACCEPTED large_displacement E=-152.052657 Ha dipole=0.9821 D
Worker 17 step 113: mirror — no coordinate change (box rejection?)
Worker 15 step 100: ACCEPTED mirror E=-152.061138 Ha dipole=0.1828 D
Worker 30 step 112: ACCEPTED principal_axis_rotation E=-152.057029 Ha dipole=1.2793 D
Worker 33 step 112: ACCEPTED twist E=-152.056905 Ha dipole=1.5608 D
Worker 36 step 133: ACCEPTED mirror E=-152.053879 Ha dipole=1.0964 D
Worker 35 step 98: ACCEPTED large_displacement E=-152.055480 Ha dipole=0.6633 D
Worker 29 step 104: ACCEPTED large_displacement E=-152.058811 Ha dipole=1.1792 D
Worker 26 step 97: ACCEPTED twist E=-152.052924 Ha dipole=1.2549 D
Worker 3 step 116: ACCEPTED principal_axis_rotation E=-152.055132 Ha dipole=1.1690 D
Worker 2 step 156: ACCEPTED exchange E=-152.057831 Ha dipole=0.9970 D
Worker 9 step 124: ACCEPTED twist E=-152.054825 Ha dipole=1.3075 D
Worker 9 step 124: Box stable window 1/3 (acc=60.00%)
Worker 32 step 109: ACCEPTED exchange E=-152.057846 Ha dipole=1.3348 D
Worker 32: 110/300 — accepted=47, rate=42.7%
Worker 10 step 143: ACCEPTED mirror E=-152.061582 Ha dipole=1.7559 D
Worker 20 step 110: ACCEPTED roto_reflection E=-152.061301 Ha dipole=1.5562 D
Worker 1 step 204: ACCEPTED large_displacement E=-152.058704 Ha dipole=1.3795 D
Worker 19 step 130: ACCEPTED mirror E=-152.054395 Ha dipole=0.7515 D
Worker 19 step 131: mirror — no coordinate change (box rejection?)
Worker 8 step 164: ACCEPTED roto_reflection E=-152.061493 Ha dipole=1.1159 D
Worker 8 step 164: Box stable window 1/3 (acc=60.00%)
Worker 7 step 220: ACCEPTED large_displacement E=-152.054331 Ha dipole=1.0663 D
Worker 39 step 97: ACCEPTED exchange E=-152.059696 Ha dipole=1.3221 D
Worker 29 step 106: roto_reflection — no coordinate change (box rejection?)
Worker 38 step 132: ACCEPTED exchange E=-152.054220 Ha dipole=0.7165 D
Worker 0 step 144: Box stable window 1/3 (acc=60.00%)
Worker 38 step 133: twist — no coordinate change (box rejection?)
Worker 37 step 217: ACCEPTED random_so3 E=-152.054116 Ha dipole=0.6503 D
Worker 28 step 94: Adaptive box growth — new radius = 13.57 Å (acc=40.00%) 
Worker 23 step 91: ACCEPTED twist E=-152.059060 Ha dipole=1.4811 D
Worker 13 step 136: ACCEPTED twist E=-152.059428 Ha dipole=1.2419 D
Worker 34 step 108: ACCEPTED principal_axis_rotation E=-152.055706 Ha dipole=1.5117 D
Worker 4 step 126: ACCEPTED twist E=-152.058101 Ha dipole=1.3502 D
Worker 36 step 134: ACCEPTED mirror E=-152.053879 Ha dipole=1.0964 D
Worker 10 step 144: Adaptive box growth — new radius = 6.97 Å (acc=40.00%) 
Worker 17 step 114: ACCEPTED principal_axis_rotation E=-152.054868 Ha dipole=1.0035 D
Worker 17 step 114: Adaptive box growth — new radius = 7.23 Å (acc=40.00%) 
Worker 17 step 115: mirror — no coordinate change (box rejection?)
Worker 35 step 99: ACCEPTED exchange E=-152.056870 Ha dipole=0.6805 D
Worker 35: 100/300 — accepted=50, rate=50.0%
Worker 26 step 98: ACCEPTED twist E=-152.055911 Ha dipole=1.3207 D
Worker 6 step 164: ACCEPTED large_displacement E=-152.059272 Ha dipole=0.5411 D
Worker 6 step 164: Box stable window 1/3 (acc=60.00%)
Worker 3 step 117: ACCEPTED large_displacement E=-152.055873 Ha dipole=1.1760 D
Worker 22 step 163: ACCEPTED principal_axis_rotation E=-152.055446 Ha dipole=1.6243 D
Worker 22 step 164: roto_reflection — no coordinate change (box rejection?)
Worker 7 step 221: ACCEPTED random_so3 E=-152.054324 Ha dipole=1.4753 D
Worker 29 step 107: ACCEPTED mirror E=-152.058811 Ha dipole=1.1792 D
Worker 37 step 218: ACCEPTED mirror E=-152.053945 Ha dipole=1.4761 D
Worker 9 step 125: ACCEPTED random_so3 E=-152.057380 Ha dipole=1.0462 D
Worker 32 step 110: ACCEPTED twist E=-152.056815 Ha dipole=1.6097 D
Worker 19 step 132: ACCEPTED large_displacement E=-152.054342 Ha dipole=0.7516 D
Worker 19 step 133: exchange — no coordinate change (box rejection?)
Worker 19 step 134: exchange — no coordinate change (box rejection?)
Worker 33 step 114: Adaptive box growth — new radius = 7.26 Å (acc=40.00%) 
Worker 28 step 95: ACCEPTED exchange E=-152.057249 Ha dipole=0.6607 D
Worker 38 step 134: ACCEPTED twist E=-152.054089 Ha dipole=0.8937 D
Worker 38 step 134: Box stable window 1/3 (acc=60.00%)
Worker 38 step 135: mirror — no coordinate change (box rejection?)
Worker 38 step 136: roto_reflection — no coordinate change (box rejection?)
Worker 12 step 148: ACCEPTED roto_reflection E=-152.058993 Ha dipole=1.3228 D
Worker 13 step 137: ACCEPTED mirror E=-152.059428 Ha dipole=1.2419 D
Worker 0 step 145: ACCEPTED large_displacement E=-152.059227 Ha dipole=1.2703 D
Worker 34: 110/300 — accepted=56, rate=50.9%
Worker 26: 100/300 — accepted=54, rate=54.0%
Worker 27 step 99: ACCEPTED twist E=-152.059160 Ha dipole=1.3516 D
Worker 27: 100/300 — accepted=43, rate=43.0%
Worker 24 step 112: ACCEPTED principal_axis_rotation E=-152.054499 Ha dipole=1.1645 D
Worker 23 step 92: ACCEPTED principal_axis_rotation E=-152.058854 Ha dipole=1.0119 D
Worker 5 step 106: ACCEPTED random_so3 E=-152.055257 Ha dipole=1.0095 D
Worker 30 step 114: ACCEPTED twist E=-152.056998 Ha dipole=1.0052 D
Worker 36 step 135: ACCEPTED random_so3 E=-152.054661 Ha dipole=1.5401 D
Worker 17 step 116: ACCEPTED mirror E=-152.054868 Ha dipole=1.0035 D
Worker 17 step 117: twist — no coordinate change (box rejection?)
Worker 35 step 100: ACCEPTED twist E=-152.057583 Ha dipole=0.8679 D
Worker 38 step 137: ACCEPTED principal_axis_rotation E=-152.053824 Ha dipole=1.1548 D
Worker 38 step 138: roto_reflection — no coordinate change (box rejection?)
Worker 38 step 139: mirror — no coordinate change (box rejection?)
Worker 38 step 140: exchange — no coordinate change (box rejection?)
Worker 38 step 141: exchange — no coordinate change (box rejection?)
Worker 38 step 142: exchange — no coordinate change (box rejection?)
Worker 38 step 143: exchange — no coordinate change (box rejection?)
Worker 6 step 165: ACCEPTED exchange E=-152.058370 Ha dipole=0.6015 D
Worker 3 step 118: ACCEPTED principal_axis_rotation E=-152.056263 Ha dipole=1.3056 D
Worker 28 step 96: ACCEPTED principal_axis_rotation E=-152.059918 Ha dipole=0.5727 D
Worker 20 step 112: ACCEPTED mirror E=-152.061301 Ha dipole=1.5562 D
Worker 8 step 166: ACCEPTED large_displacement E=-152.061006 Ha dipole=1.1777 D
Worker 15 step 103: ACCEPTED exchange E=-152.061251 Ha dipole=0.2406 D
Worker 22 step 166: mirror — no coordinate change (box rejection?)
Worker 7 step 222: ACCEPTED random_so3 E=-152.053918 Ha dipole=1.0810 D
Worker 0 step 146: ACCEPTED principal_axis_rotation E=-152.057967 Ha dipole=1.5551 D
Worker 7 step 223: roto_reflection — no coordinate change (box rejection?)
Worker 7 step 224: mirror — no coordinate change (box rejection?)
Worker 26 step 100: ACCEPTED exchange E=-152.054675 Ha dipole=1.2933 D
Worker 4 step 128: ACCEPTED mirror E=-152.058101 Ha dipole=1.3502 D
Worker 37 step 219: ACCEPTED principal_axis_rotation E=-152.053948 Ha dipole=1.4761 D
Worker 37 step 219: Adaptive box growth — new radius = 8.21 Å (acc=28.00%) 
Worker 37: 220/300 — accepted=90, rate=40.9%
Worker 2 step 158: ACCEPTED random_so3 E=-152.053614 Ha dipole=0.2281 D
Worker 2 step 159: roto_reflection — no coordinate change (box rejection?)
Worker 29 step 108: ACCEPTED large_displacement E=-152.056213 Ha dipole=1.1395 D
Worker 19 step 135: ACCEPTED twist E=-152.054055 Ha dipole=1.1385 D
Worker 19 step 136: twist — no coordinate change (box rejection?)
Worker 10 step 146: ACCEPTED mirror E=-152.061582 Ha dipole=1.7559 D
Worker 9 step 126: ACCEPTED mirror E=-152.057382 Ha dipole=1.0458 D
Worker 32 step 111: ACCEPTED mirror E=-152.056815 Ha dipole=1.6097 D
Worker 27 step 100: ACCEPTED exchange E=-152.060813 Ha dipole=1.4120 D
Worker 24 step 113: ACCEPTED roto_reflection E=-152.054187 Ha dipole=0.8691 D
Worker 34 step 110: ACCEPTED large_displacement E=-152.056614 Ha dipole=1.5034 D
Worker 12 step 149: Box stable window 1/3 (acc=60.00%)
Worker 12: 150/300 — accepted=70, rate=46.7%
Worker 13 step 138: ACCEPTED random_so3 E=-152.054571 Ha dipole=1.2084 D
Worker 39 step 99: Adaptive box growth — new radius = 10.89 Å (acc=40.00%) 
Worker 39: 100/300 — accepted=48, rate=48.0%
Worker 3 step 119: ACCEPTED random_so3 E=-152.056267 Ha dipole=1.4185 D
Worker 3: 120/300 — accepted=72, rate=60.0%
Worker 23 step 93: ACCEPTED mirror E=-152.058854 Ha dipole=1.0119 D
Worker 28 step 97: ACCEPTED random_so3 E=-152.057347 Ha dipole=1.2257 D
Worker 17 step 118: ACCEPTED exchange E=-152.056961 Ha dipole=0.9901 D
Worker 38 step 144: ACCEPTED large_displacement E=-152.053893 Ha dipole=1.1561 D
Worker 38 step 144: Adaptive box growth — new radius = 7.21 Å (acc=20.00%) 
Worker 26 step 101: ACCEPTED large_displacement E=-152.054344 Ha dipole=1.2908 D
Worker 0 step 147: ACCEPTED mirror E=-152.057970 Ha dipole=1.5557 D
Worker 4 step 129: ACCEPTED large_displacement E=-152.057855 Ha dipole=1.3484 D
Worker 4: 130/300 — accepted=63, rate=48.5%
Worker 4 step 130: mirror — no coordinate change (box rejection?)
Worker 30 step 115: ACCEPTED twist E=-152.056312 Ha dipole=1.6004 D
Worker 24 step 114: ACCEPTED twist E=-152.053684 Ha dipole=1.3636 D
Worker 24 step 114: Box stable window 1/3 (acc=60.00%)
Worker 24 step 115: twist — no coordinate change (box rejection?)
Worker 32 step 112: ACCEPTED principal_axis_rotation E=-152.058871 Ha dipole=0.7294 D
Worker 35 step 101: ACCEPTED twist E=-152.055678 Ha dipole=1.4671 D
Worker 20 step 113: ACCEPTED principal_axis_rotation E=-152.056265 Ha dipole=1.5055 D
Worker 7 step 225: ACCEPTED exchange E=-152.054063 Ha dipole=1.0813 D
Worker 15 step 104: Adaptive box growth — new radius = 7.05 Å (acc=40.00%) 
Worker 21 step 126: ACCEPTED roto_reflection E=-152.058435 Ha dipole=1.0703 D
Worker 22 step 167: ACCEPTED roto_reflection E=-152.056518 Ha dipole=1.4820 D
Worker 22 step 168: roto_reflection — no coordinate change (box rejection?)
Worker 9 step 127: ACCEPTED twist E=-152.059985 Ha dipole=0.6992 D
Worker 3 step 120: ACCEPTED large_displacement E=-152.054883 Ha dipole=1.4041 D
Worker 37 step 220: ACCEPTED twist E=-152.053978 Ha dipole=1.5599 D
Worker 37 step 221: mirror — no coordinate change (box rejection?)
Worker 37 step 222: roto_reflection — no coordinate change (box rejection?)
Worker 6 step 167: ACCEPTED exchange E=-152.059272 Ha dipole=0.5411 D
Worker 29 step 109: ACCEPTED exchange E=-152.055543 Ha dipole=1.1191 D
Worker 29: 110/300 — accepted=51, rate=46.4%
Worker 29 step 110: mirror — no coordinate change (box rejection?)
Worker 19 step 137: ACCEPTED large_displacement E=-152.054128 Ha dipole=1.1394 D
Worker 2 step 160: ACCEPTED random_so3 E=-152.052932 Ha dipole=1.4502 D
Worker 1 step 207: ACCEPTED exchange E=-152.056732 Ha dipole=1.3397 D
Worker 10 step 147: ACCEPTED twist E=-152.061546 Ha dipole=1.7336 D
Worker 38 step 145: ACCEPTED random_so3 E=-152.054175 Ha dipole=0.9098 D
Worker 34 step 111: ACCEPTED exchange E=-152.053924 Ha dipole=1.4809 D
Worker 4 step 131: ACCEPTED principal_axis_rotation E=-152.058473 Ha dipole=1.3566 D
Worker 4 step 132: mirror — no coordinate change (box rejection?)
Worker 4 step 133: roto_reflection — no coordinate change (box rejection?)
Worker 17 step 119: ACCEPTED exchange E=-152.054868 Ha dipole=1.0035 D
Worker 17 step 119: Box stable window 1/3 (acc=60.00%)
Worker 17: 120/300 — accepted=58, rate=48.3%
Worker 4 step 134: twist — no coordinate change (box rejection?)
Worker 36 step 137: ACCEPTED twist E=-152.054524 Ha dipole=1.5753 D
Worker 28 step 98: ACCEPTED large_displacement E=-152.055916 Ha dipole=1.2141 D
Worker 26 step 102: ACCEPTED mirror E=-152.054344 Ha dipole=1.2908 D
Worker 39 step 100: ACCEPTED mirror E=-152.059696 Ha dipole=1.3221 D
Worker 13 step 139: ACCEPTED exchange E=-152.054390 Ha dipole=1.1900 D
Worker 13: 140/300 — accepted=58, rate=41.4%
Worker 24 step 116: ACCEPTED twist E=-152.053830 Ha dipole=1.2388 D
Worker 32 step 113: ACCEPTED large_displacement E=-152.059492 Ha dipole=0.7864 D
Worker 23 step 94: ACCEPTED mirror E=-152.058854 Ha dipole=1.0119 D
Worker 9 step 128: ACCEPTED twist E=-152.056692 Ha dipole=1.1021 D
Worker 3 step 121: ACCEPTED large_displacement E=-152.054901 Ha dipole=1.4057 D
Worker 6 step 168: ACCEPTED twist E=-152.060714 Ha dipole=0.4239 D
Worker 0 step 149: mirror — no coordinate change (box rejection?)
Worker 30 step 116: ACCEPTED large_displacement E=-152.054093 Ha dipole=1.5777 D
Worker 21 step 127: ACCEPTED twist E=-152.058533 Ha dipole=1.0709 D
Worker 10 step 148: ACCEPTED twist E=-152.060358 Ha dipole=1.1722 D
Worker 35 step 102: ACCEPTED principal_axis_rotation E=-152.055678 Ha dipole=1.4661 D
Worker 8 step 168: ACCEPTED random_so3 E=-152.061127 Ha dipole=0.8147 D
Worker 4 step 135: ACCEPTED principal_axis_rotation E=-152.058617 Ha dipole=1.4665 D
Worker 20 step 114: ACCEPTED principal_axis_rotation E=-152.058393 Ha dipole=1.3061 D
Worker 7 step 226: ACCEPTED twist E=-152.054230 Ha dipole=1.2345 D
Worker 11 step 94: ACCEPTED principal_axis_rotation E=-152.058863 Ha dipole=1.6992 D
Worker 2 step 161: ACCEPTED mirror E=-152.053784 Ha dipole=0.7306 D
Worker 15 step 105: ACCEPTED large_displacement E=-152.060659 Ha dipole=0.2202 D
Worker 29 step 111: ACCEPTED principal_axis_rotation E=-152.056137 Ha dipole=1.1303 D
Worker 22: 170/300 — accepted=70, rate=41.2%
Worker 37 step 223: ACCEPTED roto_reflection E=-152.053973 Ha dipole=1.5547 D
Worker 32 step 114: ACCEPTED twist E=-152.060417 Ha dipole=0.8774 D
Worker 19 step 138: ACCEPTED twist E=-152.054013 Ha dipole=1.2193 D
Worker 19 step 139: roto_reflection — no coordinate change (box rejection?)
Worker 19 step 140: roto_reflection — no coordinate change (box rejection?)
Worker 19 step 141: mirror — no coordinate change (box rejection?)
Worker 38 step 146: ACCEPTED large_displacement E=-152.054131 Ha dipole=0.9104 D
Worker 38 step 147: roto_reflection — no coordinate change (box rejection?)
Worker 38 step 148: twist — no coordinate change (box rejection?)
Worker 1 step 208: ACCEPTED large_displacement E=-152.054837 Ha dipole=1.3185 D
Worker 27 step 102: ACCEPTED exchange E=-152.059160 Ha dipole=1.3516 D
Worker 36 step 138: ACCEPTED random_so3 E=-152.053328 Ha dipole=1.0350 D
Worker 34 step 112: ACCEPTED twist E=-152.054969 Ha dipole=1.3715 D
Worker 9 step 129: ACCEPTED large_displacement E=-152.058685 Ha dipole=1.0913 D
Worker 9: 130/300 — accepted=42, rate=32.3%
Worker 26 step 103: ACCEPTED large_displacement E=-152.054700 Ha dipole=1.2954 D
Worker 28: 100/300 — accepted=38, rate=38.0%
Worker 39 step 101: ACCEPTED mirror E=-152.059698 Ha dipole=1.3228 D
Worker 24 step 117: ACCEPTED large_displacement E=-152.053918 Ha dipole=1.2407 D
Worker 24 step 118: mirror — no coordinate change (box rejection?)
Worker 13 step 140: ACCEPTED principal_axis_rotation E=-152.054061 Ha dipole=1.1861 D
Worker 23 step 95: ACCEPTED roto_reflection E=-152.051251 Ha dipole=1.2982 D
Worker 0 step 150: ACCEPTED large_displacement E=-152.059836 Ha dipole=1.6135 D
Worker 10 step 149: Box stable window 1/3 (acc=60.00%)
Worker 10: 150/300 — accepted=68, rate=45.3%
Worker 19 step 142: ACCEPTED random_so3 E=-152.053725 Ha dipole=1.3980 D
Worker 5 step 109: Adaptive box growth — new radius = 13.12 Å (acc=20.00%) 
Worker 5: 110/300 — accepted=44, rate=40.0%
Worker 30 step 117: ACCEPTED principal_axis_rotation E=-152.056368 Ha dipole=1.1822 D
Worker 6 step 169: ACCEPTED exchange E=-152.056590 Ha dipole=0.3057 D
Worker 6: 170/300 — accepted=52, rate=30.6%
Worker 38 step 149: ACCEPTED large_displacement E=-152.054101 Ha dipole=0.9107 D
Worker 38 step 149: Box stable window 1/3 (acc=60.00%)
Worker 38: 150/300 — accepted=70, rate=46.7%
Worker 4 step 136: ACCEPTED twist E=-152.058113 Ha dipole=1.5468 D
Worker 27 step 103: ACCEPTED exchange E=-152.060813 Ha dipole=1.4120 D
Worker 32 step 115: ACCEPTED mirror E=-152.060417 Ha dipole=0.8774 D
Worker 35 step 103: ACCEPTED large_displacement E=-152.054822 Ha dipole=1.4531 D
Worker 3 step 123: ACCEPTED exchange E=-152.055028 Ha dipole=1.4069 D
Worker 8 step 169: Adaptive box growth — new radius = 9.63 Å (acc=40.00%) 
Worker 8: 170/300 — accepted=56, rate=32.9%
Worker 7 step 227: ACCEPTED principal_axis_rotation E=-152.054170 Ha dipole=1.3975 D
Worker 24 step 119: ACCEPTED mirror E=-152.053918 Ha dipole=1.2407 D
Worker 24 step 119: Box stable window 2/3 (acc=60.00%)
Worker 24: 120/300 — accepted=67, rate=55.8%
Worker 24 step 120: twist — no coordinate change (box rejection?)
Worker 2 step 163: twist — no coordinate change (box rejection?)
Worker 37 step 224: ACCEPTED large_displacement E=-152.053975 Ha dipole=1.5547 D
Worker 37 step 224: Box stable window 1/3 (acc=60.00%)
Worker 37 step 225: twist — no coordinate change (box rejection?)
Worker 37 step 226: twist — no coordinate change (box rejection?)
Worker 22 step 170: ACCEPTED large_displacement E=-152.054687 Ha dipole=1.3674 D
Worker 36 step 139: ACCEPTED principal_axis_rotation E=-152.053419 Ha dipole=1.0692 D
Worker 36: 140/300 — accepted=75, rate=53.6%
Worker 26 step 104: ACCEPTED large_displacement E=-152.054279 Ha dipole=1.2844 D
Worker 1 step 209: ACCEPTED twist E=-152.055768 Ha dipole=1.6042 D
Worker 1 step 209: Box stable window 1/3 (acc=60.00%)
Worker 1: 210/300 — accepted=61, rate=29.0%
Worker 19 step 143: ACCEPTED principal_axis_rotation E=-152.053713 Ha dipole=1.3962 D
Worker 29 step 113: ACCEPTED large_displacement E=-152.056865 Ha dipole=1.1394 D
Worker 34 step 113: ACCEPTED large_displacement E=-152.055335 Ha dipole=1.3692 D
Worker 13 step 141: ACCEPTED twist E=-152.054226 Ha dipole=1.1792 D
Worker 9 step 130: ACCEPTED mirror E=-152.058685 Ha dipole=1.0913 D
Worker 4 step 138: roto_reflection — no coordinate change (box rejection?)
Worker 23 step 96: ACCEPTED principal_axis_rotation E=-152.052435 Ha dipole=1.3044 D
Worker 24 step 121: ACCEPTED large_displacement E=-152.053863 Ha dipole=1.2406 D
Worker 20 step 116: ACCEPTED twist E=-152.058509 Ha dipole=1.2954 D
Worker 0 step 151: ACCEPTED mirror E=-152.059836 Ha dipole=1.6135 D
Worker 11 step 96: ACCEPTED principal_axis_rotation E=-152.060147 Ha dipole=1.7084 D
Worker 30 step 118: ACCEPTED principal_axis_rotation E=-152.055982 Ha dipole=1.1774 D
Worker 38 step 150: ACCEPTED principal_axis_rotation E=-152.053960 Ha dipole=1.3860 D
Worker 28 step 101: ACCEPTED large_displacement E=-152.055516 Ha dipole=1.2095 D
Worker 6 step 170: ACCEPTED principal_axis_rotation E=-152.056382 Ha dipole=0.3298 D
Worker 27 step 104: Box stable window 1/3 (acc=60.00%)
Worker 3 step 124: ACCEPTED exchange E=-152.054901 Ha dipole=1.4057 D
Worker 26 step 105: ACCEPTED twist E=-152.054101 Ha dipole=1.1407 D
Worker 3 step 125: mirror — no coordinate change (box rejection?)
Worker 3 step 126: twist — no coordinate change (box rejection?)
Worker 21: 130/300 — accepted=52, rate=40.0%
Worker 21 step 130: mirror — no coordinate change (box rejection?)
Worker 21 step 131: roto_reflection — no coordinate change (box rejection?)
Worker 19 step 144: ACCEPTED large_displacement E=-152.053749 Ha dipole=1.3966 D
Worker 19 step 144: Adaptive box growth — new radius = 6.05 Å (acc=53.33%) 
Worker 35 step 104: ACCEPTED principal_axis_rotation E=-152.054042 Ha dipole=0.7006 D
Worker 29 step 114: ACCEPTED mirror E=-152.056864 Ha dipole=1.1395 D
Worker 32 step 116: ACCEPTED large_displacement E=-152.060707 Ha dipole=0.8580 D
Worker 13 step 142: ACCEPTED twist E=-152.056070 Ha dipole=1.4286 D
Worker 7 step 228: ACCEPTED large_displacement E=-152.054142 Ha dipole=1.3973 D
Worker 37 step 227: ACCEPTED large_displacement E=-152.053947 Ha dipole=1.5544 D
Worker 37 step 228: twist — no coordinate change (box rejection?)
Worker 2 step 164: ACCEPTED mirror E=-152.053784 Ha dipole=0.7306 D
Worker 2 step 165: twist — no coordinate change (box rejection?)
Worker 36 step 140: ACCEPTED large_displacement E=-152.053795 Ha dipole=1.0711 D
Worker 22 step 171: ACCEPTED exchange E=-152.055840 Ha dipole=1.3780 D
Worker 24 step 122: ACCEPTED large_displacement E=-152.053969 Ha dipole=1.2415 D
Worker 1 step 210: ACCEPTED random_so3 E=-152.055838 Ha dipole=1.4884 D
Worker 23 step 97: ACCEPTED roto_reflection E=-152.052979 Ha dipole=1.5623 D
Worker 17 step 122: ACCEPTED exchange E=-152.056961 Ha dipole=0.9901 D
Worker 33 step 119: ACCEPTED twist E=-152.057165 Ha dipole=1.0711 D
Worker 33 step 119: Adaptive box growth — new radius = 8.35 Å (acc=20.00%) 
Worker 33: 120/300 — accepted=52, rate=43.3%
Worker 34 step 114: ACCEPTED exchange E=-152.056901 Ha dipole=1.3774 D
Worker 26 step 106: ACCEPTED twist E=-152.056165 Ha dipole=1.3841 D
Worker 9 step 131: ACCEPTED principal_axis_rotation E=-152.051631 Ha dipole=1.0839 D
Worker 19 step 145: ACCEPTED random_so3 E=-152.054304 Ha dipole=0.5782 D
Worker 19 step 146: mirror — no coordinate change (box rejection?)
Worker 19 step 147: twist — no coordinate change (box rejection?)
Worker 19 step 148: twist — no coordinate change (box rejection?)
Worker 4: 140/300 — accepted=66, rate=47.1%
Worker 29 step 115: ACCEPTED mirror E=-152.056864 Ha dipole=1.1394 D
Worker 29 step 116: roto_reflection — no coordinate change (box rejection?)
Worker 13 step 143: ACCEPTED random_so3 E=-152.057665 Ha dipole=1.4728 D
Worker 11 step 97: ACCEPTED roto_reflection E=-152.061540 Ha dipole=1.4965 D
Worker 38 step 151: ACCEPTED exchange E=-152.054066 Ha dipole=1.3866 D
Worker 38 step 152: roto_reflection — no coordinate change (box rejection?)
Worker 30 step 119: ACCEPTED principal_axis_rotation E=-152.056180 Ha dipole=1.1766 D
Worker 30: 120/300 — accepted=67, rate=55.8%
Worker 10 step 151: ACCEPTED roto_reflection E=-152.056746 Ha dipole=1.2469 D
Worker 0 step 152: ACCEPTED principal_axis_rotation E=-152.061031 Ha dipole=1.6294 D
Worker 3 step 127: ACCEPTED twist E=-152.053324 Ha dipole=1.4441 D
Worker 3 step 128: mirror — no coordinate change (box rejection?)
Worker 3 step 129: mirror — no coordinate change (box rejection?)
Worker 3 step 130: twist — no coordinate change (box rejection?)
Worker 3 step 131: twist — no coordinate change (box rejection?)
Worker 6 step 171: ACCEPTED mirror E=-152.056382 Ha dipole=0.3298 D
Worker 23 step 98: ACCEPTED exchange E=-152.053950 Ha dipole=1.5592 D
Worker 21 step 132: ACCEPTED large_displacement E=-152.057636 Ha dipole=1.0652 D
Worker 35 step 105: ACCEPTED mirror E=-152.054040 Ha dipole=0.7014 D
Worker 32 step 117: ACCEPTED principal_axis_rotation E=-152.058348 Ha dipole=0.8448 D
Worker 24 step 123: ACCEPTED principal_axis_rotation E=-152.053975 Ha dipole=1.2418 D
Worker 7 step 229: ACCEPTED principal_axis_rotation E=-152.054024 Ha dipole=0.5462 D
Worker 7: 230/300 — accepted=92, rate=40.0%
Worker 37 step 229: ACCEPTED mirror E=-152.054113 Ha dipole=0.4288 D
Worker 37 step 229: Adaptive box growth — new radius = 8.95 Å (acc=40.00%) 
Worker 37: 230/300 — accepted=95, rate=41.3%
Worker 37 step 230: twist — no coordinate change (box rejection?)
Worker 37 step 231: roto_reflection — no coordinate change (box rejection?)
Worker 37 step 232: roto_reflection — no coordinate change (box rejection?)
Worker 37 step 233: roto_reflection — no coordinate change (box rejection?)
Worker 26 step 107: ACCEPTED mirror E=-152.056165 Ha dipole=1.3841 D
Worker 39 step 104: ACCEPTED mirror E=-152.059698 Ha dipole=1.3228 D
Worker 39 step 104: Box stable window 1/3 (acc=60.00%)
Worker 36 step 141: ACCEPTED exchange E=-152.053815 Ha dipole=1.0710 D
Worker 2 step 166: ACCEPTED twist E=-152.057386 Ha dipole=1.4011 D
Worker 29 step 117: ACCEPTED twist E=-152.056755 Ha dipole=0.9998 D
Worker 22 step 172: ACCEPTED principal_axis_rotation E=-152.056432 Ha dipole=1.3846 D
Worker 15 step 108: ACCEPTED principal_axis_rotation E=-152.056036 Ha dipole=1.2386 D
Worker 22 step 173: mirror — no coordinate change (box rejection?)
Worker 17 step 123: ACCEPTED random_so3 E=-152.055928 Ha dipole=1.6077 D
Worker 13 step 144: ACCEPTED twist E=-152.058657 Ha dipole=1.5151 D
Worker 28 step 103: ACCEPTED exchange E=-152.056127 Ha dipole=1.2115 D
Worker 1 step 211: ACCEPTED mirror E=-152.055838 Ha dipole=1.4884 D
Worker 12 step 154: ACCEPTED twist E=-152.060811 Ha dipole=1.1388 D
Worker 12 step 154: Adaptive box growth — new radius = 9.09 Å (acc=20.00%) 
Worker 34 step 115: ACCEPTED roto_reflection E=-152.057719 Ha dipole=1.1181 D
Worker 11 step 98: ACCEPTED large_displacement E=-152.060439 Ha dipole=1.4630 D
Worker 19 step 149: ACCEPTED exchange E=-152.054361 Ha dipole=0.5794 D
Worker 19 step 149: Adaptive box growth — new radius = 6.59 Å (acc=40.00%) 
Worker 19: 150/300 — accepted=79, rate=52.7%
Worker 9 step 132: ACCEPTED twist E=-152.052270 Ha dipole=1.0706 D
Worker 38 step 153: ACCEPTED large_displacement E=-152.054076 Ha dipole=1.3864 D
Worker 23: 100/300 — accepted=53, rate=53.0%
Worker 4 step 140: ACCEPTED large_displacement E=-152.058528 Ha dipole=1.5522 D
Worker 20 step 119: ACCEPTED large_displacement E=-152.058599 Ha dipole=1.2899 D
Worker 20 step 119: Adaptive box growth — new radius = 7.29 Å (acc=40.00%) 
Worker 20: 120/300 — accepted=57, rate=47.5%
Worker 5 step 112: ACCEPTED mirror E=-152.055252 Ha dipole=1.0095 D
Worker 37 step 234: ACCEPTED principal_axis_rotation E=-152.054124 Ha dipole=0.4292 D
Worker 37 step 234: Adaptive box growth — new radius = 10.29 Å (acc=20.00%) 
Worker 37 step 235: twist — no coordinate change (box rejection?)
Worker 26 step 108: ACCEPTED twist E=-152.055548 Ha dipole=1.1085 D
Worker 30 step 120: ACCEPTED twist E=-152.056560 Ha dipole=0.9766 D
Worker 29 step 118: ACCEPTED mirror E=-152.056755 Ha dipole=0.9998 D
Worker 0 step 153: ACCEPTED exchange E=-152.056418 Ha dipole=1.5288 D
Worker 17 step 124: ACCEPTED twist E=-152.055891 Ha dipole=1.5165 D
Worker 17 step 124: Box stable window 2/3 (acc=60.00%)
Worker 3 step 132: ACCEPTED large_displacement E=-152.053519 Ha dipole=1.4481 D
Worker 36 step 142: ACCEPTED twist E=-152.053809 Ha dipole=1.0013 D
Worker 21 step 133: ACCEPTED large_displacement E=-152.056279 Ha dipole=1.0591 D
Worker 6 step 172: ACCEPTED mirror E=-152.056377 Ha dipole=0.3308 D
Worker 2 step 167: ACCEPTED large_displacement E=-152.058162 Ha dipole=1.4015 D
Worker 35 step 106: ACCEPTED random_so3 E=-152.057763 Ha dipole=1.1074 D
Worker 24 step 124: ACCEPTED mirror E=-152.053975 Ha dipole=1.2418 D
Worker 7 step 230: ACCEPTED exchange E=-152.054160 Ha dipole=0.5459 D
Worker 13 step 145: ACCEPTED principal_axis_rotation E=-152.053509 Ha dipole=0.7214 D
Worker 13 step 146: twist — no coordinate change (box rejection?)
Worker 27 step 107: ACCEPTED large_displacement E=-152.061654 Ha dipole=1.4164 D
Worker 10 step 153: ACCEPTED large_displacement E=-152.058840 Ha dipole=1.2518 D
Worker 20 step 120: ACCEPTED random_so3 E=-152.055549 Ha dipole=1.1938 D
Worker 37 step 236: ACCEPTED exchange E=-152.054148 Ha dipole=0.4290 D
Worker 15 step 109: Adaptive box growth — new radius = 7.69 Å (acc=40.00%) 
Worker 15: 110/300 — accepted=59, rate=53.6%
Worker 22 step 174: ACCEPTED principal_axis_rotation E=-152.056642 Ha dipole=1.3795 D
Worker 22 step 175: mirror — no coordinate change (box rejection?)
Worker 28 step 104: ACCEPTED twist E=-152.055121 Ha dipole=1.1788 D
Worker 28 step 104: Box stable window 1/3 (acc=60.00%)
Worker 1 step 212: ACCEPTED roto_reflection E=-152.055799 Ha dipole=1.6050 D
Worker 26 step 109: ACCEPTED large_displacement E=-152.057403 Ha dipole=1.1351 D
Worker 26: 110/300 — accepted=64, rate=58.2%
Worker 29 step 119: ACCEPTED twist E=-152.054586 Ha dipole=0.2490 D
Worker 29: 120/300 — accepted=58, rate=48.3%
Worker 33 step 121: ACCEPTED large_displacement E=-152.057107 Ha dipole=1.0854 D
Worker 12 step 155: ACCEPTED large_displacement E=-152.059151 Ha dipole=1.0483 D
Worker 19 step 150: ACCEPTED principal_axis_rotation E=-152.054419 Ha dipole=0.5806 D
Worker 34 step 116: ACCEPTED roto_reflection E=-152.060418 Ha dipole=1.2913 D
Worker 34 step 117: roto_reflection — no coordinate change (box rejection?)
Worker 38 step 154: ACCEPTED exchange E=-152.053934 Ha dipole=1.3856 D
Worker 38 step 155: large_displacement — no coordinate change (box rejection?)
Worker 11 step 99: ACCEPTED exchange E=-152.057988 Ha dipole=1.3610 D
Worker 11: 100/300 — accepted=33, rate=33.0%
Worker 9 step 133: ACCEPTED principal_axis_rotation E=-152.052448 Ha dipole=1.1557 D
Worker 23 step 100: ACCEPTED twist E=-152.052838 Ha dipole=1.3920 D
Worker 17 step 125: ACCEPTED large_displacement E=-152.055406 Ha dipole=1.5167 D
Worker 2 step 168: ACCEPTED roto_reflection E=-152.058066 Ha dipole=1.4039 D
Worker 36 step 143: ACCEPTED twist E=-152.054210 Ha dipole=1.3522 D
Worker 36 step 144: mirror — no coordinate change (box rejection?)
Worker 10 step 154: Adaptive box growth — new radius = 7.60 Å (acc=40.00%) 
Worker 37 step 237: ACCEPTED principal_axis_rotation E=-152.054174 Ha dipole=0.7755 D
Worker 30 step 121: ACCEPTED mirror E=-152.056560 Ha dipole=0.9766 D
Worker 32 step 119: Box stable window 1/3 (acc=60.00%)
Worker 32: 120/300 — accepted=55, rate=45.8%
Worker 3 step 133: ACCEPTED random_so3 E=-152.054463 Ha dipole=0.1027 D
Worker 21 step 134: ACCEPTED twist E=-152.054331 Ha dipole=1.0938 D
Worker 24 step 125: ACCEPTED twist E=-152.053756 Ha dipole=1.4924 D
Worker 6 step 173: ACCEPTED twist E=-152.056489 Ha dipole=0.3037 D
Worker 7 step 231: ACCEPTED twist E=-152.054164 Ha dipole=0.5129 D
Worker 22 step 176: ACCEPTED twist E=-152.056495 Ha dipole=1.3391 D
Worker 22 step 177: twist — no coordinate change (box rejection?)
Worker 13 step 147: ACCEPTED principal_axis_rotation E=-152.053446 Ha dipole=0.7210 D
Worker 28 step 105: ACCEPTED twist E=-152.055765 Ha dipole=1.1058 D
Worker 4 step 142: ACCEPTED twist E=-152.057202 Ha dipole=1.5276 D
Worker 4 step 143: mirror — no coordinate change (box rejection?)
Worker 20 step 121: ACCEPTED roto_reflection E=-152.055551 Ha dipole=1.1814 D
Worker 2: 170/300 — accepted=70, rate=41.2%
Worker 15 step 110: ACCEPTED large_displacement E=-152.057482 Ha dipole=1.2574 D
Worker 33 step 122: ACCEPTED large_displacement E=-152.056442 Ha dipole=1.0881 D
Worker 5 step 114: Adaptive box growth — new radius = 13.57 Å (acc=20.00%) 
Worker 1 step 213: ACCEPTED twist E=-152.056811 Ha dipole=1.5912 D
Worker 26 step 110: ACCEPTED twist E=-152.056062 Ha dipole=0.9747 D
Worker 37 step 238: ACCEPTED principal_axis_rotation E=-152.054179 Ha dipole=0.7756 D
Worker 10 step 155: ACCEPTED mirror E=-152.059545 Ha dipole=1.1545 D
Worker 38 step 156: ACCEPTED twist E=-152.053901 Ha dipole=1.4242 D
Worker 38 step 157: roto_reflection — no coordinate change (box rejection?)
Worker 19 step 151: ACCEPTED exchange E=-152.054375 Ha dipole=0.5778 D
Worker 19 step 152: twist — no coordinate change (box rejection?)
Worker 19 step 153: twist — no coordinate change (box rejection?)
Worker 3 step 134: ACCEPTED large_displacement E=-152.054408 Ha dipole=0.1015 D
Worker 3 step 134: Adaptive box growth — new radius = 6.27 Å (acc=40.00%) 
Worker 12 step 156: ACCEPTED twist E=-152.058140 Ha dipole=0.7964 D
Worker 11 step 100: ACCEPTED twist E=-152.059894 Ha dipole=1.6197 D
Worker 23 step 101: ACCEPTED large_displacement E=-152.054168 Ha dipole=1.4046 D
Worker 9 step 134: ACCEPTED mirror E=-152.052462 Ha dipole=1.1556 D
Worker 36 step 145: ACCEPTED principal_axis_rotation E=-152.054210 Ha dipole=1.3652 D
Worker 36 step 146: twist — no coordinate change (box rejection?)
Worker 36 step 147: twist — no coordinate change (box rejection?)
Worker 36 step 148: twist — no coordinate change (box rejection?)
Worker 17 step 126: ACCEPTED twist E=-152.055792 Ha dipole=1.5844 D
Worker 36 step 149: mirror — no coordinate change (box rejection?)
Worker 36 step 150: roto_reflection — no coordinate change (box rejection?)
Worker 7 step 232: ACCEPTED mirror E=-152.053986 Ha dipole=1.5287 D
Worker 4 step 144: ACCEPTED exchange E=-152.057455 Ha dipole=1.5313 D
Worker 2 step 170: ACCEPTED roto_reflection E=-152.060526 Ha dipole=1.0292 D
Worker 30 step 123: roto_reflection — no coordinate change (box rejection?)
Worker 33 step 123: ACCEPTED twist E=-152.056341 Ha dipole=1.2929 D
Worker 24 step 126: ACCEPTED twist E=-152.053662 Ha dipole=1.5181 D
Worker 0 step 155: ACCEPTED exchange E=-152.061031 Ha dipole=1.6294 D
Worker 6 step 174: ACCEPTED twist E=-152.060004 Ha dipole=0.8419 D
Worker 21 step 135: ACCEPTED principal_axis_rotation E=-152.055290 Ha dipole=1.0668 D
Worker 37 step 239: ACCEPTED principal_axis_rotation E=-152.054112 Ha dipole=0.5232 D
Worker 37: 240/300 — accepted=100, rate=41.7%
Worker 38 step 158: ACCEPTED twist E=-152.054182 Ha dipole=1.1085 D
Worker 35 step 108: ACCEPTED twist E=-152.057987 Ha dipole=0.8697 D
Worker 22 step 178: ACCEPTED large_displacement E=-152.057759 Ha dipole=1.3408 D
Worker 22 step 179: twist — no coordinate change (box rejection?)
Worker 22 step 180: roto_reflection — no coordinate change (box rejection?)
Worker 13 step 148: ACCEPTED mirror E=-152.053447 Ha dipole=0.7199 D
Worker 29 step 121: ACCEPTED random_so3 E=-152.056672 Ha dipole=1.2498 D
Worker 3 step 135: ACCEPTED twist E=-152.054164 Ha dipole=1.2524 D
Worker 28 step 106: ACCEPTED large_displacement E=-152.054690 Ha dipole=1.1068 D
Worker 8 step 174: Adaptive box growth — new radius = 11.08 Å (acc=0.00%) 
Worker 19 step 154: Adaptive box growth — new radius = 7.18 Å (acc=40.00%) 
Worker 27 step 109: Adaptive box growth — new radius = 13.57 Å (acc=20.00%) 
Worker 27: 110/300 — accepted=47, rate=42.7%
Worker 1 step 214: ACCEPTED twist E=-152.056632 Ha dipole=1.6342 D
Worker 11 step 101: ACCEPTED mirror E=-152.059894 Ha dipole=1.6197 D
Worker 26 step 111: ACCEPTED large_displacement E=-152.056341 Ha dipole=0.9870 D
Worker 33 step 124: ACCEPTED exchange E=-152.059093 Ha dipole=1.3536 D
Worker 24 step 127: ACCEPTED principal_axis_rotation E=-152.053624 Ha dipole=1.5181 D
Worker 12 step 157: ACCEPTED roto_reflection E=-152.060208 Ha dipole=1.0036 D
Worker 34 step 119: ACCEPTED twist E=-152.059725 Ha dipole=1.3495 D
Worker 34: 120/300 — accepted=64, rate=53.3%
Worker 34 step 120: roto_reflection — no coordinate change (box rejection?)
Worker 37 step 240: ACCEPTED mirror E=-152.054112 Ha dipole=0.5239 D
Worker 4 step 145: ACCEPTED exchange E=-152.057202 Ha dipole=1.5276 D
Worker 36 step 151: ACCEPTED roto_reflection E=-152.054042 Ha dipole=0.8610 D
Worker 9 step 135: ACCEPTED principal_axis_rotation E=-152.051863 Ha dipole=1.5779 D
Worker 17 step 127: ACCEPTED principal_axis_rotation E=-152.055585 Ha dipole=1.5931 D
Worker 39 step 108: ACCEPTED exchange E=-152.059019 Ha dipole=1.3105 D
Worker 7 step 233: ACCEPTED mirror E=-152.054164 Ha dipole=0.5129 D
Worker 30 step 124: ACCEPTED exchange E=-152.053699 Ha dipole=0.9596 D
Worker 30 step 124: Box stable window 1/3 (acc=60.00%)
Worker 32 step 121: ACCEPTED mirror E=-152.058348 Ha dipole=0.8448 D
Worker 13 step 149: Box stable window 1/3 (acc=60.00%)
Worker 13: 150/300 — accepted=66, rate=44.0%
Worker 38 step 159: ACCEPTED twist E=-152.054052 Ha dipole=1.3685 D
Worker 38 step 159: Box stable window 1/3 (acc=60.00%)
Worker 38: 160/300 — accepted=77, rate=48.1%
Worker 6 step 175: ACCEPTED principal_axis_rotation E=-152.060119 Ha dipole=0.8261 D
Worker 11 step 102: ACCEPTED twist E=-152.056838 Ha dipole=1.3775 D
Worker 35 step 109: ACCEPTED mirror E=-152.057987 Ha dipole=0.8690 D
Worker 35: 110/300 — accepted=59, rate=53.6%
Worker 24 step 128: ACCEPTED large_displacement E=-152.053329 Ha dipole=1.5143 D
Worker 33 step 125: ACCEPTED roto_reflection E=-152.058235 Ha dipole=0.7633 D
Worker 3 step 136: ACCEPTED mirror E=-152.054163 Ha dipole=1.2531 D
Worker 3 step 137: twist — no coordinate change (box rejection?)
Worker 10 step 157: ACCEPTED roto_reflection E=-152.059570 Ha dipole=0.6928 D
Worker 37 step 241: ACCEPTED exchange E=-152.054102 Ha dipole=0.5242 D
Worker 29 step 122: ACCEPTED exchange E=-152.056591 Ha dipole=1.2538 D
Worker 29 step 123: twist — no coordinate change (box rejection?)
Worker 19 step 155: ACCEPTED twist E=-152.054273 Ha dipole=0.7945 D
Worker 28 step 107: ACCEPTED twist E=-152.056574 Ha dipole=1.3089 D
Worker 21 step 137: ACCEPTED twist E=-152.054150 Ha dipole=1.2430 D
Worker 21 step 138: roto_reflection — no coordinate change (box rejection?)
Worker 8 step 175: ACCEPTED large_displacement E=-152.061754 Ha dipole=0.7848 D
Worker 9 step 136: ACCEPTED twist E=-152.052004 Ha dipole=1.4528 D
Worker 39 step 109: ACCEPTED large_displacement E=-152.057587 Ha dipole=1.2858 D
Worker 39 step 109: Adaptive box growth — new radius = 11.87 Å (acc=40.00%) 
Worker 39: 110/300 — accepted=53, rate=48.2%
Worker 26 step 112: ACCEPTED exchange E=-152.057753 Ha dipole=0.9884 D
Worker 34 step 121: ACCEPTED large_displacement E=-152.061290 Ha dipole=1.3706 D
Worker 13 step 150: ACCEPTED mirror E=-152.053447 Ha dipole=0.7199 D
Worker 13 step 151: twist — no coordinate change (box rejection?)
Worker 13 step 152: random_so3 — no coordinate change (box rejection?)
Worker 36 step 152: ACCEPTED random_so3 E=-152.053922 Ha dipole=1.2780 D
Worker 36 step 153: twist — no coordinate change (box rejection?)
Worker 23 step 103: ACCEPTED mirror E=-152.054168 Ha dipole=1.4046 D
Worker 4 step 146: ACCEPTED twist E=-152.057139 Ha dipole=1.1106 D
Worker 17 step 128: ACCEPTED random_so3 E=-152.056274 Ha dipole=1.1092 D
Worker 24 step 129: ACCEPTED large_displacement E=-152.053139 Ha dipole=1.5118 D
Worker 24: 130/300 — accepted=76, rate=58.5%
Worker 37 step 242: ACCEPTED twist E=-152.054175 Ha dipole=0.6795 D
Worker 37 step 243: twist — no coordinate change (box rejection?)
Worker 35 step 110: ACCEPTED principal_axis_rotation E=-152.057895 Ha dipole=0.5107 D
Worker 7 step 234: ACCEPTED mirror E=-152.054164 Ha dipole=0.5129 D
Worker 30 step 125: ACCEPTED mirror E=-152.053699 Ha dipole=0.9596 D
Worker 21 step 139: ACCEPTED mirror E=-152.054935 Ha dipole=1.0490 D
Worker 21: 140/300 — accepted=58, rate=41.4%
Worker 9 step 137: ACCEPTED twist E=-152.060182 Ha dipole=1.1564 D
Worker 38 step 160: ACCEPTED random_so3 E=-152.053924 Ha dipole=1.5728 D
Worker 0 step 157: ACCEPTED twist E=-152.061848 Ha dipole=1.5518 D
Worker 3 step 138: ACCEPTED large_displacement E=-152.054159 Ha dipole=1.2531 D
Worker 34 step 122: ACCEPTED roto_reflection E=-152.060634 Ha dipole=1.3640 D
Worker 22 step 182: ACCEPTED principal_axis_rotation E=-152.057421 Ha dipole=0.9682 D
Worker 19 step 156: ACCEPTED principal_axis_rotation E=-152.053948 Ha dipole=1.0155 D
Worker 13 step 153: ACCEPTED principal_axis_rotation E=-152.052558 Ha dipole=0.7806 D
Worker 29 step 124: ACCEPTED exchange E=-152.056672 Ha dipole=1.2498 D
Worker 10 step 158: ACCEPTED mirror E=-152.059570 Ha dipole=0.6928 D
Worker 29 step 125: twist — no coordinate change (box rejection?)
Worker 29 step 126: mirror — no coordinate change (box rejection?)
Worker 28 step 108: ACCEPTED roto_reflection E=-152.056635 Ha dipole=1.3350 D
Worker 20 step 124: ACCEPTED mirror E=-152.057834 Ha dipole=1.1592 D
Worker 20 step 124: Box stable window 1/3 (acc=60.00%)
Worker 37 step 244: ACCEPTED large_displacement E=-152.054197 Ha dipole=0.6796 D
Worker 37 step 245: roto_reflection — no coordinate change (box rejection?)
Worker 24 step 130: ACCEPTED large_displacement E=-152.052905 Ha dipole=1.5071 D
Worker 15 step 113: ACCEPTED principal_axis_rotation E=-152.055253 Ha dipole=1.2525 D
Worker 1 step 216: ACCEPTED mirror E=-152.056632 Ha dipole=1.6342 D
Worker 21 step 140: ACCEPTED mirror E=-152.054150 Ha dipole=1.2430 D
Worker 26 step 113: ACCEPTED principal_axis_rotation E=-152.058218 Ha dipole=1.0004 D
Worker 36 step 154: ACCEPTED principal_axis_rotation E=-152.054187 Ha dipole=1.5519 D
Worker 36 step 154: Adaptive box growth — new radius = 7.01 Å (acc=53.33%) 
Worker 12 step 159: Box stable window 1/3 (acc=60.00%)
Worker 12: 160/300 — accepted=74, rate=46.2%
Worker 23 step 104: ACCEPTED twist E=-152.055341 Ha dipole=0.5278 D
Worker 11 step 104: ACCEPTED large_displacement E=-152.056478 Ha dipole=1.3619 D
Worker 33 step 127: ACCEPTED random_so3 E=-152.055134 Ha dipole=1.1531 D
Worker 17: 130/300 — accepted=65, rate=50.0%
Worker 7 step 235: ACCEPTED mirror E=-152.054164 Ha dipole=0.5129 D
Worker 7 step 236: mirror — no coordinate change (box rejection?)
Worker 34 step 123: ACCEPTED principal_axis_rotation E=-152.058538 Ha dipole=1.2389 D
Worker 13 step 154: ACCEPTED twist E=-152.052152 Ha dipole=1.3110 D
Worker 13 step 154: Box stable window 2/3 (acc=60.00%)
Worker 13 step 155: roto_reflection — no coordinate change (box rejection?)
Worker 30 step 126: ACCEPTED large_displacement E=-152.053795 Ha dipole=0.9580 D
Worker 30 step 127: exchange — no coordinate change (box rejection?)
Worker 30 step 128: mirror — no coordinate change (box rejection?)
Worker 30 step 129: exchange — no coordinate change (box rejection?)
Worker 30 step 130: random_so3 — no coordinate change (box rejection?)
Worker 38 step 161: ACCEPTED large_displacement E=-152.053981 Ha dipole=1.5733 D
Worker 24 step 131: ACCEPTED large_displacement E=-152.052829 Ha dipole=1.5029 D
Worker 0 step 158: ACCEPTED mirror E=-152.061848 Ha dipole=1.5518 D
Worker 21 step 141: ACCEPTED exchange E=-152.054432 Ha dipole=1.2346 D
Worker 10 step 159: Box stable window 1/3 (acc=60.00%)
Worker 10: 160/300 — accepted=73, rate=45.6%
Worker 3 step 139: ACCEPTED mirror E=-152.054264 Ha dipole=1.0139 D
Worker 3: 140/300 — accepted=84, rate=60.0%
Worker 37 step 246: ACCEPTED random_so3 E=-152.053898 Ha dipole=1.4401 D
Worker 19 step 157: ACCEPTED large_displacement E=-152.053968 Ha dipole=1.0160 D
Worker 29 step 127: ACCEPTED principal_axis_rotation E=-152.056199 Ha dipole=1.5397 D
Worker 22 step 183: ACCEPTED twist E=-152.057416 Ha dipole=1.0010 D
Worker 22 step 184: twist — no coordinate change (box rejection?)
Worker 22 step 185: mirror — no coordinate change (box rejection?)
Worker 28 step 109: ACCEPTED principal_axis_rotation E=-152.056694 Ha dipole=1.2881 D
Worker 28: 110/300 — accepted=46, rate=41.8%
Worker 8 step 177: ACCEPTED mirror E=-152.061753 Ha dipole=0.7855 D
Worker 20 step 125: ACCEPTED exchange E=-152.058401 Ha dipole=1.1501 D
Worker 15 step 114: ACCEPTED large_displacement E=-152.054007 Ha dipole=1.2282 D
Worker 15 step 114: Box stable window 1/3 (acc=60.00%)
Worker 34 step 124: ACCEPTED mirror E=-152.058538 Ha dipole=1.2389 D
Worker 13 step 156: ACCEPTED mirror E=-152.057119 Ha dipole=0.9462 D
Worker 1 step 217: ACCEPTED principal_axis_rotation E=-152.056808 Ha dipole=1.5291 D
Worker 39 step 111: ACCEPTED roto_reflection E=-152.057923 Ha dipole=1.1939 D
Worker 9 step 139: Box stable window 1/3 (acc=60.00%)
Worker 9: 140/300 — accepted=50, rate=35.7%
Worker 26 step 114: ACCEPTED large_displacement E=-152.059704 Ha dipole=1.0328 D
Worker 36 step 155: ACCEPTED roto_reflection E=-152.053586 Ha dipole=0.2940 D
Worker 38 step 162: ACCEPTED twist E=-152.054212 Ha dipole=1.5672 D
Worker 17 step 130: ACCEPTED principal_axis_rotation E=-152.057893 Ha dipole=1.1440 D
Worker 21 step 142: ACCEPTED large_displacement E=-152.055567 Ha dipole=1.2389 D
Worker 11 step 105: ACCEPTED mirror E=-152.056478 Ha dipole=1.3619 D
Worker 12 step 160: ACCEPTED mirror E=-152.060208 Ha dipole=1.0036 D
Worker 4 step 148: ACCEPTED mirror E=-152.057139 Ha dipole=1.1106 D
Worker 7 step 237: ACCEPTED twist E=-152.054146 Ha dipole=0.4786 D
Worker 24 step 132: ACCEPTED twist E=-152.052926 Ha dipole=1.5631 D
Worker 30 step 131: ACCEPTED principal_axis_rotation E=-152.055676 Ha dipole=1.1389 D
Worker 37 step 247: ACCEPTED exchange E=-152.053886 Ha dipole=1.4401 D
Worker 28 step 110: ACCEPTED mirror E=-152.056694 Ha dipole=1.2881 D
Worker 20 step 127: roto_reflection — no coordinate change (box rejection?)
Worker 32 step 124: Adaptive box growth — new radius = 9.01 Å (acc=20.00%) 
Worker 0 step 159: ACCEPTED mirror E=-152.061848 Ha dipole=1.5518 D
Worker 0: 160/300 — accepted=77, rate=48.1%
Worker 2 step 176: ACCEPTED mirror E=-152.060526 Ha dipole=1.0292 D
Worker 3 step 140: ACCEPTED twist E=-152.054336 Ha dipole=1.1474 D
Worker 19 step 158: ACCEPTED large_displacement E=-152.053998 Ha dipole=1.0165 D
Worker 29 step 128: ACCEPTED exchange E=-152.057532 Ha dipole=1.5614 D
Worker 23 step 106: ACCEPTED mirror E=-152.055341 Ha dipole=0.5278 D
Worker 17 step 131: ACCEPTED mirror E=-152.057894 Ha dipole=1.1432 D
Worker 12 step 161: ACCEPTED roto_reflection E=-152.059275 Ha dipole=1.1751 D
Worker 34 step 125: ACCEPTED roto_reflection E=-152.059754 Ha dipole=1.2050 D
Worker 15 step 115: ACCEPTED roto_reflection E=-152.055296 Ha dipole=1.2367 D
Worker 5 step 119: ACCEPTED large_displacement E=-152.057507 Ha dipole=1.0128 D
Worker 5: 120/300 — accepted=46, rate=38.3%
Worker 11 step 106: ACCEPTED large_displacement E=-152.056882 Ha dipole=1.3647 D
Worker 39 step 112: ACCEPTED roto_reflection E=-152.058211 Ha dipole=0.4125 D
Worker 36 step 156: ACCEPTED principal_axis_rotation E=-152.054696 Ha dipole=1.4644 D
Worker 20 step 128: ACCEPTED principal_axis_rotation E=-152.056285 Ha dipole=1.1545 D
Worker 9 step 140: ACCEPTED mirror E=-152.060177 Ha dipole=1.1561 D
Worker 26 step 115: ACCEPTED random_so3 E=-152.059934 Ha dipole=1.5063 D
Worker 37 step 248: ACCEPTED principal_axis_rotation E=-152.053989 Ha dipole=1.0033 D
Worker 24 step 133: ACCEPTED twist E=-152.053914 Ha dipole=1.1928 D
Worker 33 step 129: ACCEPTED twist E=-152.056347 Ha dipole=1.1955 D
Worker 33 step 129: Box stable window 1/3 (acc=60.00%)
Worker 33: 130/300 — accepted=59, rate=45.4%
Worker 8 step 179: Adaptive box growth — new radius = 12.08 Å (acc=40.00%) 
Worker 8: 180/300 — accepted=58, rate=32.2%
Worker 38 step 163: ACCEPTED twist E=-152.054211 Ha dipole=1.5723 D
Worker 35 step 114: Adaptive box growth — new radius = 11.41 Å (acc=20.00%) 
Worker 13 step 158: ACCEPTED principal_axis_rotation E=-152.057517 Ha dipole=0.8972 D
Worker 4 step 149: ACCEPTED mirror E=-152.057139 Ha dipole=1.1106 D
Worker 4: 150/300 — accepted=73, rate=48.7%
Worker 4 step 150: roto_reflection — no coordinate change (box rejection?)
Worker 10 step 161: ACCEPTED exchange E=-152.054867 Ha dipole=0.5908 D
Worker 4 step 151: roto_reflection — no coordinate change (box rejection?)
Worker 4 step 152: roto_reflection — no coordinate change (box rejection?)
Worker 4 step 153: exchange — no coordinate change (box rejection?)
Worker 7 step 238: ACCEPTED twist E=-152.054169 Ha dipole=0.4564 D
Worker 7 step 239: mirror — no coordinate change (box rejection?)
Worker 7 step 240: roto_reflection — no coordinate change (box rejection?)
Worker 7 step 241: roto_reflection — no coordinate change (box rejection?)
Worker 30 step 133: principal_axis_rotation — no coordinate change (box rejection?)
Worker 21 step 144: ACCEPTED roto_reflection E=-152.053704 Ha dipole=0.8780 D
Worker 22 step 187: ACCEPTED random_so3 E=-152.054638 Ha dipole=1.4072 D
Worker 12 step 162: ACCEPTED large_displacement E=-152.061008 Ha dipole=1.2364 D
Worker 28 step 111: ACCEPTED twist E=-152.056821 Ha dipole=1.4551 D
Worker 1 step 219: ACCEPTED mirror E=-152.056808 Ha dipole=1.5291 D
Worker 1 step 219: Box stable window 1/3 (acc=60.00%)
Worker 1: 220/300 — accepted=69, rate=31.4%
Worker 34 step 126: ACCEPTED principal_axis_rotation E=-152.060175 Ha dipole=1.5213 D
Worker 0 step 160: ACCEPTED twist E=-152.061179 Ha dipole=1.1017 D
Worker 2 step 178: twist — no coordinate change (box rejection?)
Worker 19 step 159: ACCEPTED exchange E=-152.053988 Ha dipole=1.0162 D
Worker 19: 160/300 — accepted=86, rate=53.8%
Worker 3 step 141: ACCEPTED principal_axis_rotation E=-152.053804 Ha dipole=1.4920 D
Worker 6 step 179: Adaptive box growth — new radius = 11.45 Å (acc=20.00%) 
Worker 6: 180/300 — accepted=58, rate=32.2%
Worker 8 step 180: ACCEPTED large_displacement E=-152.061150 Ha dipole=0.7865 D
Worker 27 step 114: ACCEPTED large_displacement E=-152.062440 Ha dipole=1.4607 D
Worker 29: 130/300 — accepted=63, rate=48.5%
Worker 20 step 129: ACCEPTED large_displacement E=-152.056520 Ha dipole=1.1266 D
Worker 20 step 129: Box stable window 2/3 (acc=60.00%)
Worker 20: 130/300 — accepted=63, rate=48.5%
Worker 23 step 107: ACCEPTED principal_axis_rotation E=-152.054824 Ha dipole=0.3324 D
Worker 39 step 113: ACCEPTED large_displacement E=-152.060133 Ha dipole=0.4419 D
Worker 17 step 132: ACCEPTED mirror E=-152.057893 Ha dipole=1.1440 D
Worker 5 step 120: ACCEPTED exchange E=-152.048423 Ha dipole=0.9500 D
Worker 10 step 163: roto_reflection — no coordinate change (box rejection?)
Worker 24 step 134: ACCEPTED large_displacement E=-152.053624 Ha dipole=1.1897 D
Worker 33 step 130: ACCEPTED principal_axis_rotation E=-152.057160 Ha dipole=1.5447 D
Worker 21 step 145: ACCEPTED roto_reflection E=-152.054362 Ha dipole=1.3177 D
Worker 36 step 157: ACCEPTED large_displacement E=-152.054830 Ha dipole=1.4663 D
Worker 37 step 249: ACCEPTED roto_reflection E=-152.054058 Ha dipole=1.2623 D
Worker 37: 250/300 — accepted=108, rate=43.2%
Worker 22 step 188: ACCEPTED random_so3 E=-152.057140 Ha dipole=1.4748 D
Worker 30 step 134: ACCEPTED principal_axis_rotation E=-152.056444 Ha dipole=1.3526 D
Worker 30 step 134: Adaptive box growth — new radius = 7.13 Å (acc=40.00%) 
Worker 35 step 115: ACCEPTED large_displacement E=-152.057208 Ha dipole=0.5052 D
Worker 30 step 135: large_displacement — no coordinate change (box rejection?)
Worker 38 step 164: ACCEPTED principal_axis_rotation E=-152.054100 Ha dipole=1.5717 D
Worker 38 step 165: twist — no coordinate change (box rejection?)
Worker 38 step 166: random_so3 — no coordinate change (box rejection?)
Worker 1 step 220: ACCEPTED principal_axis_rotation E=-152.056658 Ha dipole=1.5232 D
Worker 9 step 141: ACCEPTED roto_reflection E=-152.059042 Ha dipole=1.3609 D
Worker 26 step 116: ACCEPTED roto_reflection E=-152.058211 Ha dipole=1.6295 D
Worker 4 step 154: ACCEPTED mirror E=-152.057136 Ha dipole=1.1097 D
Worker 7 step 242: ACCEPTED large_displacement E=-152.054182 Ha dipole=0.4570 D
Worker 7 step 243: twist — no coordinate change (box rejection?)
Worker 13 step 159: ACCEPTED principal_axis_rotation E=-152.057642 Ha dipole=0.9276 D
Worker 13 step 159: Box stable window 3/3 (acc=60.00%)
Worker 13 step 159: Box growth stabilized after 3 windows. Stopping growth.
Worker 13: 160/300 — accepted=72, rate=45.0%
Worker 28 step 112: ACCEPTED large_displacement E=-152.056197 Ha dipole=1.4457 D
Worker 39 step 114: Box stable window 1/3 (acc=60.00%)
Worker 11 step 108: ACCEPTED exchange E=-152.057550 Ha dipole=1.3707 D
Worker 12 step 163: ACCEPTED twist E=-152.061091 Ha dipole=0.5452 D
Worker 19 step 160: ACCEPTED large_displacement E=-152.053978 Ha dipole=1.0159 D
Worker 0 step 161: ACCEPTED mirror E=-152.061185 Ha dipole=1.1007 D
Worker 3 step 143: mirror — no coordinate change (box rejection?)
Worker 2: 180/300 — accepted=72, rate=40.0%
Worker 2 step 180: twist — no coordinate change (box rejection?)
Worker 2 step 181: twist — no coordinate change (box rejection?)
Worker 5 step 121: ACCEPTED roto_reflection E=-152.046592 Ha dipole=0.3016 D
Worker 22: 190/300 — accepted=80, rate=42.1%
Worker 27 step 115: ACCEPTED roto_reflection E=-152.061450 Ha dipole=0.8307 D
Worker 20 step 130: ACCEPTED twist E=-152.056081 Ha dipole=1.1962 D
Worker 4 step 156: twist — no coordinate change (box rejection?)
Worker 4 step 157: roto_reflection — no coordinate change (box rejection?)
Worker 4 step 158: twist — no coordinate change (box rejection?)
Worker 37 step 250: ACCEPTED roto_reflection E=-152.053987 Ha dipole=1.0032 D
Worker 10 step 164: ACCEPTED random_so3 E=-152.060121 Ha dipole=1.3968 D
Worker 10 step 164: Adaptive box growth — new radius = 8.29 Å (acc=40.00%) 
Worker 28 step 113: ACCEPTED large_displacement E=-152.055029 Ha dipole=1.4303 D
Worker 21 step 146: ACCEPTED principal_axis_rotation E=-152.052785 Ha dipole=0.1741 D
Worker 21 step 147: twist — no coordinate change (box rejection?)
Worker 21 step 148: roto_reflection — no coordinate change (box rejection?)
Worker 24 step 135: ACCEPTED principal_axis_rotation E=-152.054815 Ha dipole=1.3857 D
Worker 36 step 158: ACCEPTED twist E=-152.054785 Ha dipole=1.4258 D
Worker 36 step 159: mirror — no coordinate change (box rejection?)
Worker 30 step 136: ACCEPTED roto_reflection E=-152.056471 Ha dipole=1.3582 D
Worker 11 step 109: Box stable window 1/3 (acc=60.00%)
Worker 11: 110/300 — accepted=40, rate=36.4%
Worker 1 step 221: ACCEPTED mirror E=-152.056658 Ha dipole=1.5232 D
Worker 34 step 128: ACCEPTED large_displacement E=-152.060141 Ha dipole=1.5011 D
Worker 26 step 117: ACCEPTED principal_axis_rotation E=-152.054497 Ha dipole=1.4718 D
Worker 9 step 142: ACCEPTED mirror E=-152.059042 Ha dipole=1.3609 D
Worker 13 step 160: ACCEPTED twist E=-152.057937 Ha dipole=1.0313 D
Worker 7 step 244: ACCEPTED random_so3 E=-152.054027 Ha dipole=0.4104 D
Worker 7 step 244: Adaptive box growth — new radius = 7.86 Å (acc=50.00%) 
Worker 22 step 190: ACCEPTED principal_axis_rotation E=-152.056609 Ha dipole=1.4781 D
Worker 22 step 191: mirror — no coordinate change (box rejection?)
Worker 22 step 192: exchange — no coordinate change (box rejection?)
Worker 8 step 182: ACCEPTED twist E=-152.059106 Ha dipole=0.5675 D
Worker 22 step 193: random_so3 — no coordinate change (box rejection?)
Worker 38 step 168: ACCEPTED exchange E=-152.054087 Ha dipole=1.5714 D
Worker 38 step 169: large_displacement — no coordinate change (box rejection?)
Worker 19 step 161: ACCEPTED principal_axis_rotation E=-152.054055 Ha dipole=1.2644 D
Worker 28 step 114: ACCEPTED exchange E=-152.053992 Ha dipole=1.4214 D
Worker 0 step 163: roto_reflection — no coordinate change (box rejection?)
Worker 15 step 119: ACCEPTED large_displacement E=-152.054298 Ha dipole=1.2246 D
Worker 15 step 119: Adaptive box growth — new radius = 8.38 Å (acc=40.00%) 
Worker 15: 120/300 — accepted=64, rate=53.3%
Worker 0 step 164: roto_reflection — no coordinate change (box rejection?)
Worker 3 step 144: ACCEPTED principal_axis_rotation E=-152.054421 Ha dipole=0.0934 D
Worker 3 step 144: Box stable window 1/3 (acc=60.00%)
Worker 21 step 149: ACCEPTED principal_axis_rotation E=-152.051821 Ha dipole=0.1898 D
Worker 3 step 145: twist — no coordinate change (box rejection?)
Worker 21: 150/300 — accepted=65, rate=43.3%
Worker 11 step 110: ACCEPTED exchange E=-152.056882 Ha dipole=1.3647 D
Worker 37 step 251: ACCEPTED twist E=-152.054046 Ha dipole=0.7048 D
Worker 37 step 252: roto_reflection — no coordinate change (box rejection?)
Worker 2 step 183: roto_reflection — no coordinate change (box rejection?)
Worker 2 step 184: roto_reflection — no coordinate change (box rejection?)
Worker 35 step 117: ACCEPTED principal_axis_rotation E=-152.057039 Ha dipole=0.2662 D
Worker 20 step 131: ACCEPTED mirror E=-152.056084 Ha dipole=1.1954 D
Worker 23 step 109: Adaptive box growth — new radius = 8.66 Å (acc=40.00%) 
Worker 23: 110/300 — accepted=59, rate=53.6%
Worker 29 step 131: ACCEPTED large_displacement E=-152.056322 Ha dipole=1.5410 D
Worker 29 step 132: twist — no coordinate change (box rejection?)
Worker 27 step 116: ACCEPTED large_displacement E=-152.060521 Ha dipole=0.8790 D
Worker 17 step 134: ACCEPTED large_displacement E=-152.058192 Ha dipole=1.1475 D
Worker 4 step 159: ACCEPTED twist E=-152.057161 Ha dipole=1.1269 D
Worker 4: 160/300 — accepted=75, rate=46.9%
Worker 34: 130/300 — accepted=71, rate=54.6%
Worker 22 step 194: ACCEPTED principal_axis_rotation E=-152.058268 Ha dipole=1.4989 D
Worker 22 step 195: large_displacement — no coordinate change (box rejection?)
Worker 22 step 196: large_displacement — no coordinate change (box rejection?)
Worker 22 step 197: mirror — no coordinate change (box rejection?)
Worker 36 step 160: ACCEPTED principal_axis_rotation E=-152.054802 Ha dipole=1.4259 D
Worker 24 step 136: ACCEPTED twist E=-152.056446 Ha dipole=1.1890 D
Worker 30 step 137: ACCEPTED twist E=-152.056644 Ha dipole=1.2555 D
Worker 33 step 132: ACCEPTED mirror E=-152.055956 Ha dipole=0.5863 D
Worker 19 step 162: ACCEPTED exchange E=-152.054167 Ha dipole=1.2660 D
Worker 7 step 245: ACCEPTED exchange E=-152.053995 Ha dipole=0.4103 D
Worker 28 step 115: ACCEPTED twist E=-152.053696 Ha dipole=1.5448 D
Worker 0 step 165: ACCEPTED mirror E=-152.061185 Ha dipole=1.1007 D
Worker 21 step 150: ACCEPTED twist E=-152.050290 Ha dipole=0.5527 D
Worker 32 step 128: ACCEPTED random_so3 E=-152.055544 Ha dipole=0.9881 D
Worker 20 step 132: ACCEPTED mirror E=-152.057086 Ha dipole=1.0995 D
Worker 38 step 170: ACCEPTED mirror E=-152.054087 Ha dipole=1.5714 D
Worker 26 step 119: ACCEPTED principal_axis_rotation E=-152.057050 Ha dipole=1.6492 D
Worker 26: 120/300 — accepted=73, rate=60.8%
Worker 15 step 120: ACCEPTED roto_reflection E=-152.057260 Ha dipole=1.0068 D
Worker 12 step 165: ACCEPTED roto_reflection E=-152.058740 Ha dipole=0.5969 D
Worker 22 step 198: ACCEPTED principal_axis_rotation E=-152.055224 Ha dipole=0.5317 D
Worker 11 step 111: ACCEPTED mirror E=-152.056882 Ha dipole=1.3647 D
Worker 3 step 146: ACCEPTED large_displacement E=-152.054205 Ha dipole=0.0933 D
Worker 3 step 147: mirror — no coordinate change (box rejection?)
Worker 3 step 148: twist — no coordinate change (box rejection?)
Worker 3 step 149: roto_reflection — no coordinate change (box rejection?)
Worker 37 step 253: ACCEPTED mirror E=-152.054007 Ha dipole=1.4503 D
Worker 5 step 123: ACCEPTED mirror E=-152.046592 Ha dipole=0.3016 D
Worker 19 step 163: ACCEPTED principal_axis_rotation E=-152.053719 Ha dipole=0.5385 D
Worker 29 step 133: ACCEPTED large_displacement E=-152.056915 Ha dipole=1.5513 D
Worker 21 step 151: ACCEPTED roto_reflection E=-152.049587 Ha dipole=0.8729 D
Worker 34 step 130: ACCEPTED roto_reflection E=-152.060008 Ha dipole=0.8344 D
Worker 32 step 129: ACCEPTED twist E=-152.059027 Ha dipole=1.2974 D
Worker 32 step 129: Adaptive box growth — new radius = 9.82 Å (acc=40.00%) 
Worker 32: 130/300 — accepted=58, rate=44.6%
Worker 36 step 161: ACCEPTED mirror E=-152.054802 Ha dipole=1.4259 D
Worker 30 step 138: ACCEPTED twist E=-152.056640 Ha dipole=1.2575 D
Worker 24 step 137: ACCEPTED principal_axis_rotation E=-152.056144 Ha dipole=1.1367 D
Worker 30 step 139: mirror — no coordinate change (box rejection?)
Worker 15 step 121: ACCEPTED large_displacement E=-152.056559 Ha dipole=1.0047 D
Worker 33 step 133: ACCEPTED random_so3 E=-152.058086 Ha dipole=0.3623 D
Worker 1 step 223: ACCEPTED twist E=-152.056929 Ha dipole=1.5819 D
Worker 26 step 120: ACCEPTED large_displacement E=-152.057277 Ha dipole=1.6429 D
Worker 28 step 116: ACCEPTED random_so3 E=-152.054439 Ha dipole=1.0640 D
Worker 38 step 171: ACCEPTED large_displacement E=-152.054111 Ha dipole=1.5718 D
Worker 7 step 246: ACCEPTED random_so3 E=-152.053875 Ha dipole=1.3435 D
Worker 9 step 144: Box stable window 2/3 (acc=60.00%)
Worker 35 step 119: Adaptive box growth — new radius = 12.44 Å (acc=40.00%) 
Worker 35: 120/300 — accepted=62, rate=51.7%
Worker 19 step 164: ACCEPTED large_displacement E=-152.053844 Ha dipole=0.5389 D
Worker 8 step 184: ACCEPTED twist E=-152.058831 Ha dipole=0.5698 D
Worker 8 step 184: Box stable window 1/3 (acc=60.00%)
Worker 22 step 199: ACCEPTED large_displacement E=-152.055595 Ha dipole=0.5301 D
Worker 22: 200/300 — accepted=84, rate=42.0%
Worker 21 step 152: ACCEPTED exchange E=-152.051170 Ha dipole=0.8785 D
Worker 12 step 166: ACCEPTED twist E=-152.059133 Ha dipole=1.1215 D
Worker 11 step 112: ACCEPTED exchange E=-152.057550 Ha dipole=1.3707 D
Worker 36 step 162: ACCEPTED twist E=-152.054412 Ha dipole=1.1894 D
Worker 20 step 134: ACCEPTED twist E=-152.055456 Ha dipole=0.9330 D
Worker 3 step 150: ACCEPTED twist E=-152.054003 Ha dipole=1.5495 D
Worker 37 step 254: ACCEPTED roto_reflection E=-152.054104 Ha dipole=0.7043 D
Worker 5 step 124: ACCEPTED twist E=-152.050492 Ha dipole=0.3789 D
Worker 17 step 137: ACCEPTED mirror E=-152.058192 Ha dipole=1.1475 D
Worker 2 step 186: ACCEPTED mirror E=-152.054883 Ha dipole=1.2135 D
Worker 6 step 183: ACCEPTED twist E=-152.060927 Ha dipole=0.6290 D
Worker 27 step 118: ACCEPTED mirror E=-152.060521 Ha dipole=0.8790 D
Worker 19 step 165: ACCEPTED principal_axis_rotation E=-152.054244 Ha dipole=1.5210 D
Worker 38 step 172: ACCEPTED large_displacement E=-152.054103 Ha dipole=1.5717 D
Worker 38 step 173: large_displacement — no coordinate change (box rejection?)
Worker 35 step 120: ACCEPTED principal_axis_rotation E=-152.055752 Ha dipole=0.2816 D
Worker 0 step 167: ACCEPTED principal_axis_rotation E=-152.055949 Ha dipole=0.7762 D
Worker 10 step 167: ACCEPTED roto_reflection E=-152.060206 Ha dipole=1.4685 D
Worker 13 step 163: ACCEPTED mirror E=-152.057937 Ha dipole=1.0313 D
Worker 13 step 164: twist — no coordinate change (box rejection?)
Worker 24 step 138: ACCEPTED mirror E=-152.056140 Ha dipole=1.1369 D
Worker 7 step 247: ACCEPTED exchange E=-152.053973 Ha dipole=1.3443 D
Worker 33 step 134: ACCEPTED mirror E=-152.058086 Ha dipole=0.3623 D
Worker 1 step 224: ACCEPTED large_displacement E=-152.057599 Ha dipole=1.5941 D
Worker 1 step 225: roto_reflection — no coordinate change (box rejection?)
Worker 39 step 118: ACCEPTED twist E=-152.059771 Ha dipole=0.4715 D
Worker 32 step 131: ACCEPTED exchange E=-152.056142 Ha dipole=1.3150 D
Worker 20 step 135: ACCEPTED mirror E=-152.052785 Ha dipole=1.2875 D
Worker 21 step 153: ACCEPTED mirror E=-152.051170 Ha dipole=0.8785 D
Worker 17 step 138: ACCEPTED twist E=-152.058209 Ha dipole=1.1416 D
Worker 22 step 200: ACCEPTED large_displacement E=-152.054109 Ha dipole=0.5354 D
Worker 35 step 121: ACCEPTED random_so3 E=-152.056920 Ha dipole=1.2058 D
Worker 3 step 151: ACCEPTED principal_axis_rotation E=-152.053961 Ha dipole=1.2176 D
Worker 36 step 163: ACCEPTED large_displacement E=-152.054366 Ha dipole=1.1887 D
Worker 37 step 255: ACCEPTED mirror E=-152.053964 Ha dipole=1.4499 D
Worker 11 step 113: ACCEPTED large_displacement E=-152.057264 Ha dipole=1.3651 D
Worker 37 step 256: mirror — no coordinate change (box rejection?)
Worker 12 step 167: ACCEPTED mirror E=-152.059133 Ha dipole=1.1215 D
Worker 2 step 187: ACCEPTED twist E=-152.055767 Ha dipole=1.4210 D
Worker 29 step 135: ACCEPTED large_displacement E=-152.058311 Ha dipole=1.5793 D
Worker 5 step 125: ACCEPTED roto_reflection E=-152.049495 Ha dipole=0.2424 D
Worker 34 step 132: ACCEPTED roto_reflection E=-152.055754 Ha dipole=0.5794 D
Worker 23 step 112: ACCEPTED large_displacement E=-152.054254 Ha dipole=0.3299 D
Worker 6 step 184: Adaptive box growth — new radius = 13.16 Å (acc=20.00%) 
Worker 24: 140/300 — accepted=85, rate=60.7%
Worker 27 step 119: Box stable window 1/3 (acc=60.00%)
Worker 27: 120/300 — accepted=51, rate=42.5%
Worker 19 step 166: ACCEPTED exchange E=-152.054192 Ha dipole=1.5206 D
Worker 38 step 174: ACCEPTED exchange E=-152.054107 Ha dipole=1.5717 D
Worker 38 step 174: Adaptive box growth — new radius = 7.43 Å (acc=50.00%) 
Worker 4 step 163: roto_reflection — no coordinate change (box rejection?)
Worker 15 step 123: ACCEPTED random_so3 E=-152.054968 Ha dipole=1.5934 D
Worker 9 step 146: ACCEPTED mirror E=-152.059042 Ha dipole=1.3610 D
Worker 17 step 139: ACCEPTED large_displacement E=-152.058920 Ha dipole=1.1744 D
Worker 17 step 139: Box stable window 1/3 (acc=60.00%)
Worker 17: 140/300 — accepted=72, rate=51.4%
Worker 0 step 168: ACCEPTED large_displacement E=-152.057331 Ha dipole=0.8050 D
Worker 13 step 165: ACCEPTED exchange E=-152.056109 Ha dipole=0.9992 D
Worker 7 step 248: ACCEPTED large_displacement E=-152.054019 Ha dipole=1.3447 D
Worker 28 step 118: ACCEPTED roto_reflection E=-152.053395 Ha dipole=1.2146 D
Worker 33 step 135: ACCEPTED mirror E=-152.058086 Ha dipole=0.3623 D
Worker 39 step 119: ACCEPTED mirror E=-152.059771 Ha dipole=0.4715 D
Worker 39 step 119: Adaptive box growth — new radius = 12.94 Å (acc=40.00%) 
Worker 39: 120/300 — accepted=58, rate=48.3%
Worker 20 step 136: ACCEPTED random_so3 E=-152.057867 Ha dipole=1.1869 D
Worker 21 step 154: ACCEPTED large_displacement E=-152.044426 Ha dipole=0.8578 D
Worker 10 step 169: ACCEPTED exchange E=-152.058344 Ha dipole=1.4720 D
Worker 10 step 169: Adaptive box growth — new radius = 9.03 Å (acc=40.00%) 
Worker 10: 170/300 — accepted=77, rate=45.3%
Worker 37 step 257: ACCEPTED twist E=-152.053966 Ha dipole=1.4383 D
Worker 36 step 164: ACCEPTED roto_reflection E=-152.054331 Ha dipole=1.6102 D
Worker 37 step 258: mirror — no coordinate change (box rejection?)
Worker 3 step 152: ACCEPTED exchange E=-152.053933 Ha dipole=1.2174 D
Worker 3 step 153: twist — no coordinate change (box rejection?)
Worker 11 step 114: ACCEPTED random_so3 E=-152.057526 Ha dipole=1.5251 D
Worker 2 step 188: ACCEPTED mirror E=-152.055775 Ha dipole=1.4209 D
Worker 2 step 189: roto_reflection — no coordinate change (box rejection?)
Worker 12 step 168: ACCEPTED twist E=-152.059209 Ha dipole=1.1397 D
Worker 17 step 140: ACCEPTED large_displacement E=-152.060124 Ha dipole=1.2302 D
Worker 29 step 136: ACCEPTED random_so3 E=-152.057000 Ha dipole=1.3182 D
Worker 5 step 126: ACCEPTED twist E=-152.046070 Ha dipole=0.6333 D
Worker 15 step 124: ACCEPTED large_displacement E=-152.055859 Ha dipole=1.6053 D
Worker 34 step 133: ACCEPTED large_displacement E=-152.054427 Ha dipole=0.5852 D
Worker 19 step 167: ACCEPTED principal_axis_rotation E=-152.053935 Ha dipole=0.7025 D
Worker 35 step 123: ACCEPTED mirror E=-152.056920 Ha dipole=1.2058 D
Worker 38 step 175: ACCEPTED roto_reflection E=-152.054040 Ha dipole=0.3696 D
Worker 27 step 120: ACCEPTED mirror E=-152.060521 Ha dipole=0.8790 D
Worker 4 step 164: ACCEPTED twist E=-152.057634 Ha dipole=1.0709 D
Worker 4 step 165: exchange — no coordinate change (box rejection?)
Worker 7 step 249: ACCEPTED large_displacement E=-152.054095 Ha dipole=1.3456 D
Worker 7: 250/300 — accepted=107, rate=42.8%
Worker 0 step 169: Adaptive box growth — new radius = 7.32 Å (acc=50.00%) 
Worker 0: 170/300 — accepted=82, rate=48.2%
Worker 24 step 141: ACCEPTED random_so3 E=-152.053497 Ha dipole=0.9876 D
Worker 13 step 166: ACCEPTED large_displacement E=-152.057814 Ha dipole=1.0364 D
Worker 37 step 259: ACCEPTED twist E=-152.054132 Ha dipole=1.2572 D
Worker 37 step 259: Box stable window 1/3 (acc=60.00%)
Worker 37: 260/300 — accepted=115, rate=44.2%
Worker 37 step 260: twist — no coordinate change (box rejection?)
Worker 36 step 165: ACCEPTED roto_reflection E=-152.054409 Ha dipole=1.5701 D
Worker 36 step 166: twist — no coordinate change (box rejection?)
Worker 30 step 142: ACCEPTED random_so3 E=-152.052774 Ha dipole=0.8254 D
Worker 36 step 167: twist — no coordinate change (box rejection?)
Worker 36 step 168: twist — no coordinate change (box rejection?)
Worker 28 step 119: ACCEPTED exchange E=-152.052918 Ha dipole=1.2133 D
Worker 28: 120/300 — accepted=55, rate=45.8%
Worker 39 step 120: ACCEPTED roto_reflection E=-152.060281 Ha dipole=0.4451 D
Worker 2 step 190: ACCEPTED random_so3 E=-152.058430 Ha dipole=1.4546 D
Worker 20 step 137: ACCEPTED large_displacement E=-152.061128 Ha dipole=1.2256 D
Worker 3 step 154: ACCEPTED exchange E=-152.053961 Ha dipole=1.2176 D
Worker 3 step 154: Adaptive box growth — new radius = 6.45 Å (acc=50.00%) 
Worker 17 step 141: ACCEPTED roto_reflection E=-152.060598 Ha dipole=1.2024 D
Worker 21 step 155: ACCEPTED principal_axis_rotation E=-152.048811 Ha dipole=0.8343 D
Worker 21 step 156: random_so3 — no coordinate change (box rejection?)
Worker 15 step 125: ACCEPTED roto_reflection E=-152.055261 Ha dipole=0.2860 D
Worker 34 step 134: ACCEPTED large_displacement E=-152.054454 Ha dipole=0.5879 D
Worker 24 step 142: ACCEPTED twist E=-152.052885 Ha dipole=1.2319 D
Worker 10 step 171: ACCEPTED large_displacement E=-152.059917 Ha dipole=1.4899 D
Worker 37 step 261: ACCEPTED twist E=-152.054071 Ha dipole=1.4209 D
Worker 12 step 169: ACCEPTED principal_axis_rotation E=-152.059412 Ha dipole=1.1411 D
Worker 12: 170/300 — accepted=83, rate=48.8%
Worker 36 step 169: ACCEPTED large_displacement E=-152.054354 Ha dipole=1.5692 D
Worker 36 step 169: Adaptive box growth — new radius = 7.64 Å (acc=40.00%) 
Worker 36: 170/300 — accepted=94, rate=55.3%
Worker 29 step 137: ACCEPTED large_displacement E=-152.056884 Ha dipole=1.3193 D
Worker 5 step 127: ACCEPTED mirror E=-152.051994 Ha dipole=1.5237 D
Worker 32 step 134: ACCEPTED principal_axis_rotation E=-152.057748 Ha dipole=1.6395 D
Worker 32 step 134: Adaptive box growth — new radius = 10.70 Å (acc=40.00%) 
Worker 23 step 114: ACCEPTED twist E=-152.058095 Ha dipole=0.5547 D
Worker 23 step 114: Adaptive box growth — new radius = 9.43 Å (acc=40.00%) 
Worker 38 step 176: ACCEPTED mirror E=-152.054067 Ha dipole=1.5714 D
Worker 19 step 168: ACCEPTED twist E=-152.053877 Ha dipole=1.1156 D
Worker 26 step 124: ACCEPTED twist E=-152.055418 Ha dipole=1.5696 D
Worker 26 step 124: Adaptive box growth — new radius = 9.43 Å (acc=40.00%) 
Worker 35 step 124: Box stable window 1/3 (acc=60.00%)
Worker 2 step 191: ACCEPTED principal_axis_rotation E=-152.060048 Ha dipole=1.4556 D
Worker 28 step 120: ACCEPTED principal_axis_rotation E=-152.053653 Ha dipole=1.5783 D
Worker 7 step 250: ACCEPTED large_displacement E=-152.054315 Ha dipole=1.3480 D
Worker 4 step 166: ACCEPTED twist E=-152.057327 Ha dipole=1.1259 D
Worker 4 step 167: roto_reflection — no coordinate change (box rejection?)
Worker 4 step 168: exchange — no coordinate change (box rejection?)
Worker 9 step 148: ACCEPTED twist E=-152.060617 Ha dipole=1.6294 D
Worker 8 step 188: ACCEPTED large_displacement E=-152.058156 Ha dipole=0.5663 D
Worker 30 step 143: ACCEPTED roto_reflection E=-152.054038 Ha dipole=0.7478 D
Worker 21 step 157: ACCEPTED mirror E=-152.048811 Ha dipole=0.8343 D
Worker 21 step 158: principal_axis_rotation — no coordinate change (box rejection?)
Worker 21 step 159: twist — no coordinate change (box rejection?)
Worker 34 step 135: ACCEPTED large_displacement E=-152.054498 Ha dipole=0.5864 D
Worker 37 step 262: ACCEPTED large_displacement E=-152.054078 Ha dipole=1.4211 D
Worker 24 step 143: ACCEPTED twist E=-152.053119 Ha dipole=1.2208 D
Worker 10 step 172: ACCEPTED large_displacement E=-152.058078 Ha dipole=1.4519 D
Worker 15 step 126: ACCEPTED twist E=-152.060020 Ha dipole=1.2614 D
Worker 17 step 142: ACCEPTED large_displacement E=-152.059585 Ha dipole=1.1437 D
Worker 3 step 155: ACCEPTED large_displacement E=-152.053956 Ha dipole=1.2180 D
Worker 36 step 170: ACCEPTED random_so3 E=-152.054597 Ha dipole=1.6144 D
Worker 36 step 171: twist — no coordinate change (box rejection?)
Worker 22 step 203: ACCEPTED mirror E=-152.054109 Ha dipole=0.5354 D
Worker 11 step 116: ACCEPTED principal_axis_rotation E=-152.056981 Ha dipole=1.5237 D
Worker 32 step 135: ACCEPTED exchange E=-152.059830 Ha dipole=1.6637 D
Worker 7 step 251: ACCEPTED twist E=-152.053682 Ha dipole=1.3759 D
Worker 7 step 252: roto_reflection — no coordinate change (box rejection?)
Worker 34 step 136: ACCEPTED large_displacement E=-152.054226 Ha dipole=0.5872 D
Worker 29 step 138: ACCEPTED exchange E=-152.054896 Ha dipole=1.3048 D
Worker 5 step 128: ACCEPTED large_displacement E=-152.054606 Ha dipole=1.5047 D
Worker 37 step 263: ACCEPTED large_displacement E=-152.054072 Ha dipole=1.4209 D
Worker 23 step 115: ACCEPTED twist E=-152.057466 Ha dipole=0.4792 D
Worker 19 step 169: ACCEPTED exchange E=-152.053904 Ha dipole=1.1157 D
Worker 19: 170/300 — accepted=96, rate=56.5%
Worker 36 step 172: ACCEPTED large_displacement E=-152.054635 Ha dipole=1.6148 D
Worker 19 step 170: roto_reflection — no coordinate change (box rejection?)
Worker 38 step 177: ACCEPTED large_displacement E=-152.054172 Ha dipole=1.5728 D
Worker 38 step 178: twist — no coordinate change (box rejection?)
Worker 38 step 179: roto_reflection — no coordinate change (box rejection?)
Worker 2 step 193: large_displacement — no coordinate change (box rejection?)
Worker 1 step 229: Adaptive box growth — new radius = 9.95 Å (acc=0.00%) 
Worker 1: 230/300 — accepted=73, rate=31.7%
Worker 28 step 121: ACCEPTED roto_reflection E=-152.053830 Ha dipole=1.3985 D
Worker 27 step 122: ACCEPTED large_displacement E=-152.060249 Ha dipole=0.8082 D
Worker 15 step 127: ACCEPTED random_so3 E=-152.060347 Ha dipole=1.6222 D
Worker 20 step 139: ACCEPTED principal_axis_rotation E=-152.057500 Ha dipole=1.6319 D
Worker 20: 140/300 — accepted=71, rate=50.7%
Worker 4 step 169: ACCEPTED mirror E=-152.057327 Ha dipole=1.1259 D
Worker 4: 170/300 — accepted=78, rate=45.9%
Worker 9 step 149: ACCEPTED principal_axis_rotation E=-152.060706 Ha dipole=1.5868 D
Worker 9 step 149: Box stable window 3/3 (acc=60.00%)
Worker 9 step 149: Box growth stabilized after 3 windows. Stopping growth.
Worker 9: 150/300 — accepted=56, rate=37.3%
Worker 0 step 171: ACCEPTED mirror E=-152.057331 Ha dipole=0.8050 D
Worker 13 step 168: ACCEPTED principal_axis_rotation E=-152.062725 Ha dipole=1.1487 D
Worker 30 step 144: ACCEPTED large_displacement E=-152.054354 Ha dipole=0.7493 D
Worker 30 step 144: Box stable window 1/3 (acc=60.00%)
Worker 30 step 145: roto_reflection — no coordinate change (box rejection?)
Worker 8 step 189: Adaptive box growth — new radius = 13.57 Å (acc=20.00%) 
Worker 8: 190/300 — accepted=62, rate=32.6%
Worker 26 step 126: ACCEPTED mirror E=-152.055418 Ha dipole=1.5696 D
Worker 33 step 138: ACCEPTED random_so3 E=-152.056498 Ha dipole=1.1050 D
Worker 3 step 156: ACCEPTED large_displacement E=-152.053945 Ha dipole=1.2177 D
Worker 3 step 157: roto_reflection — no coordinate change (box rejection?)
Worker 24 step 144: Box stable window 1/3 (acc=60.00%)
Worker 10 step 173: ACCEPTED large_displacement E=-152.057562 Ha dipole=1.4397 D
Worker 6 step 189: ACCEPTED large_displacement E=-152.059521 Ha dipole=0.6420 D
Worker 6 step 189: Adaptive box growth — new radius = 13.57 Å (acc=20.00%) 
Worker 6: 190/300 — accepted=60, rate=31.6%
Worker 37 step 264: ACCEPTED mirror E=-152.053961 Ha dipole=0.7638 D
Worker 37 step 265: roto_reflection — no coordinate change (box rejection?)
Worker 29 step 139: ACCEPTED twist E=-152.058013 Ha dipole=1.5371 D
Worker 29: 140/300 — accepted=70, rate=50.0%
Worker 34 step 137: ACCEPTED exchange E=-152.054886 Ha dipole=0.5943 D
Worker 36 step 173: ACCEPTED twist E=-152.054439 Ha dipole=1.4973 D
Worker 36 step 174: roto_reflection — no coordinate change (box rejection?)
Worker 22 step 205: exchange — no coordinate change (box rejection?)
Worker 22 step 206: exchange — no coordinate change (box rejection?)
Worker 2 step 195: roto_reflection — no coordinate change (box rejection?)
Worker 11 step 117: ACCEPTED exchange E=-152.057400 Ha dipole=1.5289 D
Worker 7 step 253: ACCEPTED mirror E=-152.054408 Ha dipole=0.8309 D
Worker 12 step 171: ACCEPTED large_displacement E=-152.059560 Ha dipole=1.1174 D
Worker 39 step 123: ACCEPTED large_displacement E=-152.059686 Ha dipole=0.4115 D
Worker 21 step 161: ACCEPTED twist E=-152.058035 Ha dipole=1.6344 D
Worker 5: 130/300 — accepted=54, rate=41.5%
Worker 28 step 122: ACCEPTED mirror E=-152.053830 Ha dipole=1.3985 D
Worker 19 step 171: ACCEPTED principal_axis_rotation E=-152.054244 Ha dipole=1.3075 D
Worker 38 step 180: ACCEPTED mirror E=-152.054172 Ha dipole=1.5728 D
Worker 38 step 181: roto_reflection — no coordinate change (box rejection?)
Worker 6 step 190: ACCEPTED mirror E=-152.053951 Ha dipole=1.5930 D
Worker 1 step 230: ACCEPTED mirror E=-152.057599 Ha dipole=1.5941 D
Worker 32 step 137: ACCEPTED large_displacement E=-152.058841 Ha dipole=1.6470 D
Worker 29 step 140: ACCEPTED mirror E=-152.058013 Ha dipole=1.5371 D
Worker 4 step 170: ACCEPTED twist E=-152.056674 Ha dipole=1.2921 D
Worker 4 step 171: twist — no coordinate change (box rejection?)
Worker 37 step 266: ACCEPTED roto_reflection E=-152.053945 Ha dipole=0.8466 D
Worker 30 step 146: ACCEPTED random_so3 E=-152.052732 Ha dipole=1.3991 D
Worker 13 step 169: ACCEPTED large_displacement E=-152.059074 Ha dipole=1.0554 D
Worker 13: 170/300 — accepted=78, rate=45.9%
Worker 2 step 197: twist — no coordinate change (box rejection?)
Worker 8 step 190: ACCEPTED principal_axis_rotation E=-152.058092 Ha dipole=0.5259 D
Worker 23 step 117: ACCEPTED large_displacement E=-152.056788 Ha dipole=0.4758 D
Worker 33 step 139: Adaptive box growth — new radius = 9.10 Å (acc=40.00%) 
Worker 33: 140/300 — accepted=65, rate=46.4%
Worker 3 step 158: ACCEPTED random_so3 E=-152.053735 Ha dipole=1.2281 D
Worker 3 step 159: exchange — no coordinate change (box rejection?)
Worker 3 step 160: roto_reflection — no coordinate change (box rejection?)
Worker 24 step 145: ACCEPTED large_displacement E=-152.052952 Ha dipole=1.2175 D
Worker 10 step 174: ACCEPTED twist E=-152.057232 Ha dipole=0.8309 D
Worker 39 step 124: ACCEPTED principal_axis_rotation E=-152.059181 Ha dipole=0.4326 D
Worker 39 step 124: Box stable window 1/3 (acc=60.00%)
Worker 17 step 144: ACCEPTED twist E=-152.059136 Ha dipole=1.1895 D
Worker 11 step 118: ACCEPTED twist E=-152.057422 Ha dipole=1.5899 D
Worker 34 step 138: ACCEPTED large_displacement E=-152.055189 Ha dipole=0.5975 D
Worker 22 step 207: ACCEPTED mirror E=-152.054109 Ha dipole=0.5354 D
Worker 28 step 123: ACCEPTED twist E=-152.053255 Ha dipole=1.5322 D
Worker 6 step 191: ACCEPTED large_displacement E=-152.056691 Ha dipole=1.6133 D
Worker 36 step 176: ACCEPTED random_so3 E=-152.054400 Ha dipole=0.7326 D
Worker 7 step 254: ACCEPTED roto_reflection E=-152.054305 Ha dipole=0.7407 D
Worker 26 step 128: ACCEPTED exchange E=-152.051884 Ha dipole=1.5157 D
Worker 12 step 172: ACCEPTED mirror E=-152.059554 Ha dipole=1.1182 D
Worker 21 step 163: twist — no coordinate change (box rejection?)
Worker 19 step 172: ACCEPTED twist E=-152.054142 Ha dipole=0.8469 D
Worker 19 step 173: mirror — no coordinate change (box rejection?)
Worker 24 step 146: ACCEPTED roto_reflection E=-152.054686 Ha dipole=0.4790 D
Worker 3 step 161: ACCEPTED mirror E=-152.053735 Ha dipole=1.2281 D
Worker 29 step 141: ACCEPTED twist E=-152.056119 Ha dipole=1.6222 D
Worker 1 step 231: ACCEPTED large_displacement E=-152.056994 Ha dipole=1.5834 D
Worker 35 step 127: ACCEPTED twist E=-152.057097 Ha dipole=1.1154 D
Worker 32 step 138: ACCEPTED exchange E=-152.057405 Ha dipole=1.6289 D
Worker 37 step 267: ACCEPTED twist E=-152.053833 Ha dipole=0.7628 D
Worker 37 step 268: mirror — no coordinate change (box rejection?)
Worker 15 step 129: ACCEPTED roto_reflection E=-152.060185 Ha dipole=1.6596 D
Worker 15: 130/300 — accepted=72, rate=55.4%
Worker 9 step 151: ACCEPTED exchange E=-152.061950 Ha dipole=1.6191 D
Worker 11 step 119: Box stable window 1/3 (acc=60.00%)
Worker 11: 120/300 — accepted=48, rate=40.0%
Worker 4 step 172: ACCEPTED mirror E=-152.056674 Ha dipole=1.2921 D
Worker 4 step 173: exchange — no coordinate change (box rejection?)
Worker 4 step 174: twist — no coordinate change (box rejection?)
Worker 30 step 147: ACCEPTED exchange E=-152.054126 Ha dipole=1.4077 D
Worker 8 step 191: ACCEPTED twist E=-152.057446 Ha dipole=0.5792 D
Worker 22 step 208: ACCEPTED twist E=-152.053892 Ha dipole=0.5110 D
Worker 36 step 177: ACCEPTED exchange E=-152.054532 Ha dipole=0.7326 D
Worker 33 step 140: ACCEPTED twist E=-152.056486 Ha dipole=1.1013 D
Worker 17 step 145: ACCEPTED mirror E=-152.059142 Ha dipole=1.1889 D
Worker 34 step 139: ACCEPTED principal_axis_rotation E=-152.055111 Ha dipole=0.5976 D
Worker 34: 140/300 — accepted=80, rate=57.1%
Worker 19 step 174: ACCEPTED principal_axis_rotation E=-152.053901 Ha dipole=1.5110 D
Worker 19 step 174: Box stable window 1/3 (acc=60.00%)
Worker 19 step 175: large_displacement — no coordinate change (box rejection?)
Worker 19 step 176: twist — no coordinate change (box rejection?)
Worker 19 step 177: mirror — no coordinate change (box rejection?)
Worker 24 step 147: ACCEPTED random_so3 E=-152.055921 Ha dipole=0.7253 D
Worker 23 step 119: ACCEPTED exchange E=-152.056533 Ha dipole=0.4427 D
Worker 23 step 119: Box stable window 1/3 (acc=60.00%)
Worker 23: 120/300 — accepted=64, rate=53.3%
Worker 28 step 124: ACCEPTED random_so3 E=-152.055615 Ha dipole=0.6372 D
Worker 39 step 126: ACCEPTED mirror E=-152.059181 Ha dipole=0.4326 D
Worker 0 step 174: Adaptive box growth — new radius = 8.41 Å (acc=20.00%) 
Worker 7 step 255: ACCEPTED random_so3 E=-152.053646 Ha dipole=0.6960 D
Worker 26 step 129: ACCEPTED principal_axis_rotation E=-152.056017 Ha dipole=1.2112 D
Worker 26 step 129: Box stable window 1/3 (acc=60.00%)
Worker 26: 130/300 — accepted=78, rate=60.0%
Worker 3 step 162: ACCEPTED principal_axis_rotation E=-152.053775 Ha dipole=1.2268 D
Worker 3 step 163: roto_reflection — no coordinate change (box rejection?)
Worker 22 step 209: ACCEPTED roto_reflection E=-152.058817 Ha dipole=1.6084 D
Worker 22: 210/300 — accepted=89, rate=42.4%
Worker 36 step 178: ACCEPTED principal_axis_rotation E=-152.054458 Ha dipole=0.7329 D
Worker 38 step 183: ACCEPTED twist E=-152.054396 Ha dipole=1.1214 D
Worker 38 step 184: roto_reflection — no coordinate change (box rejection?)
Worker 38 step 185: roto_reflection — no coordinate change (box rejection?)
Worker 5 step 131: ACCEPTED random_so3 E=-152.055103 Ha dipole=1.2366 D
Worker 29 step 142: ACCEPTED twist E=-152.057008 Ha dipole=1.6416 D
Worker 32 step 139: ACCEPTED roto_reflection E=-152.056987 Ha dipole=1.3514 D
Worker 32: 140/300 — accepted=64, rate=45.7%
Worker 35 step 128: ACCEPTED mirror E=-152.052780 Ha dipole=1.1953 D
Worker 37 step 269: ACCEPTED exchange E=-152.053864 Ha dipole=0.7625 D
Worker 37 step 269: Box stable window 1/3 (acc=60.00%)
Worker 37: 270/300 — accepted=122, rate=45.2%
Worker 27 step 125: ACCEPTED twist E=-152.060622 Ha dipole=0.7165 D
Worker 9 step 152: ACCEPTED exchange E=-152.060706 Ha dipole=1.5868 D
Worker 19 step 178: ACCEPTED mirror E=-152.054156 Ha dipole=0.5601 D
Worker 23 step 120: ACCEPTED large_displacement E=-152.056457 Ha dipole=0.4427 D
Worker 24 step 148: ACCEPTED twist E=-152.055073 Ha dipole=1.2239 D
Worker 11 step 120: ACCEPTED mirror E=-152.057422 Ha dipole=1.5899 D
Worker 30 step 148: ACCEPTED exchange E=-152.052732 Ha dipole=1.3991 D
Worker 4 step 175: ACCEPTED mirror E=-152.056674 Ha dipole=1.2921 D
Worker 2: 200/300 — accepted=77, rate=38.5%
Worker 0 step 175: ACCEPTED twist E=-152.057307 Ha dipole=0.8293 D
Worker 33 step 141: ACCEPTED mirror E=-152.056486 Ha dipole=1.1013 D
Worker 10 step 176: ACCEPTED random_so3 E=-152.053309 Ha dipole=1.5501 D
Worker 34 step 140: ACCEPTED large_displacement E=-152.055071 Ha dipole=0.5962 D
Worker 17 step 146: ACCEPTED mirror E=-152.059136 Ha dipole=1.1895 D
Worker 26 step 130: ACCEPTED mirror E=-152.056007 Ha dipole=1.2102 D
Worker 28 step 125: ACCEPTED twist E=-152.055368 Ha dipole=0.4716 D
Worker 36 step 179: ACCEPTED mirror E=-152.054458 Ha dipole=0.7329 D
Worker 36: 180/300 — accepted=101, rate=56.1%
Worker 32 step 140: ACCEPTED principal_axis_rotation E=-152.057005 Ha dipole=1.3514 D
Worker 19 step 179: ACCEPTED principal_axis_rotation E=-152.054200 Ha dipole=0.5611 D
Worker 19 step 179: Adaptive box growth — new radius = 7.83 Å (acc=40.00%) 
Worker 19: 180/300 — accepted=101, rate=56.1%
Worker 7 step 256: ACCEPTED twist E=-152.053696 Ha dipole=0.6507 D
Worker 12 step 174: ACCEPTED mirror E=-152.059560 Ha dipole=1.1174 D
Worker 12 step 174: Box stable window 1/3 (acc=60.00%)
Worker 22 step 210: ACCEPTED principal_axis_rotation E=-152.059040 Ha dipole=1.6106 D
Worker 27 step 126: ACCEPTED large_displacement E=-152.061188 Ha dipole=0.7158 D
Worker 3 step 164: ACCEPTED large_displacement E=-152.053758 Ha dipole=1.2267 D
Worker 3 step 164: Box stable window 1/3 (acc=60.00%)
Worker 38 step 186: ACCEPTED large_displacement E=-152.054506 Ha dipole=1.1224 D
Worker 3 step 165: mirror — no coordinate change (box rejection?)
Worker 13 step 172: ACCEPTED twist E=-152.057706 Ha dipole=0.9262 D
Worker 2 step 200: ACCEPTED principal_axis_rotation E=-152.059954 Ha dipole=1.3626 D
Worker 5 step 132: ACCEPTED mirror E=-152.055103 Ha dipole=1.2371 D
Worker 35 step 129: ACCEPTED random_so3 E=-152.056271 Ha dipole=0.6990 D
Worker 35 step 129: Box stable window 2/3 (acc=60.00%)
Worker 35: 130/300 — accepted=68, rate=52.3%
Worker 29 step 143: ACCEPTED mirror E=-152.057008 Ha dipole=1.6416 D
Worker 1 step 233: ACCEPTED twist E=-152.056567 Ha dipole=1.4560 D
Worker 37 step 270: ACCEPTED twist E=-152.053873 Ha dipole=0.7488 D
Worker 23 step 121: ACCEPTED principal_axis_rotation E=-152.056362 Ha dipole=0.6526 D
Worker 17 step 147: ACCEPTED large_displacement E=-152.058274 Ha dipole=1.1582 D
Worker 4 step 176: ACCEPTED large_displacement E=-152.060572 Ha dipole=1.3634 D
Worker 24 step 149: ACCEPTED mirror E=-152.055073 Ha dipole=1.2239 D
Worker 24: 150/300 — accepted=93, rate=62.0%
Worker 11 step 121: ACCEPTED large_displacement E=-152.056835 Ha dipole=1.5799 D
Worker 30 step 149: ACCEPTED principal_axis_rotation E=-152.052750 Ha dipole=1.2937 D
Worker 30: 150/300 — accepted=84, rate=56.0%
Worker 30 step 150: roto_reflection — no coordinate change (box rejection?)
Worker 39 step 128: ACCEPTED mirror E=-152.059181 Ha dipole=0.4326 D
Worker 32 step 141: ACCEPTED twist E=-152.060618 Ha dipole=1.4218 D
Worker 28 step 126: ACCEPTED mirror E=-152.055368 Ha dipole=0.4710 D
Worker 8 step 193: ACCEPTED roto_reflection E=-152.058206 Ha dipole=0.5737 D
Worker 7 step 257: ACCEPTED principal_axis_rotation E=-152.054310 Ha dipole=1.4538 D
Worker 7 step 258: mirror — no coordinate change (box rejection?)
Worker 7 step 259: mirror — no coordinate change (box rejection?)
Worker 12 step 175: ACCEPTED mirror E=-152.059554 Ha dipole=1.1182 D
Worker 33 step 142: ACCEPTED random_so3 E=-152.058236 Ha dipole=1.4897 D
Worker 10 step 177: ACCEPTED large_displacement E=-152.053407 Ha dipole=1.5543 D
Worker 21 step 166: ACCEPTED principal_axis_rotation E=-152.058353 Ha dipole=1.6431 D
Worker 9 step 154: ACCEPTED principal_axis_rotation E=-152.060083 Ha dipole=1.0919 D
Worker 34 step 141: ACCEPTED mirror E=-152.053508 Ha dipole=1.4956 D
Worker 26 step 131: ACCEPTED twist E=-152.055729 Ha dipole=0.8348 D
Worker 38 step 187: ACCEPTED principal_axis_rotation E=-152.054508 Ha dipole=1.2264 D
Worker 36 step 180: ACCEPTED exchange E=-152.054435 Ha dipole=0.7327 D
Worker 0 step 178: mirror — no coordinate change (box rejection?)
Worker 19 step 180: ACCEPTED principal_axis_rotation E=-152.054197 Ha dipole=0.5601 D
Worker 19 step 181: roto_reflection — no coordinate change (box rejection?)
Worker 20 step 144: ACCEPTED random_so3 E=-152.059120 Ha dipole=1.7269 D
Worker 20 step 144: Adaptive box growth — new radius = 8.38 Å (acc=20.00%) 
Worker 17 step 148: ACCEPTED twist E=-152.057851 Ha dipole=1.3810 D
Worker 3 step 166: ACCEPTED exchange E=-152.053715 Ha dipole=1.2267 D
Worker 22 step 211: ACCEPTED principal_axis_rotation E=-152.059287 Ha dipole=1.6009 D
Worker 22 step 212: twist — no coordinate change (box rejection?)
Worker 5 step 133: ACCEPTED roto_reflection E=-152.055902 Ha dipole=1.0434 D
Worker 35 step 130: ACCEPTED large_displacement E=-152.056541 Ha dipole=0.7010 D
Worker 37 step 271: ACCEPTED large_displacement E=-152.053916 Ha dipole=0.7490 D
Worker 37 step 272: twist — no coordinate change (box rejection?)
Worker 1 step 234: Box stable window 1/3 (acc=60.00%)
Worker 34 step 142: ACCEPTED twist E=-152.053808 Ha dipole=1.4045 D
Worker 9 step 155: ACCEPTED mirror E=-152.060083 Ha dipole=1.0919 D
Worker 6 step 195: ACCEPTED principal_axis_rotation E=-152.056582 Ha dipole=1.1484 D
Worker 2 step 202: ACCEPTED twist E=-152.060121 Ha dipole=1.3925 D
Worker 0 step 179: Adaptive box growth — new radius = 9.68 Å (acc=20.00%) 
Worker 0: 180/300 — accepted=84, rate=46.7%
Worker 11 step 122: ACCEPTED principal_axis_rotation E=-152.057076 Ha dipole=1.5784 D
Worker 30 step 151: ACCEPTED principal_axis_rotation E=-152.052389 Ha dipole=1.2959 D
Worker 24 step 150: ACCEPTED mirror E=-152.055073 Ha dipole=1.2239 D
Worker 7 step 260: ACCEPTED twist E=-152.053842 Ha dipole=1.5001 D
Worker 20 step 145: ACCEPTED large_displacement E=-152.059518 Ha dipole=1.7289 D
Worker 32 step 142: ACCEPTED mirror E=-152.060622 Ha dipole=1.4213 D
Worker 39 step 129: ACCEPTED twist E=-152.059395 Ha dipole=0.3385 D
Worker 39 step 129: Box stable window 2/3 (acc=60.00%)
Worker 39: 130/300 — accepted=64, rate=49.2%
Worker 10 step 178: ACCEPTED principal_axis_rotation E=-152.053278 Ha dipole=1.4608 D
Worker 28 step 127: ACCEPTED twist E=-152.055353 Ha dipole=0.4961 D
Worker 8 step 194: ACCEPTED principal_axis_rotation E=-152.057614 Ha dipole=0.5514 D
Worker 33 step 143: ACCEPTED random_so3 E=-152.059119 Ha dipole=1.5348 D
Worker 21 step 167: ACCEPTED large_displacement E=-152.059822 Ha dipole=1.5777 D
Worker 36 step 181: ACCEPTED twist E=-152.054284 Ha dipole=0.8606 D
Worker 36 step 182: roto_reflection — no coordinate change (box rejection?)
Worker 26 step 132: ACCEPTED random_so3 E=-152.059808 Ha dipole=1.4056 D
Worker 19 step 182: ACCEPTED roto_reflection E=-152.053911 Ha dipole=1.5114 D
Worker 17 step 149: ACCEPTED large_displacement E=-152.059374 Ha dipole=1.3999 D
Worker 17: 150/300 — accepted=81, rate=54.0%
Worker 34 step 143: ACCEPTED large_displacement E=-152.053667 Ha dipole=1.4043 D
Worker 38 step 189: ACCEPTED principal_axis_rotation E=-152.054511 Ha dipole=1.3358 D
Worker 38 step 189: Adaptive box growth — new radius = 7.50 Å (acc=53.33%) 
Worker 38: 190/300 — accepted=95, rate=50.0%
Worker 2 step 204: twist — no coordinate change (box rejection?)
Worker 3 step 167: ACCEPTED large_displacement E=-152.053613 Ha dipole=1.2262 D
Worker 3 step 168: roto_reflection — no coordinate change (box rejection?)
Worker 13 step 174: ACCEPTED exchange E=-152.056851 Ha dipole=0.8851 D
Worker 10 step 179: Box stable window 1/3 (acc=60.00%)
Worker 10: 180/300 — accepted=84, rate=46.7%
Worker 22 step 213: ACCEPTED exchange E=-152.059309 Ha dipole=1.6102 D
Worker 37 step 273: ACCEPTED exchange E=-152.053906 Ha dipole=0.7492 D
Worker 37 step 274: roto_reflection — no coordinate change (box rejection?)
Worker 5 step 134: ACCEPTED principal_axis_rotation E=-152.055255 Ha dipole=0.8327 D
Worker 1 step 235: ACCEPTED large_displacement E=-152.056032 Ha dipole=1.4478 D
Worker 23 step 123: ACCEPTED twist E=-152.056457 Ha dipole=0.5202 D
Worker 11 step 123: ACCEPTED principal_axis_rotation E=-152.057095 Ha dipole=1.5784 D
Worker 6 step 196: ACCEPTED large_displacement E=-152.058884 Ha dipole=1.1216 D
Worker 4 step 178: ACCEPTED twist E=-152.061678 Ha dipole=1.6663 D
Worker 30 step 152: ACCEPTED large_displacement E=-152.053085 Ha dipole=1.2991 D
Worker 7 step 261: ACCEPTED mirror E=-152.053907 Ha dipole=0.5881 D
Worker 15 step 133: ACCEPTED large_displacement E=-152.056812 Ha dipole=1.6032 D
Worker 24 step 151: ACCEPTED mirror E=-152.055071 Ha dipole=1.2236 D
Worker 34 step 144: ACCEPTED large_displacement E=-152.053830 Ha dipole=1.4057 D
Worker 28 step 128: ACCEPTED mirror E=-152.053780 Ha dipole=1.5312 D
Worker 38 step 190: ACCEPTED mirror E=-152.054511 Ha dipole=1.3358 D
Worker 9 step 157: ACCEPTED twist E=-152.060220 Ha dipole=1.0914 D
Worker 8 step 195: ACCEPTED mirror E=-152.051369 Ha dipole=1.4864 D
Worker 29 step 146: ACCEPTED twist E=-152.059453 Ha dipole=1.4909 D
Worker 21 step 168: ACCEPTED principal_axis_rotation E=-152.059511 Ha dipole=0.9988 D
Worker 0 step 181: ACCEPTED large_displacement E=-152.058037 Ha dipole=0.8289 D
Worker 36 step 183: ACCEPTED mirror E=-152.053808 Ha dipole=1.3628 D
Worker 36 step 184: mirror — no coordinate change (box rejection?)
Worker 13 step 175: ACCEPTED twist E=-152.056938 Ha dipole=0.9820 D
Worker 19 step 183: ACCEPTED exchange E=-152.053973 Ha dipole=1.5118 D
Worker 19 step 184: roto_reflection — no coordinate change (box rejection?)
Worker 26 step 133: ACCEPTED principal_axis_rotation E=-152.059709 Ha dipole=1.4439 D
Worker 10 step 180: ACCEPTED roto_reflection E=-152.054560 Ha dipole=0.6588 D
Worker 3 step 169: ACCEPTED large_displacement E=-152.053634 Ha dipole=1.2262 D
Worker 3 step 169: Box stable window 2/3 (acc=60.00%)
Worker 3: 170/300 — accepted=101, rate=59.4%
Worker 34 step 145: ACCEPTED mirror E=-152.053830 Ha dipole=1.4057 D
Worker 32 step 144: ACCEPTED large_displacement E=-152.062163 Ha dipole=1.4573 D
Worker 5 step 135: ACCEPTED random_so3 E=-152.056666 Ha dipole=0.2861 D
Worker 27: 130/300 — accepted=55, rate=42.3%
Worker 38 step 191: ACCEPTED twist E=-152.054216 Ha dipole=1.1679 D
Worker 38 step 192: mirror — no coordinate change (box rejection?)
Worker 37 step 275: ACCEPTED random_so3 E=-152.054188 Ha dipole=1.6144 D
Worker 37 step 276: twist — no coordinate change (box rejection?)
Worker 37 step 277: twist — no coordinate change (box rejection?)
Worker 35 step 132: ACCEPTED twist E=-152.054778 Ha dipole=0.1600 D
Worker 6 step 197: ACCEPTED twist E=-152.059297 Ha dipole=1.5798 D
Worker 23 step 124: ACCEPTED principal_axis_rotation E=-152.055016 Ha dipole=1.2146 D
Worker 11 step 124: ACCEPTED twist E=-152.055999 Ha dipole=1.3945 D
Worker 21: 170/300 — accepted=76, rate=44.7%
Worker 7 step 262: ACCEPTED large_displacement E=-152.053870 Ha dipole=0.5889 D
Worker 30 step 153: ACCEPTED twist E=-152.053172 Ha dipole=1.4876 D
Worker 30 step 154: large_displacement — no coordinate change (box rejection?)
Worker 4: 180/300 — accepted=83, rate=46.1%
Worker 4 step 180: twist — no coordinate change (box rejection?)
Worker 15 step 134: ACCEPTED mirror E=-152.056806 Ha dipole=1.6028 D
Worker 15 step 134: Adaptive box growth — new radius = 9.13 Å (acc=40.00%) 
Worker 28 step 129: ACCEPTED exchange E=-152.053189 Ha dipole=1.5261 D
Worker 28: 130/300 — accepted=65, rate=50.0%
Worker 39 step 131: ACCEPTED exchange E=-152.060373 Ha dipole=0.2524 D
Worker 9 step 158: ACCEPTED large_displacement E=-152.058733 Ha dipole=1.0766 D
Worker 8 step 196: ACCEPTED twist E=-152.050894 Ha dipole=1.1654 D
Worker 34 step 146: ACCEPTED twist E=-152.053834 Ha dipole=1.3719 D
Worker 17 step 151: ACCEPTED large_displacement E=-152.057793 Ha dipole=1.3659 D
Worker 19 step 185: ACCEPTED exchange E=-152.053911 Ha dipole=1.5114 D
Worker 5 step 136: ACCEPTED twist E=-152.057812 Ha dipole=0.3696 D
Worker 37 step 278: ACCEPTED exchange E=-152.054141 Ha dipole=1.6140 D
Worker 37 step 279: twist — no coordinate change (box rejection?)
Worker 26 step 134: ACCEPTED principal_axis_rotation E=-152.058469 Ha dipole=1.5654 D
Worker 10 step 181: ACCEPTED mirror E=-152.052754 Ha dipole=1.4586 D
Worker 0 step 183: ACCEPTED twist E=-152.057990 Ha dipole=0.8303 D
Worker 6 step 198: ACCEPTED twist E=-152.058930 Ha dipole=1.4563 D
Worker 2 step 207: roto_reflection — no coordinate change (box rejection?)
Worker 3 step 170: ACCEPTED exchange E=-152.053673 Ha dipole=1.2261 D
Worker 38 step 193: ACCEPTED exchange E=-152.053827 Ha dipole=1.1651 D
Worker 28 step 130: ACCEPTED principal_axis_rotation E=-152.054013 Ha dipole=1.0767 D
Worker 22 step 215: ACCEPTED twist E=-152.059237 Ha dipole=1.2386 D
Worker 27 step 130: ACCEPTED twist E=-152.060702 Ha dipole=0.9727 D
Worker 20 step 149: Adaptive box growth — new radius = 9.63 Å (acc=20.00%) 
Worker 20: 150/300 — accepted=73, rate=48.7%
Worker 34 step 147: ACCEPTED twist E=-152.053818 Ha dipole=1.4982 D
Worker 30 step 155: ACCEPTED principal_axis_rotation E=-152.054473 Ha dipole=0.8009 D
Worker 17 step 152: ACCEPTED twist E=-152.057978 Ha dipole=1.1410 D
Worker 8 step 197: ACCEPTED large_displacement E=-152.051681 Ha dipole=1.1724 D
Worker 12 step 179: ACCEPTED principal_axis_rotation E=-152.058801 Ha dipole=1.0947 D
Worker 12 step 179: Adaptive box growth — new radius = 9.91 Å (acc=40.00%) 
Worker 12: 180/300 — accepted=88, rate=48.9%
Worker 23 step 125: ACCEPTED twist E=-152.054987 Ha dipole=1.2132 D
Worker 29 step 148: ACCEPTED random_so3 E=-152.058236 Ha dipole=1.4099 D
Worker 11 step 125: ACCEPTED roto_reflection E=-152.056761 Ha dipole=1.6350 D
Worker 21 step 170: ACCEPTED roto_reflection E=-152.057621 Ha dipole=0.7865 D
Worker 7 step 263: ACCEPTED large_displacement E=-152.053952 Ha dipole=0.5895 D
Worker 7 step 264: twist — no coordinate change (box rejection?)
Worker 39 step 132: ACCEPTED principal_axis_rotation E=-152.060671 Ha dipole=0.3182 D
Worker 13 step 177: ACCEPTED large_displacement E=-152.056451 Ha dipole=0.9707 D
Worker 15 step 135: ACCEPTED mirror E=-152.056806 Ha dipole=1.6028 D
Worker 24 step 153: ACCEPTED principal_axis_rotation E=-152.056258 Ha dipole=1.5605 D
Worker 0 step 184: ACCEPTED mirror E=-152.057990 Ha dipole=0.8303 D
Worker 0 step 184: Box stable window 1/3 (acc=60.00%)
Worker 9 step 159: ACCEPTED exchange E=-152.061635 Ha dipole=1.1688 D
Worker 9: 160/300 — accepted=63, rate=39.4%
Worker 38 step 194: ACCEPTED large_displacement E=-152.053951 Ha dipole=1.1663 D
Worker 6 step 199: ACCEPTED principal_axis_rotation E=-152.057764 Ha dipole=1.4337 D
Worker 6: 200/300 — accepted=67, rate=33.5%
Worker 36 step 186: ACCEPTED twist E=-152.054306 Ha dipole=1.1836 D
Worker 19 step 186: ACCEPTED twist E=-152.053910 Ha dipole=1.5285 D
Worker 28 step 131: ACCEPTED exchange E=-152.054143 Ha dipole=1.0789 D
Worker 37 step 280: ACCEPTED large_displacement E=-152.054178 Ha dipole=1.6144 D
Worker 10 step 182: ACCEPTED exchange E=-152.052940 Ha dipole=1.4568 D
Worker 34 step 148: ACCEPTED principal_axis_rotation E=-152.053661 Ha dipole=1.5550 D
Worker 5 step 138: ACCEPTED twist E=-152.058464 Ha dipole=0.7312 D
Worker 3 step 171: ACCEPTED twist E=-152.053615 Ha dipole=1.0733 D
Worker 2 step 208: ACCEPTED large_displacement E=-152.059443 Ha dipole=1.3902 D
Worker 8 step 198: ACCEPTED exchange E=-152.057758 Ha dipole=1.2119 D
Worker 1 step 238: ACCEPTED principal_axis_rotation E=-152.053854 Ha dipole=1.5441 D
Worker 30 step 156: ACCEPTED exchange E=-152.054617 Ha dipole=0.8025 D
Worker 22 step 216: ACCEPTED large_displacement E=-152.057385 Ha dipole=1.2222 D
Worker 21 step 171: ACCEPTED twist E=-152.055621 Ha dipole=0.5517 D
Worker 21 step 172: exchange — no coordinate change (box rejection?)
Worker 4 step 182: ACCEPTED principal_axis_rotation E=-152.061721 Ha dipole=1.6670 D
Worker 20 step 150: ACCEPTED large_displacement E=-152.059190 Ha dipole=1.6828 D
Worker 35 step 134: ACCEPTED twist E=-152.055183 Ha dipole=0.6352 D
Worker 35 step 134: Box stable window 3/3 (acc=60.00%)
Worker 35 step 134: Box growth stabilized after 3 windows. Stopping growth.
Worker 24 step 154: ACCEPTED mirror E=-152.056258 Ha dipole=1.5605 D
Worker 23 step 126: ACCEPTED twist E=-152.055129 Ha dipole=1.0326 D
Worker 12 step 180: ACCEPTED twist E=-152.058732 Ha dipole=0.8509 D
Worker 11 step 126: ACCEPTED large_displacement E=-152.055802 Ha dipole=1.6192 D
Worker 7 step 265: ACCEPTED large_displacement E=-152.054002 Ha dipole=0.5898 D
Worker 7 step 266: roto_reflection — no coordinate change (box rejection?)
Worker 29 step 149: ACCEPTED large_displacement E=-152.057213 Ha dipole=1.4031 D
Worker 29: 150/300 — accepted=77, rate=51.3%
Worker 28 step 132: ACCEPTED roto_reflection E=-152.054121 Ha dipole=0.7464 D
Worker 38 step 195: ACCEPTED random_so3 E=-152.053792 Ha dipole=1.1910 D
Worker 13 step 178: ACCEPTED large_displacement E=-152.056015 Ha dipole=0.9625 D
Worker 34 step 149: ACCEPTED exchange E=-152.053615 Ha dipole=1.5547 D
Worker 34: 150/300 — accepted=90, rate=60.0%
Worker 15 step 136: ACCEPTED random_so3 E=-152.057596 Ha dipole=0.8513 D
Worker 5 step 139: Box stable window 1/3 (acc=60.00%)
Worker 5: 140/300 — accepted=61, rate=43.6%
Worker 36 step 187: ACCEPTED large_displacement E=-152.054363 Ha dipole=1.1840 D
Worker 19 step 187: ACCEPTED large_displacement E=-152.053939 Ha dipole=1.5289 D
Worker 8 step 199: ACCEPTED roto_reflection E=-152.058092 Ha dipole=1.2605 D
Worker 8: 200/300 — accepted=71, rate=35.5%
Worker 17 step 154: ACCEPTED large_displacement E=-152.059047 Ha dipole=1.1610 D
Worker 17 step 154: Box stable window 1/3 (acc=60.00%)
Worker 37 step 281: ACCEPTED large_displacement E=-152.054207 Ha dipole=1.6148 D
Worker 6 step 200: ACCEPTED roto_reflection E=-152.058115 Ha dipole=1.6543 D
Worker 3 step 172: ACCEPTED large_displacement E=-152.053784 Ha dipole=1.0743 D
Worker 10 step 183: ACCEPTED random_so3 E=-152.054195 Ha dipole=0.8944 D
Worker 39 step 134: Adaptive box growth — new radius = 13.57 Å (acc=40.00%) 
Worker 4 step 184: roto_reflection — no coordinate change (box rejection?)
Worker 24 step 155: ACCEPTED random_so3 E=-152.056209 Ha dipole=1.2461 D
Worker 32 step 147: ACCEPTED large_displacement E=-152.061752 Ha dipole=1.4804 D
Worker 33 step 148: ACCEPTED principal_axis_rotation E=-152.057557 Ha dipole=0.5366 D
Worker 2 step 209: ACCEPTED roto_reflection E=-152.061533 Ha dipole=1.5100 D
Worker 2: 210/300 — accepted=81, rate=38.6%
Worker 2 step 210: large_displacement — no coordinate change (box rejection?)
Worker 22 step 218: twist — no coordinate change (box rejection?)
Worker 1 step 239: ACCEPTED large_displacement E=-152.054405 Ha dipole=1.5491 D
Worker 1 step 239: Box stable window 2/3 (acc=60.00%)
Worker 1: 240/300 — accepted=79, rate=32.9%
Worker 1 step 240: roto_reflection — no coordinate change (box rejection?)
Worker 30 step 158: roto_reflection — no coordinate change (box rejection?)
Worker 38 step 196: ACCEPTED large_displacement E=-152.053715 Ha dipole=1.1905 D
Worker 20 step 151: ACCEPTED twist E=-152.058788 Ha dipole=1.6630 D
Worker 35 step 135: ACCEPTED twist E=-152.057065 Ha dipole=0.5985 D
Worker 12 step 181: ACCEPTED large_displacement E=-152.056854 Ha dipole=0.8689 D
Worker 13: 180/300 — accepted=83, rate=46.1%
Worker 7 step 267: ACCEPTED twist E=-152.053686 Ha dipole=1.1315 D
Worker 8 step 200: ACCEPTED principal_axis_rotation E=-152.057659 Ha dipole=1.1497 D
Worker 3 step 173: ACCEPTED large_displacement E=-152.053819 Ha dipole=1.0746 D
Worker 3 step 174: roto_reflection — no coordinate change (box rejection?)
Worker 11 step 127: ACCEPTED mirror E=-152.055802 Ha dipole=1.6192 D
Worker 3 step 175: twist — no coordinate change (box rejection?)
Worker 9 step 161: ACCEPTED large_displacement E=-152.060051 Ha dipole=1.1249 D
Worker 3 step 176: mirror — no coordinate change (box rejection?)
Worker 23 step 127: ACCEPTED exchange E=-152.053564 Ha dipole=1.0078 D
Worker 29 step 150: ACCEPTED twist E=-152.052706 Ha dipole=0.6585 D
Worker 39 step 135: ACCEPTED exchange E=-152.055785 Ha dipole=0.2849 D
Worker 34 step 150: ACCEPTED roto_reflection E=-152.053503 Ha dipole=1.3350 D
Worker 4 step 185: ACCEPTED twist E=-152.061702 Ha dipole=1.5888 D
Worker 19 step 188: ACCEPTED twist E=-152.053978 Ha dipole=1.5532 D
Worker 19 step 189: roto_reflection — no coordinate change (box rejection?)
Worker 36 step 188: ACCEPTED random_so3 E=-152.054181 Ha dipole=1.0202 D
Worker 37 step 282: ACCEPTED exchange E=-152.054268 Ha dipole=1.6153 D
Worker 37 step 283: roto_reflection — no coordinate change (box rejection?)
Worker 37 step 284: twist — no coordinate change (box rejection?)
Worker 24 step 156: ACCEPTED mirror E=-152.056209 Ha dipole=1.2461 D
Worker 17 step 155: ACCEPTED large_displacement E=-152.058869 Ha dipole=1.1573 D
Worker 6 step 201: ACCEPTED large_displacement E=-152.058183 Ha dipole=1.6559 D
Worker 26 step 137: ACCEPTED twist E=-152.055200 Ha dipole=1.4390 D
Worker 26 step 138: roto_reflection — no coordinate change (box rejection?)
Worker 22: 220/300 — accepted=94, rate=42.7%
Worker 10 step 184: ACCEPTED roto_reflection E=-152.054443 Ha dipole=1.1132 D
Worker 30 step 159: ACCEPTED twist E=-152.054245 Ha dipole=1.2357 D
Worker 30 step 159: Box stable window 1/3 (acc=60.00%)
Worker 30: 160/300 — accepted=90, rate=56.2%
Worker 21 step 174: ACCEPTED twist E=-152.056025 Ha dipole=0.6696 D
Worker 3 step 177: ACCEPTED exchange E=-152.053825 Ha dipole=1.0746 D
Worker 33 step 149: ACCEPTED principal_axis_rotation E=-152.058514 Ha dipole=0.5431 D
Worker 33 step 149: Adaptive box growth — new radius = 9.92 Å (acc=40.00%) 
Worker 33: 150/300 — accepted=71, rate=47.3%
Worker 32 step 148: ACCEPTED large_displacement E=-152.061171 Ha dipole=1.4458 D
Worker 7 step 268: ACCEPTED principal_axis_rotation E=-152.053918 Ha dipole=0.4941 D
Worker 7 step 269: mirror — no coordinate change (box rejection?)
Worker 39 step 136: ACCEPTED large_displacement E=-152.056187 Ha dipole=0.2901 D
Worker 2 step 211: ACCEPTED twist E=-152.061230 Ha dipole=1.6404 D
Worker 1 step 241: ACCEPTED large_displacement E=-152.053481 Ha dipole=1.5480 D
Worker 38 step 197: ACCEPTED mirror E=-152.053715 Ha dipole=1.1905 D
Worker 27 step 133: ACCEPTED principal_axis_rotation E=-152.059879 Ha dipole=0.9357 D
Worker 20 step 152: ACCEPTED random_so3 E=-152.059571 Ha dipole=1.4855 D
Worker 28 step 134: ACCEPTED large_displacement E=-152.054076 Ha dipole=0.7444 D
Worker 34 step 151: ACCEPTED mirror E=-152.054237 Ha dipole=0.9019 D
Worker 11 step 128: ACCEPTED mirror E=-152.055802 Ha dipole=1.6192 D
Worker 8 step 201: ACCEPTED random_so3 E=-152.056474 Ha dipole=1.0974 D
Worker 23 step 128: ACCEPTED mirror E=-152.053564 Ha dipole=1.0072 D
Worker 0 step 187: ACCEPTED twist E=-152.056580 Ha dipole=0.8979 D
Worker 9 step 162: ACCEPTED principal_axis_rotation E=-152.059808 Ha dipole=1.6005 D
Worker 29 step 151: ACCEPTED large_displacement E=-152.053075 Ha dipole=0.6535 D
Worker 30 step 160: ACCEPTED principal_axis_rotation E=-152.053549 Ha dipole=1.3789 D
Worker 22 step 220: ACCEPTED principal_axis_rotation E=-152.058096 Ha dipole=0.9319 D
Worker 19 step 190: ACCEPTED exchange E=-152.053959 Ha dipole=1.5532 D
Worker 36 step 189: Box stable window 1/3 (acc=60.00%)
Worker 36: 190/300 — accepted=107, rate=56.3%
Worker 36 step 190: twist — no coordinate change (box rejection?)
Worker 36 step 191: roto_reflection — no coordinate change (box rejection?)
Worker 3 step 178: ACCEPTED random_so3 E=-152.053924 Ha dipole=0.7110 D
Worker 3 step 179: twist — no coordinate change (box rejection?)
Worker 3 step 180: roto_reflection — no coordinate change (box rejection?)
Worker 3 step 181: twist — no coordinate change (box rejection?)
Worker 3 step 182: twist — no coordinate change (box rejection?)
Worker 3 step 183: random_so3 — no coordinate change (box rejection?)
Worker 3 step 184: roto_reflection — no coordinate change (box rejection?)
Worker 37 step 285: ACCEPTED roto_reflection E=-152.054265 Ha dipole=1.6125 D
Worker 37 step 286: twist — no coordinate change (box rejection?)
Worker 24 step 157: ACCEPTED large_displacement E=-152.057260 Ha dipole=1.2567 D
Worker 7 step 270: ACCEPTED mirror E=-152.053918 Ha dipole=0.4941 D
Worker 7 step 271: mirror — no coordinate change (box rejection?)
Worker 39 step 137: ACCEPTED large_displacement E=-152.055992 Ha dipole=0.2883 D
Worker 6 step 202: ACCEPTED random_so3 E=-152.055503 Ha dipole=1.5150 D
Worker 26 step 139: Adaptive box growth — new radius = 10.85 Å (acc=20.00%) 
Worker 26: 140/300 — accepted=84, rate=60.0%
Worker 15 step 139: ACCEPTED mirror E=-152.057596 Ha dipole=0.8513 D
Worker 15 step 139: Box stable window 1/3 (acc=60.00%)
Worker 15: 140/300 — accepted=77, rate=55.0%
Worker 20 step 153: ACCEPTED exchange E=-152.058404 Ha dipole=1.4950 D
Worker 13 step 181: ACCEPTED exchange E=-152.055939 Ha dipole=0.9777 D
Worker 13 step 182: mirror — no coordinate change (box rejection?)
Worker 32 step 149: Adaptive box growth — new radius = 11.67 Å (acc=40.00%) 
Worker 32: 150/300 — accepted=70, rate=46.7%
Worker 33 step 150: ACCEPTED roto_reflection E=-152.058511 Ha dipole=0.5428 D
Worker 19 step 191: ACCEPTED exchange E=-152.053978 Ha dipole=1.5532 D
Worker 38 step 198: ACCEPTED large_displacement E=-152.053664 Ha dipole=1.1902 D
Worker 3 step 185: ACCEPTED twist E=-152.053864 Ha dipole=0.7400 D
Worker 1 step 242: ACCEPTED twist E=-152.053451 Ha dipole=1.5416 D
Worker 36 step 192: ACCEPTED large_displacement E=-152.054174 Ha dipole=1.0205 D
Worker 23 step 129: ACCEPTED mirror E=-152.053564 Ha dipole=1.0072 D
Worker 23: 130/300 — accepted=73, rate=56.2%
Worker 23 step 130: mirror — no coordinate change (box rejection?)
Worker 39 step 138: ACCEPTED random_so3 E=-152.060420 Ha dipole=0.7844 D
Worker 34 step 152: ACCEPTED large_displacement E=-152.054079 Ha dipole=0.9008 D
Worker 28 step 135: ACCEPTED exchange E=-152.054280 Ha dipole=0.7319 D
Worker 7 step 272: ACCEPTED random_so3 E=-152.053991 Ha dipole=0.6819 D
Worker 11: 130/300 — accepted=57, rate=43.8%
Worker 22 step 221: ACCEPTED twist E=-152.056677 Ha dipole=1.0864 D
Worker 5 step 142: ACCEPTED twist E=-152.056795 Ha dipole=0.9824 D
Worker 0 step 188: ACCEPTED random_so3 E=-152.059423 Ha dipole=1.6842 D
Worker 21 step 176: ACCEPTED twist E=-152.056168 Ha dipole=0.6536 D
Worker 29 step 152: ACCEPTED large_displacement E=-152.053426 Ha dipole=0.6545 D
Worker 15 step 140: ACCEPTED large_displacement E=-152.055507 Ha dipole=0.8168 D
Worker 15 step 141: roto_reflection — no coordinate change (box rejection?)
Worker 30 step 161: ACCEPTED twist E=-152.054345 Ha dipole=1.2762 D
Worker 20 step 154: ACCEPTED mirror E=-152.058404 Ha dipole=1.4950 D
Worker 6 step 203: ACCEPTED principal_axis_rotation E=-152.059629 Ha dipole=1.1024 D
Worker 37 step 287: ACCEPTED large_displacement E=-152.054256 Ha dipole=1.6124 D
Worker 19 step 192: ACCEPTED large_displacement E=-152.053992 Ha dipole=1.5534 D
Worker 13 step 183: ACCEPTED principal_axis_rotation E=-152.054712 Ha dipole=0.9204 D
Worker 13 step 184: roto_reflection — no coordinate change (box rejection?)
Worker 3 step 186: ACCEPTED twist E=-152.053826 Ha dipole=1.1670 D
Worker 26 step 140: ACCEPTED exchange E=-152.054789 Ha dipole=1.4241 D
Worker 10 step 186: ACCEPTED twist E=-152.055634 Ha dipole=0.3634 D
Worker 7 step 273: ACCEPTED large_displacement E=-152.054014 Ha dipole=0.6817 D
Worker 7 step 274: twist — no coordinate change (box rejection?)
Worker 7 step 275: large_displacement — no coordinate change (box rejection?)
Worker 22 step 222: ACCEPTED exchange E=-152.056417 Ha dipole=1.0703 D
Worker 12 step 184: Adaptive box growth — new radius = 10.80 Å (acc=40.00%) 
Worker 33 step 151: ACCEPTED mirror E=-152.058511 Ha dipole=0.5428 D
Worker 32 step 150: ACCEPTED large_displacement E=-152.060269 Ha dipole=1.4238 D
Worker 20 step 155: ACCEPTED large_displacement E=-152.056663 Ha dipole=1.4594 D
Worker 38 step 199: ACCEPTED roto_reflection E=-152.054137 Ha dipole=0.1745 D
Worker 38: 200/300 — accepted=104, rate=52.0%
Worker 36 step 193: ACCEPTED large_displacement E=-152.054245 Ha dipole=1.0215 D
Worker 1 step 243: ACCEPTED mirror E=-152.053451 Ha dipole=1.5416 D
Worker 15 step 142: ACCEPTED large_displacement E=-152.055816 Ha dipole=0.8215 D
Worker 23 step 131: ACCEPTED twist E=-152.053101 Ha dipole=1.0353 D
Worker 4: 190/300 — accepted=85, rate=44.7%
Worker 4 step 190: large_displacement — no coordinate change (box rejection?)
Worker 4 step 191: twist — no coordinate change (box rejection?)
Worker 27 step 135: ACCEPTED large_displacement E=-152.059857 Ha dipole=0.8697 D
Worker 39 step 139: ACCEPTED mirror E=-152.060420 Ha dipole=0.7844 D
Worker 19 step 193: ACCEPTED roto_reflection E=-152.054112 Ha dipole=0.4323 D
Worker 39: 140/300 — accepted=71, rate=50.7%
Worker 19 step 194: large_displacement — no coordinate change (box rejection?)
Worker 19 step 195: roto_reflection — no coordinate change (box rejection?)
Worker 19 step 196: roto_reflection — no coordinate change (box rejection?)
Worker 19 step 197: twist — no coordinate change (box rejection?)
Worker 34 step 153: ACCEPTED principal_axis_rotation E=-152.054139 Ha dipole=0.9585 D
Worker 13 step 185: ACCEPTED exchange E=-152.054237 Ha dipole=0.9314 D
Worker 8 step 203: ACCEPTED mirror E=-152.055161 Ha dipole=1.2157 D
Worker 11 step 130: ACCEPTED principal_axis_rotation E=-152.055791 Ha dipole=1.6211 D
Worker 28 step 136: ACCEPTED twist E=-152.054677 Ha dipole=0.4149 D
Worker 21 step 177: ACCEPTED mirror E=-152.056168 Ha dipole=0.6536 D
Worker 5 step 143: ACCEPTED large_displacement E=-152.056009 Ha dipole=0.9549 D
Worker 37 step 288: ACCEPTED large_displacement E=-152.054399 Ha dipole=1.6140 D
Worker 0 step 189: ACCEPTED mirror E=-152.059423 Ha dipole=1.6842 D
Worker 0 step 189: Box stable window 2/3 (acc=60.00%)
Worker 0: 190/300 — accepted=90, rate=47.4%
Worker 29 step 153: ACCEPTED twist E=-152.055884 Ha dipole=1.3360 D
Worker 30 step 162: ACCEPTED large_displacement E=-152.054413 Ha dipole=1.2762 D
Worker 30 step 163: roto_reflection — no coordinate change (box rejection?)
Worker 30 step 164: large_displacement — no coordinate change (box rejection?)
Worker 3 step 187: ACCEPTED exchange E=-152.053868 Ha dipole=1.1669 D
Worker 24 step 159: Box stable window 1/3 (acc=60.00%)
Worker 24: 160/300 — accepted=100, rate=62.5%
Worker 20 step 156: ACCEPTED principal_axis_rotation E=-152.056702 Ha dipole=0.8481 D
Worker 7 step 276: ACCEPTED exchange E=-152.053791 Ha dipole=0.6821 D
Worker 22 step 223: ACCEPTED exchange E=-152.056677 Ha dipole=1.0864 D
Worker 22 step 224: twist — no coordinate change (box rejection?)
Worker 26 step 141: ACCEPTED principal_axis_rotation E=-152.056008 Ha dipole=1.4471 D
Worker 10 step 187: ACCEPTED principal_axis_rotation E=-152.055317 Ha dipole=0.7394 D
Worker 1 step 244: ACCEPTED principal_axis_rotation E=-152.056187 Ha dipole=1.5474 D
Worker 39 step 140: ACCEPTED twist E=-152.061736 Ha dipole=0.7819 D
Worker 13 step 186: ACCEPTED random_so3 E=-152.052910 Ha dipole=0.6388 D
Worker 8 step 204: ACCEPTED twist E=-152.055156 Ha dipole=1.1325 D
Worker 37 step 289: ACCEPTED twist E=-152.054398 Ha dipole=1.6035 D
Worker 37 step 289: Box stable window 2/3 (acc=60.00%)
Worker 37: 290/300 — accepted=134, rate=46.2%
Worker 36 step 194: ACCEPTED large_displacement E=-152.054198 Ha dipole=1.0207 D
Worker 36 step 194: Box stable window 2/3 (acc=60.00%)
Worker 38 step 200: ACCEPTED large_displacement E=-152.054068 Ha dipole=0.1739 D
Worker 33 step 152: ACCEPTED large_displacement E=-152.058675 Ha dipole=0.5358 D
Worker 32 step 151: ACCEPTED mirror E=-152.060269 Ha dipole=1.4238 D
Worker 35 step 139: ACCEPTED principal_axis_rotation E=-152.057430 Ha dipole=0.9053 D
Worker 35: 140/300 — accepted=73, rate=52.1%
Worker 2 step 215: twist — no coordinate change (box rejection?)
Worker 23 step 132: ACCEPTED random_so3 E=-152.051761 Ha dipole=1.5800 D
Worker 17 step 159: ACCEPTED twist E=-152.058958 Ha dipole=1.5960 D
Worker 17 step 159: Adaptive box growth — new radius = 7.88 Å (acc=40.00%) 
Worker 17: 160/300 — accepted=86, rate=53.8%
Worker 17 step 160: roto_reflection — no coordinate change (box rejection?)
Worker 19 step 198: ACCEPTED random_so3 E=-152.054034 Ha dipole=0.8557 D
Worker 19 step 199: roto_reflection — no coordinate change (box rejection?)
Worker 5 step 144: ACCEPTED mirror E=-152.056009 Ha dipole=0.9549 D
Worker 5 step 144: Box stable window 2/3 (acc=60.00%)
Worker 20 step 157: ACCEPTED large_displacement E=-152.057233 Ha dipole=0.8539 D
Worker 27 step 136: ACCEPTED twist E=-152.059931 Ha dipole=1.0539 D
Worker 11 step 131: ACCEPTED large_displacement E=-152.055612 Ha dipole=1.6189 D
Worker 28 step 137: ACCEPTED twist E=-152.056651 Ha dipole=0.8314 D
Worker 30 step 165: ACCEPTED large_displacement E=-152.054148 Ha dipole=1.2735 D
Worker 29 step 154: ACCEPTED large_displacement E=-152.056889 Ha dipole=1.3423 D
Worker 0 step 190: ACCEPTED random_so3 E=-152.059956 Ha dipole=1.6698 D
Worker 3 step 188: ACCEPTED principal_axis_rotation E=-152.053896 Ha dipole=1.1665 D
Worker 37 step 290: ACCEPTED exchange E=-152.054298 Ha dipole=1.6028 D
Worker 10 step 188: ACCEPTED random_so3 E=-152.054537 Ha dipole=1.2798 D
Worker 13 step 187: ACCEPTED large_displacement E=-152.053643 Ha dipole=0.6376 D
Worker 34 step 155: ACCEPTED large_displacement E=-152.054119 Ha dipole=0.9580 D
Worker 24 step 160: ACCEPTED random_so3 E=-152.055866 Ha dipole=1.1459 D
Worker 1 step 245: ACCEPTED principal_axis_rotation E=-152.058454 Ha dipole=1.3500 D
Worker 7 step 277: ACCEPTED mirror E=-152.053791 Ha dipole=0.6821 D
Worker 26 step 142: ACCEPTED mirror E=-152.056006 Ha dipole=1.4471 D
Worker 20 step 158: ACCEPTED mirror E=-152.057236 Ha dipole=0.8540 D
Worker 15 step 144: ACCEPTED large_displacement E=-152.055377 Ha dipole=0.8150 D
Worker 15 step 144: Box stable window 2/3 (acc=60.00%)
Worker 21: 180/300 — accepted=81, rate=45.0%
Worker 38 step 201: ACCEPTED exchange E=-152.054059 Ha dipole=0.1738 D
Worker 36 step 195: ACCEPTED mirror E=-152.054198 Ha dipole=1.0207 D
Worker 36 step 196: twist — no coordinate change (box rejection?)
Worker 8 step 206: ACCEPTED mirror E=-152.055156 Ha dipole=1.1325 D
Worker 32 step 152: ACCEPTED mirror E=-152.060269 Ha dipole=1.4238 D
Worker 35 step 140: ACCEPTED twist E=-152.056912 Ha dipole=0.2375 D
Worker 37 step 291: ACCEPTED principal_axis_rotation E=-152.054010 Ha dipole=1.1643 D
Worker 23 step 133: ACCEPTED random_so3 E=-152.054933 Ha dipole=0.4753 D
Worker 34 step 156: ACCEPTED mirror E=-152.054120 Ha dipole=0.9570 D
Worker 6 step 206: ACCEPTED twist E=-152.060024 Ha dipole=0.8794 D
Worker 19 step 200: ACCEPTED twist E=-152.054034 Ha dipole=0.8509 D
Worker 10 step 189: ACCEPTED exchange E=-152.055575 Ha dipole=1.2884 D
Worker 10: 190/300 — accepted=93, rate=48.9%
Worker 13 step 188: ACCEPTED roto_reflection E=-152.055607 Ha dipole=1.4912 D
Worker 11 step 132: ACCEPTED large_displacement E=-152.055379 Ha dipole=1.6152 D
Worker 27 step 137: ACCEPTED twist E=-152.057899 Ha dipole=1.3420 D
Worker 28 step 138: ACCEPTED principal_axis_rotation E=-152.055059 Ha dipole=0.4481 D
Worker 30 step 166: ACCEPTED principal_axis_rotation E=-152.054220 Ha dipole=1.1770 D
Worker 30 step 167: roto_reflection — no coordinate change (box rejection?)
Worker 3 step 189: ACCEPTED exchange E=-152.053823 Ha dipole=1.1664 D
Worker 3 step 189: Box stable window 3/3 (acc=55.00%)
Worker 3 step 189: Box growth stabilized after 3 windows. Stopping growth.
Worker 3: 190/300 — accepted=112, rate=58.9%
Worker 3 step 190: roto_reflection — no coordinate change (box rejection?)
Worker 29 step 155: ACCEPTED twist E=-152.057461 Ha dipole=1.0711 D
Worker 0 step 191: ACCEPTED roto_reflection E=-152.061630 Ha dipole=1.5330 D
Worker 17 step 162: ACCEPTED twist E=-152.057819 Ha dipole=1.5407 D
Worker 5 step 146: ACCEPTED random_so3 E=-152.054896 Ha dipole=0.9286 D
Worker 20 step 159: ACCEPTED exchange E=-152.056783 Ha dipole=0.8149 D
Worker 20: 160/300 — accepted=83, rate=51.9%
Worker 39 step 142: ACCEPTED twist E=-152.060284 Ha dipole=0.4460 D
Worker 24 step 161: ACCEPTED twist E=-152.056028 Ha dipole=1.2484 D
Worker 7 step 278: ACCEPTED roto_reflection E=-152.054269 Ha dipole=1.4652 D
Worker 7 step 279: mirror — no coordinate change (box rejection?)
Worker 8 step 207: ACCEPTED principal_axis_rotation E=-152.055415 Ha dipole=1.1264 D
Worker 37 step 292: ACCEPTED principal_axis_rotation E=-152.054057 Ha dipole=1.1644 D
Worker 22 step 226: ACCEPTED large_displacement E=-152.053431 Ha dipole=1.0585 D
Worker 34 step 157: ACCEPTED large_displacement E=-152.054135 Ha dipole=0.9573 D
Worker 34 step 158: roto_reflection — no coordinate change (box rejection?)
Worker 15 step 145: ACCEPTED twist E=-152.055048 Ha dipole=1.0015 D
Worker 33 step 154: Box stable window 1/3 (acc=60.00%)
Worker 21 step 180: ACCEPTED large_displacement E=-152.056312 Ha dipole=0.6263 D
Worker 21 step 181: mirror — no coordinate change (box rejection?)
Worker 10 step 190: ACCEPTED exchange E=-152.054537 Ha dipole=1.2798 D
Worker 36 step 197: ACCEPTED twist E=-152.053848 Ha dipole=0.4064 D
Worker 38 step 202: ACCEPTED exchange E=-152.054068 Ha dipole=0.1739 D
Worker 17 step 163: ACCEPTED twist E=-152.057955 Ha dipole=1.2294 D
Worker 5 step 147: ACCEPTED large_displacement E=-152.053650 Ha dipole=0.9190 D
Worker 3 step 191: ACCEPTED random_so3 E=-152.054086 Ha dipole=0.8769 D
Worker 20 step 160: ACCEPTED large_displacement E=-152.055704 Ha dipole=0.8134 D
Worker 3 step 192: roto_reflection — no coordinate change (box rejection?)
Worker 13: 190/300 — accepted=89, rate=46.8%
Worker 3 step 193: twist — no coordinate change (box rejection?)
Worker 19 step 201: ACCEPTED large_displacement E=-152.054020 Ha dipole=0.8506 D
Worker 35 step 141: ACCEPTED principal_axis_rotation E=-152.058044 Ha dipole=1.0461 D
Worker 19 step 202: roto_reflection — no coordinate change (box rejection?)
Worker 23 step 134: ACCEPTED principal_axis_rotation E=-152.054204 Ha dipole=0.3199 D
Worker 2 step 218: roto_reflection — no coordinate change (box rejection?)
Worker 2 step 219: mirror — no coordinate change (box rejection?)
Worker 6 step 207: ACCEPTED roto_reflection E=-152.059789 Ha dipole=0.9952 D
Worker 28 step 139: ACCEPTED mirror E=-152.055059 Ha dipole=0.4481 D
Worker 28: 140/300 — accepted=74, rate=52.9%
Worker 11 step 133: ACCEPTED mirror E=-152.052784 Ha dipole=0.2263 D
Worker 30 step 168: ACCEPTED mirror E=-152.054261 Ha dipole=1.1079 D
Worker 30 step 169: mirror — no coordinate change (box rejection?)
Worker 30 step 170: twist — no coordinate change (box rejection?)
Worker 30 step 171: twist — no coordinate change (box rejection?)
Worker 37 step 293: ACCEPTED random_so3 E=-152.053864 Ha dipole=1.4743 D
Worker 39 step 143: ACCEPTED large_displacement E=-152.060272 Ha dipole=0.4373 D
Worker 7 step 280: ACCEPTED large_displacement E=-152.054450 Ha dipole=1.4674 D
Worker 0 step 192: ACCEPTED principal_axis_rotation E=-152.061693 Ha dipole=1.5325 D
Worker 33 step 155: ACCEPTED mirror E=-152.058678 Ha dipole=0.5364 D
Worker 1 step 247: ACCEPTED twist E=-152.060282 Ha dipole=1.4174 D
Worker 10 step 191: ACCEPTED principal_axis_rotation E=-152.055577 Ha dipole=1.2944 D
Worker 24 step 162: ACCEPTED principal_axis_rotation E=-152.056293 Ha dipole=1.2603 D
Worker 8 step 208: ACCEPTED twist E=-152.054319 Ha dipole=1.1067 D
Worker 15 step 146: ACCEPTED exchange E=-152.054949 Ha dipole=0.9940 D
Worker 17 step 164: Adaptive box growth — new radius = 8.59 Å (acc=40.00%) 
Worker 26 step 144: ACCEPTED twist E=-152.057504 Ha dipole=1.5476 D
Worker 22 step 227: ACCEPTED exchange E=-152.057572 Ha dipole=1.0858 D
Worker 34 step 159: ACCEPTED large_displacement E=-152.054319 Ha dipole=0.9586 D
Worker 34: 160/300 — accepted=98, rate=61.3%
Worker 34 step 160: roto_reflection — no coordinate change (box rejection?)
Worker 19 step 203: ACCEPTED principal_axis_rotation E=-152.054072 Ha dipole=1.1905 D
Worker 21 step 182: ACCEPTED roto_reflection E=-152.054545 Ha dipole=1.4341 D
Worker 21 step 183: roto_reflection — no coordinate change (box rejection?)
Worker 21 step 184: mirror — no coordinate change (box rejection?)
Worker 36 step 198: ACCEPTED exchange E=-152.054099 Ha dipole=0.4073 D
Worker 38 step 203: ACCEPTED principal_axis_rotation E=-152.054069 Ha dipole=0.1736 D
Worker 28 step 140: ACCEPTED twist E=-152.055709 Ha dipole=0.2524 D
Worker 3 step 194: ACCEPTED large_displacement E=-152.054127 Ha dipole=0.8768 D
Worker 39 step 144: ACCEPTED exchange E=-152.061219 Ha dipole=0.3383 D
Worker 3 step 195: roto_reflection — no coordinate change (box rejection?)
Worker 13 step 190: ACCEPTED principal_axis_rotation E=-152.056694 Ha dipole=1.4171 D
Worker 5 step 148: ACCEPTED principal_axis_rotation E=-152.054686 Ha dipole=0.7536 D
Worker 1 step 248: ACCEPTED mirror E=-152.060282 Ha dipole=1.4174 D
Worker 20 step 161: ACCEPTED twist E=-152.056079 Ha dipole=1.1740 D
Worker 10 step 192: ACCEPTED principal_axis_rotation E=-152.055197 Ha dipole=1.1290 D
Worker 35 step 142: ACCEPTED large_displacement E=-152.059053 Ha dipole=1.0508 D
Worker 32 step 154: ACCEPTED random_so3 E=-152.061021 Ha dipole=1.7254 D
Worker 23 step 135: ACCEPTED large_displacement E=-152.054964 Ha dipole=0.3173 D
Worker 4 step 196: ACCEPTED principal_axis_rotation E=-152.061947 Ha dipole=1.3257 D
Worker 11 step 134: ACCEPTED large_displacement E=-152.052553 Ha dipole=0.2261 D
Worker 15 step 147: ACCEPTED twist E=-152.054670 Ha dipole=0.5406 D
Worker 29 step 158: roto_reflection — no coordinate change (box rejection?)
Worker 30 step 172: ACCEPTED principal_axis_rotation E=-152.053690 Ha dipole=1.3475 D
Worker 17 step 165: ACCEPTED roto_reflection E=-152.058397 Ha dipole=1.1100 D
Worker 33 step 156: ACCEPTED twist E=-152.057585 Ha dipole=0.3121 D
Worker 37 step 294: ACCEPTED twist E=-152.053855 Ha dipole=1.4887 D
Worker 27 step 139: Box stable window 1/3 (acc=60.00%)
Worker 27: 140/300 — accepted=60, rate=42.9%
Worker 7 step 281: ACCEPTED exchange E=-152.054128 Ha dipole=1.4641 D
Worker 9 step 168: ACCEPTED mirror E=-152.059808 Ha dipole=1.6005 D
Worker 22 step 228: ACCEPTED random_so3 E=-152.058688 Ha dipole=0.3394 D
Worker 22 step 229: twist — no coordinate change (box rejection?)
Worker 8 step 209: ACCEPTED exchange E=-152.058887 Ha dipole=1.1869 D
Worker 8: 210/300 — accepted=79, rate=37.6%
Worker 19 step 204: ACCEPTED large_displacement E=-152.054114 Ha dipole=1.1908 D
Worker 19 step 204: Box stable window 1/3 (acc=64.00%)
Worker 38 step 204: ACCEPTED large_displacement E=-152.054018 Ha dipole=0.1739 D
Worker 1 step 249: Box stable window 1/3 (acc=60.00%)
Worker 1: 250/300 — accepted=86, rate=34.4%
Worker 3 step 196: ACCEPTED large_displacement E=-152.054191 Ha dipole=0.8773 D
Worker 34 step 161: ACCEPTED random_so3 E=-152.054053 Ha dipole=0.6509 D
Worker 3 step 197: twist — no coordinate change (box rejection?)
Worker 15 step 148: ACCEPTED exchange E=-152.054207 Ha dipole=0.5392 D
Worker 29: 160/300 — accepted=83, rate=51.9%
Worker 29 step 160: twist — no coordinate change (box rejection?)
Worker 17 step 166: ACCEPTED roto_reflection E=-152.058145 Ha dipole=1.0785 D
Worker 17 step 167: roto_reflection — no coordinate change (box rejection?)
Worker 36 step 199: ACCEPTED roto_reflection E=-152.053982 Ha dipole=1.5614 D
Worker 36: 200/300 — accepted=114, rate=57.0%
Worker 28 step 141: ACCEPTED large_displacement E=-152.055504 Ha dipole=0.2529 D
Worker 5 step 149: ACCEPTED twist E=-152.059187 Ha dipole=1.0169 D
Worker 5: 150/300 — accepted=68, rate=45.3%
Worker 10 step 193: ACCEPTED random_so3 E=-152.056349 Ha dipole=1.4898 D
Worker 4 step 197: ACCEPTED large_displacement E=-152.059579 Ha dipole=1.2671 D
Worker 13 step 191: ACCEPTED large_displacement E=-152.056151 Ha dipole=1.4055 D
Worker 12 step 189: ACCEPTED large_displacement E=-152.056085 Ha dipole=0.8491 D
Worker 12 step 189: Adaptive box growth — new radius = 12.42 Å (acc=20.00%) 
Worker 12: 190/300 — accepted=91, rate=47.9%
Worker 33 step 157: ACCEPTED large_displacement E=-152.056293 Ha dipole=0.2959 D
Worker 33 step 158: exchange — no coordinate change (box rejection?)
Worker 33 step 159: large_displacement — no coordinate change (box rejection?)
Worker 23 step 136: ACCEPTED roto_reflection E=-152.055514 Ha dipole=0.1323 D
Worker 35 step 143: ACCEPTED principal_axis_rotation E=-152.058723 Ha dipole=1.0495 D
Worker 32 step 155: ACCEPTED exchange E=-152.058143 Ha dipole=1.6730 D
Worker 11 step 135: ACCEPTED twist E=-152.052851 Ha dipole=0.2293 D
Worker 7 step 282: ACCEPTED exchange E=-152.054450 Ha dipole=1.4674 D
Worker 6: 210/300 — accepted=73, rate=34.8%
Worker 30 step 173: ACCEPTED twist E=-152.053608 Ha dipole=1.4794 D
Worker 21 step 186: ACCEPTED mirror E=-152.054545 Ha dipole=1.4341 D
Worker 8 step 210: ACCEPTED mirror E=-152.056212 Ha dipole=1.2059 D
Worker 15 step 149: ACCEPTED twist E=-152.054341 Ha dipole=0.6802 D
Worker 15: 150/300 — accepted=85, rate=56.7%
Worker 9: 170/300 — accepted=66, rate=38.8%
Worker 22 step 230: ACCEPTED exchange E=-152.058620 Ha dipole=0.4280 D
Worker 22 step 231: roto_reflection — no coordinate change (box rejection?)
Worker 0 step 194: ACCEPTED twist E=-152.061169 Ha dipole=1.5520 D
Worker 24 step 164: ACCEPTED roto_reflection E=-152.054445 Ha dipole=1.0777 D
Worker 34 step 162: ACCEPTED twist E=-152.053753 Ha dipole=0.6666 D
Worker 34 step 163: twist — no coordinate change (box rejection?)
Worker 29 step 161: ACCEPTED twist E=-152.056330 Ha dipole=0.9414 D
Worker 19 step 205: ACCEPTED random_so3 E=-152.053925 Ha dipole=1.2630 D
Worker 38 step 205: ACCEPTED twist E=-152.054064 Ha dipole=0.4441 D
Worker 13 step 192: ACCEPTED large_displacement E=-152.056254 Ha dipole=1.4077 D
Worker 13 step 193: roto_reflection — no coordinate change (box rejection?)
Worker 3 step 198: ACCEPTED large_displacement E=-152.054128 Ha dipole=0.8775 D
Worker 7 step 283: ACCEPTED large_displacement E=-152.054366 Ha dipole=1.4666 D
Worker 7 step 284: twist — no coordinate change (box rejection?)
Worker 36 step 200: ACCEPTED large_displacement E=-152.054074 Ha dipole=1.5624 D
Worker 36 step 201: roto_reflection — no coordinate change (box rejection?)
Worker 39 step 146: ACCEPTED twist E=-152.059345 Ha dipole=0.6556 D
Worker 28 step 142: ACCEPTED twist E=-152.054911 Ha dipole=0.4500 D
Worker 10 step 194: ACCEPTED random_so3 E=-152.056340 Ha dipole=1.6218 D
Worker 15 step 150: ACCEPTED mirror E=-152.054341 Ha dipole=0.6802 D
Worker 8 step 211: ACCEPTED large_displacement E=-152.054530 Ha dipole=1.2338 D
Worker 4 step 199: twist — no coordinate change (box rejection?)
Worker 12 step 190: ACCEPTED roto_reflection E=-152.057028 Ha dipole=0.9233 D
Worker 20 step 163: ACCEPTED principal_axis_rotation E=-152.056366 Ha dipole=1.1772 D
Worker 34 step 164: ACCEPTED principal_axis_rotation E=-152.054238 Ha dipole=0.9368 D
Worker 23 step 137: ACCEPTED large_displacement E=-152.055812 Ha dipole=0.1293 D
Worker 34 step 165: twist — no coordinate change (box rejection?)
Worker 11 step 136: ACCEPTED principal_axis_rotation E=-152.052850 Ha dipole=0.2293 D
Worker 30 step 174: ACCEPTED twist E=-152.053599 Ha dipole=1.0474 D
Worker 30 step 174: Box stable window 2/3 (acc=60.00%)
Worker 5 step 151: ACCEPTED principal_axis_rotation E=-152.059949 Ha dipole=1.1404 D
Worker 6 step 210: ACCEPTED random_so3 E=-152.059434 Ha dipole=1.6163 D
Worker 37 step 296: ACCEPTED large_displacement E=-152.053886 Ha dipole=1.4890 D
Worker 26 step 148: ACCEPTED large_displacement E=-152.057005 Ha dipole=1.5434 D
Worker 21 step 187: ACCEPTED roto_reflection E=-152.057816 Ha dipole=0.7923 D
Worker 27 step 141: ACCEPTED principal_axis_rotation E=-152.059216 Ha dipole=0.9453 D
Worker 9 step 170: ACCEPTED twist E=-152.059933 Ha dipole=1.6150 D
Worker 24 step 165: ACCEPTED twist E=-152.056004 Ha dipole=1.0063 D
Worker 13 step 194: ACCEPTED twist E=-152.056265 Ha dipole=1.3001 D
Worker 19 step 206: ACCEPTED random_so3 E=-152.053963 Ha dipole=1.2640 D
Worker 8 step 212: ACCEPTED mirror E=-152.054530 Ha dipole=1.2338 D
Worker 38 step 206: ACCEPTED twist E=-152.054065 Ha dipole=0.5761 D
Worker 7 step 285: ACCEPTED random_so3 E=-152.054366 Ha dipole=1.5888 D
Worker 35 step 145: ACCEPTED mirror E=-152.058723 Ha dipole=1.0495 D
Worker 36 step 202: ACCEPTED large_displacement E=-152.053911 Ha dipole=1.5605 D
Worker 3 step 199: ACCEPTED mirror E=-152.054128 Ha dipole=0.8774 D
Worker 3: 200/300 — accepted=117, rate=58.5%
Worker 3 step 200: mirror — no coordinate change (box rejection?)
Worker 3 step 201: mirror — no coordinate change (box rejection?)
Worker 3 step 202: roto_reflection — no coordinate change (box rejection?)
Worker 28 step 143: ACCEPTED mirror E=-152.052837 Ha dipole=1.5332 D
Worker 33 step 161: ACCEPTED large_displacement E=-152.056651 Ha dipole=0.2967 D
Worker 30 step 175: ACCEPTED exchange E=-152.053923 Ha dipole=1.0487 D
Worker 30 step 176: twist — no coordinate change (box rejection?)
Worker 30 step 177: mirror — no coordinate change (box rejection?)
Worker 26 step 149: ACCEPTED roto_reflection E=-152.055344 Ha dipole=0.5365 D
Worker 26 step 149: Adaptive box growth — new radius = 11.83 Å (acc=40.00%) 
Worker 15 step 151: ACCEPTED mirror E=-152.054377 Ha dipole=1.4707 D
Worker 26: 150/300 — accepted=90, rate=60.0%
Worker 17 step 169: Adaptive box growth — new radius = 9.36 Å (acc=40.00%) 
Worker 17: 170/300 — accepted=90, rate=52.9%
Worker 10 step 195: ACCEPTED principal_axis_rotation E=-152.056810 Ha dipole=1.6261 D
Worker 12 step 191: ACCEPTED principal_axis_rotation E=-152.054815 Ha dipole=0.8017 D
Worker 20 step 164: ACCEPTED roto_reflection E=-152.053159 Ha dipole=1.1253 D
Worker 34 step 166: ACCEPTED principal_axis_rotation E=-152.054397 Ha dipole=0.6399 D
Worker 20 step 165: roto_reflection — no coordinate change (box rejection?)
Worker 11 step 137: ACCEPTED twist E=-152.053200 Ha dipole=0.4935 D
Worker 37 step 297: ACCEPTED twist E=-152.053956 Ha dipole=1.2329 D
Worker 6 step 211: ACCEPTED large_displacement E=-152.058364 Ha dipole=1.5989 D
Worker 4 step 202: roto_reflection — no coordinate change (box rejection?)
Worker 4 step 203: roto_reflection — no coordinate change (box rejection?)
Worker 8 step 213: ACCEPTED twist E=-152.053362 Ha dipole=1.4342 D
Worker 1 step 252: ACCEPTED large_displacement E=-152.058225 Ha dipole=1.3816 D
Worker 7 step 286: ACCEPTED roto_reflection E=-152.053746 Ha dipole=0.3029 D
Worker 27 step 142: ACCEPTED mirror E=-152.059216 Ha dipole=0.9453 D
Worker 28 step 144: ACCEPTED principal_axis_rotation E=-152.053089 Ha dipole=1.5353 D
Worker 24 step 166: ACCEPTED large_displacement E=-152.056105 Ha dipole=1.0064 D
Worker 26 step 150: ACCEPTED principal_axis_rotation E=-152.056400 Ha dipole=0.6466 D
Worker 26 step 151: twist — no coordinate change (box rejection?)
Worker 9 step 171: ACCEPTED twist E=-152.059923 Ha dipole=1.6557 D
Worker 22 step 233: ACCEPTED random_so3 E=-152.058045 Ha dipole=0.4634 D
Worker 19 step 207: ACCEPTED mirror E=-152.053962 Ha dipole=1.2647 D
Worker 38 step 207: ACCEPTED large_displacement E=-152.054052 Ha dipole=0.5761 D
Worker 29 step 163: ACCEPTED large_displacement E=-152.054511 Ha dipole=0.9343 D
Worker 36 step 203: ACCEPTED large_displacement E=-152.053959 Ha dipole=1.5610 D
Worker 29 step 164: roto_reflection — no coordinate change (box rejection?)
Worker 3 step 203: ACCEPTED exchange E=-152.054243 Ha dipole=0.8763 D
Worker 3 step 204: mirror — no coordinate change (box rejection?)
Worker 11 step 138: ACCEPTED mirror E=-152.053200 Ha dipole=0.4935 D
Worker 17 step 170: ACCEPTED exchange E=-152.056969 Ha dipole=1.0647 D
Worker 30 step 178: ACCEPTED twist E=-152.053564 Ha dipole=1.4817 D
Worker 30 step 179: mirror — no coordinate change (box rejection?)
Worker 30 step 180: roto_reflection — no coordinate change (box rejection?)
Worker 0 step 197: ACCEPTED twist E=-152.058684 Ha dipole=1.1252 D
Worker 15 step 152: ACCEPTED large_displacement E=-152.054459 Ha dipole=1.4720 D
Worker 20 step 166: ACCEPTED mirror E=-152.053157 Ha dipole=1.1253 D
Worker 7 step 287: ACCEPTED random_so3 E=-152.053639 Ha dipole=0.6261 D
Worker 26 step 152: ACCEPTED principal_axis_rotation E=-152.056478 Ha dipole=0.7329 D
Worker 7 step 288: roto_reflection — no coordinate change (box rejection?)
Worker 34 step 167: ACCEPTED principal_axis_rotation E=-152.054356 Ha dipole=0.5589 D
Worker 12 step 192: ACCEPTED principal_axis_rotation E=-152.058701 Ha dipole=0.8980 D
Worker 2 step 225: mirror — no coordinate change (box rejection?)
Worker 23 step 139: ACCEPTED exchange E=-152.055660 Ha dipole=0.1482 D
Worker 23: 140/300 — accepted=81, rate=57.9%
Worker 37 step 298: ACCEPTED exchange E=-152.054090 Ha dipole=1.2338 D
Worker 5 step 153: ACCEPTED twist E=-152.058373 Ha dipole=1.2862 D
Worker 38 step 208: ACCEPTED principal_axis_rotation E=-152.054156 Ha dipole=0.5759 D
Worker 36 step 204: ACCEPTED mirror E=-152.054012 Ha dipole=0.4055 D
Worker 36 step 205: twist — no coordinate change (box rejection?)
Worker 36 step 206: twist — no coordinate change (box rejection?)
Worker 21 step 189: ACCEPTED large_displacement E=-152.058730 Ha dipole=0.7972 D
Worker 21: 190/300 — accepted=86, rate=45.3%
Worker 4 step 205: twist — no coordinate change (box rejection?)
Worker 1 step 254: twist — no coordinate change (box rejection?)
Worker 8 step 214: ACCEPTED principal_axis_rotation E=-152.058688 Ha dipole=1.1961 D
Worker 27 step 143: ACCEPTED exchange E=-152.055341 Ha dipole=0.8918 D
Worker 28 step 145: ACCEPTED mirror E=-152.053089 Ha dipole=1.5353 D
Worker 13 step 196: ACCEPTED large_displacement E=-152.056014 Ha dipole=1.2916 D
Worker 19 step 208: ACCEPTED large_displacement E=-152.053948 Ha dipole=1.2633 D
Worker 11 step 139: ACCEPTED exchange E=-152.053468 Ha dipole=0.5004 D
Worker 11: 140/300 — accepted=67, rate=47.9%
Worker 22 step 234: ACCEPTED large_displacement E=-152.060675 Ha dipole=0.4518 D
Worker 20 step 167: ACCEPTED mirror E=-152.053159 Ha dipole=1.1253 D
Worker 35 step 147: ACCEPTED roto_reflection E=-152.057048 Ha dipole=1.2151 D
Worker 32 step 159: ACCEPTED twist E=-152.057616 Ha dipole=1.6482 D
Worker 32 step 159: Adaptive box growth — new radius = 12.72 Å (acc=40.00%) 
Worker 32: 160/300 — accepted=76, rate=47.5%
Worker 3 step 205: ACCEPTED mirror E=-152.053957 Ha dipole=1.3526 D
Worker 30 step 181: ACCEPTED principal_axis_rotation E=-152.054133 Ha dipole=1.5563 D
Worker 26 step 153: ACCEPTED exchange E=-152.058419 Ha dipole=0.7350 D
Worker 7 step 289: ACCEPTED large_displacement E=-152.053434 Ha dipole=0.6258 D
Worker 7: 290/300 — accepted=135, rate=46.6%
Worker 33 step 163: ACCEPTED large_displacement E=-152.059422 Ha dipole=0.3220 D
Worker 38 step 209: ACCEPTED random_so3 E=-152.053742 Ha dipole=0.8619 D
Worker 38: 210/300 — accepted=114, rate=54.3%
Worker 15 step 153: ACCEPTED twist E=-152.055116 Ha dipole=1.5064 D
Worker 10 step 197: ACCEPTED large_displacement E=-152.059611 Ha dipole=1.6689 D
Worker 39 step 149: ACCEPTED mirror E=-152.059345 Ha dipole=0.6556 D
Worker 24 step 168: ACCEPTED mirror E=-152.056401 Ha dipole=1.2334 D
Worker 39: 150/300 — accepted=77, rate=51.3%
Worker 0 step 199: ACCEPTED principal_axis_rotation E=-152.058181 Ha dipole=1.1724 D
Worker 0 step 199: Adaptive box growth — new radius = 10.55 Å (acc=40.00%) 
Worker 0: 200/300 — accepted=96, rate=48.0%
Worker 13 step 197: ACCEPTED roto_reflection E=-152.052779 Ha dipole=0.9680 D
Worker 34 step 168: ACCEPTED twist E=-152.054109 Ha dipole=1.4504 D
Worker 23 step 140: ACCEPTED large_displacement E=-152.055258 Ha dipole=0.1456 D
Worker 23 step 141: twist — no coordinate change (box rejection?)
Worker 37 step 299: ACCEPTED twist E=-152.053843 Ha dipole=1.6082 D
Worker 37: 300/300 — accepted=143, rate=47.7%
Worker 37: DONE — 143/300 accepted (47.7%)
Worker 36 step 207: ACCEPTED large_displacement E=-152.054055 Ha dipole=0.4057 D
Worker 7 step 290: ACCEPTED twist E=-152.053976 Ha dipole=1.4062 D
Worker 19 step 209: ACCEPTED principal_axis_rotation E=-152.054046 Ha dipole=0.8750 D
Worker 19: 210/300 — accepted=122, rate=58.1%
Worker 26 step 154: ACCEPTED large_displacement E=-152.058561 Ha dipole=0.7293 D
Worker 1 step 255: ACCEPTED principal_axis_rotation E=-152.058722 Ha dipole=1.3466 D
Worker 20 step 168: ACCEPTED twist E=-152.053752 Ha dipole=1.5887 D
Worker 4 step 207: twist — no coordinate change (box rejection?)
Worker 4 step 208: twist — no coordinate change (box rejection?)
Worker 17 step 172: ACCEPTED random_so3 E=-152.056131 Ha dipole=0.7744 D
Worker 27 step 144: Box stable window 2/3 (acc=60.00%)
Worker 28 step 146: ACCEPTED principal_axis_rotation E=-152.054080 Ha dipole=1.3390 D
Worker 38 step 210: ACCEPTED random_so3 E=-152.054420 Ha dipole=1.4750 D
Worker 11 step 140: ACCEPTED mirror E=-152.053468 Ha dipole=0.5004 D
Worker 11 step 141: roto_reflection — no coordinate change (box rejection?)
Worker 22 step 235: ACCEPTED roto_reflection E=-152.059677 Ha dipole=0.7539 D
Worker 22 step 236: roto_reflection — no coordinate change (box rejection?)
Worker 22 step 237: twist — no coordinate change (box rejection?)
Worker 3 step 206: ACCEPTED large_displacement E=-152.053924 Ha dipole=1.3531 D
Worker 30 step 182: ACCEPTED exchange E=-152.054287 Ha dipole=1.5577 D
Worker 35 step 148: ACCEPTED large_displacement E=-152.055138 Ha dipole=1.2115 D
Worker 32 step 160: ACCEPTED twist E=-152.055651 Ha dipole=1.5425 D
Worker 12 step 194: ACCEPTED twist E=-152.058397 Ha dipole=0.9170 D
Worker 33 step 164: Adaptive box growth — new radius = 10.22 Å (acc=50.00%) 
Worker 13 step 198: ACCEPTED large_displacement E=-152.053248 Ha dipole=0.9783 D
Worker 7 step 291: ACCEPTED principal_axis_rotation E=-152.053938 Ha dipole=1.4059 D
Worker 10 step 198: ACCEPTED roto_reflection E=-152.059643 Ha dipole=1.6650 D
Worker 20 step 169: ACCEPTED mirror E=-152.053560 Ha dipole=0.2677 D
Worker 20: 170/300 — accepted=91, rate=53.5%
Worker 24 step 169: ACCEPTED mirror E=-152.056105 Ha dipole=1.0064 D
Worker 24: 170/300 — accepted=108, rate=63.5%
Worker 34 step 169: ACCEPTED random_so3 E=-152.054317 Ha dipole=1.5062 D
Worker 34: 170/300 — accepted=105, rate=61.8%
Worker 34 step 170: roto_reflection — no coordinate change (box rejection?)
Worker 26 step 155: ACCEPTED principal_axis_rotation E=-152.058203 Ha dipole=0.7526 D
Worker 6 step 215: ACCEPTED large_displacement E=-152.059985 Ha dipole=1.6255 D
Worker 23 step 142: ACCEPTED principal_axis_rotation E=-152.055674 Ha dipole=0.8475 D
Worker 19 step 210: ACCEPTED exchange E=-152.054121 Ha dipole=0.8743 D
Worker 36 step 208: ACCEPTED mirror E=-152.053942 Ha dipole=1.5607 D
Worker 4 step 209: ACCEPTED large_displacement E=-152.059765 Ha dipole=1.3003 D
Worker 4: 210/300 — accepted=88, rate=41.9%
Worker 38 step 211: ACCEPTED large_displacement E=-152.054357 Ha dipole=1.4743 D
Worker 38 step 212: roto_reflection — no coordinate change (box rejection?)
Worker 38 step 213: roto_reflection — no coordinate change (box rejection?)
Worker 38 step 214: mirror — no coordinate change (box rejection?)
Worker 38 step 215: twist — no coordinate change (box rejection?)
Worker 17 step 173: ACCEPTED mirror E=-152.056131 Ha dipole=0.7744 D
Worker 27 step 145: ACCEPTED twist E=-152.057253 Ha dipole=0.4643 D
Worker 11 step 142: ACCEPTED mirror E=-152.053468 Ha dipole=0.5004 D
Worker 11 step 143: exchange — no coordinate change (box rejection?)
Worker 28 step 147: ACCEPTED twist E=-152.053661 Ha dipole=1.0532 D
Worker 22 step 238: ACCEPTED principal_axis_rotation E=-152.058885 Ha dipole=0.9765 D
Worker 22 step 239: roto_reflection — no coordinate change (box rejection?)
Worker 22 step 240: twist — no coordinate change (box rejection?)
Worker 3 step 207: ACCEPTED principal_axis_rotation E=-152.054222 Ha dipole=0.9095 D
Worker 7 step 292: ACCEPTED large_displacement E=-152.053808 Ha dipole=1.4041 D
Worker 7 step 293: roto_reflection — no coordinate change (box rejection?)
Worker 20 step 170: ACCEPTED mirror E=-152.053560 Ha dipole=0.2666 D
Worker 20 step 171: roto_reflection — no coordinate change (box rejection?)
Worker 1 step 257: ACCEPTED large_displacement E=-152.061072 Ha dipole=1.3845 D
Worker 30 step 183: ACCEPTED random_so3 E=-152.053597 Ha dipole=1.1558 D
Worker 35 step 149: ACCEPTED large_displacement E=-152.054700 Ha dipole=1.2079 D
Worker 35: 150/300 — accepted=81, rate=54.0%
Worker 29 step 168: roto_reflection — no coordinate change (box rejection?)
Worker 32 step 161: ACCEPTED twist E=-152.052408 Ha dipole=1.1292 D
Worker 33 step 165: ACCEPTED principal_axis_rotation E=-152.059761 Ha dipole=0.3372 D
Worker 33 step 166: twist — no coordinate change (box rejection?)
Worker 2 step 228: ACCEPTED random_so3 E=-152.059265 Ha dipole=1.3733 D
Worker 6 step 216: ACCEPTED large_displacement E=-152.060474 Ha dipole=1.6414 D
Worker 15 step 155: ACCEPTED large_displacement E=-152.055107 Ha dipole=1.5069 D
Worker 36 step 209: ACCEPTED mirror E=-152.054055 Ha dipole=0.4057 D
Worker 36 step 209: Box stable window 1/3 (acc=60.00%)
Worker 36: 210/300 — accepted=121, rate=57.6%
Worker 9 step 175: ACCEPTED mirror E=-152.059923 Ha dipole=1.6557 D
Worker 13 step 199: ACCEPTED large_displacement E=-152.053605 Ha dipole=0.9791 D
Worker 13: 200/300 — accepted=97, rate=48.5%
Worker 21 step 192: ACCEPTED principal_axis_rotation E=-152.057995 Ha dipole=1.0224 D
Worker 12 step 196: ACCEPTED mirror E=-152.058398 Ha dipole=0.9168 D
Worker 10 step 199: Box stable window 1/3 (acc=60.00%)
Worker 10: 200/300 — accepted=101, rate=50.5%
Worker 26 step 156: ACCEPTED twist E=-152.058605 Ha dipole=0.6000 D
Worker 23 step 143: ACCEPTED exchange E=-152.055136 Ha dipole=0.8355 D
Worker 34 step 171: ACCEPTED exchange E=-152.053903 Ha dipole=1.5023 D
Worker 24 step 170: ACCEPTED large_displacement E=-152.057594 Ha dipole=0.9961 D
Worker 11 step 144: ACCEPTED mirror E=-152.053466 Ha dipole=0.4992 D
Worker 11 step 144: Box stable window 1/3 (acc=60.00%)
Worker 19 step 211: ACCEPTED exchange E=-152.054046 Ha dipole=0.8750 D
Worker 3 step 208: ACCEPTED principal_axis_rotation E=-152.053945 Ha dipole=1.3493 D
Worker 30 step 184: ACCEPTED roto_reflection E=-152.054115 Ha dipole=1.4500 D
Worker 30 step 184: Box stable window 3/3 (acc=60.00%)
Worker 30 step 184: Box growth stabilized after 3 windows. Stopping growth.
Worker 5 step 157: ACCEPTED twist E=-152.058025 Ha dipole=1.3444 D
Worker 1 step 258: ACCEPTED principal_axis_rotation E=-152.061225 Ha dipole=1.4638 D
Worker 38 step 216: ACCEPTED exchange E=-152.054391 Ha dipole=1.4749 D
Worker 7 step 294: ACCEPTED roto_reflection E=-152.054144 Ha dipole=1.1421 D
Worker 38 step 217: roto_reflection — no coordinate change (box rejection?)
Worker 2: 230/300 — accepted=83, rate=36.1%
Worker 20 step 172: ACCEPTED exchange E=-152.054683 Ha dipole=0.2559 D
Worker 27 step 146: ACCEPTED mirror E=-152.057253 Ha dipole=0.4643 D
Worker 17 step 174: Box stable window 1/3 (acc=60.00%)
Worker 0 step 203: ACCEPTED twist E=-152.059527 Ha dipole=0.7285 D
Worker 9 step 176: ACCEPTED twist E=-152.059205 Ha dipole=1.6484 D
Worker 22 step 241: ACCEPTED twist E=-152.059273 Ha dipole=0.7789 D
Worker 22 step 242: twist — no coordinate change (box rejection?)
Worker 23 step 144: ACCEPTED exchange E=-152.055674 Ha dipole=0.8475 D
Worker 11 step 145: ACCEPTED roto_reflection E=-152.054770 Ha dipole=0.9864 D
Worker 11 step 146: random_so3 — no coordinate change (box rejection?)
Worker 35 step 150: ACCEPTED principal_axis_rotation E=-152.054339 Ha dipole=1.2048 D
Worker 26 step 157: ACCEPTED principal_axis_rotation E=-152.058563 Ha dipole=0.5971 D
Worker 32 step 162: ACCEPTED large_displacement E=-152.054038 Ha dipole=1.1396 D
Worker 29 step 169: ACCEPTED twist E=-152.057895 Ha dipole=1.1858 D
Worker 29: 170/300 — accepted=86, rate=50.6%
Worker 29 step 170: mirror — no coordinate change (box rejection?)
Worker 15 step 156: ACCEPTED principal_axis_rotation E=-152.054503 Ha dipole=1.3237 D
Worker 1 step 259: ACCEPTED twist E=-152.060975 Ha dipole=1.4570 D
Worker 1 step 259: Adaptive box growth — new radius = 10.25 Å (acc=50.00%) 
Worker 1: 260/300 — accepted=91, rate=35.0%
Worker 6 step 217: ACCEPTED large_displacement E=-152.059389 Ha dipole=1.6183 D
Worker 3 step 209: ACCEPTED roto_reflection E=-152.053929 Ha dipole=1.3693 D
Worker 3: 210/300 — accepted=123, rate=58.6%
Worker 36 step 210: ACCEPTED exchange E=-152.054120 Ha dipole=0.4062 D
Worker 36 step 211: roto_reflection — no coordinate change (box rejection?)
Worker 19 step 212: ACCEPTED twist E=-152.054108 Ha dipole=0.6300 D
Worker 30 step 185: ACCEPTED twist E=-152.053927 Ha dipole=1.5130 D
Worker 30 step 186: twist — no coordinate change (box rejection?)
Worker 21 step 193: ACCEPTED exchange E=-152.058009 Ha dipole=1.0722 D
Worker 34 step 172: ACCEPTED large_displacement E=-152.053897 Ha dipole=1.5021 D
Worker 7 step 295: ACCEPTED large_displacement E=-152.054475 Ha dipole=1.1456 D
Worker 2 step 231: twist — no coordinate change (box rejection?)
Worker 24 step 171: ACCEPTED random_so3 E=-152.055719 Ha dipole=1.0528 D
Worker 0 step 204: Adaptive box growth — new radius = 12.13 Å (acc=20.00%) 
Worker 9 step 177: ACCEPTED mirror E=-152.059205 Ha dipole=1.6484 D
Worker 22 step 243: ACCEPTED roto_reflection E=-152.058694 Ha dipole=0.8685 D
Worker 11 step 147: ACCEPTED twist E=-152.055173 Ha dipole=0.7557 D
Worker 11 step 148: exchange — no coordinate change (box rejection?)
Worker 11 step 149: twist — no coordinate change (box rejection?)
Worker 5 step 158: ACCEPTED mirror E=-152.059849 Ha dipole=0.8428 D
Worker 26 step 158: ACCEPTED principal_axis_rotation E=-152.058581 Ha dipole=1.0163 D
Worker 38 step 218: ACCEPTED large_displacement E=-152.054253 Ha dipole=1.4731 D
Worker 38 step 219: mirror — no coordinate change (box rejection?)
Worker 20 step 173: ACCEPTED large_displacement E=-152.054754 Ha dipole=0.2541 D
Worker 19 step 213: ACCEPTED twist E=-152.054250 Ha dipole=0.3699 D
Worker 28 step 149: ACCEPTED roto_reflection E=-152.054628 Ha dipole=1.2339 D
Worker 28: 150/300 — accepted=83, rate=55.3%
Worker 27 step 147: ACCEPTED mirror E=-152.057253 Ha dipole=0.4643 D
Worker 7 step 296: ACCEPTED large_displacement E=-152.054590 Ha dipole=1.1464 D
Worker 35 step 151: ACCEPTED exchange E=-152.053310 Ha dipole=1.1972 D
Worker 32 step 163: ACCEPTED twist E=-152.055792 Ha dipole=1.1971 D
Worker 29 step 171: ACCEPTED mirror E=-152.058804 Ha dipole=1.1984 D
Worker 15 step 157: ACCEPTED mirror E=-152.054503 Ha dipole=1.3237 D
Worker 36 step 212: ACCEPTED exchange E=-152.054055 Ha dipole=0.4057 D
Worker 23 step 146: ACCEPTED exchange E=-152.055136 Ha dipole=0.8355 D
Worker 3 step 210: ACCEPTED mirror E=-152.053929 Ha dipole=1.3693 D
Worker 22 step 245: mirror — no coordinate change (box rejection?)
Worker 11 step 150: ACCEPTED twist E=-152.055393 Ha dipole=1.0391 D
Worker 22 step 246: roto_reflection — no coordinate change (box rejection?)
Worker 30 step 187: ACCEPTED exchange E=-152.053574 Ha dipole=1.5107 D
Worker 21 step 195: roto_reflection — no coordinate change (box rejection?)
Worker 30 step 188: mirror — no coordinate change (box rejection?)
Worker 13 step 201: ACCEPTED principal_axis_rotation E=-152.055667 Ha dipole=1.1012 D
Worker 34 step 173: ACCEPTED twist E=-152.053988 Ha dipole=1.4246 D
Worker 12 step 198: ACCEPTED mirror E=-152.057171 Ha dipole=1.3873 D
Worker 1 step 261: ACCEPTED mirror E=-152.060975 Ha dipole=1.4570 D
Worker 1 step 262: twist — no coordinate change (box rejection?)
Worker 24 step 172: ACCEPTED large_displacement E=-152.055667 Ha dipole=1.0530 D
Worker 39 step 153: ACCEPTED twist E=-152.058940 Ha dipole=0.5885 D
Worker 26: 160/300 — accepted=98, rate=61.3%
Worker 17 step 176: ACCEPTED principal_axis_rotation E=-152.053503 Ha dipole=1.3279 D
Worker 2 step 233: ACCEPTED large_displacement E=-152.058582 Ha dipole=1.3223 D
Worker 2 step 234: mirror — no coordinate change (box rejection?)
Worker 2 step 235: twist — no coordinate change (box rejection?)
Worker 2 step 236: twist — no coordinate change (box rejection?)
Worker 5: 160/300 — accepted=72, rate=45.0%
Worker 6 step 219: ACCEPTED roto_reflection E=-152.059633 Ha dipole=1.5922 D
Worker 6: 220/300 — accepted=79, rate=35.9%
Worker 8: 220/300 — accepted=84, rate=38.2%
Worker 38 step 220: ACCEPTED large_displacement E=-152.054304 Ha dipole=1.4738 D
Worker 9 step 179: ACCEPTED exchange E=-152.058191 Ha dipole=1.6281 D
Worker 9: 180/300 — accepted=72, rate=40.0%
Worker 36 step 213: ACCEPTED exchange E=-152.054120 Ha dipole=0.4062 D
Worker 11 step 151: ACCEPTED exchange E=-152.055638 Ha dipole=1.0375 D
Worker 23 step 147: ACCEPTED principal_axis_rotation E=-152.055698 Ha dipole=1.2563 D
Worker 19 step 214: ACCEPTED principal_axis_rotation E=-152.054333 Ha dipole=0.3898 D
Worker 20 step 174: ACCEPTED twist E=-152.055959 Ha dipole=0.9697 D
Worker 28 step 150: ACCEPTED principal_axis_rotation E=-152.054239 Ha dipole=1.2239 D
Worker 4 step 212: ACCEPTED large_displacement E=-152.061717 Ha dipole=1.3184 D
Worker 4 step 213: roto_reflection — no coordinate change (box rejection?)
Worker 27 step 148: ACCEPTED twist E=-152.058739 Ha dipole=0.8424 D
Worker 21 step 196: ACCEPTED exchange E=-152.057995 Ha dipole=1.0224 D
Worker 7 step 297: ACCEPTED large_displacement E=-152.054453 Ha dipole=1.1449 D
Worker 7 step 298: twist — no coordinate change (box rejection?)
Worker 35 step 152: ACCEPTED large_displacement E=-152.052964 Ha dipole=1.1954 D
Worker 32 step 164: ACCEPTED large_displacement E=-152.057370 Ha dipole=1.2030 D
Worker 26 step 160: ACCEPTED principal_axis_rotation E=-152.058589 Ha dipole=1.0145 D
Worker 30 step 189: ACCEPTED mirror E=-152.053574 Ha dipole=1.5107 D
Worker 30: 190/300 — accepted=108, rate=56.8%
Worker 29 step 172: ACCEPTED twist E=-152.057964 Ha dipole=1.1592 D
Worker 3 step 211: ACCEPTED twist E=-152.054087 Ha dipole=1.0651 D
Worker 17 step 177: ACCEPTED principal_axis_rotation E=-152.054096 Ha dipole=1.1992 D
Worker 22 step 247: ACCEPTED exchange E=-152.058048 Ha dipole=0.8843 D
Worker 33 step 169: Adaptive box growth — new radius = 11.75 Å (acc=20.00%) 
Worker 33: 170/300 — accepted=80, rate=47.1%
Worker 34 step 174: ACCEPTED mirror E=-152.053988 Ha dipole=1.4246 D
Worker 36 step 214: ACCEPTED large_displacement E=-152.054076 Ha dipole=0.4060 D
Worker 36 step 215: twist — no coordinate change (box rejection?)
Worker 11 step 152: ACCEPTED principal_axis_rotation E=-152.055435 Ha dipole=1.0354 D
Worker 13 step 202: ACCEPTED mirror E=-152.053864 Ha dipole=1.1929 D
Worker 13 step 203: roto_reflection — no coordinate change (box rejection?)
Worker 10 step 202: ACCEPTED large_displacement E=-152.060002 Ha dipole=1.6735 D
Worker 12 step 199: Adaptive box growth — new radius = 13.54 Å (acc=40.00%) 
Worker 12: 200/300 — accepted=97, rate=48.5%
Worker 19 step 215: ACCEPTED twist E=-152.054364 Ha dipole=0.3654 D
Worker 24 step 173: ACCEPTED large_displacement E=-152.054790 Ha dipole=1.0418 D
Worker 2 step 237: ACCEPTED random_so3 E=-152.058412 Ha dipole=1.3972 D
Worker 6 step 220: ACCEPTED twist E=-152.059606 Ha dipole=1.5943 D
Worker 2 step 238: roto_reflection — no coordinate change (box rejection?)
Worker 38 step 221: ACCEPTED large_displacement E=-152.054238 Ha dipole=1.4729 D
Worker 38 step 222: twist — no coordinate change (box rejection?)
Worker 30 step 190: ACCEPTED roto_reflection E=-152.053598 Ha dipole=1.4575 D
Worker 27: 150/300 — accepted=67, rate=44.7%
Worker 9 step 180: ACCEPTED twist E=-152.060046 Ha dipole=1.6503 D
Worker 32 step 165: ACCEPTED roto_reflection E=-152.055780 Ha dipole=1.3334 D
Worker 23 step 148: ACCEPTED exchange E=-152.056032 Ha dipole=1.2624 D
Worker 15 step 159: ACCEPTED roto_reflection E=-152.055021 Ha dipole=1.1173 D
Worker 15: 160/300 — accepted=93, rate=58.1%
Worker 20 step 175: ACCEPTED large_displacement E=-152.055276 Ha dipole=0.9617 D
Worker 28 step 151: ACCEPTED principal_axis_rotation E=-152.054963 Ha dipole=1.2282 D
Worker 11 step 153: ACCEPTED mirror E=-152.055435 Ha dipole=1.0354 D
Worker 21 step 197: ACCEPTED principal_axis_rotation E=-152.056413 Ha dipole=1.0409 D
Worker 7 step 299: ACCEPTED roto_reflection E=-152.054553 Ha dipole=1.0225 D
Worker 7: 300/300 — accepted=143, rate=47.7%
Worker 7: DONE — 143/300 accepted (47.7%)
Worker 1 step 264: Adaptive box growth — new radius = 11.79 Å (acc=20.00%) 
Worker 17 step 178: ACCEPTED random_so3 E=-152.056990 Ha dipole=1.0907 D
Worker 35 step 153: ACCEPTED roto_reflection E=-152.055468 Ha dipole=1.0712 D
Worker 29 step 173: ACCEPTED twist E=-152.058385 Ha dipole=1.4529 D
Worker 3 step 212: ACCEPTED mirror E=-152.054087 Ha dipole=1.0651 D
Worker 22 step 248: ACCEPTED exchange E=-152.058694 Ha dipole=0.8685 D
Worker 26 step 162: ACCEPTED twist E=-152.057292 Ha dipole=1.0499 D
Worker 24 step 174: ACCEPTED large_displacement E=-152.054995 Ha dipole=1.0382 D
Worker 34 step 175: ACCEPTED random_so3 E=-152.054643 Ha dipole=1.5731 D
Worker 36 step 216: ACCEPTED principal_axis_rotation E=-152.054116 Ha dipole=1.4729 D
Worker 30 step 191: ACCEPTED twist E=-152.053502 Ha dipole=1.3100 D
Worker 30 step 192: roto_reflection — no coordinate change (box rejection?)
Worker 13 step 204: ACCEPTED large_displacement E=-152.053622 Ha dipole=1.1894 D
Worker 10 step 203: ACCEPTED twist E=-152.059620 Ha dipole=1.6461 D
Worker 28 step 152: ACCEPTED twist E=-152.054165 Ha dipole=1.2899 D
Worker 2 step 239: ACCEPTED mirror E=-152.058412 Ha dipole=1.3972 D
Worker 2: 240/300 — accepted=86, rate=35.8%
Worker 39 step 155: ACCEPTED large_displacement E=-152.058685 Ha dipole=0.5778 D
Worker 11 step 154: Box stable window 2/3 (acc=60.00%)
Worker 15 step 160: ACCEPTED mirror E=-152.055021 Ha dipole=1.1173 D
Worker 6 step 221: ACCEPTED twist E=-152.059456 Ha dipole=1.5952 D
Worker 38 step 223: ACCEPTED large_displacement E=-152.054267 Ha dipole=1.4734 D
Worker 5 step 161: ACCEPTED mirror E=-152.059849 Ha dipole=0.8428 D
Worker 0 step 207: ACCEPTED principal_axis_rotation E=-152.059203 Ha dipole=0.7481 D
Worker 35 step 154: ACCEPTED random_so3 E=-152.053559 Ha dipole=1.2565 D
Worker 23 step 149: ACCEPTED exchange E=-152.055698 Ha dipole=1.2563 D
Worker 23: 150/300 — accepted=89, rate=59.3%
Worker 4 step 216: ACCEPTED mirror E=-152.061717 Ha dipole=1.3184 D
Worker 29 step 174: ACCEPTED mirror E=-152.058385 Ha dipole=1.4529 D
Worker 9 step 181: ACCEPTED large_displacement E=-152.061203 Ha dipole=1.6777 D
Worker 32 step 166: ACCEPTED roto_reflection E=-152.055722 Ha dipole=1.3460 D
Worker 26 step 163: ACCEPTED random_so3 E=-152.058758 Ha dipole=1.3472 D
Worker 17 step 179: ACCEPTED large_displacement E=-152.056663 Ha dipole=1.0907 D
Worker 17: 180/300 — accepted=97, rate=53.9%
Worker 24 step 175: ACCEPTED twist E=-152.055411 Ha dipole=0.8245 D
Worker 19 step 217: ACCEPTED large_displacement E=-152.054273 Ha dipole=0.3649 D
Worker 1 step 265: ACCEPTED large_displacement E=-152.059475 Ha dipole=1.4378 D
Worker 1 step 266: mirror — no coordinate change (box rejection?)
Worker 28 step 153: ACCEPTED exchange E=-152.054126 Ha dipole=1.2912 D
Worker 3 step 213: ACCEPTED exchange E=-152.054193 Ha dipole=1.0669 D
Worker 21 step 199: ACCEPTED principal_axis_rotation E=-152.057021 Ha dipole=0.8251 D
Worker 21: 200/300 — accepted=91, rate=45.5%
Worker 34 step 176: ACCEPTED exchange E=-152.054615 Ha dipole=1.5725 D
Worker 36 step 217: ACCEPTED twist E=-152.054135 Ha dipole=1.4661 D
Worker 36 step 218: mirror — no coordinate change (box rejection?)
Worker 36 step 219: large_displacement — no coordinate change (box rejection?)
Worker 36 step 220: twist — no coordinate change (box rejection?)
Worker 22: 250/300 — accepted=110, rate=44.0%
Worker 22 step 250: roto_reflection — no coordinate change (box rejection?)
Worker 33 step 171: ACCEPTED roto_reflection E=-152.060041 Ha dipole=0.2923 D
Worker 33 step 172: roto_reflection — no coordinate change (box rejection?)
Worker 33 step 173: twist — no coordinate change (box rejection?)
Worker 15 step 161: ACCEPTED twist E=-152.054967 Ha dipole=0.7805 D
Worker 30 step 193: ACCEPTED roto_reflection E=-152.054474 Ha dipole=0.9408 D
Worker 8 step 222: ACCEPTED principal_axis_rotation E=-152.061201 Ha dipole=1.3971 D
Worker 13 step 205: ACCEPTED random_so3 E=-152.055363 Ha dipole=1.4335 D
Worker 23 step 150: ACCEPTED large_displacement E=-152.055475 Ha dipole=1.2530 D
Worker 10 step 204: Adaptive box growth — new radius = 9.85 Å (acc=40.00%) 
Worker 0 step 208: ACCEPTED twist E=-152.058992 Ha dipole=0.5732 D
Worker 11 step 155: ACCEPTED twist E=-152.055064 Ha dipole=1.0813 D
Worker 2 step 240: ACCEPTED mirror E=-152.058412 Ha dipole=1.3972 D
Worker 29 step 175: ACCEPTED principal_axis_rotation E=-152.055358 Ha dipole=0.8980 D
Worker 35 step 155: ACCEPTED random_so3 E=-152.055823 Ha dipole=0.5184 D
Worker 38 step 224: ACCEPTED principal_axis_rotation E=-152.054009 Ha dipole=1.0710 D
Worker 38 step 224: Adaptive box growth — new radius = 7.57 Å (acc=53.33%) 
Worker 6 step 222: ACCEPTED principal_axis_rotation E=-152.058952 Ha dipole=1.5899 D
Worker 28 step 154: ACCEPTED mirror E=-152.054126 Ha dipole=1.2912 D
Worker 5 step 162: ACCEPTED large_displacement E=-152.058946 Ha dipole=0.8455 D
Worker 36 step 221: ACCEPTED mirror E=-152.054135 Ha dipole=1.4661 D
Worker 36 step 222: mirror — no coordinate change (box rejection?)
Worker 36 step 223: roto_reflection — no coordinate change (box rejection?)
Worker 20 step 177: ACCEPTED roto_reflection E=-152.052884 Ha dipole=1.2930 D
Worker 3 step 214: ACCEPTED exchange E=-152.054087 Ha dipole=1.0651 D
Worker 26 step 164: ACCEPTED mirror E=-152.058758 Ha dipole=1.3472 D
Worker 34 step 177: ACCEPTED principal_axis_rotation E=-152.054615 Ha dipole=1.5728 D
Worker 19 step 218: ACCEPTED twist E=-152.053711 Ha dipole=0.5191 D
Worker 19 step 219: mirror — no coordinate change (box rejection?)
Worker 19 step 220: roto_reflection — no coordinate change (box rejection?)
Worker 15 step 162: ACCEPTED roto_reflection E=-152.053281 Ha dipole=1.4018 D
Worker 19 step 221: twist — no coordinate change (box rejection?)
Worker 0 step 209: ACCEPTED roto_reflection E=-152.055328 Ha dipole=1.4929 D
Worker 0 step 209: Box stable window 1/3 (acc=60.00%)
Worker 0: 210/300 — accepted=100, rate=47.6%
Worker 24 step 177: ACCEPTED twist E=-152.054648 Ha dipole=0.9400 D
Worker 9 step 183: ACCEPTED roto_reflection E=-152.061153 Ha dipole=1.7098 D
Worker 22 step 251: ACCEPTED exchange E=-152.058048 Ha dipole=0.8843 D
Worker 33 step 174: ACCEPTED exchange E=-152.058358 Ha dipole=0.2370 D
Worker 33 step 174: Adaptive box growth — new radius = 12.81 Å (acc=40.00%) 
Worker 30 step 194: ACCEPTED twist E=-152.054232 Ha dipole=0.3124 D
Worker 35 step 156: ACCEPTED large_displacement E=-152.055862 Ha dipole=0.5179 D
Worker 27 step 152: ACCEPTED twist E=-152.060883 Ha dipole=0.9222 D
Worker 27 step 153: mirror — no coordinate change (box rejection?)
Worker 23 step 151: ACCEPTED twist E=-152.055271 Ha dipole=1.2436 D
Worker 3 step 215: ACCEPTED large_displacement E=-152.054104 Ha dipole=1.0657 D
Worker 13 step 206: ACCEPTED mirror E=-152.055363 Ha dipole=1.4335 D
Worker 13 step 207: roto_reflection — no coordinate change (box rejection?)
Worker 36 step 224: ACCEPTED large_displacement E=-152.054164 Ha dipole=1.4664 D
Worker 36 step 224: Adaptive box growth — new radius = 8.32 Å (acc=40.00%) 
Worker 10 step 205: ACCEPTED twist E=-152.057705 Ha dipole=1.5178 D
Worker 6 step 223: ACCEPTED roto_reflection E=-152.057834 Ha dipole=1.0981 D
Worker 11 step 156: ACCEPTED principal_axis_rotation E=-152.055438 Ha dipole=1.3803 D
Worker 29 step 176: ACCEPTED random_so3 E=-152.054810 Ha dipole=1.1123 D
Worker 19 step 222: ACCEPTED mirror E=-152.053710 Ha dipole=0.5180 D
Worker 38 step 225: ACCEPTED mirror E=-152.054033 Ha dipole=1.2076 D
Worker 38 step 226: mirror — no coordinate change (box rejection?)
Worker 12 step 204: Adaptive box growth — new radius = 13.57 Å (acc=0.00%) 
Worker 0 step 210: ACCEPTED random_so3 E=-152.060752 Ha dipole=0.9691 D
Worker 15 step 163: ACCEPTED large_displacement E=-152.052736 Ha dipole=1.3906 D
Worker 20 step 178: ACCEPTED principal_axis_rotation E=-152.052878 Ha dipole=1.2930 D
Worker 34 step 178: ACCEPTED exchange E=-152.054643 Ha dipole=1.5733 D
Worker 34 step 179: twist — no coordinate change (box rejection?)
Worker 9 step 184: ACCEPTED exchange E=-152.059634 Ha dipole=1.6743 D
Worker 8 step 224: ACCEPTED large_displacement E=-152.060820 Ha dipole=1.3222 D
Worker 35 step 157: ACCEPTED exchange E=-152.054512 Ha dipole=0.4947 D
Worker 24 step 178: ACCEPTED large_displacement E=-152.055107 Ha dipole=0.9599 D
Worker 21 step 201: ACCEPTED random_so3 E=-152.059345 Ha dipole=0.4106 D
Worker 6 step 224: ACCEPTED large_displacement E=-152.056997 Ha dipole=1.0904 D
Worker 3 step 216: ACCEPTED twist E=-152.053999 Ha dipole=1.2991 D
Worker 3 step 217: roto_reflection — no coordinate change (box rejection?)
Worker 36 step 225: ACCEPTED twist E=-152.054063 Ha dipole=1.5618 D
Worker 36 step 226: twist — no coordinate change (box rejection?)
Worker 19 step 223: ACCEPTED twist E=-152.053553 Ha dipole=0.2849 D
Worker 4: 220/300 — accepted=90, rate=40.9%
Worker 30 step 195: ACCEPTED principal_axis_rotation E=-152.054206 Ha dipole=0.3163 D
Worker 1 step 268: ACCEPTED principal_axis_rotation E=-152.059236 Ha dipole=1.4741 D
Worker 33 step 175: ACCEPTED roto_reflection E=-152.058923 Ha dipole=1.0342 D
Worker 27 step 154: ACCEPTED principal_axis_rotation E=-152.060735 Ha dipole=1.0867 D
Worker 23 step 152: ACCEPTED large_displacement E=-152.055186 Ha dipole=1.2420 D
Worker 23 step 153: mirror — no coordinate change (box rejection?)
Worker 13 step 208: ACCEPTED large_displacement E=-152.058248 Ha dipole=1.4396 D
Worker 13 step 209: twist — no coordinate change (box rejection?)
Worker 10 step 206: ACCEPTED twist E=-152.059942 Ha dipole=1.4270 D
Worker 15 step 164: ACCEPTED twist E=-152.053159 Ha dipole=1.4243 D
Worker 9 step 185: ACCEPTED mirror E=-152.059634 Ha dipole=1.6743 D
Worker 35 step 158: ACCEPTED roto_reflection E=-152.053634 Ha dipole=1.5272 D
Worker 38 step 227: ACCEPTED principal_axis_rotation E=-152.054035 Ha dipole=1.2074 D
Worker 29 step 177: ACCEPTED large_displacement E=-152.056067 Ha dipole=1.1142 D
Worker 32 step 169: Adaptive box growth — new radius = 13.57 Å (acc=40.00%) 
Worker 32: 170/300 — accepted=83, rate=48.8%
Worker 11 step 157: ACCEPTED large_displacement E=-152.055105 Ha dipole=1.3752 D
Worker 26 step 167: ACCEPTED mirror E=-152.058758 Ha dipole=1.3472 D
Worker 28 step 156: ACCEPTED principal_axis_rotation E=-152.055676 Ha dipole=1.3026 D
Worker 36 step 227: ACCEPTED exchange E=-152.054040 Ha dipole=1.5619 D
Worker 6 step 225: ACCEPTED mirror E=-152.056997 Ha dipole=1.0904 D
Worker 36 step 228: twist — no coordinate change (box rejection?)
Worker 19 step 224: ACCEPTED exchange E=-152.053542 Ha dipole=0.2860 D
Worker 19 step 224: Box stable window 1/3 (acc=60.00%)
Worker 34 step 180: ACCEPTED random_so3 E=-152.054550 Ha dipole=1.3144 D
Worker 20 step 179: ACCEPTED mirror E=-152.052877 Ha dipole=1.2930 D
Worker 20: 180/300 — accepted=99, rate=55.0%
Worker 0 step 212: ACCEPTED mirror E=-152.060752 Ha dipole=0.9691 D
Worker 27 step 155: ACCEPTED twist E=-152.059768 Ha dipole=1.5024 D
Worker 24 step 179: Box stable window 1/3 (acc=60.00%)
Worker 24: 180/300 — accepted=116, rate=64.4%
Worker 9 step 186: ACCEPTED exchange E=-152.061153 Ha dipole=1.7098 D
Worker 3 step 218: ACCEPTED principal_axis_rotation E=-152.053949 Ha dipole=0.8326 D
Worker 1 step 269: Adaptive box growth — new radius = 12.85 Å (acc=40.00%) 
Worker 1: 270/300 — accepted=94, rate=34.8%
Worker 35 step 159: ACCEPTED large_displacement E=-152.053631 Ha dipole=1.5254 D
Worker 35: 160/300 — accepted=91, rate=56.9%
Worker 22 step 253: ACCEPTED exchange E=-152.058694 Ha dipole=0.8685 D
Worker 22 step 254: twist — no coordinate change (box rejection?)
Worker 4 step 220: ACCEPTED large_displacement E=-152.056464 Ha dipole=1.2113 D
Worker 30 step 196: ACCEPTED principal_axis_rotation E=-152.054167 Ha dipole=0.2094 D
Worker 36 step 229: ACCEPTED random_so3 E=-152.053907 Ha dipole=1.1862 D
Worker 36 step 229: Box stable window 1/3 (acc=60.00%)
Worker 36: 230/300 — accepted=132, rate=57.4%
Worker 36 step 230: roto_reflection — no coordinate change (box rejection?)
Worker 23 step 154: ACCEPTED random_so3 E=-152.053493 Ha dipole=0.7928 D
Worker 26 step 168: ACCEPTED twist E=-152.058329 Ha dipole=1.3767 D
Worker 33 step 176: ACCEPTED mirror E=-152.058926 Ha dipole=1.0334 D
Worker 13 step 211: roto_reflection — no coordinate change (box rejection?)
Worker 19 step 225: ACCEPTED random_so3 E=-152.054110 Ha dipole=1.2706 D
Worker 38 step 228: ACCEPTED large_displacement E=-152.054060 Ha dipole=1.2080 D
Worker 12 step 207: ACCEPTED twist E=-152.059570 Ha dipole=1.3504 D
Worker 6 step 226: ACCEPTED roto_reflection E=-152.057802 Ha dipole=1.3321 D
Worker 11 step 159: mirror — no coordinate change (box rejection?)
Worker 15 step 165: ACCEPTED roto_reflection E=-152.053211 Ha dipole=1.3041 D
Worker 39: 160/300 — accepted=79, rate=49.4%
Worker 27 step 156: ACCEPTED mirror E=-152.059768 Ha dipole=1.5030 D
Worker 29 step 178: ACCEPTED mirror E=-152.056073 Ha dipole=1.1134 D
Worker 32 step 170: ACCEPTED large_displacement E=-152.055639 Ha dipole=1.3397 D
Worker 28 step 157: ACCEPTED mirror E=-152.055672 Ha dipole=1.3023 D
Worker 5 step 165: ACCEPTED principal_axis_rotation E=-152.057536 Ha dipole=1.1137 D
Worker 34 step 181: ACCEPTED large_displacement E=-152.054482 Ha dipole=1.3138 D
Worker 34 step 182: mirror — no coordinate change (box rejection?)
Worker 35 step 160: ACCEPTED large_displacement E=-152.054156 Ha dipole=1.5205 D
Worker 20 step 180: ACCEPTED roto_reflection E=-152.054223 Ha dipole=1.5891 D
Worker 17 step 183: ACCEPTED large_displacement E=-152.056204 Ha dipole=1.0868 D
Worker 24 step 180: ACCEPTED twist E=-152.054159 Ha dipole=1.2430 D
Worker 38 step 229: ACCEPTED principal_axis_rotation E=-152.054063 Ha dipole=0.9656 D
Worker 38: 230/300 — accepted=126, rate=54.8%
Worker 9 step 187: ACCEPTED twist E=-152.061532 Ha dipole=1.6709 D
Worker 33 step 177: ACCEPTED roto_reflection E=-152.059928 Ha dipole=0.8757 D
Worker 15 step 166: ACCEPTED exchange E=-152.057343 Ha dipole=1.3459 D
Worker 30 step 197: ACCEPTED twist E=-152.054313 Ha dipole=0.3314 D
Worker 22 step 255: ACCEPTED principal_axis_rotation E=-152.057718 Ha dipole=1.4003 D
Worker 27 step 157: ACCEPTED roto_reflection E=-152.060534 Ha dipole=1.5311 D
Worker 4 step 221: ACCEPTED principal_axis_rotation E=-152.055075 Ha dipole=1.1492 D
Worker 23 step 155: ACCEPTED twist E=-152.053899 Ha dipole=0.7899 D
Worker 36 step 231: ACCEPTED twist E=-152.053883 Ha dipole=1.2672 D
Worker 1 step 271: ACCEPTED principal_axis_rotation E=-152.059822 Ha dipole=1.4315 D
Worker 0 step 214: ACCEPTED exchange E=-152.060488 Ha dipole=0.9540 D
Worker 0 step 214: Box stable window 2/3 (acc=60.00%)
Worker 3 step 219: ACCEPTED large_displacement E=-152.054063 Ha dipole=0.8336 D
Worker 3: 220/300 — accepted=132, rate=60.0%
Worker 3 step 220: large_displacement — no coordinate change (box rejection?)
Worker 3 step 221: twist — no coordinate change (box rejection?)
Worker 35 step 161: ACCEPTED exchange E=-152.056909 Ha dipole=1.5527 D
Worker 26 step 169: ACCEPTED large_displacement E=-152.058075 Ha dipole=1.3752 D
Worker 26 step 169: Box stable window 1/3 (acc=60.00%)
Worker 26: 170/300 — accepted=105, rate=61.8%
Worker 19 step 226: ACCEPTED large_displacement E=-152.054320 Ha dipole=1.2722 D
Worker 11 step 160: ACCEPTED random_so3 E=-152.054864 Ha dipole=1.4639 D
Worker 38 step 230: ACCEPTED principal_axis_rotation E=-152.054095 Ha dipole=0.9655 D
Worker 17 step 184: ACCEPTED twist E=-152.054379 Ha dipole=1.4540 D
Worker 17 step 184: Adaptive box growth — new radius = 10.20 Å (acc=40.00%) 
Worker 29: 180/300 — accepted=94, rate=52.2%
Worker 20 step 181: ACCEPTED principal_axis_rotation E=-152.055861 Ha dipole=1.6069 D
Worker 34 step 183: ACCEPTED exchange E=-152.054233 Ha dipole=1.3119 D
Worker 34 step 184: twist — no coordinate change (box rejection?)
Worker 27 step 158: ACCEPTED mirror E=-152.060534 Ha dipole=1.5311 D
Worker 33 step 178: ACCEPTED roto_reflection E=-152.060186 Ha dipole=1.2362 D
Worker 1 step 272: ACCEPTED random_so3 E=-152.060479 Ha dipole=1.2338 D
Worker 35 step 162: ACCEPTED large_displacement E=-152.056650 Ha dipole=1.5551 D
Worker 0 step 215: ACCEPTED large_displacement E=-152.060277 Ha dipole=0.9435 D
Worker 39 step 161: ACCEPTED twist E=-152.058840 Ha dipole=0.3395 D
Worker 12 step 209: ACCEPTED twist E=-152.057668 Ha dipole=0.9491 D
Worker 12: 210/300 — accepted=99, rate=47.1%
Worker 30 step 198: ACCEPTED exchange E=-152.054305 Ha dipole=0.3312 D
Worker 15 step 167: ACCEPTED twist E=-152.057210 Ha dipole=1.5061 D
Worker 38 step 231: ACCEPTED large_displacement E=-152.054074 Ha dipole=0.9651 D
Worker 38 step 232: mirror — no coordinate change (box rejection?)
Worker 38 step 233: twist — no coordinate change (box rejection?)
Worker 9: 190/300 — accepted=79, rate=41.6%
Worker 4 step 222: ACCEPTED large_displacement E=-152.053799 Ha dipole=1.1427 D
Worker 36 step 232: ACCEPTED principal_axis_rotation E=-152.054032 Ha dipole=0.9326 D
Worker 4 step 223: mirror — no coordinate change (box rejection?)
Worker 23 step 156: ACCEPTED roto_reflection E=-152.055252 Ha dipole=0.9189 D
Worker 3 step 222: ACCEPTED large_displacement E=-152.054178 Ha dipole=0.8339 D
Worker 11 step 161: ACCEPTED principal_axis_rotation E=-152.055008 Ha dipole=1.4022 D
Worker 11 step 162: roto_reflection — no coordinate change (box rejection?)
Worker 11 step 163: roto_reflection — no coordinate change (box rejection?)
Worker 11 step 164: roto_reflection — no coordinate change (box rejection?)
Worker 17 step 185: ACCEPTED large_displacement E=-152.053895 Ha dipole=1.4575 D
Worker 20 step 182: ACCEPTED random_so3 E=-152.055785 Ha dipole=1.5406 D
Worker 21 step 205: ACCEPTED large_displacement E=-152.060217 Ha dipole=0.4054 D
Worker 6: 230/300 — accepted=86, rate=37.4%
Worker 28 step 159: ACCEPTED large_displacement E=-152.055703 Ha dipole=1.3050 D
Worker 28 step 159: Box stable window 1/3 (acc=60.00%)
Worker 28: 160/300 — accepted=91, rate=56.9%
Worker 10 step 209: Adaptive box growth — new radius = 10.73 Å (acc=40.00%) 
Worker 10: 210/300 — accepted=105, rate=50.0%
Worker 1 step 273: ACCEPTED large_displacement E=-152.058869 Ha dipole=1.2199 D
Worker 2 step 245: ACCEPTED principal_axis_rotation E=-152.057702 Ha dipole=1.3870 D
Worker 33: 180/300 — accepted=86, rate=47.8%
Worker 2 step 246: twist — no coordinate change (box rejection?)
Worker 2 step 247: twist — no coordinate change (box rejection?)
Worker 35 step 163: ACCEPTED large_displacement E=-152.056329 Ha dipole=1.5573 D
Worker 19 step 227: ACCEPTED principal_axis_rotation E=-152.054200 Ha dipole=0.6730 D
Worker 29 step 180: ACCEPTED roto_reflection E=-152.051571 Ha dipole=1.0919 D
Worker 5 step 167: ACCEPTED twist E=-152.056931 Ha dipole=1.1969 D
Worker 9 step 190: ACCEPTED twist E=-152.061100 Ha dipole=1.5623 D
Worker 12 step 210: ACCEPTED mirror E=-152.057668 Ha dipole=0.9491 D
Worker 34 step 185: ACCEPTED large_displacement E=-152.054308 Ha dipole=1.3127 D
Worker 27: 160/300 — accepted=73, rate=45.6%
Worker 24 step 182: ACCEPTED principal_axis_rotation E=-152.054489 Ha dipole=1.0334 D
Worker 0 step 216: ACCEPTED roto_reflection E=-152.060488 Ha dipole=0.8290 D
Worker 13 step 214: ACCEPTED mirror E=-152.056562 Ha dipole=0.7489 D
Worker 1 step 274: Box stable window 1/3 (acc=60.00%)
Worker 30 step 199: ACCEPTED exchange E=-152.054313 Ha dipole=0.3314 D
Worker 30: 200/300 — accepted=117, rate=58.5%
Worker 30 step 200: twist — no coordinate change (box rejection?)
Worker 33 step 180: ACCEPTED roto_reflection E=-152.059930 Ha dipole=1.1967 D
Worker 17 step 186: ACCEPTED large_displacement E=-152.055056 Ha dipole=1.4600 D
Worker 19 step 228: ACCEPTED large_displacement E=-152.054287 Ha dipole=0.6726 D
Worker 35 step 164: ACCEPTED mirror E=-152.056327 Ha dipole=1.5575 D
Worker 38 step 234: ACCEPTED twist E=-152.054285 Ha dipole=1.3147 D
Worker 38 step 234: Box stable window 1/3 (acc=60.00%)
Worker 38 step 235: twist — no coordinate change (box rejection?)
Worker 38 step 236: mirror — no coordinate change (box rejection?)
Worker 6 step 230: ACCEPTED mirror E=-152.057802 Ha dipole=1.3321 D
Worker 4 step 224: ACCEPTED large_displacement E=-152.053551 Ha dipole=1.1430 D
Worker 23 step 157: ACCEPTED roto_reflection E=-152.053151 Ha dipole=1.3258 D
Worker 4 step 225: roto_reflection — no coordinate change (box rejection?)
Worker 8 step 228: ACCEPTED principal_axis_rotation E=-152.060743 Ha dipole=1.2341 D
Worker 22 step 257: ACCEPTED principal_axis_rotation E=-152.057413 Ha dipole=1.4017 D
Worker 11 step 165: ACCEPTED large_displacement E=-152.054747 Ha dipole=1.4001 D
Worker 22 step 258: twist — no coordinate change (box rejection?)
Worker 22 step 259: mirror — no coordinate change (box rejection?)
Worker 3 step 223: ACCEPTED mirror E=-152.053727 Ha dipole=1.3763 D
Worker 26 step 171: ACCEPTED twist E=-152.057981 Ha dipole=1.4162 D
Worker 20 step 183: ACCEPTED large_displacement E=-152.055452 Ha dipole=1.5373 D
Worker 20 step 184: roto_reflection — no coordinate change (box rejection?)
Worker 36 step 233: ACCEPTED twist E=-152.054020 Ha dipole=0.9882 D
Worker 2 step 249: large_displacement — no coordinate change (box rejection?)
Worker 5 step 168: ACCEPTED twist E=-152.055979 Ha dipole=1.3288 D
Worker 1 step 275: ACCEPTED principal_axis_rotation E=-152.057908 Ha dipole=1.2311 D
Worker 10 step 210: ACCEPTED principal_axis_rotation E=-152.060036 Ha dipole=1.4271 D
Worker 38 step 237: ACCEPTED mirror E=-152.053836 Ha dipole=0.9391 D
Worker 30 step 201: ACCEPTED exchange E=-152.054305 Ha dipole=0.3312 D
Worker 30 step 202: mirror — no coordinate change (box rejection?)
Worker 30 step 203: mirror — no coordinate change (box rejection?)
Worker 28 step 161: ACCEPTED large_displacement E=-152.055441 Ha dipole=1.3002 D
Worker 28 step 162: twist — no coordinate change (box rejection?)
Worker 19: 230/300 — accepted=137, rate=59.6%
Worker 13 step 215: ACCEPTED exchange E=-152.058603 Ha dipole=0.7430 D
Worker 35 step 165: ACCEPTED large_displacement E=-152.056267 Ha dipole=1.5555 D
Worker 23 step 158: ACCEPTED mirror E=-152.053151 Ha dipole=1.3258 D
Worker 33 step 181: ACCEPTED principal_axis_rotation E=-152.058856 Ha dipole=1.1381 D
Worker 9 step 192: ACCEPTED random_so3 E=-152.058934 Ha dipole=1.6775 D
Worker 6 step 231: ACCEPTED principal_axis_rotation E=-152.057627 Ha dipole=1.3456 D
Worker 17 step 187: ACCEPTED roto_reflection E=-152.055574 Ha dipole=0.6618 D
Worker 17 step 188: roto_reflection — no coordinate change (box rejection?)
Worker 0 step 218: ACCEPTED exchange E=-152.060550 Ha dipole=0.8295 D
Worker 11 step 166: ACCEPTED mirror E=-152.053576 Ha dipole=0.8103 D
Worker 11 step 167: twist — no coordinate change (box rejection?)
Worker 11 step 168: roto_reflection — no coordinate change (box rejection?)
Worker 4 step 226: ACCEPTED principal_axis_rotation E=-152.053583 Ha dipole=1.1487 D
Worker 20 step 186: twist — no coordinate change (box rejection?)
Worker 15 step 169: Box stable window 1/3 (acc=60.00%)
Worker 15: 170/300 — accepted=101, rate=59.4%
Worker 8: 230/300 — accepted=87, rate=37.8%
Worker 24 step 184: ACCEPTED exchange E=-152.057669 Ha dipole=1.0759 D
Worker 24 step 184: Box stable window 2/3 (acc=60.00%)
Worker 3 step 224: ACCEPTED mirror E=-152.053727 Ha dipole=1.3763 D
Worker 22 step 260: ACCEPTED large_displacement E=-152.057410 Ha dipole=1.4244 D
Worker 22 step 261: mirror — no coordinate change (box rejection?)
Worker 26 step 172: ACCEPTED roto_reflection E=-152.054090 Ha dipole=0.8271 D
Worker 36 step 234: ACCEPTED principal_axis_rotation E=-152.054065 Ha dipole=0.9884 D
Worker 38 step 238: ACCEPTED large_displacement E=-152.053909 Ha dipole=0.9394 D
Worker 5 step 169: Box stable window 1/3 (acc=60.00%)
Worker 5: 170/300 — accepted=77, rate=45.3%
Worker 30 step 204: ACCEPTED principal_axis_rotation E=-152.054238 Ha dipole=0.1932 D
Worker 2 step 250: ACCEPTED exchange E=-152.057004 Ha dipole=1.3683 D
Worker 2 step 251: mirror — no coordinate change (box rejection?)
Worker 2 step 252: roto_reflection — no coordinate change (box rejection?)
Worker 10 step 211: ACCEPTED large_displacement E=-152.057902 Ha dipole=1.3879 D
Worker 29 step 183: mirror — no coordinate change (box rejection?)
Worker 6 step 232: ACCEPTED mirror E=-152.057626 Ha dipole=1.3463 D
Worker 27 step 161: ACCEPTED roto_reflection E=-152.058975 Ha dipole=1.4474 D
Worker 23 step 159: ACCEPTED twist E=-152.052866 Ha dipole=1.1854 D
Worker 23: 160/300 — accepted=98, rate=61.3%
Worker 23 step 160: roto_reflection — no coordinate change (box rejection?)
Worker 11 step 169: ACCEPTED large_displacement E=-152.053535 Ha dipole=0.8104 D
Worker 11: 170/300 — accepted=84, rate=49.4%
Worker 39 step 165: ACCEPTED principal_axis_rotation E=-152.060197 Ha dipole=0.2955 D
Worker 0 step 219: ACCEPTED twist E=-152.060758 Ha dipole=0.7263 D
Worker 0: 220/300 — accepted=107, rate=48.6%
Worker 20 step 187: ACCEPTED roto_reflection E=-152.054602 Ha dipole=1.5190 D
Worker 34 step 187: ACCEPTED exchange E=-152.054541 Ha dipole=1.3146 D
Worker 24 step 185: ACCEPTED exchange E=-152.054489 Ha dipole=1.0334 D
Worker 19 step 230: ACCEPTED large_displacement E=-152.054180 Ha dipole=0.6741 D
Worker 9 step 193: ACCEPTED twist E=-152.061496 Ha dipole=1.6886 D
Worker 4 step 227: ACCEPTED exchange E=-152.053289 Ha dipole=1.1436 D
Worker 4 step 228: twist — no coordinate change (box rejection?)
Worker 4 step 229: twist — no coordinate change (box rejection?)
Worker 5 step 170: ACCEPTED mirror E=-152.055981 Ha dipole=1.3286 D
Worker 35 step 166: ACCEPTED twist E=-152.056023 Ha dipole=1.3465 D
Worker 30 step 205: ACCEPTED exchange E=-152.054166 Ha dipole=0.1918 D
Worker 28 step 163: ACCEPTED large_displacement E=-152.055579 Ha dipole=1.3038 D
Worker 17 step 189: Box stable window 1/3 (acc=60.00%)
Worker 17: 190/300 — accepted=102, rate=53.7%
Worker 38 step 239: ACCEPTED twist E=-152.053992 Ha dipole=1.1427 D
Worker 38 step 239: Box stable window 2/3 (acc=60.00%)
Worker 38: 240/300 — accepted=132, rate=55.0%
Worker 38 step 240: roto_reflection — no coordinate change (box rejection?)
Worker 38 step 241: principal_axis_rotation — no coordinate change (box rejection?)
Worker 38 step 242: exchange — no coordinate change (box rejection?)
Worker 13 step 216: ACCEPTED roto_reflection E=-152.058399 Ha dipole=0.7703 D
Worker 8 step 230: ACCEPTED large_displacement E=-152.061665 Ha dipole=1.2599 D
Worker 3 step 225: ACCEPTED mirror E=-152.054382 Ha dipole=0.8350 D
Worker 22 step 263: mirror — no coordinate change (box rejection?)
Worker 6 step 233: ACCEPTED random_so3 E=-152.058209 Ha dipole=1.0295 D
Worker 15 step 170: ACCEPTED principal_axis_rotation E=-152.057107 Ha dipole=1.4552 D
Worker 11 step 170: ACCEPTED principal_axis_rotation E=-152.053636 Ha dipole=0.8104 D
Worker 36 step 235: ACCEPTED large_displacement E=-152.054031 Ha dipole=0.9883 D
Worker 26 step 173: ACCEPTED mirror E=-152.054090 Ha dipole=0.8271 D
Worker 2 step 253: ACCEPTED mirror E=-152.057004 Ha dipole=1.3683 D
Worker 2 step 254: twist — no coordinate change (box rejection?)
Worker 36 step 236: mirror — no coordinate change (box rejection?)
Worker 20 step 188: ACCEPTED mirror E=-152.054602 Ha dipole=1.5190 D
Worker 1 step 277: ACCEPTED twist E=-152.058743 Ha dipole=1.1672 D
Worker 32 step 175: ACCEPTED principal_axis_rotation E=-152.056131 Ha dipole=1.3169 D
Worker 10 step 212: ACCEPTED twist E=-152.057314 Ha dipole=1.3242 D
Worker 4 step 230: ACCEPTED exchange E=-152.053583 Ha dipole=1.1487 D
Worker 30 step 206: ACCEPTED principal_axis_rotation E=-152.054285 Ha dipole=1.3657 D
Worker 5 step 171: ACCEPTED twist E=-152.055058 Ha dipole=1.3688 D
Worker 23 step 161: ACCEPTED large_displacement E=-152.053063 Ha dipole=1.1860 D
Worker 23 step 162: mirror — no coordinate change (box rejection?)
Worker 39 step 166: ACCEPTED roto_reflection E=-152.061702 Ha dipole=0.3712 D
Worker 0 step 220: ACCEPTED principal_axis_rotation E=-152.060675 Ha dipole=0.7507 D
Worker 34 step 188: ACCEPTED large_displacement E=-152.054315 Ha dipole=1.3121 D
Worker 38 step 243: ACCEPTED random_so3 E=-152.053811 Ha dipole=0.6287 D
Worker 38 step 244: mirror — no coordinate change (box rejection?)
Worker 38 step 245: twist — no coordinate change (box rejection?)
Worker 38 step 246: random_so3 — no coordinate change (box rejection?)
Worker 38 step 247: exchange — no coordinate change (box rejection?)
Worker 21: 210/300 — accepted=93, rate=44.3%
Worker 19 step 231: ACCEPTED large_displacement E=-152.054104 Ha dipole=0.6749 D
Worker 11 step 171: ACCEPTED mirror E=-152.053636 Ha dipole=0.8104 D
Worker 9 step 194: ACCEPTED large_displacement E=-152.061660 Ha dipole=1.6884 D
Worker 27 step 163: ACCEPTED principal_axis_rotation E=-152.057548 Ha dipole=1.2165 D
Worker 20 step 189: ACCEPTED twist E=-152.055309 Ha dipole=1.5518 D
Worker 20: 190/300 — accepted=106, rate=55.8%
Worker 28 step 164: ACCEPTED mirror E=-152.055579 Ha dipole=1.3038 D
Worker 28 step 164: Box stable window 2/3 (acc=60.00%)
Worker 33 step 183: ACCEPTED principal_axis_rotation E=-152.059382 Ha dipole=1.0136 D
Worker 17 step 190: ACCEPTED principal_axis_rotation E=-152.053118 Ha dipole=0.0523 D
Worker 3 step 226: ACCEPTED large_displacement E=-152.054416 Ha dipole=0.8345 D
Worker 3 step 227: twist — no coordinate change (box rejection?)
Worker 4 step 231: ACCEPTED random_so3 E=-152.054513 Ha dipole=1.5118 D
Worker 8 step 231: ACCEPTED twist E=-152.061638 Ha dipole=1.2058 D
Worker 30 step 207: ACCEPTED exchange E=-152.054047 Ha dipole=1.3636 D
Worker 30 step 208: mirror — no coordinate change (box rejection?)
Worker 30 step 209: twist — no coordinate change (box rejection?)
Worker 30 step 210: mirror — no coordinate change (box rejection?)
Worker 30 step 211: large_displacement — no coordinate change (box rejection?)
Worker 13 step 217: ACCEPTED twist E=-152.058873 Ha dipole=0.7100 D
Worker 5 step 172: ACCEPTED mirror E=-152.055058 Ha dipole=1.3688 D
Worker 22 step 264: ACCEPTED principal_axis_rotation E=-152.057146 Ha dipole=1.4250 D
Worker 36 step 237: ACCEPTED large_displacement E=-152.054050 Ha dipole=0.9886 D
Worker 36 step 238: twist — no coordinate change (box rejection?)
Worker 35 step 167: ACCEPTED large_displacement E=-152.056218 Ha dipole=1.3506 D
Worker 15 step 171: ACCEPTED large_displacement E=-152.058499 Ha dipole=1.4688 D
Worker 26 step 174: Box stable window 2/3 (acc=60.00%)
Worker 38 step 248: ACCEPTED random_so3 E=-152.054063 Ha dipole=1.3997 D
Worker 23 step 163: ACCEPTED large_displacement E=-152.052727 Ha dipole=1.1833 D
Worker 11 step 172: ACCEPTED principal_axis_rotation E=-152.053495 Ha dipole=0.8101 D
Worker 21 step 210: ACCEPTED large_displacement E=-152.060257 Ha dipole=0.4170 D
Worker 32 step 176: ACCEPTED large_displacement E=-152.056648 Ha dipole=1.3183 D
Worker 6 step 235: ACCEPTED random_so3 E=-152.056394 Ha dipole=0.3502 D
Worker 34 step 189: ACCEPTED principal_axis_rotation E=-152.054128 Ha dipole=1.0602 D
Worker 34: 190/300 — accepted=120, rate=63.2%
Worker 39 step 167: ACCEPTED exchange E=-152.057486 Ha dipole=0.2548 D
Worker 0 step 221: ACCEPTED mirror E=-152.060675 Ha dipole=0.7507 D
Worker 4 step 232: ACCEPTED twist E=-152.054980 Ha dipole=1.5096 D
Worker 30 step 212: ACCEPTED exchange E=-152.054285 Ha dipole=1.3657 D
Worker 30 step 213: large_displacement — no coordinate change (box rejection?)
Worker 8 step 232: ACCEPTED roto_reflection E=-152.061638 Ha dipole=1.2087 D
Worker 5 step 173: ACCEPTED twist E=-152.055450 Ha dipole=1.5249 D
Worker 19 step 232: ACCEPTED random_so3 E=-152.054511 Ha dipole=0.5478 D
Worker 19 step 233: roto_reflection — no coordinate change (box rejection?)
Worker 24 step 187: ACCEPTED twist E=-152.055069 Ha dipole=0.8741 D
Worker 29 step 185: ACCEPTED twist E=-152.050594 Ha dipole=1.0736 D
Worker 9 step 195: ACCEPTED large_displacement E=-152.061868 Ha dipole=1.7006 D
Worker 27 step 164: ACCEPTED mirror E=-152.057548 Ha dipole=1.2165 D
Worker 27 step 164: Box stable window 1/3 (acc=60.00%)
Worker 20 step 190: ACCEPTED large_displacement E=-152.054924 Ha dipole=1.5463 D
Worker 20 step 191: twist — no coordinate change (box rejection?)
Worker 2 step 256: ACCEPTED mirror E=-152.057004 Ha dipole=1.3683 D
Worker 3 step 228: ACCEPTED principal_axis_rotation E=-152.053768 Ha dipole=1.3494 D
Worker 28 step 165: ACCEPTED twist E=-152.056726 Ha dipole=1.3642 D
Worker 11 step 173: ACCEPTED random_so3 E=-152.054034 Ha dipole=0.2002 D
Worker 10 step 214: Box stable window 1/3 (acc=60.00%)
Worker 21 step 211: ACCEPTED mirror E=-152.054158 Ha dipole=1.5470 D
Worker 33 step 184: ACCEPTED mirror E=-152.059382 Ha dipole=1.0136 D
Worker 17 step 191: ACCEPTED twist E=-152.056094 Ha dipole=0.7028 D
Worker 1 step 279: ACCEPTED mirror E=-152.054685 Ha dipole=1.1120 D
Worker 1 step 279: Box stable window 2/3 (acc=60.00%)
Worker 1: 280/300 — accepted=100, rate=35.7%
Worker 36 step 239: ACCEPTED large_displacement E=-152.054059 Ha dipole=0.9887 D
Worker 36 step 239: Box stable window 1/3 (acc=60.00%)
Worker 36: 240/300 — accepted=139, rate=57.9%
Worker 36 step 240: twist — no coordinate change (box rejection?)
Worker 22 step 265: ACCEPTED mirror E=-152.057146 Ha dipole=1.4250 D
Worker 22 step 266: twist — no coordinate change (box rejection?)
Worker 35 step 168: ACCEPTED twist E=-152.056528 Ha dipole=1.2585 D
Worker 26 step 175: ACCEPTED principal_axis_rotation E=-152.052828 Ha dipole=0.4945 D
Worker 26 step 176: large_displacement — no coordinate change (box rejection?)
Worker 26 step 177: large_displacement — no coordinate change (box rejection?)
Worker 26 step 178: twist — no coordinate change (box rejection?)
Worker 38 step 249: ACCEPTED mirror E=-152.054063 Ha dipole=1.3997 D
Worker 38 step 249: Adaptive box growth — new radius = 8.71 Å (acc=30.00%) 
Worker 38: 250/300 — accepted=135, rate=54.0%
Worker 23 step 164: ACCEPTED mirror E=-152.055744 Ha dipole=1.1155 D
Worker 23 step 164: Box stable window 1/3 (acc=60.00%)
Worker 30 step 214: ACCEPTED principal_axis_rotation E=-152.054099 Ha dipole=1.4905 D
Worker 4 step 233: ACCEPTED twist E=-152.053449 Ha dipole=0.8462 D
Worker 32 step 177: ACCEPTED mirror E=-152.056648 Ha dipole=1.3183 D
Worker 5 step 174: ACCEPTED mirror E=-152.059778 Ha dipole=0.5470 D
Worker 9 step 196: ACCEPTED roto_reflection E=-152.059513 Ha dipole=1.5554 D
Worker 11 step 174: ACCEPTED exchange E=-152.053782 Ha dipole=0.2050 D
Worker 34 step 190: ACCEPTED mirror E=-152.054128 Ha dipole=1.0611 D
Worker 10 step 215: ACCEPTED mirror E=-152.057314 Ha dipole=1.3242 D
Worker 3 step 229: ACCEPTED large_displacement E=-152.053922 Ha dipole=1.3513 D
Worker 3: 230/300 — accepted=139, rate=60.4%
Worker 3 step 230: mirror — no coordinate change (box rejection?)
Worker 3 step 231: roto_reflection — no coordinate change (box rejection?)
Worker 39 step 168: ACCEPTED mirror E=-152.057495 Ha dipole=0.2537 D
Worker 19 step 234: ACCEPTED principal_axis_rotation E=-152.054041 Ha dipole=1.1618 D
Worker 12 step 216: ACCEPTED roto_reflection E=-152.059007 Ha dipole=0.8449 D
Worker 2 step 257: ACCEPTED twist E=-152.056532 Ha dipole=1.5289 D
Worker 2 step 258: roto_reflection — no coordinate change (box rejection?)
Worker 38 step 250: ACCEPTED mirror E=-152.054063 Ha dipole=1.3997 D
Worker 29 step 186: ACCEPTED mirror E=-152.056560 Ha dipole=1.2418 D
Worker 30 step 215: ACCEPTED large_displacement E=-152.053951 Ha dipole=1.4885 D
Worker 30 step 216: twist — no coordinate change (box rejection?)
Worker 20 step 192: ACCEPTED principal_axis_rotation E=-152.054875 Ha dipole=1.5460 D
Worker 20 step 193: roto_reflection — no coordinate change (box rejection?)
Worker 27 step 165: ACCEPTED mirror E=-152.057546 Ha dipole=1.2172 D
Worker 8 step 234: ACCEPTED twist E=-152.061658 Ha dipole=1.0544 D
Worker 4 step 234: ACCEPTED roto_reflection E=-152.055365 Ha dipole=1.4482 D
Worker 28 step 166: ACCEPTED principal_axis_rotation E=-152.056400 Ha dipole=0.9798 D
Worker 36 step 241: ACCEPTED principal_axis_rotation E=-152.054027 Ha dipole=0.9885 D
Worker 35 step 169: ACCEPTED twist E=-152.056300 Ha dipole=1.2813 D
Worker 35: 170/300 — accepted=101, rate=59.4%
Worker 11 step 175: ACCEPTED large_displacement E=-152.053647 Ha dipole=0.2051 D
Worker 34 step 191: ACCEPTED twist E=-152.054154 Ha dipole=1.1120 D
Worker 22 step 267: ACCEPTED principal_axis_rotation E=-152.055535 Ha dipole=1.3604 D
Worker 22 step 268: large_displacement — no coordinate change (box rejection?)
Worker 13: 220/300 — accepted=107, rate=48.6%
Worker 13 step 220: roto_reflection — no coordinate change (box rejection?)
Worker 15 step 173: ACCEPTED mirror E=-152.058499 Ha dipole=1.4688 D
Worker 26 step 179: ACCEPTED mirror E=-152.052828 Ha dipole=0.4945 D
Worker 26 step 179: Adaptive box growth — new radius = 12.89 Å (acc=40.00%) 
Worker 26: 180/300 — accepted=110, rate=61.1%
Worker 32 step 178: ACCEPTED twist E=-152.058111 Ha dipole=0.8195 D
Worker 38 step 251: ACCEPTED exchange E=-152.054074 Ha dipole=1.3998 D
Worker 30 step 217: ACCEPTED large_displacement E=-152.054021 Ha dipole=1.4895 D
Worker 30 step 218: mirror — no coordinate change (box rejection?)
Worker 39 step 169: ACCEPTED twist E=-152.058839 Ha dipole=0.3773 D
Worker 39: 170/300 — accepted=85, rate=50.0%
Worker 24 step 189: ACCEPTED mirror E=-152.055069 Ha dipole=0.8741 D
Worker 24 step 189: Box stable window 3/3 (acc=60.00%)
Worker 24 step 189: Box growth stabilized after 3 windows. Stopping growth.
Worker 24: 190/300 — accepted=122, rate=64.2%
Worker 23 step 165: ACCEPTED exchange E=-152.055225 Ha dipole=1.1027 D
Worker 23 step 166: roto_reflection — no coordinate change (box rejection?)
Worker 10 step 216: ACCEPTED mirror E=-152.057314 Ha dipole=1.3242 D
Worker 3 step 232: ACCEPTED random_so3 E=-152.054268 Ha dipole=0.4872 D
Worker 12 step 217: ACCEPTED principal_axis_rotation E=-152.059121 Ha dipole=0.8332 D
Worker 6 step 238: ACCEPTED random_so3 E=-152.057185 Ha dipole=0.7496 D
Worker 19 step 235: ACCEPTED exchange E=-152.053855 Ha dipole=1.1611 D
Worker 2 step 259: ACCEPTED exchange E=-152.057638 Ha dipole=1.5414 D
Worker 2: 260/300 — accepted=93, rate=35.8%
Worker 35 step 170: ACCEPTED mirror E=-152.056300 Ha dipole=1.2813 D
Worker 36 step 242: ACCEPTED twist E=-152.054034 Ha dipole=0.9986 D
Worker 9 step 198: ACCEPTED random_so3 E=-152.060530 Ha dipole=1.6549 D
Worker 17 step 193: ACCEPTED mirror E=-152.054595 Ha dipole=1.4624 D
Worker 34 step 192: ACCEPTED large_displacement E=-152.054113 Ha dipole=1.1117 D
Worker 11 step 176: ACCEPTED large_displacement E=-152.053734 Ha dipole=0.2046 D
Worker 20 step 194: ACCEPTED large_displacement E=-152.054780 Ha dipole=1.5445 D
Worker 20 step 194: Box stable window 1/3 (acc=60.00%)
Worker 29 step 187: ACCEPTED exchange E=-152.057385 Ha dipole=1.2382 D
Worker 4 step 235: ACCEPTED twist E=-152.055381 Ha dipole=1.4656 D
Worker 33 step 186: ACCEPTED random_so3 E=-152.057010 Ha dipole=1.3365 D
Worker 38 step 252: ACCEPTED mirror E=-152.054079 Ha dipole=0.8032 D
Worker 38 step 253: twist — no coordinate change (box rejection?)
Worker 30 step 219: ACCEPTED exchange E=-152.053870 Ha dipole=1.4882 D
Worker 30: 220/300 — accepted=127, rate=57.7%
Worker 1 step 281: ACCEPTED twist E=-152.053548 Ha dipole=1.4509 D
Worker 39 step 170: ACCEPTED roto_reflection E=-152.058983 Ha dipole=0.4163 D
Worker 24 step 190: ACCEPTED large_displacement E=-152.054620 Ha dipole=0.8797 D
Worker 15 step 174: ACCEPTED random_so3 E=-152.054946 Ha dipole=1.3845 D
Worker 13 step 221: ACCEPTED twist E=-152.058148 Ha dipole=0.6580 D
Worker 22 step 269: ACCEPTED random_so3 E=-152.055512 Ha dipole=1.5340 D
Worker 22: 270/300 — accepted=119, rate=44.1%
Worker 21 step 214: ACCEPTED random_so3 E=-152.057982 Ha dipole=1.3213 D
Worker 6 step 239: ACCEPTED roto_reflection E=-152.056320 Ha dipole=0.4965 D
Worker 6 step 239: Box stable window 1/3 (acc=60.00%)
Worker 6: 240/300 — accepted=93, rate=38.8%
Worker 26 step 180: ACCEPTED random_so3 E=-152.055789 Ha dipole=1.1835 D
Worker 36 step 243: ACCEPTED mirror E=-152.054034 Ha dipole=0.9986 D
Worker 36 step 244: mirror — no coordinate change (box rejection?)
Worker 32 step 179: ACCEPTED twist E=-152.059094 Ha dipole=0.2506 D
Worker 32: 180/300 — accepted=89, rate=49.4%
Worker 34 step 193: ACCEPTED random_so3 E=-152.054133 Ha dipole=0.9029 D
Worker 11 step 177: ACCEPTED principal_axis_rotation E=-152.054043 Ha dipole=0.1978 D
Worker 3 step 233: ACCEPTED twist E=-152.054162 Ha dipole=0.6012 D
Worker 3 step 234: twist — no coordinate change (box rejection?)
Worker 28 step 168: ACCEPTED twist E=-152.055186 Ha dipole=1.2175 D
Worker 23 step 167: ACCEPTED twist E=-152.055130 Ha dipole=1.5761 D
Worker 10 step 217: ACCEPTED large_displacement E=-152.056401 Ha dipole=1.3088 D
Worker 38 step 254: ACCEPTED exchange E=-152.054002 Ha dipole=0.8029 D
Worker 0 step 224: Adaptive box growth — new radius = 13.22 Å (acc=40.00%) 
Worker 12 step 218: ACCEPTED twist E=-152.059401 Ha dipole=0.8474 D
Worker 30 step 220: ACCEPTED exchange E=-152.054021 Ha dipole=1.4895 D
Worker 19 step 236: ACCEPTED large_displacement E=-152.054048 Ha dipole=1.1623 D
Worker 39 step 171: ACCEPTED roto_reflection E=-152.059160 Ha dipole=0.4999 D
Worker 17 step 194: ACCEPTED large_displacement E=-152.055487 Ha dipole=1.4668 D
Worker 2 step 260: ACCEPTED exchange E=-152.056532 Ha dipole=1.5289 D
Worker 9: 200/300 — accepted=86, rate=43.0%
Worker 20 step 195: ACCEPTED large_displacement E=-152.054687 Ha dipole=1.5432 D
Worker 29 step 188: ACCEPTED exchange E=-152.056560 Ha dipole=1.2418 D
Worker 4 step 236: ACCEPTED exchange E=-152.055251 Ha dipole=1.4650 D
Worker 4 step 237: mirror — no coordinate change (box rejection?)
Worker 15 step 175: ACCEPTED large_displacement E=-152.054556 Ha dipole=1.3816 D
Worker 33 step 187: ACCEPTED mirror E=-152.057010 Ha dipole=1.3365 D
Worker 34 step 194: ACCEPTED random_so3 E=-152.054057 Ha dipole=1.3256 D
Worker 36 step 245: ACCEPTED large_displacement E=-152.054029 Ha dipole=0.9985 D
Worker 3 step 235: ACCEPTED large_displacement E=-152.054090 Ha dipole=0.6013 D
Worker 1 step 282: ACCEPTED mirror E=-152.053548 Ha dipole=1.4509 D
Worker 11 step 179: roto_reflection — no coordinate change (box rejection?)
Worker 24 step 191: ACCEPTED twist E=-152.052931 Ha dipole=1.1239 D
Worker 38 step 255: ACCEPTED exchange E=-152.054079 Ha dipole=0.8032 D
Worker 13 step 222: ACCEPTED large_displacement E=-152.055889 Ha dipole=0.6545 D
Worker 30 step 221: ACCEPTED exchange E=-152.053870 Ha dipole=1.4882 D
Worker 39 step 172: ACCEPTED twist E=-152.060762 Ha dipole=0.3227 D
Worker 17 step 195: ACCEPTED exchange E=-152.055144 Ha dipole=1.4701 D
Worker 28 step 169: ACCEPTED twist E=-152.055200 Ha dipole=1.3216 D
Worker 28: 170/300 — accepted=98, rate=57.6%
Worker 35 step 172: ACCEPTED roto_reflection E=-152.056427 Ha dipole=1.4556 D
Worker 22 step 270: ACCEPTED large_displacement E=-152.053811 Ha dipole=1.5255 D
Worker 23 step 168: ACCEPTED random_so3 E=-152.054665 Ha dipole=1.5030 D
Worker 6 step 241: ACCEPTED twist E=-152.056329 Ha dipole=0.4735 D
Worker 10 step 218: ACCEPTED mirror E=-152.056401 Ha dipole=1.3088 D
Worker 8 step 238: ACCEPTED principal_axis_rotation E=-152.062159 Ha dipole=1.0510 D
Worker 3 step 236: ACCEPTED mirror E=-152.054090 Ha dipole=0.6023 D
Worker 19 step 237: ACCEPTED mirror E=-152.054020 Ha dipole=1.1161 D
Worker 12 step 219: ACCEPTED mirror E=-152.059401 Ha dipole=0.8474 D
Worker 12: 220/300 — accepted=104, rate=47.3%
Worker 1 step 283: ACCEPTED mirror E=-152.053548 Ha dipole=1.4509 D
Worker 21 step 216: ACCEPTED mirror E=-152.057982 Ha dipole=1.3213 D
Worker 20 step 196: ACCEPTED mirror E=-152.054687 Ha dipole=1.5432 D
Worker 20 step 197: roto_reflection — no coordinate change (box rejection?)
Worker 20 step 198: roto_reflection — no coordinate change (box rejection?)
Worker 27 step 168: ACCEPTED random_so3 E=-152.051880 Ha dipole=1.5846 D
Worker 30 step 222: ACCEPTED principal_axis_rotation E=-152.054104 Ha dipole=1.4892 D
Worker 29: 190/300 — accepted=99, rate=52.1%
Worker 34 step 195: ACCEPTED mirror E=-152.054074 Ha dipole=0.9186 D
Worker 15 step 176: ACCEPTED random_so3 E=-152.055099 Ha dipole=1.0789 D
Worker 36 step 246: ACCEPTED principal_axis_rotation E=-152.053988 Ha dipole=1.5303 D
Worker 17 step 196: ACCEPTED mirror E=-152.055145 Ha dipole=1.4702 D
Worker 28 step 170: ACCEPTED roto_reflection E=-152.053026 Ha dipole=0.9215 D
Worker 38 step 256: ACCEPTED exchange E=-152.054002 Ha dipole=0.8029 D
Worker 11 step 180: ACCEPTED exchange E=-152.053905 Ha dipole=0.1983 D
Worker 2 step 262: ACCEPTED large_displacement E=-152.055347 Ha dipole=1.5114 D
Worker 2 step 263: twist — no coordinate change (box rejection?)
Worker 2 step 264: twist — no coordinate change (box rejection?)
Worker 24 step 192: ACCEPTED twist E=-152.053370 Ha dipole=1.0770 D
Worker 6 step 242: ACCEPTED large_displacement E=-152.056851 Ha dipole=0.4843 D
Worker 8 step 239: ACCEPTED principal_axis_rotation E=-152.061215 Ha dipole=0.3142 D
Worker 8: 240/300 — accepted=93, rate=38.8%
Worker 13 step 223: ACCEPTED random_so3 E=-152.055673 Ha dipole=1.4175 D
Worker 0 step 226: ACCEPTED large_displacement E=-152.062017 Ha dipole=0.7792 D
Worker 33 step 188: ACCEPTED twist E=-152.059461 Ha dipole=1.2725 D
Worker 3 step 237: ACCEPTED random_so3 E=-152.054131 Ha dipole=1.5717 D
Worker 21 step 218: twist — no coordinate change (box rejection?)
Worker 22 step 271: ACCEPTED large_displacement E=-152.053836 Ha dipole=1.5270 D
Worker 5 step 178: ACCEPTED exchange E=-152.056511 Ha dipole=0.5154 D
Worker 22 step 272: roto_reflection — no coordinate change (box rejection?)
Worker 19 step 238: ACCEPTED mirror E=-152.054020 Ha dipole=1.1161 D
Worker 23 step 169: ACCEPTED twist E=-152.054867 Ha dipole=1.5468 D
Worker 23: 170/300 — accepted=105, rate=61.8%
Worker 39 step 174: ACCEPTED twist E=-152.060136 Ha dipole=0.5017 D
Worker 10 step 219: ACCEPTED large_displacement E=-152.056887 Ha dipole=1.3163 D
Worker 10: 220/300 — accepted=113, rate=51.4%
Worker 34 step 196: ACCEPTED mirror E=-152.054074 Ha dipole=0.9186 D
Worker 12 step 220: ACCEPTED principal_axis_rotation E=-152.058874 Ha dipole=0.9900 D
Worker 1 step 284: ACCEPTED random_so3 E=-152.053872 Ha dipole=1.2663 D
Worker 15 step 177: ACCEPTED mirror E=-152.054805 Ha dipole=1.1778 D
Worker 2 step 265: ACCEPTED exchange E=-152.055995 Ha dipole=1.5178 D
Worker 9 step 201: ACCEPTED mirror E=-152.060530 Ha dipole=1.6549 D
Worker 8 step 240: ACCEPTED principal_axis_rotation E=-152.061194 Ha dipole=0.3220 D
Worker 20 step 199: ACCEPTED twist E=-152.054653 Ha dipole=1.5850 D
Worker 20 step 199: Box stable window 2/3 (acc=60.00%)
Worker 20: 200/300 — accepted=112, rate=56.0%
Worker 20 step 200: roto_reflection — no coordinate change (box rejection?)
Worker 30 step 223: ACCEPTED principal_axis_rotation E=-152.053571 Ha dipole=1.0689 D
Worker 27: 170/300 — accepted=78, rate=45.9%
Worker 4 step 239: ACCEPTED large_displacement E=-152.055608 Ha dipole=1.4698 D
Worker 4: 240/300 — accepted=104, rate=43.3%
Worker 36 step 247: ACCEPTED large_displacement E=-152.053950 Ha dipole=1.5298 D
Worker 29 step 190: ACCEPTED principal_axis_rotation E=-152.056358 Ha dipole=1.5669 D
Worker 36 step 248: roto_reflection — no coordinate change (box rejection?)
Worker 28 step 171: ACCEPTED twist E=-152.052987 Ha dipole=0.8641 D
Worker 17 step 197: ACCEPTED twist E=-152.057774 Ha dipole=1.3207 D
Worker 13 step 224: ACCEPTED mirror E=-152.055678 Ha dipole=1.4172 D
Worker 5 step 179: ACCEPTED large_displacement E=-152.056529 Ha dipole=0.5169 D
Worker 5: 180/300 — accepted=84, rate=46.7%
Worker 38 step 257: ACCEPTED twist E=-152.053989 Ha dipole=1.2754 D
Worker 19 step 239: ACCEPTED random_so3 E=-152.053502 Ha dipole=1.4705 D
Worker 19: 240/300 — accepted=146, rate=60.8%
Worker 11 step 181: ACCEPTED mirror E=-152.053905 Ha dipole=0.1983 D
Worker 21 step 219: ACCEPTED twist E=-152.056410 Ha dipole=1.3634 D
Worker 21: 220/300 — accepted=98, rate=44.5%
Worker 32 step 182: ACCEPTED exchange E=-152.059293 Ha dipole=0.2814 D
Worker 21 step 220: roto_reflection — no coordinate change (box rejection?)
Worker 24 step 193: ACCEPTED large_displacement E=-152.053837 Ha dipole=1.0900 D
Worker 6 step 243: ACCEPTED mirror E=-152.056851 Ha dipole=0.4843 D
Worker 0 step 227: ACCEPTED mirror E=-152.062017 Ha dipole=0.7792 D
Worker 33 step 189: ACCEPTED twist E=-152.060180 Ha dipole=1.4409 D
Worker 33: 190/300 — accepted=94, rate=49.5%
Worker 34 step 197: ACCEPTED large_displacement E=-152.054065 Ha dipole=0.9186 D
Worker 15 step 178: ACCEPTED twist E=-152.054346 Ha dipole=1.1614 D
Worker 2 step 266: ACCEPTED principal_axis_rotation E=-152.052419 Ha dipole=0.6468 D
Worker 2 step 267: roto_reflection — no coordinate change (box rejection?)
Worker 26 step 183: ACCEPTED twist E=-152.055785 Ha dipole=1.1829 D
Worker 3 step 238: ACCEPTED random_so3 E=-152.053845 Ha dipole=1.2001 D
Worker 3 step 239: roto_reflection — no coordinate change (box rejection?)
Worker 8 step 241: ACCEPTED large_displacement E=-152.061742 Ha dipole=0.3607 D
Worker 35 step 174: ACCEPTED principal_axis_rotation E=-152.056813 Ha dipole=1.6111 D
Worker 22 step 273: ACCEPTED principal_axis_rotation E=-152.053323 Ha dipole=1.5264 D
Worker 10 step 220: ACCEPTED mirror E=-152.055168 Ha dipole=0.9845 D
Worker 19 step 240: ACCEPTED principal_axis_rotation E=-152.053529 Ha dipole=1.4689 D
Worker 1 step 285: ACCEPTED exchange E=-152.055921 Ha dipole=1.2739 D
Worker 32 step 183: ACCEPTED exchange E=-152.059094 Ha dipole=0.2506 D
Worker 21 step 221: ACCEPTED large_displacement E=-152.057193 Ha dipole=1.3383 D
Worker 39 step 176: ACCEPTED principal_axis_rotation E=-152.060114 Ha dipole=0.5596 D
Worker 20 step 201: ACCEPTED exchange E=-152.054769 Ha dipole=1.5857 D
Worker 30 step 224: ACCEPTED exchange E=-152.053380 Ha dipole=1.0695 D
Worker 30 step 225: twist — no coordinate change (box rejection?)
Worker 30 step 226: mirror — no coordinate change (box rejection?)
Worker 15 step 179: ACCEPTED mirror E=-152.054346 Ha dipole=1.1614 D
Worker 15: 180/300 — accepted=110, rate=61.1%
Worker 27 step 170: ACCEPTED large_displacement E=-152.051183 Ha dipole=1.5918 D
Worker 36 step 249: ACCEPTED exchange E=-152.053966 Ha dipole=1.5299 D
Worker 36: 250/300 — accepted=146, rate=58.4%
Worker 2 step 268: ACCEPTED large_displacement E=-152.052053 Ha dipole=0.6436 D
Worker 4 step 240: ACCEPTED principal_axis_rotation E=-152.055280 Ha dipole=1.2229 D
Worker 4 step 241: mirror — no coordinate change (box rejection?)
Worker 26 step 184: ACCEPTED principal_axis_rotation E=-152.057538 Ha dipole=0.9971 D
Worker 26 step 184: Box stable window 1/3 (acc=60.00%)
Worker 38 step 258: ACCEPTED mirror E=-152.053989 Ha dipole=1.2754 D
Worker 28 step 172: ACCEPTED twist E=-152.052947 Ha dipole=1.0480 D
Worker 17 step 198: ACCEPTED mirror E=-152.057774 Ha dipole=1.3207 D
Worker 8 step 242: ACCEPTED mirror E=-152.061745 Ha dipole=0.3594 D
Worker 5 step 180: ACCEPTED principal_axis_rotation E=-152.055655 Ha dipole=0.1006 D
Worker 11 step 182: ACCEPTED large_displacement E=-152.053805 Ha dipole=0.1981 D
Worker 6 step 244: Box stable window 2/3 (acc=60.00%)
Worker 19 step 241: ACCEPTED large_displacement E=-152.053650 Ha dipole=1.4698 D
Worker 34 step 198: ACCEPTED principal_axis_rotation E=-152.054044 Ha dipole=1.3358 D
Worker 0 step 228: ACCEPTED random_so3 E=-152.056902 Ha dipole=0.7060 D
Worker 33 step 190: ACCEPTED twist E=-152.058984 Ha dipole=1.0548 D
Worker 13 step 226: ACCEPTED twist E=-152.056801 Ha dipole=0.8873 D
Worker 3 step 240: ACCEPTED large_displacement E=-152.053843 Ha dipole=1.2001 D
Worker 23 step 171: ACCEPTED twist E=-152.054869 Ha dipole=1.5470 D
Worker 23 step 172: twist — no coordinate change (box rejection?)
Worker 22 step 274: ACCEPTED large_displacement E=-152.052647 Ha dipole=1.5197 D
Worker 22 step 275: mirror — no coordinate change (box rejection?)
Worker 22 step 276: mirror — no coordinate change (box rejection?)
Worker 15 step 180: ACCEPTED twist E=-152.056398 Ha dipole=1.2725 D
Worker 32 step 184: ACCEPTED exchange E=-152.059293 Ha dipole=0.2814 D
Worker 32 step 184: Box stable window 1/3 (acc=60.00%)
Worker 2 step 269: ACCEPTED twist E=-152.052562 Ha dipole=0.7129 D
Worker 2: 270/300 — accepted=99, rate=36.7%
Worker 30 step 227: ACCEPTED twist E=-152.054700 Ha dipole=1.1266 D
Worker 30 step 228: twist — no coordinate change (box rejection?)
Worker 10 step 221: ACCEPTED twist E=-152.056772 Ha dipole=1.3528 D
Worker 20 step 202: ACCEPTED random_so3 E=-152.053398 Ha dipole=0.3747 D
Worker 21 step 223: roto_reflection — no coordinate change (box rejection?)
Worker 1 step 286: ACCEPTED large_displacement E=-152.057124 Ha dipole=1.2935 D
Worker 17: 200/300 — accepted=110, rate=55.0%
Worker 26 step 185: ACCEPTED mirror E=-152.057538 Ha dipole=0.9971 D
Worker 6 step 245: ACCEPTED mirror E=-152.056851 Ha dipole=0.4843 D
Worker 19 step 242: ACCEPTED random_so3 E=-152.054049 Ha dipole=1.4531 D
Worker 36 step 250: ACCEPTED exchange E=-152.053950 Ha dipole=1.5298 D
Worker 36 step 251: twist — no coordinate change (box rejection?)
Worker 13 step 227: ACCEPTED mirror E=-152.056799 Ha dipole=0.8876 D
Worker 27 step 171: ACCEPTED large_displacement E=-152.054071 Ha dipole=1.5986 D
Worker 4 step 242: ACCEPTED principal_axis_rotation E=-152.054307 Ha dipole=0.8047 D
Worker 38 step 259: ACCEPTED large_displacement E=-152.053978 Ha dipole=1.2752 D
Worker 38: 260/300 — accepted=144, rate=55.4%
Worker 28 step 173: ACCEPTED principal_axis_rotation E=-152.053321 Ha dipole=1.5134 D
Worker 11 step 183: ACCEPTED large_displacement E=-152.053818 Ha dipole=0.1979 D
Worker 5 step 181: ACCEPTED exchange E=-152.056976 Ha dipole=0.1066 D
Worker 35 step 176: ACCEPTED large_displacement E=-152.058699 Ha dipole=1.6405 D
Worker 15 step 181: ACCEPTED large_displacement E=-152.055576 Ha dipole=1.2825 D
Worker 2 step 270: ACCEPTED twist E=-152.053900 Ha dipole=1.2845 D
Worker 24 step 195: ACCEPTED roto_reflection E=-152.057454 Ha dipole=0.8680 D
Worker 30 step 229: ACCEPTED twist E=-152.054707 Ha dipole=1.1313 D
Worker 30: 230/300 — accepted=134, rate=58.3%
Worker 34 step 199: ACCEPTED random_so3 E=-152.054163 Ha dipole=1.2602 D
Worker 34: 200/300 — accepted=130, rate=65.0%
Worker 34 step 200: twist — no coordinate change (box rejection?)
Worker 34 step 201: twist — no coordinate change (box rejection?)
Worker 34 step 202: twist — no coordinate change (box rejection?)
Worker 9 step 204: ACCEPTED mirror E=-152.060531 Ha dipole=1.6550 D
Worker 8 step 244: Box stable window 1/3 (acc=60.00%)
Worker 0 step 229: ACCEPTED twist E=-152.056619 Ha dipole=0.3442 D
Worker 0: 230/300 — accepted=113, rate=49.1%
Worker 17 step 200: ACCEPTED principal_axis_rotation E=-152.054478 Ha dipole=1.3039 D
Worker 3 step 241: ACCEPTED exchange E=-152.053830 Ha dipole=1.2010 D
Worker 19 step 243: ACCEPTED large_displacement E=-152.053987 Ha dipole=1.4523 D
Worker 6 step 246: ACCEPTED mirror E=-152.056849 Ha dipole=0.4844 D
Worker 23 step 173: ACCEPTED mirror E=-152.054869 Ha dipole=1.5470 D
Worker 36 step 252: ACCEPTED roto_reflection E=-152.054045 Ha dipole=1.0645 D
Worker 20 step 203: ACCEPTED roto_reflection E=-152.053375 Ha dipole=0.2929 D
Worker 21 step 224: ACCEPTED mirror E=-152.057193 Ha dipole=1.3383 D
Worker 22 step 277: ACCEPTED principal_axis_rotation E=-152.053410 Ha dipole=1.5165 D
Worker 22 step 278: twist — no coordinate change (box rejection?)
Worker 10 step 222: ACCEPTED large_displacement E=-152.056007 Ha dipole=1.3440 D
Worker 1 step 287: ACCEPTED random_so3 E=-152.055383 Ha dipole=1.2669 D
Worker 15 step 182: ACCEPTED principal_axis_rotation E=-152.054848 Ha dipole=1.2781 D
Worker 2 step 272: large_displacement — no coordinate change (box rejection?)
Worker 2 step 273: twist — no coordinate change (box rejection?)
Worker 13 step 228: ACCEPTED exchange E=-152.055178 Ha dipole=0.8855 D
Worker 26 step 186: ACCEPTED twist E=-152.058182 Ha dipole=1.4051 D
Worker 27 step 172: ACCEPTED large_displacement E=-152.051775 Ha dipole=1.5765 D
Worker 5 step 182: ACCEPTED roto_reflection E=-152.057423 Ha dipole=0.3399 D
Worker 39 step 178: ACCEPTED large_displacement E=-152.059834 Ha dipole=0.5520 D
Worker 34 step 203: ACCEPTED large_displacement E=-152.054167 Ha dipole=1.2603 D
Worker 4 step 243: ACCEPTED exchange E=-152.054193 Ha dipole=0.8005 D
Worker 38 step 260: ACCEPTED principal_axis_rotation E=-152.053960 Ha dipole=1.2460 D
Worker 38 step 261: roto_reflection — no coordinate change (box rejection?)
Worker 3 step 242: ACCEPTED principal_axis_rotation E=-152.053876 Ha dipole=1.1997 D
Worker 12 step 224: ACCEPTED random_so3 E=-152.058305 Ha dipole=1.2552 D
Worker 19 step 244: ACCEPTED twist E=-152.053977 Ha dipole=1.4636 D
Worker 19 step 245: mirror — no coordinate change (box rejection?)
Worker 29 step 193: ACCEPTED mirror E=-152.056363 Ha dipole=1.5669 D
Worker 28 step 174: ACCEPTED exchange E=-152.053685 Ha dipole=1.5116 D
Worker 30 step 230: ACCEPTED roto_reflection E=-152.054731 Ha dipole=1.3551 D
Worker 36 step 253: ACCEPTED large_displacement E=-152.054060 Ha dipole=1.0647 D
Worker 6 step 247: ACCEPTED roto_reflection E=-152.057449 Ha dipole=0.5555 D
Worker 21 step 225: ACCEPTED exchange E=-152.058133 Ha dipole=1.3688 D
Worker 21 step 226: mirror — no coordinate change (box rejection?)
Worker 21 step 227: twist — no coordinate change (box rejection?)
Worker 35 step 177: ACCEPTED mirror E=-152.058699 Ha dipole=1.6405 D
Worker 20 step 204: ACCEPTED random_so3 E=-152.053544 Ha dipole=0.8714 D
Worker 24 step 196: ACCEPTED twist E=-152.056472 Ha dipole=0.3440 D
Worker 24 step 197: exchange — no coordinate change (box rejection?)
Worker 24 step 198: large_displacement — no coordinate change (box rejection?)
Worker 8 step 245: ACCEPTED mirror E=-152.061745 Ha dipole=0.3594 D
Worker 0 step 230: ACCEPTED random_so3 E=-152.058048 Ha dipole=1.5264 D
Worker 2 step 274: ACCEPTED principal_axis_rotation E=-152.057566 Ha dipole=0.8520 D
Worker 13 step 229: ACCEPTED mirror E=-152.055178 Ha dipole=0.8855 D
Worker 13: 230/300 — accepted=115, rate=50.0%
Worker 23 step 174: ACCEPTED twist E=-152.055247 Ha dipole=1.0446 D
Worker 23 step 174: Box stable window 1/3 (acc=60.00%)
Worker 5 step 183: ACCEPTED mirror E=-152.057423 Ha dipole=0.3399 D
Worker 34 step 204: ACCEPTED large_displacement E=-152.054143 Ha dipole=1.2600 D
Worker 22 step 279: ACCEPTED mirror E=-152.053410 Ha dipole=1.5166 D
Worker 22: 280/300 — accepted=125, rate=44.6%
Worker 22 step 280: roto_reflection — no coordinate change (box rejection?)
Worker 22 step 281: roto_reflection — no coordinate change (box rejection?)
Worker 39 step 179: ACCEPTED principal_axis_rotation E=-152.060721 Ha dipole=0.3021 D
Worker 39 step 179: Box stable window 1/3 (acc=60.00%)
Worker 39: 180/300 — accepted=92, rate=51.1%
Worker 32 step 186: ACCEPTED twist E=-152.056230 Ha dipole=0.5014 D
Worker 10 step 223: ACCEPTED mirror E=-152.053104 Ha dipole=0.9194 D
Worker 19 step 246: ACCEPTED twist E=-152.054166 Ha dipole=1.1336 D
Worker 17 step 202: ACCEPTED random_so3 E=-152.058143 Ha dipole=0.5107 D
Worker 4 step 244: ACCEPTED twist E=-152.053625 Ha dipole=1.0356 D
Worker 36 step 254: ACCEPTED exchange E=-152.054142 Ha dipole=1.0653 D
Worker 21 step 228: ACCEPTED roto_reflection E=-152.053012 Ha dipole=0.9246 D
Worker 21 step 229: roto_reflection — no coordinate change (box rejection?)
Worker 21 step 230: exchange — no coordinate change (box rejection?)
Worker 15 step 183: ACCEPTED principal_axis_rotation E=-152.055898 Ha dipole=0.9021 D
Worker 1 step 288: ACCEPTED principal_axis_rotation E=-152.055929 Ha dipole=0.4406 D
Worker 20 step 205: ACCEPTED mirror E=-152.054556 Ha dipole=1.3648 D
Worker 3 step 243: ACCEPTED large_displacement E=-152.053812 Ha dipole=1.1994 D
Worker 3 step 244: twist — no coordinate change (box rejection?)
Worker 26 step 187: ACCEPTED principal_axis_rotation E=-152.057799 Ha dipole=1.3975 D
Worker 33 step 193: ACCEPTED twist E=-152.060673 Ha dipole=0.9467 D
Worker 27 step 173: ACCEPTED twist E=-152.051260 Ha dipole=1.5568 D
Worker 38 step 262: ACCEPTED twist E=-152.054002 Ha dipole=0.9907 D
Worker 38 step 263: mirror — no coordinate change (box rejection?)
Worker 38 step 264: twist — no coordinate change (box rejection?)
Worker 11 step 185: ACCEPTED principal_axis_rotation E=-152.053497 Ha dipole=0.3795 D
Worker 2 step 275: ACCEPTED twist E=-152.054926 Ha dipole=1.4769 D
Worker 28 step 175: ACCEPTED large_displacement E=-152.054113 Ha dipole=1.5088 D
Worker 30 step 231: ACCEPTED roto_reflection E=-152.053535 Ha dipole=0.8890 D
Worker 13 step 230: ACCEPTED exchange E=-152.056799 Ha dipole=0.8876 D
Worker 34 step 205: ACCEPTED large_displacement E=-152.054163 Ha dipole=1.2603 D
Worker 5 step 184: ACCEPTED principal_axis_rotation E=-152.055881 Ha dipole=0.7201 D
Worker 19 step 247: ACCEPTED mirror E=-152.054166 Ha dipole=1.1336 D
Worker 36 step 255: ACCEPTED twist E=-152.053927 Ha dipole=1.5841 D
Worker 24 step 199: ACCEPTED principal_axis_rotation E=-152.056308 Ha dipole=0.3830 D
Worker 24: 200/300 — accepted=129, rate=64.5%
Worker 4 step 245: ACCEPTED mirror E=-152.053625 Ha dipole=1.0356 D
Worker 9 step 206: ACCEPTED twist E=-152.060540 Ha dipole=1.6841 D
Worker 21 step 231: ACCEPTED principal_axis_rotation E=-152.054923 Ha dipole=1.5826 D
Worker 0 step 231: ACCEPTED twist E=-152.058819 Ha dipole=1.5715 D
Worker 20 step 206: ACCEPTED large_displacement E=-152.054359 Ha dipole=1.3625 D
Worker 20 step 207: roto_reflection — no coordinate change (box rejection?)
Worker 23 step 175: ACCEPTED large_displacement E=-152.055701 Ha dipole=1.0483 D
Worker 22 step 282: ACCEPTED large_displacement E=-152.052358 Ha dipole=1.5141 D
Worker 22 step 283: mirror — no coordinate change (box rejection?)
Worker 22 step 284: mirror — no coordinate change (box rejection?)
Worker 22 step 285: roto_reflection — no coordinate change (box rejection?)
Worker 22 step 286: mirror — no coordinate change (box rejection?)
Worker 22 step 287: twist — no coordinate change (box rejection?)
Worker 10 step 224: ACCEPTED large_displacement E=-152.053072 Ha dipole=0.9193 D
Worker 32 step 187: ACCEPTED mirror E=-152.056230 Ha dipole=0.5014 D
Worker 2 step 276: ACCEPTED random_so3 E=-152.052592 Ha dipole=1.3483 D
Worker 2 step 277: mirror — no coordinate change (box rejection?)
Worker 2 step 278: twist — no coordinate change (box rejection?)
Worker 2 step 279: twist — no coordinate change (box rejection?)
Worker 34 step 206: ACCEPTED principal_axis_rotation E=-152.054004 Ha dipole=0.7093 D
Worker 13 step 231: ACCEPTED large_displacement E=-152.056289 Ha dipole=0.8891 D
Worker 13 step 232: roto_reflection — no coordinate change (box rejection?)
Worker 13 step 233: large_displacement — no coordinate change (box rejection?)
Worker 13 step 234: mirror — no coordinate change (box rejection?)
Worker 5 step 185: ACCEPTED large_displacement E=-152.057646 Ha dipole=0.7194 D
Worker 1 step 289: ACCEPTED principal_axis_rotation E=-152.058944 Ha dipole=0.6120 D
Worker 1: 290/300 — accepted=109, rate=37.6%
Worker 36 step 256: ACCEPTED random_so3 E=-152.054170 Ha dipole=0.6306 D
Worker 36 step 257: twist — no coordinate change (box rejection?)
Worker 3 step 245: ACCEPTED large_displacement E=-152.053782 Ha dipole=1.1985 D
Worker 3 step 246: large_displacement — no coordinate change (box rejection?)
Worker 33 step 194: Adaptive box growth — new radius = 13.57 Å (acc=40.00%) 
Worker 27 step 174: ACCEPTED twist E=-152.051367 Ha dipole=1.5254 D
Worker 38 step 265: ACCEPTED twist E=-152.054007 Ha dipole=0.9965 D
Worker 28 step 176: ACCEPTED principal_axis_rotation E=-152.054123 Ha dipole=1.5076 D
Worker 38 step 266: twist — no coordinate change (box rejection?)
Worker 4 step 246: ACCEPTED twist E=-152.053415 Ha dipole=1.2238 D
Worker 30 step 232: ACCEPTED random_so3 E=-152.054645 Ha dipole=1.1077 D
Worker 21 step 232: ACCEPTED principal_axis_rotation E=-152.056497 Ha dipole=1.6083 D
Worker 17 step 204: ACCEPTED roto_reflection E=-152.058542 Ha dipole=0.5735 D
Worker 17 step 204: Box stable window 1/3 (acc=60.00%)
Worker 20 step 208: ACCEPTED twist E=-152.054498 Ha dipole=1.1455 D
Worker 29 step 195: ACCEPTED twist E=-152.060623 Ha dipole=1.5901 D
Worker 6 step 249: ACCEPTED principal_axis_rotation E=-152.057154 Ha dipole=0.5473 D
Worker 6: 250/300 — accepted=100, rate=40.0%
Worker 35 step 179: ACCEPTED large_displacement E=-152.058895 Ha dipole=1.6409 D
Worker 35: 180/300 — accepted=107, rate=59.4%
Worker 24 step 201: roto_reflection — no coordinate change (box rejection?)
Worker 34 step 207: ACCEPTED principal_axis_rotation E=-152.053992 Ha dipole=1.0095 D
Worker 2 step 280: ACCEPTED twist E=-152.054642 Ha dipole=1.4552 D
Worker 19 step 249: ACCEPTED roto_reflection E=-152.053861 Ha dipole=1.2449 D
Worker 19 step 249: Box stable window 1/3 (acc=60.00%)
Worker 19: 250/300 — accepted=154, rate=61.6%
Worker 19 step 250: mirror — no coordinate change (box rejection?)
Worker 9 step 207: ACCEPTED large_displacement E=-152.061183 Ha dipole=1.7028 D
Worker 0 step 232: ACCEPTED large_displacement E=-152.058675 Ha dipole=1.5761 D
Worker 36 step 258: ACCEPTED exchange E=-152.054136 Ha dipole=0.6307 D
Worker 39 step 182: ACCEPTED mirror E=-152.060721 Ha dipole=0.3021 D
Worker 27 step 175: ACCEPTED roto_reflection E=-152.054954 Ha dipole=1.0449 D
Worker 27 step 176: twist — no coordinate change (box rejection?)
Worker 10 step 225: ACCEPTED roto_reflection E=-152.055589 Ha dipole=1.3435 D
Worker 22 step 288: ACCEPTED twist E=-152.055370 Ha dipole=0.9390 D
Worker 32 step 188: ACCEPTED principal_axis_rotation E=-152.057297 Ha dipole=0.1078 D
Worker 22 step 289: large_displacement — no coordinate change (box rejection?)
Worker 22 step 290: mirror — no coordinate change (box rejection?)
Worker 22 step 291: roto_reflection — no coordinate change (box rejection?)
Worker 33 step 195: ACCEPTED principal_axis_rotation E=-152.059395 Ha dipole=1.0263 D
Worker 30 step 233: ACCEPTED exchange E=-152.054742 Ha dipole=1.1111 D
Worker 28 step 177: ACCEPTED random_so3 E=-152.055946 Ha dipole=0.7988 D
Worker 5 step 186: ACCEPTED large_displacement E=-152.057244 Ha dipole=0.7152 D
Worker 21 step 233: ACCEPTED large_displacement E=-152.054905 Ha dipole=1.5848 D
Worker 21 step 234: large_displacement — no coordinate change (box rejection?)
Worker 13 step 235: ACCEPTED twist E=-152.055648 Ha dipole=1.2080 D
Worker 38 step 267: ACCEPTED exchange E=-152.054049 Ha dipole=0.9967 D
Worker 15 step 185: ACCEPTED principal_axis_rotation E=-152.055173 Ha dipole=0.9311 D
Worker 3 step 247: ACCEPTED principal_axis_rotation E=-152.054017 Ha dipole=0.1525 D
Worker 1 step 290: ACCEPTED large_displacement E=-152.057919 Ha dipole=0.6026 D
Worker 34 step 208: ACCEPTED large_displacement E=-152.053970 Ha dipole=1.0093 D
Worker 19 step 251: ACCEPTED large_displacement E=-152.053911 Ha dipole=1.2452 D
Worker 26 step 189: Box stable window 2/3 (acc=60.00%)
Worker 26: 190/300 — accepted=116, rate=61.1%
Worker 4 step 247: ACCEPTED mirror E=-152.053415 Ha dipole=1.2238 D
Worker 35 step 180: ACCEPTED principal_axis_rotation E=-152.059147 Ha dipole=1.6399 D
Worker 11 step 187: ACCEPTED principal_axis_rotation E=-152.056208 Ha dipole=0.9833 D
Worker 17 step 205: ACCEPTED twist E=-152.058556 Ha dipole=0.5522 D
Worker 17 step 206: twist — no coordinate change (box rejection?)
Worker 20 step 209: ACCEPTED twist E=-152.054501 Ha dipole=1.1561 D
Worker 20: 210/300 — accepted=120, rate=57.1%
Worker 39 step 183: ACCEPTED mirror E=-152.060721 Ha dipole=0.3020 D
Worker 36 step 259: ACCEPTED random_so3 E=-152.053977 Ha dipole=1.4909 D
Worker 36: 260/300 — accepted=154, rate=59.2%
Worker 27 step 177: ACCEPTED large_displacement E=-152.054472 Ha dipole=1.0510 D
Worker 6 step 250: ACCEPTED roto_reflection E=-152.057355 Ha dipole=0.6498 D
Worker 30 step 234: ACCEPTED random_so3 E=-152.053805 Ha dipole=1.4660 D
Worker 24 step 202: ACCEPTED principal_axis_rotation E=-152.055744 Ha dipole=0.7087 D
Worker 24 step 203: exchange — no coordinate change (box rejection?)
Worker 24 step 204: twist — no coordinate change (box rejection?)
Worker 2 step 281: ACCEPTED twist E=-152.054707 Ha dipole=0.5428 D
Worker 38 step 268: ACCEPTED large_displacement E=-152.054077 Ha dipole=0.9967 D
Worker 33 step 196: ACCEPTED principal_axis_rotation E=-152.059438 Ha dipole=1.2701 D
Worker 21 step 235: ACCEPTED principal_axis_rotation E=-152.053801 Ha dipole=1.5722 D
Worker 21 step 236: random_so3 — no coordinate change (box rejection?)
Worker 9 step 208: ACCEPTED exchange E=-152.060903 Ha dipole=1.6911 D
Worker 23 step 177: ACCEPTED random_so3 E=-152.054983 Ha dipole=1.4905 D
Worker 28 step 178: ACCEPTED roto_reflection E=-152.055907 Ha dipole=0.7936 D
Worker 34 step 209: ACCEPTED large_displacement E=-152.054008 Ha dipole=1.0098 D
Worker 34: 210/300 — accepted=137, rate=65.2%
Worker 19 step 252: ACCEPTED principal_axis_rotation E=-152.053702 Ha dipole=0.3812 D
Worker 32 step 189: ACCEPTED mirror E=-152.057297 Ha dipole=0.1078 D
Worker 32: 190/300 — accepted=96, rate=50.5%
Worker 3 step 248: ACCEPTED large_displacement E=-152.054023 Ha dipole=0.1516 D
Worker 27 step 179: roto_reflection — no coordinate change (box rejection?)
Worker 30 step 235: ACCEPTED large_displacement E=-152.053823 Ha dipole=1.4658 D
Worker 15 step 187: roto_reflection — no coordinate change (box rejection?)
Worker 1 step 291: ACCEPTED random_so3 E=-152.057824 Ha dipole=1.1013 D
Worker 38 step 269: ACCEPTED large_displacement E=-152.054089 Ha dipole=0.9968 D
Worker 38 step 269: Box stable window 1/3 (acc=60.00%)
Worker 38: 270/300 — accepted=150, rate=55.6%
Worker 21 step 237: ACCEPTED random_so3 E=-152.057210 Ha dipole=1.3661 D
Worker 21 step 238: roto_reflection — no coordinate change (box rejection?)
Worker 4 step 248: ACCEPTED exchange E=-152.053918 Ha dipole=1.2297 D
Worker 4 step 249: twist — no coordinate change (box rejection?)
Worker 35 step 181: ACCEPTED twist E=-152.059341 Ha dipole=1.6332 D
Worker 11 step 188: ACCEPTED random_so3 E=-152.052533 Ha dipole=1.1570 D
Worker 9 step 209: ACCEPTED twist E=-152.060860 Ha dipole=1.6732 D
Worker 9: 210/300 — accepted=92, rate=43.8%
Worker 23 step 178: ACCEPTED roto_reflection E=-152.055189 Ha dipole=1.2987 D
Worker 39 step 184: ACCEPTED mirror E=-152.056264 Ha dipole=1.5989 D
Worker 39 step 184: Box stable window 2/3 (acc=60.00%)
Worker 20 step 210: ACCEPTED twist E=-152.053758 Ha dipole=1.0466 D
Worker 20 step 211: roto_reflection — no coordinate change (box rejection?)
Worker 28 step 179: ACCEPTED principal_axis_rotation E=-152.055901 Ha dipole=1.0634 D
Worker 28: 180/300 — accepted=108, rate=60.0%
Worker 36 step 260: ACCEPTED principal_axis_rotation E=-152.053964 Ha dipole=1.4909 D
Worker 36 step 261: large_displacement — no coordinate change (box rejection?)
Worker 3 step 249: ACCEPTED random_so3 E=-152.053966 Ha dipole=1.1849 D
Worker 3: 250/300 — accepted=153, rate=61.2%
Worker 12 step 228: ACCEPTED twist E=-152.058367 Ha dipole=1.2486 D
Worker 5 step 188: ACCEPTED mirror E=-152.057244 Ha dipole=0.7152 D
Worker 24 step 205: ACCEPTED mirror E=-152.055744 Ha dipole=0.7087 D
Worker 2 step 282: ACCEPTED exchange E=-152.056490 Ha dipole=0.5815 D
Worker 32 step 190: ACCEPTED twist E=-152.056887 Ha dipole=0.3241 D
Worker 27 step 180: ACCEPTED mirror E=-152.054646 Ha dipole=1.2017 D
Worker 0 step 234: ACCEPTED mirror E=-152.058675 Ha dipole=1.5761 D
Worker 30 step 236: ACCEPTED large_displacement E=-152.053646 Ha dipole=1.4640 D
Worker 8 step 249: ACCEPTED principal_axis_rotation E=-152.061780 Ha dipole=0.3684 D
Worker 8: 250/300 — accepted=98, rate=39.2%
Worker 38 step 270: ACCEPTED principal_axis_rotation E=-152.054076 Ha dipole=1.1650 D
Worker 22 step 294: roto_reflection — no coordinate change (box rejection?)
Worker 34 step 210: ACCEPTED large_displacement E=-152.054032 Ha dipole=1.0101 D
Worker 33 step 198: ACCEPTED large_displacement E=-152.057890 Ha dipole=1.2535 D
Worker 19 step 253: ACCEPTED principal_axis_rotation E=-152.054024 Ha dipole=1.0187 D
Worker 10 step 227: ACCEPTED twist E=-152.053179 Ha dipole=0.7980 D
Worker 21 step 239: ACCEPTED exchange E=-152.057950 Ha dipole=1.3872 D
Worker 21: 240/300 — accepted=108, rate=45.0%
Worker 23 step 179: ACCEPTED principal_axis_rotation E=-152.055561 Ha dipole=0.4361 D
Worker 23: 180/300 — accepted=112, rate=62.2%
Worker 9 step 210: ACCEPTED twist E=-152.060872 Ha dipole=1.6532 D
Worker 13 step 237: ACCEPTED twist E=-152.055471 Ha dipole=0.7489 D
Worker 3 step 250: ACCEPTED roto_reflection E=-152.053969 Ha dipole=1.1989 D
Worker 15 step 188: ACCEPTED mirror E=-152.055173 Ha dipole=0.9311 D
Worker 1 step 292: ACCEPTED twist E=-152.058744 Ha dipole=0.5355 D
Worker 29 step 198: ACCEPTED mirror E=-152.060622 Ha dipole=1.5904 D
Worker 32 step 191: ACCEPTED roto_reflection E=-152.058705 Ha dipole=0.8075 D
Worker 32 step 192: roto_reflection — no coordinate change (box rejection?)
Worker 27 step 181: ACCEPTED exchange E=-152.054604 Ha dipole=1.2121 D
Worker 11 step 189: ACCEPTED large_displacement E=-152.052316 Ha dipole=1.1551 D
Worker 11: 190/300 — accepted=100, rate=52.6%
Worker 4 step 250: ACCEPTED large_displacement E=-152.054453 Ha dipole=1.2345 D
Worker 26 step 191: ACCEPTED twist E=-152.057951 Ha dipole=1.4354 D
Worker 39 step 185: ACCEPTED exchange E=-152.052672 Ha dipole=1.5714 D
Worker 36 step 262: ACCEPTED mirror E=-152.053965 Ha dipole=1.4905 D
Worker 36 step 263: twist — no coordinate change (box rejection?)
Worker 20 step 212: ACCEPTED large_displacement E=-152.053878 Ha dipole=1.0471 D
Worker 38 step 271: ACCEPTED twist E=-152.054084 Ha dipole=1.1471 D
Worker 33 step 199: ACCEPTED twist E=-152.056970 Ha dipole=1.4955 D
Worker 33: 200/300 — accepted=100, rate=50.0%
Worker 17 step 208: ACCEPTED twist E=-152.058797 Ha dipole=0.3905 D
Worker 12: 230/300 — accepted=107, rate=46.5%
Worker 24 step 206: ACCEPTED twist E=-152.055288 Ha dipole=0.4714 D
Worker 5 step 189: Box stable window 1/3 (acc=60.00%)
Worker 5: 190/300 — accepted=92, rate=48.4%
Worker 34 step 211: ACCEPTED principal_axis_rotation E=-152.054075 Ha dipole=1.3621 D
Worker 34 step 212: exchange — no coordinate change (box rejection?)
Worker 23 step 180: ACCEPTED random_so3 E=-152.054259 Ha dipole=0.6512 D
Worker 3 step 251: ACCEPTED large_displacement E=-152.053854 Ha dipole=1.1990 D
Worker 30 step 237: ACCEPTED mirror E=-152.053646 Ha dipole=1.4640 D
Worker 3 step 252: twist — no coordinate change (box rejection?)
Worker 19 step 254: ACCEPTED twist E=-152.053966 Ha dipole=1.1596 D
Worker 0 step 235: ACCEPTED large_displacement E=-152.054734 Ha dipole=1.5947 D
Worker 1 step 293: ACCEPTED exchange E=-152.057346 Ha dipole=0.4792 D
Worker 29: 200/300 — accepted=103, rate=51.5%
Worker 10 step 228: ACCEPTED twist E=-152.055261 Ha dipole=0.2471 D
Worker 21 step 241: mirror — no coordinate change (box rejection?)
Worker 38 step 272: ACCEPTED twist E=-152.053856 Ha dipole=0.8063 D
Worker 36 step 264: ACCEPTED large_displacement E=-152.053973 Ha dipole=1.4907 D
Worker 36 step 264: Box stable window 1/3 (acc=60.00%)
Worker 36 step 265: roto_reflection — no coordinate change (box rejection?)
Worker 36 step 266: roto_reflection — no coordinate change (box rejection?)
Worker 36 step 267: twist — no coordinate change (box rejection?)
Worker 36 step 268: twist — no coordinate change (box rejection?)
Worker 13 step 238: ACCEPTED roto_reflection E=-152.056473 Ha dipole=1.2819 D
Worker 8 step 251: ACCEPTED mirror E=-152.061780 Ha dipole=0.3684 D
Worker 39 step 186: ACCEPTED roto_reflection E=-152.056867 Ha dipole=0.3248 D
Worker 15 step 189: ACCEPTED large_displacement E=-152.054376 Ha dipole=0.9400 D
Worker 15 step 189: Box stable window 1/3 (acc=60.00%)
Worker 15: 190/300 — accepted=117, rate=61.6%
Worker 17 step 209: ACCEPTED mirror E=-152.058797 Ha dipole=0.3905 D
Worker 17 step 209: Box stable window 2/3 (acc=60.00%)
Worker 17: 210/300 — accepted=116, rate=55.2%
Worker 32 step 193: ACCEPTED principal_axis_rotation E=-152.057728 Ha dipole=0.3447 D
Worker 27 step 182: ACCEPTED mirror E=-152.054601 Ha dipole=1.2129 D
Worker 11 step 190: ACCEPTED random_so3 E=-152.052752 Ha dipole=0.6032 D
Worker 20 step 213: ACCEPTED large_displacement E=-152.053926 Ha dipole=1.0475 D
Worker 20 step 214: twist — no coordinate change (box rejection?)
Worker 26 step 192: ACCEPTED random_so3 E=-152.055553 Ha dipole=0.6227 D
Worker 19 step 255: ACCEPTED principal_axis_rotation E=-152.054086 Ha dipole=1.0213 D
Worker 1 step 294: ACCEPTED large_displacement E=-152.058169 Ha dipole=0.4789 D
Worker 1 step 295: mirror — no coordinate change (box rejection?)
Worker 29 step 200: ACCEPTED mirror E=-152.060623 Ha dipole=1.5901 D
Worker 33 step 201: mirror — no coordinate change (box rejection?)
Worker 6 step 253: ACCEPTED roto_reflection E=-152.057593 Ha dipole=0.9282 D
Worker 38 step 273: ACCEPTED mirror E=-152.053856 Ha dipole=0.8053 D
Worker 38 step 274: roto_reflection — no coordinate change (box rejection?)
Worker 38 step 275: mirror — no coordinate change (box rejection?)
Worker 38 step 276: twist — no coordinate change (box rejection?)
Worker 24 step 207: ACCEPTED large_displacement E=-152.054674 Ha dipole=0.4750 D
Worker 34 step 213: ACCEPTED large_displacement E=-152.054089 Ha dipole=1.3623 D
Worker 34 step 214: random_so3 — no coordinate change (box rejection?)
Worker 22 step 297: ACCEPTED principal_axis_rotation E=-152.054389 Ha dipole=0.9315 D
Worker 23 step 181: ACCEPTED large_displacement E=-152.054003 Ha dipole=0.6518 D
Worker 3 step 253: ACCEPTED roto_reflection E=-152.053717 Ha dipole=1.2563 D
Worker 36 step 269: ACCEPTED large_displacement E=-152.053981 Ha dipole=1.4907 D
Worker 36 step 269: Adaptive box growth — new radius = 9.57 Å (acc=20.00%) 
Worker 36: 270/300 — accepted=158, rate=58.5%
Worker 2 step 284: ACCEPTED large_displacement E=-152.056906 Ha dipole=0.5852 D
Worker 2 step 285: roto_reflection — no coordinate change (box rejection?)
Worker 30 step 238: ACCEPTED mirror E=-152.054142 Ha dipole=0.6691 D
Worker 28 step 182: ACCEPTED twist E=-152.056374 Ha dipole=1.1124 D
Worker 39 step 187: ACCEPTED twist E=-152.056821 Ha dipole=0.2991 D
Worker 0 step 236: ACCEPTED large_displacement E=-152.058049 Ha dipole=1.5434 D
Worker 10 step 229: ACCEPTED random_so3 E=-152.054807 Ha dipole=0.9529 D
Worker 10: 230/300 — accepted=122, rate=53.0%
Worker 4 step 252: ACCEPTED twist E=-152.054298 Ha dipole=1.2498 D
Worker 21 step 242: ACCEPTED large_displacement E=-152.058798 Ha dipole=1.3993 D
Worker 1 step 296: ACCEPTED twist E=-152.058511 Ha dipole=0.2731 D
Worker 9 step 212: ACCEPTED twist E=-152.060709 Ha dipole=1.6708 D
Worker 13 step 239: ACCEPTED roto_reflection E=-152.056220 Ha dipole=1.3631 D
Worker 13: 240/300 — accepted=121, rate=50.4%
Worker 15 step 190: ACCEPTED twist E=-152.055608 Ha dipole=0.8376 D
Worker 15 step 191: roto_reflection — no coordinate change (box rejection?)
Worker 35 step 185: ACCEPTED large_displacement E=-152.058022 Ha dipole=1.6125 D
Worker 36 step 270: ACCEPTED twist E=-152.054099 Ha dipole=0.6592 D
Worker 38 step 278: twist — no coordinate change (box rejection?)
Worker 22 step 299: roto_reflection — no coordinate change (box rejection?)
Worker 22: DONE — 128/300 accepted (42.7%)
Worker 11 step 191: ACCEPTED exchange E=-152.053502 Ha dipole=0.5965 D
Worker 17 step 210: ACCEPTED large_displacement E=-152.058898 Ha dipole=0.3857 D
Worker 20 step 215: ACCEPTED twist E=-152.053936 Ha dipole=0.7265 D
Worker 32 step 194: Box stable window 1/3 (acc=60.00%)
Worker 8 step 253: ACCEPTED random_so3 E=-152.057510 Ha dipole=0.6441 D
Worker 27 step 183: ACCEPTED roto_reflection E=-152.054824 Ha dipole=1.1988 D
Worker 27 step 184: roto_reflection — no coordinate change (box rejection?)
Worker 26 step 193: ACCEPTED mirror E=-152.055547 Ha dipole=0.6215 D
Worker 33 step 202: ACCEPTED large_displacement E=-152.056091 Ha dipole=1.4910 D
Worker 24 step 208: ACCEPTED large_displacement E=-152.054499 Ha dipole=0.4753 D
Worker 34 step 215: ACCEPTED twist E=-152.053991 Ha dipole=1.3926 D
Worker 34 step 216: roto_reflection — no coordinate change (box rejection?)
Worker 3 step 254: ACCEPTED principal_axis_rotation E=-152.053736 Ha dipole=1.2562 D
Worker 23 step 182: ACCEPTED large_displacement E=-152.054029 Ha dipole=0.6487 D
Worker 1 step 298: mirror — no coordinate change (box rejection?)
Worker 2 step 286: ACCEPTED exchange E=-152.055352 Ha dipole=0.5429 D
Worker 2 step 287: mirror — no coordinate change (box rejection?)
Worker 30 step 239: ACCEPTED twist E=-152.054453 Ha dipole=0.6791 D
Worker 30: 240/300 — accepted=144, rate=60.0%
Worker 28 step 183: ACCEPTED random_so3 E=-152.052469 Ha dipole=0.7056 D
Worker 15 step 192: ACCEPTED principal_axis_rotation E=-152.055612 Ha dipole=0.8350 D
Worker 4 step 253: ACCEPTED principal_axis_rotation E=-152.052903 Ha dipole=1.2070 D
Worker 38 step 279: ACCEPTED roto_reflection E=-152.053842 Ha dipole=0.9531 D
Worker 38 step 279: Adaptive box growth — new radius = 8.97 Å (acc=50.00%) 
Worker 38: 280/300 — accepted=155, rate=55.4%
Worker 11 step 192: ACCEPTED principal_axis_rotation E=-152.053369 Ha dipole=0.5950 D
Worker 5 step 192: ACCEPTED principal_axis_rotation E=-152.058409 Ha dipole=1.1185 D
Worker 35 step 186: ACCEPTED large_displacement E=-152.059073 Ha dipole=1.6223 D
Worker 10 step 230: ACCEPTED exchange E=-152.055313 Ha dipole=0.9570 D
Worker 21 step 243: ACCEPTED exchange E=-152.057707 Ha dipole=1.3718 D
Worker 39 step 189: Box stable window 3/3 (acc=60.00%)
Worker 39 step 189: Box growth stabilized after 3 windows. Stopping growth.
Worker 39: 190/300 — accepted=98, rate=51.6%
Worker 19 step 257: ACCEPTED roto_reflection E=-152.053949 Ha dipole=1.3267 D
Worker 13 step 240: ACCEPTED principal_axis_rotation E=-152.056602 Ha dipole=1.2285 D
Worker 29 step 202: ACCEPTED mirror E=-152.060623 Ha dipole=1.5901 D
Worker 36 step 271: ACCEPTED exchange E=-152.054145 Ha dipole=0.6594 D
Worker 3 step 255: ACCEPTED principal_axis_rotation E=-152.053708 Ha dipole=1.2564 D
Worker 3 step 256: exchange — no coordinate change (box rejection?)
Worker 3 step 257: roto_reflection — no coordinate change (box rejection?)
Worker 3 step 258: exchange — no coordinate change (box rejection?)
Worker 3 step 259: roto_reflection — no coordinate change (box rejection?)
Worker 1 step 299: Adaptive box growth — new radius = 13.57 Å (acc=20.00%) 
Worker 1: 300/300 — accepted=115, rate=38.3%
Worker 1: DONE — 115/300 accepted (38.3%)
Worker 20 step 216: ACCEPTED large_displacement E=-152.053965 Ha dipole=0.7266 D
Worker 27 step 185: ACCEPTED large_displacement E=-152.054036 Ha dipole=1.1964 D
Worker 27 step 186: mirror — no coordinate change (box rejection?)
Worker 32 step 195: ACCEPTED mirror E=-152.057728 Ha dipole=0.3447 D
Worker 28 step 184: ACCEPTED random_so3 E=-152.057950 Ha dipole=0.9789 D
Worker 28 step 184: Box stable window 1/3 (acc=60.00%)
Worker 4 step 254: ACCEPTED twist E=-152.052669 Ha dipole=1.1840 D
Worker 4 step 255: twist — no coordinate change (box rejection?)
Worker 4 step 256: roto_reflection — no coordinate change (box rejection?)
Worker 26 step 194: ACCEPTED roto_reflection E=-152.052220 Ha dipole=1.2383 D
Worker 9 step 214: ACCEPTED large_displacement E=-152.061115 Ha dipole=1.6818 D
Worker 0 step 238: ACCEPTED twist E=-152.057832 Ha dipole=1.5099 D
Worker 11 step 193: ACCEPTED large_displacement E=-152.053413 Ha dipole=0.5982 D
Worker 38 step 280: ACCEPTED mirror E=-152.053842 Ha dipole=0.9531 D
Worker 33 step 203: ACCEPTED principal_axis_rotation E=-152.056929 Ha dipole=1.5921 D
Worker 24 step 209: ACCEPTED mirror E=-152.054499 Ha dipole=0.4753 D
Worker 24: 210/300 — accepted=135, rate=64.3%
Worker 34 step 217: ACCEPTED principal_axis_rotation E=-152.053966 Ha dipole=1.5624 D
Worker 34 step 218: twist — no coordinate change (box rejection?)
Worker 34 step 219: mirror — no coordinate change (box rejection?)
Worker 35 step 187: ACCEPTED twist E=-152.059226 Ha dipole=1.6656 D
Worker 34 step 220: mirror — no coordinate change (box rejection?)
Worker 34 step 221: principal_axis_rotation — no coordinate change (box rejection?)
Worker 23 step 183: ACCEPTED large_displacement E=-152.053742 Ha dipole=0.6534 D
Worker 15 step 193: ACCEPTED large_displacement E=-152.055397 Ha dipole=0.8360 D
Worker 39 step 190: ACCEPTED roto_reflection E=-152.060604 Ha dipole=1.0946 D
Worker 2 step 288: ACCEPTED principal_axis_rotation E=-152.055136 Ha dipole=1.5192 D
Worker 30 step 240: ACCEPTED large_displacement E=-152.054588 Ha dipole=0.6784 D
Worker 5 step 193: ACCEPTED large_displacement E=-152.057643 Ha dipole=1.1179 D
Worker 3 step 260: ACCEPTED twist E=-152.053697 Ha dipole=1.2439 D
Worker 19 step 258: ACCEPTED random_so3 E=-152.054273 Ha dipole=0.6210 D
Worker 10 step 231: ACCEPTED large_displacement E=-152.055372 Ha dipole=0.9577 D
Worker 10 step 232: mirror — no coordinate change (box rejection?)
Worker 29 step 203: ACCEPTED large_displacement E=-152.059115 Ha dipole=1.5794 D
Worker 21 step 244: ACCEPTED exchange E=-152.058798 Ha dipole=1.3993 D
Worker 9 step 215: ACCEPTED mirror E=-152.061115 Ha dipole=1.6818 D
Worker 11 step 194: ACCEPTED large_displacement E=-152.053331 Ha dipole=0.5978 D
Worker 8 step 256: ACCEPTED mirror E=-152.057510 Ha dipole=0.6441 D
Worker 36 step 272: ACCEPTED large_displacement E=-152.054158 Ha dipole=0.6595 D
Worker 13 step 241: ACCEPTED random_so3 E=-152.057274 Ha dipole=0.5000 D
Worker 36 step 273: roto_reflection — no coordinate change (box rejection?)
Worker 36 step 274: mirror — no coordinate change (box rejection?)
Worker 6 step 256: ACCEPTED twist E=-152.058189 Ha dipole=0.8584 D
Worker 34 step 222: ACCEPTED principal_axis_rotation E=-152.053986 Ha dipole=1.5306 D
Worker 20 step 217: ACCEPTED random_so3 E=-152.054136 Ha dipole=1.2307 D
Worker 35 step 188: ACCEPTED large_displacement E=-152.060860 Ha dipole=1.7220 D
Worker 39 step 191: ACCEPTED twist E=-152.060624 Ha dipole=1.0619 D
Worker 15 step 194: ACCEPTED random_so3 E=-152.054108 Ha dipole=0.7767 D
Worker 27 step 187: ACCEPTED twist E=-152.053733 Ha dipole=0.8154 D
Worker 17 step 213: exchange — no coordinate change (box rejection?)
Worker 30 step 241: ACCEPTED twist E=-152.054527 Ha dipole=0.7847 D
Worker 4 step 257: ACCEPTED large_displacement E=-152.052932 Ha dipole=1.1785 D
Worker 4 step 258: mirror — no coordinate change (box rejection?)
Worker 23 step 184: ACCEPTED twist E=-152.054066 Ha dipole=1.3490 D
Worker 26 step 195: ACCEPTED principal_axis_rotation E=-152.053226 Ha dipole=1.2464 D
Worker 38 step 281: ACCEPTED twist E=-152.053895 Ha dipole=0.8026 D
Worker 0 step 239: ACCEPTED large_displacement E=-152.056847 Ha dipole=1.5032 D
Worker 0: 240/300 — accepted=121, rate=50.4%
Worker 33 step 204: ACCEPTED large_displacement E=-152.056980 Ha dipole=1.5926 D
Worker 33 step 204: Box stable window 1/3 (acc=60.00%)
Worker 3 step 261: ACCEPTED random_so3 E=-152.053982 Ha dipole=1.2751 D
Worker 3 step 262: mirror — no coordinate change (box rejection?)
Worker 3 step 263: mirror — no coordinate change (box rejection?)
Worker 24 step 210: ACCEPTED random_so3 E=-152.054384 Ha dipole=0.4679 D
Worker 19 step 259: ACCEPTED large_displacement E=-152.054234 Ha dipole=0.6211 D
Worker 19: 260/300 — accepted=162, rate=62.3%
Worker 28 step 186: ACCEPTED principal_axis_rotation E=-152.058467 Ha dipole=1.2545 D
Worker 2 step 289: ACCEPTED large_displacement E=-152.054357 Ha dipole=1.5171 D
Worker 2: 290/300 — accepted=110, rate=37.9%
Worker 10 step 233: ACCEPTED random_so3 E=-152.053876 Ha dipole=1.4820 D
Worker 12 step 233: ACCEPTED mirror E=-152.058369 Ha dipole=1.2493 D
Worker 34 step 223: ACCEPTED large_displacement E=-152.054008 Ha dipole=1.5309 D
Worker 8 step 257: ACCEPTED mirror E=-152.057504 Ha dipole=0.6450 D
Worker 5 step 195: ACCEPTED large_displacement E=-152.058115 Ha dipole=1.1261 D
Worker 36 step 275: ACCEPTED large_displacement E=-152.054140 Ha dipole=0.6594 D
Worker 36 step 276: roto_reflection — no coordinate change (box rejection?)
Worker 36 step 277: twist — no coordinate change (box rejection?)
Worker 13 step 242: ACCEPTED mirror E=-152.057274 Ha dipole=0.5000 D
Worker 20 step 218: ACCEPTED large_displacement E=-152.054140 Ha dipole=1.2308 D
Worker 21 step 245: ACCEPTED twist E=-152.058547 Ha dipole=1.2758 D
Worker 6 step 257: ACCEPTED large_displacement E=-152.058954 Ha dipole=0.8736 D
Worker 19 step 260: ACCEPTED twist E=-152.054218 Ha dipole=0.9798 D
Worker 35 step 189: ACCEPTED twist E=-152.058188 Ha dipole=1.4978 D
Worker 35: 190/300 — accepted=114, rate=60.0%
Worker 28 step 187: ACCEPTED mirror E=-152.058467 Ha dipole=1.2545 D
Worker 11 step 196: ACCEPTED twist E=-152.055007 Ha dipole=1.2918 D
Worker 15 step 195: ACCEPTED exchange E=-152.056093 Ha dipole=0.7912 D
Worker 15 step 196: twist — no coordinate change (box rejection?)
Worker 27 step 188: ACCEPTED exchange E=-152.054445 Ha dipole=0.8084 D
Worker 10 step 234: ACCEPTED large_displacement E=-152.053910 Ha dipole=1.4820 D
Worker 17 step 214: ACCEPTED twist E=-152.058879 Ha dipole=0.5716 D
Worker 17 step 214: Adaptive box growth — new radius = 11.12 Å (acc=40.00%) 
Worker 30 step 242: ACCEPTED twist E=-152.053502 Ha dipole=1.1927 D
Worker 30 step 243: roto_reflection — no coordinate change (box rejection?)
Worker 32 step 197: ACCEPTED twist E=-152.056444 Ha dipole=1.0520 D
Worker 23 step 185: ACCEPTED twist E=-152.054113 Ha dipole=1.3823 D
Worker 38 step 282: ACCEPTED twist E=-152.053844 Ha dipole=0.8724 D
Worker 38 step 283: roto_reflection — no coordinate change (box rejection?)
Worker 38 step 284: roto_reflection — no coordinate change (box rejection?)
Worker 34 step 224: ACCEPTED principal_axis_rotation E=-152.054139 Ha dipole=0.5890 D
Worker 4 step 259: ACCEPTED random_so3 E=-152.052922 Ha dipole=1.5570 D
Worker 4: 260/300 — accepted=118, rate=45.4%
Worker 3 step 264: ACCEPTED large_displacement E=-152.054125 Ha dipole=1.2748 D
Worker 26 step 196: ACCEPTED large_displacement E=-152.054160 Ha dipole=1.2555 D
Worker 3 step 265: mirror — no coordinate change (box rejection?)
Worker 3 step 266: twist — no coordinate change (box rejection?)
Worker 39 step 193: ACCEPTED large_displacement E=-152.060569 Ha dipole=1.1034 D
Worker 24 step 211: ACCEPTED mirror E=-152.054384 Ha dipole=0.4679 D
Worker 33 step 205: ACCEPTED principal_axis_rotation E=-152.057219 Ha dipole=1.5270 D
Worker 0 step 240: ACCEPTED principal_axis_rotation E=-152.056666 Ha dipole=1.5040 D
Worker 5 step 196: ACCEPTED mirror E=-152.058115 Ha dipole=1.1269 D
Worker 36 step 278: ACCEPTED twist E=-152.054092 Ha dipole=1.1042 D
Worker 36 step 279: twist — no coordinate change (box rejection?)
Worker 20: 220/300 — accepted=127, rate=57.7%
Worker 20 step 220: mirror — no coordinate change (box rejection?)
Worker 20 step 221: twist — no coordinate change (box rejection?)
Worker 2 step 290: ACCEPTED mirror E=-152.054357 Ha dipole=1.5171 D
Worker 19 step 261: ACCEPTED twist E=-152.054176 Ha dipole=0.6591 D
Worker 11 step 197: ACCEPTED principal_axis_rotation E=-152.055751 Ha dipole=0.8569 D
Worker 9 step 218: ACCEPTED exchange E=-152.061369 Ha dipole=1.6953 D
Worker 10 step 235: ACCEPTED large_displacement E=-152.054049 Ha dipole=1.4856 D
Worker 34 step 225: ACCEPTED large_displacement E=-152.054132 Ha dipole=0.5889 D
Worker 36 step 280: ACCEPTED twist E=-152.054023 Ha dipole=1.0863 D
Worker 15 step 198: twist — no coordinate change (box rejection?)
Worker 15 step 199: twist — no coordinate change (box rejection?)
Worker 20 step 222: ACCEPTED large_displacement E=-152.054039 Ha dipole=1.2299 D
Worker 27 step 189: ACCEPTED twist E=-152.055257 Ha dipole=0.7184 D
Worker 27: 190/300 — accepted=93, rate=48.9%
Worker 27 step 190: random_so3 — no coordinate change (box rejection?)
Worker 27 step 191: twist — no coordinate change (box rejection?)
Worker 30 step 244: ACCEPTED principal_axis_rotation E=-152.053670 Ha dipole=1.3391 D
Worker 6 step 259: ACCEPTED large_displacement E=-152.058722 Ha dipole=0.8684 D
Worker 6 step 259: Box stable window 1/3 (acc=60.00%)
Worker 6: 260/300 — accepted=105, rate=40.4%
Worker 17 step 215: ACCEPTED mirror E=-152.058879 Ha dipole=0.5716 D
Worker 19 step 262: ACCEPTED exchange E=-152.054251 Ha dipole=0.6604 D
Worker 19 step 263: twist — no coordinate change (box rejection?)
Worker 28 step 189: ACCEPTED twist E=-152.058631 Ha dipole=1.1678 D
Worker 28 step 189: Box stable window 2/3 (acc=60.00%)
Worker 28: 190/300 — accepted=114, rate=60.0%
Worker 13 step 244: ACCEPTED large_displacement E=-152.058316 Ha dipole=0.4859 D
Worker 23 step 186: ACCEPTED mirror E=-152.054113 Ha dipole=1.3823 D
Worker 38 step 285: ACCEPTED principal_axis_rotation E=-152.053904 Ha dipole=0.8726 D
Worker 32 step 198: ACCEPTED large_displacement E=-152.057103 Ha dipole=1.1387 D
Worker 9 step 219: ACCEPTED principal_axis_rotation E=-152.061217 Ha dipole=1.6580 D
Worker 9: 220/300 — accepted=98, rate=44.5%
Worker 3 step 267: ACCEPTED exchange E=-152.053696 Ha dipole=1.2713 D
Worker 24 step 212: ACCEPTED mirror E=-152.053078 Ha dipole=1.5363 D
Worker 4 step 260: ACCEPTED random_so3 E=-152.053771 Ha dipole=1.4997 D
Worker 26 step 197: ACCEPTED large_displacement E=-152.053929 Ha dipole=1.2482 D
Worker 10 step 236: ACCEPTED mirror E=-152.054049 Ha dipole=1.4856 D
Worker 0 step 241: ACCEPTED principal_axis_rotation E=-152.055093 Ha dipole=1.5732 D
Worker 11 step 198: ACCEPTED mirror E=-152.055751 Ha dipole=0.8569 D
Worker 34 step 226: ACCEPTED principal_axis_rotation E=-152.054002 Ha dipole=1.5300 D
Worker 2 step 291: ACCEPTED large_displacement E=-152.054211 Ha dipole=1.5182 D
Worker 2 step 292: twist — no coordinate change (box rejection?)
Worker 36 step 281: ACCEPTED exchange E=-152.054006 Ha dipole=1.0863 D
Worker 29 step 207: ACCEPTED principal_axis_rotation E=-152.055994 Ha dipole=1.5485 D
Worker 29 step 208: twist — no coordinate change (box rejection?)
Worker 5 step 198: ACCEPTED random_so3 E=-152.058178 Ha dipole=1.0986 D
Worker 12 step 235: ACCEPTED principal_axis_rotation E=-152.060461 Ha dipole=1.0131 D
Worker 20 step 223: ACCEPTED random_so3 E=-152.053890 Ha dipole=1.5469 D
Worker 15 step 200: ACCEPTED exchange E=-152.054108 Ha dipole=0.7767 D
Worker 30 step 245: ACCEPTED twist E=-152.053582 Ha dipole=1.5319 D
Worker 8 step 259: ACCEPTED large_displacement E=-152.058537 Ha dipole=0.6451 D
Worker 8 step 259: Box stable window 1/3 (acc=60.00%)
Worker 8: 260/300 — accepted=103, rate=39.6%
Worker 6 step 260: ACCEPTED mirror E=-152.058722 Ha dipole=0.8685 D
Worker 13 step 245: ACCEPTED large_displacement E=-152.059729 Ha dipole=0.5065 D
Worker 21 step 249: large_displacement — no coordinate change (box rejection?)
Worker 34 step 227: ACCEPTED large_displacement E=-152.053996 Ha dipole=1.5299 D
Worker 34 step 228: mirror — no coordinate change (box rejection?)
Worker 34 step 229: exchange — no coordinate change (box rejection?)
Worker 34 step 230: twist — no coordinate change (box rejection?)
Worker 34 step 231: twist — no coordinate change (box rejection?)
Worker 35 step 191: ACCEPTED random_so3 E=-152.058495 Ha dipole=1.2826 D
Worker 36 step 282: ACCEPTED exchange E=-152.054023 Ha dipole=1.0863 D
Worker 27 step 192: ACCEPTED mirror E=-152.055255 Ha dipole=0.7195 D
Worker 39 step 196: ACCEPTED mirror E=-152.060568 Ha dipole=1.1026 D
Worker 19 step 264: ACCEPTED twist E=-152.054236 Ha dipole=0.6605 D
Worker 29 step 209: ACCEPTED twist E=-152.056321 Ha dipole=1.5453 D
Worker 29: 210/300 — accepted=108, rate=51.4%
Worker 5 step 199: ACCEPTED twist E=-152.057782 Ha dipole=1.0342 D
Worker 5: 200/300 — accepted=98, rate=49.0%
Worker 38 step 286: ACCEPTED twist E=-152.054086 Ha dipole=0.9178 D
Worker 23 step 187: ACCEPTED principal_axis_rotation E=-152.054761 Ha dipole=1.3847 D
Worker 23 step 188: roto_reflection — no coordinate change (box rejection?)
Worker 24 step 213: ACCEPTED roto_reflection E=-152.053158 Ha dipole=1.5587 D
Worker 20 step 224: ACCEPTED exchange E=-152.053795 Ha dipole=1.5460 D
Worker 20 step 224: Box stable window 1/3 (acc=60.00%)
Worker 20 step 225: twist — no coordinate change (box rejection?)
Worker 20 step 226: roto_reflection — no coordinate change (box rejection?)
Worker 3 step 268: ACCEPTED exchange E=-152.054125 Ha dipole=1.2748 D
Worker 32 step 199: Box stable window 2/3 (acc=60.00%)
Worker 32: 200/300 — accepted=102, rate=51.0%
Worker 30 step 246: ACCEPTED principal_axis_rotation E=-152.053457 Ha dipole=1.5317 D
Worker 4 step 261: ACCEPTED principal_axis_rotation E=-152.053986 Ha dipole=1.5039 D
Worker 26 step 198: ACCEPTED principal_axis_rotation E=-152.053584 Ha dipole=1.2706 D
Worker 11 step 199: ACCEPTED mirror E=-152.055751 Ha dipole=0.8579 D
Worker 11: 200/300 — accepted=109, rate=54.5%
Worker 0 step 242: ACCEPTED twist E=-152.054625 Ha dipole=1.5948 D
Worker 2 step 293: ACCEPTED mirror E=-152.054211 Ha dipole=1.5182 D
Worker 2 step 294: mirror — no coordinate change (box rejection?)
Worker 2 step 295: roto_reflection — no coordinate change (box rejection?)
Worker 2 step 296: roto_reflection — no coordinate change (box rejection?)
Worker 2 step 297: twist — no coordinate change (box rejection?)
Worker 28 step 191: ACCEPTED large_displacement E=-152.059875 Ha dipole=1.1934 D
Worker 21 step 251: exchange — no coordinate change (box rejection?)
Worker 21 step 252: roto_reflection — no coordinate change (box rejection?)
Worker 10 step 238: ACCEPTED twist E=-152.053830 Ha dipole=0.9120 D
Worker 15 step 201: ACCEPTED exchange E=-152.056093 Ha dipole=0.7912 D
Worker 34 step 232: ACCEPTED large_displacement E=-152.053950 Ha dipole=1.5293 D
Worker 34 step 233: twist — no coordinate change (box rejection?)
Worker 34 step 234: twist — no coordinate change (box rejection?)
Worker 36 step 283: ACCEPTED large_displacement E=-152.054018 Ha dipole=1.0862 D
Worker 12 step 236: ACCEPTED large_displacement E=-152.060818 Ha dipole=1.0353 D
Worker 8 step 260: ACCEPTED principal_axis_rotation E=-152.059173 Ha dipole=0.6459 D
Worker 39 step 197: ACCEPTED mirror E=-152.060568 Ha dipole=1.1026 D
Worker 27 step 193: ACCEPTED large_displacement E=-152.055007 Ha dipole=0.7197 D
Worker 29 step 210: ACCEPTED large_displacement E=-152.057595 Ha dipole=1.5642 D
Worker 29 step 211: roto_reflection — no coordinate change (box rejection?)
Worker 20 step 227: ACCEPTED exchange E=-152.053890 Ha dipole=1.5469 D
Worker 13 step 246: ACCEPTED large_displacement E=-152.055007 Ha dipole=0.5477 D
Worker 5 step 200: ACCEPTED mirror E=-152.057782 Ha dipole=1.0342 D
Worker 3 step 269: ACCEPTED exchange E=-152.053696 Ha dipole=1.2713 D
Worker 3: 270/300 — accepted=164, rate=60.7%
Worker 3 step 270: mirror — no coordinate change (box rejection?)
Worker 35 step 192: ACCEPTED principal_axis_rotation E=-152.058407 Ha dipole=1.2833 D
Worker 10 step 239: ACCEPTED exchange E=-152.054172 Ha dipole=0.9182 D
Worker 10: 240/300 — accepted=130, rate=54.2%
Worker 30 step 247: ACCEPTED twist E=-152.053546 Ha dipole=0.9621 D
Worker 19 step 265: ACCEPTED random_so3 E=-152.054156 Ha dipole=0.6774 D
Worker 24 step 214: ACCEPTED mirror E=-152.053158 Ha dipole=1.5587 D
Worker 38 step 287: ACCEPTED large_displacement E=-152.054119 Ha dipole=0.9177 D
Worker 26: 200/300 — accepted=124, rate=62.0%
Worker 26 step 200: mirror — no coordinate change (box rejection?)
Worker 21 step 253: ACCEPTED large_displacement E=-152.057033 Ha dipole=1.2454 D
Worker 34 step 235: ACCEPTED large_displacement E=-152.053961 Ha dipole=1.5295 D
Worker 34 step 236: roto_reflection — no coordinate change (box rejection?)
Worker 17 step 217: ACCEPTED twist E=-152.058850 Ha dipole=0.5745 D
Worker 34 step 237: roto_reflection — no coordinate change (box rejection?)
Worker 23 step 189: ACCEPTED twist E=-152.053579 Ha dipole=1.5585 D
Worker 23: 190/300 — accepted=121, rate=63.7%
Worker 32 step 200: ACCEPTED roto_reflection E=-152.060208 Ha dipole=1.0413 D
Worker 0 step 243: ACCEPTED roto_reflection E=-152.054757 Ha dipole=1.5824 D
Worker 4 step 262: ACCEPTED random_so3 E=-152.056771 Ha dipole=1.1794 D
Worker 11 step 200: ACCEPTED large_displacement E=-152.054880 Ha dipole=0.8449 D
Worker 27 step 194: ACCEPTED mirror E=-152.054178 Ha dipole=1.4311 D
Worker 27 step 194: Box stable window 1/3 (acc=60.00%)
Worker 27 step 195: roto_reflection — no coordinate change (box rejection?)
Worker 20 step 228: ACCEPTED twist E=-152.053898 Ha dipole=1.5963 D
Worker 2 step 298: ACCEPTED large_displacement E=-152.054335 Ha dipole=1.5200 D
Worker 2 step 299: mirror — no coordinate change (box rejection?)
Worker 2: DONE — 114/300 accepted (38.0%)
Worker 28 step 192: ACCEPTED roto_reflection E=-152.058641 Ha dipole=1.4336 D
Worker 3 step 271: ACCEPTED twist E=-152.054000 Ha dipole=1.5003 D
Worker 15 step 202: ACCEPTED random_so3 E=-152.052398 Ha dipole=1.4913 D
Worker 6 step 263: ACCEPTED large_displacement E=-152.059998 Ha dipole=0.8938 D
Worker 36 step 284: ACCEPTED twist E=-152.054131 Ha dipole=1.0654 D
Worker 8 step 261: ACCEPTED exchange E=-152.054412 Ha dipole=0.5959 D
Worker 19 step 266: ACCEPTED large_displacement E=-152.054234 Ha dipole=0.6772 D
Worker 26 step 201: ACCEPTED roto_reflection E=-152.053086 Ha dipole=1.5424 D
Worker 13 step 247: ACCEPTED twist E=-152.053001 Ha dipole=1.0256 D
Worker 5 step 201: ACCEPTED large_displacement E=-152.055785 Ha dipole=1.0183 D
Worker 0 step 244: ACCEPTED large_displacement E=-152.053278 Ha dipole=1.5590 D
Worker 32 step 201: ACCEPTED mirror E=-152.060208 Ha dipole=1.0413 D
Worker 32 step 202: roto_reflection — no coordinate change (box rejection?)
Worker 27 step 196: ACCEPTED large_displacement E=-152.054179 Ha dipole=1.4293 D
Worker 39: 200/300 — accepted=103, rate=51.5%
Worker 10 step 240: ACCEPTED exchange E=-152.053830 Ha dipole=0.9120 D
Worker 29 step 213: ACCEPTED mirror E=-152.057592 Ha dipole=1.5646 D
Worker 20 step 229: ACCEPTED twist E=-152.054214 Ha dipole=1.1854 D
Worker 20 step 229: Box stable window 2/3 (acc=60.00%)
Worker 20: 230/300 — accepted=133, rate=57.8%
Worker 28 step 193: ACCEPTED large_displacement E=-152.061011 Ha dipole=1.4876 D
Worker 3 step 272: ACCEPTED exchange E=-152.053761 Ha dipole=1.4994 D
Worker 30 step 248: ACCEPTED random_so3 E=-152.054147 Ha dipole=1.2577 D
Worker 24 step 215: ACCEPTED large_displacement E=-152.053182 Ha dipole=1.5587 D
Worker 17 step 218: ACCEPTED principal_axis_rotation E=-152.057285 Ha dipole=1.2827 D
Worker 38 step 288: ACCEPTED exchange E=-152.053927 Ha dipole=0.9165 D
Worker 34 step 238: ACCEPTED principal_axis_rotation E=-152.053969 Ha dipole=1.5295 D
Worker 34 step 239: principal_axis_rotation — no coordinate change (box rejection?)
Worker 34 step 240: mirror — no coordinate change (box rejection?)
Worker 34 step 241: mirror — no coordinate change (box rejection?)
Worker 23 step 190: ACCEPTED mirror E=-152.053579 Ha dipole=1.5585 D
Worker 34 step 242: large_displacement — no coordinate change (box rejection?)
Worker 34 step 243: twist — no coordinate change (box rejection?)
Worker 36 step 285: ACCEPTED exchange E=-152.054061 Ha dipole=1.0651 D
Worker 21 step 254: ACCEPTED large_displacement E=-152.056366 Ha dipole=1.2364 D
Worker 11 step 201: ACCEPTED twist E=-152.055349 Ha dipole=1.3164 D
Worker 19 step 267: ACCEPTED exchange E=-152.054197 Ha dipole=0.6772 D
Worker 33: 210/300 — accepted=104, rate=49.5%
Worker 4 step 263: ACCEPTED mirror E=-152.056771 Ha dipole=1.1794 D
Worker 26 step 202: ACCEPTED twist E=-152.051925 Ha dipole=1.4148 D
Worker 27 step 197: ACCEPTED large_displacement E=-152.054115 Ha dipole=1.4297 D
Worker 15 step 203: ACCEPTED exchange E=-152.052988 Ha dipole=1.4872 D
Worker 27 step 198: roto_reflection — no coordinate change (box rejection?)
Worker 15 step 204: large_displacement — no coordinate change (box rejection?)
Worker 10 step 241: ACCEPTED exchange E=-152.054172 Ha dipole=0.9182 D
Worker 0 step 245: ACCEPTED roto_reflection E=-152.056014 Ha dipole=1.1138 D
Worker 28 step 194: ACCEPTED large_displacement E=-152.060955 Ha dipole=1.4743 D
Worker 3 step 273: ACCEPTED large_displacement E=-152.053655 Ha dipole=1.4992 D
Worker 20 step 230: ACCEPTED large_displacement E=-152.054216 Ha dipole=1.1855 D
Worker 36 step 286: ACCEPTED random_so3 E=-152.053964 Ha dipole=0.5686 D
Worker 36 step 287: roto_reflection — no coordinate change (box rejection?)
Worker 19 step 268: ACCEPTED twist E=-152.054235 Ha dipole=0.5707 D
Worker 13 step 248: ACCEPTED roto_reflection E=-152.061053 Ha dipole=1.1907 D
Worker 5 step 202: ACCEPTED roto_reflection E=-152.053537 Ha dipole=1.2498 D
Worker 6 step 265: ACCEPTED principal_axis_rotation E=-152.060107 Ha dipole=0.9294 D
Worker 26 step 203: ACCEPTED principal_axis_rotation E=-152.051573 Ha dipole=1.4001 D
Worker 30 step 249: ACCEPTED principal_axis_rotation E=-152.053898 Ha dipole=1.3014 D
Worker 30: 250/300 — accepted=153, rate=61.2%
Worker 38 step 289: ACCEPTED principal_axis_rotation E=-152.053978 Ha dipole=1.3242 D
Worker 38: 290/300 — accepted=163, rate=56.2%
Worker 24 step 216: ACCEPTED twist E=-152.053777 Ha dipole=1.5910 D
Worker 27 step 199: ACCEPTED principal_axis_rotation E=-152.053691 Ha dipole=1.4280 D
Worker 27 step 199: Box stable window 2/3 (acc=60.00%)
Worker 27: 200/300 — accepted=99, rate=49.5%
Worker 10 step 242: ACCEPTED mirror E=-152.054170 Ha dipole=0.9181 D
Worker 34 step 244: ACCEPTED principal_axis_rotation E=-152.053965 Ha dipole=1.5291 D
Worker 17 step 219: ACCEPTED random_so3 E=-152.054006 Ha dipole=1.5346 D
Worker 17: 220/300 — accepted=122, rate=55.5%
Worker 23 step 191: ACCEPTED twist E=-152.053803 Ha dipole=1.0523 D
Worker 21 step 255: ACCEPTED large_displacement E=-152.055284 Ha dipole=1.2224 D
Worker 21 step 256: exchange — no coordinate change (box rejection?)
Worker 29 step 215: ACCEPTED twist E=-152.060139 Ha dipole=0.9562 D
Worker 28 step 195: ACCEPTED twist E=-152.060624 Ha dipole=1.3651 D
Worker 4 step 264: ACCEPTED random_so3 E=-152.053200 Ha dipole=0.3304 D
Worker 36 step 288: ACCEPTED twist E=-152.053947 Ha dipole=0.7304 D
Worker 12: 240/300 — accepted=110, rate=45.8%
Worker 11 step 203: ACCEPTED roto_reflection E=-152.055558 Ha dipole=1.2920 D
Worker 20 step 231: ACCEPTED large_displacement E=-152.054258 Ha dipole=1.1861 D
Worker 3 step 274: ACCEPTED roto_reflection E=-152.052847 Ha dipole=1.0320 D
Worker 15 step 205: ACCEPTED twist E=-152.052817 Ha dipole=1.4919 D
Worker 19 step 269: ACCEPTED large_displacement E=-152.054212 Ha dipole=0.5707 D
Worker 19: 270/300 — accepted=171, rate=63.3%
Worker 6 step 266: ACCEPTED large_displacement E=-152.060017 Ha dipole=0.9276 D
Worker 9 step 224: ACCEPTED large_displacement E=-152.061792 Ha dipole=1.6707 D
Worker 8 step 263: ACCEPTED large_displacement E=-152.056020 Ha dipole=0.6030 D
Worker 10 step 243: ACCEPTED twist E=-152.054649 Ha dipole=0.2293 D
Worker 32 step 205: ACCEPTED random_so3 E=-152.056732 Ha dipole=1.3629 D
Worker 38 step 290: ACCEPTED twist E=-152.053892 Ha dipole=1.5412 D
Worker 35 step 196: ACCEPTED roto_reflection E=-152.059343 Ha dipole=1.3583 D
Worker 13: 250/300 — accepted=129, rate=51.6%
Worker 33 step 211: ACCEPTED large_displacement E=-152.056841 Ha dipole=1.5207 D
Worker 5 step 203: ACCEPTED large_displacement E=-152.053079 Ha dipole=1.2475 D
Worker 23 step 192: ACCEPTED principal_axis_rotation E=-152.053683 Ha dipole=1.0517 D
Worker 23 step 193: roto_reflection — no coordinate change (box rejection?)
Worker 11 step 204: ACCEPTED exchange E=-152.055285 Ha dipole=1.2886 D
Worker 24 step 217: ACCEPTED mirror E=-152.053777 Ha dipole=1.5910 D
Worker 30 step 250: ACCEPTED mirror E=-152.054066 Ha dipole=0.9490 D
Worker 26 step 204: ACCEPTED roto_reflection E=-152.052083 Ha dipole=1.3732 D
Worker 34 step 245: ACCEPTED large_displacement E=-152.053980 Ha dipole=1.5293 D
Worker 34 step 246: twist — no coordinate change (box rejection?)
Worker 20 step 232: ACCEPTED principal_axis_rotation E=-152.054329 Ha dipole=1.0960 D
Worker 21 step 257: ACCEPTED mirror E=-152.055284 Ha dipole=1.2224 D
Worker 17 step 220: ACCEPTED twist E=-152.051553 Ha dipole=1.3998 D
Worker 21 step 258: twist — no coordinate change (box rejection?)
Worker 19 step 270: ACCEPTED twist E=-152.053796 Ha dipole=1.5924 D
Worker 15 step 206: ACCEPTED random_so3 E=-152.053879 Ha dipole=0.5824 D
Worker 27 step 201: ACCEPTED roto_reflection E=-152.055501 Ha dipole=0.7210 D
Worker 10 step 244: ACCEPTED principal_axis_rotation E=-152.054872 Ha dipole=0.6709 D
Worker 38 step 291: ACCEPTED principal_axis_rotation E=-152.054312 Ha dipole=0.7952 D
Worker 36 step 289: ACCEPTED exchange E=-152.053944 Ha dipole=0.7303 D
Worker 36: 290/300 — accepted=172, rate=59.3%
Worker 32 step 206: ACCEPTED twist E=-152.058393 Ha dipole=1.6914 D
Worker 36 step 290: roto_reflection — no coordinate change (box rejection?)
Worker 39 step 203: ACCEPTED large_displacement E=-152.060039 Ha dipole=1.0328 D
Worker 13 step 250: ACCEPTED principal_axis_rotation E=-152.058418 Ha dipole=1.1651 D
Worker 12 step 240: ACCEPTED mirror E=-152.060818 Ha dipole=1.0353 D
Worker 3 step 275: ACCEPTED principal_axis_rotation E=-152.055309 Ha dipole=1.4223 D
Worker 3 step 276: roto_reflection — no coordinate change (box rejection?)
Worker 11 step 205: ACCEPTED random_so3 E=-152.055079 Ha dipole=1.1045 D
Worker 0 step 247: ACCEPTED principal_axis_rotation E=-152.056462 Ha dipole=0.8291 D
Worker 8 step 264: ACCEPTED principal_axis_rotation E=-152.056094 Ha dipole=1.0122 D
Worker 23 step 194: ACCEPTED twist E=-152.053499 Ha dipole=0.9510 D
Worker 19 step 271: ACCEPTED exchange E=-152.053818 Ha dipole=1.5925 D
Worker 6 step 268: ACCEPTED mirror E=-152.060019 Ha dipole=0.9274 D
Worker 21 step 259: ACCEPTED principal_axis_rotation E=-152.055018 Ha dipole=1.0714 D
Worker 21: 260/300 — accepted=117, rate=45.0%
Worker 21 step 260: twist — no coordinate change (box rejection?)
Worker 17 step 221: ACCEPTED random_so3 E=-152.053898 Ha dipole=1.1389 D
Worker 15 step 207: ACCEPTED large_displacement E=-152.054484 Ha dipole=0.5859 D
Worker 27 step 202: ACCEPTED large_displacement E=-152.055480 Ha dipole=0.7212 D
Worker 33 step 212: ACCEPTED large_displacement E=-152.057242 Ha dipole=1.5272 D
Worker 38 step 292: ACCEPTED twist E=-152.053854 Ha dipole=0.5906 D
Worker 5 step 204: ACCEPTED twist E=-152.052712 Ha dipole=1.0655 D
Worker 4 step 266: ACCEPTED large_displacement E=-152.053687 Ha dipole=0.3262 D
Worker 24 step 218: ACCEPTED twist E=-152.053294 Ha dipole=1.5376 D
Worker 30 step 251: ACCEPTED roto_reflection E=-152.053918 Ha dipole=1.3016 D
Worker 30 step 252: twist — no coordinate change (box rejection?)
Worker 34 step 247: ACCEPTED principal_axis_rotation E=-152.054002 Ha dipole=1.5294 D
Worker 34 step 248: exchange — no coordinate change (box rejection?)
Worker 34 step 249: roto_reflection — no coordinate change (box rejection?)
Worker 20 step 233: ACCEPTED twist E=-152.054091 Ha dipole=0.3944 D
Worker 20 step 234: twist — no coordinate change (box rejection?)
Worker 20 step 235: twist — no coordinate change (box rejection?)
Worker 11 step 206: ACCEPTED roto_reflection E=-152.055836 Ha dipole=1.3229 D
Worker 36 step 291: ACCEPTED exchange E=-152.053947 Ha dipole=0.7304 D
Worker 19 step 272: ACCEPTED twist E=-152.053802 Ha dipole=1.2780 D
Worker 19 step 273: twist — no coordinate change (box rejection?)
Worker 21 step 261: ACCEPTED large_displacement E=-152.054892 Ha dipole=1.0706 D
Worker 21 step 262: twist — no coordinate change (box rejection?)
Worker 6 step 269: ACCEPTED large_displacement E=-152.061565 Ha dipole=0.9625 D
Worker 6: 270/300 — accepted=111, rate=41.1%
Worker 17 step 222: ACCEPTED large_displacement E=-152.054675 Ha dipole=1.1418 D
Worker 15 step 208: ACCEPTED principal_axis_rotation E=-152.054575 Ha dipole=0.5861 D
Worker 3 step 277: ACCEPTED twist E=-152.055457 Ha dipole=1.4763 D
Worker 10 step 246: ACCEPTED principal_axis_rotation E=-152.053615 Ha dipole=1.5016 D
Worker 38 step 293: ACCEPTED principal_axis_rotation E=-152.053858 Ha dipole=0.5897 D
Worker 27 step 203: ACCEPTED twist E=-152.056034 Ha dipole=0.6761 D
Worker 23 step 195: ACCEPTED mirror E=-152.055248 Ha dipole=1.3148 D
Worker 9 step 226: ACCEPTED large_displacement E=-152.061253 Ha dipole=1.6742 D
Worker 0 step 248: ACCEPTED large_displacement E=-152.056217 Ha dipole=0.8284 D
Worker 11 step 207: ACCEPTED twist E=-152.055653 Ha dipole=1.3697 D
Worker 28 step 198: ACCEPTED large_displacement E=-152.061741 Ha dipole=1.4058 D
Worker 34 step 250: ACCEPTED large_displacement E=-152.053972 Ha dipole=1.5288 D
Worker 33 step 213: ACCEPTED principal_axis_rotation E=-152.057126 Ha dipole=1.5197 D
Worker 4 step 267: ACCEPTED large_displacement E=-152.053829 Ha dipole=0.3308 D
Worker 4 step 268: mirror — no coordinate change (box rejection?)
Worker 5 step 205: ACCEPTED roto_reflection E=-152.054407 Ha dipole=0.3809 D
Worker 35 step 199: ACCEPTED roto_reflection E=-152.061422 Ha dipole=1.6367 D
Worker 35: 200/300 — accepted=118, rate=59.0%
Worker 21 step 263: ACCEPTED twist E=-152.053676 Ha dipole=0.6740 D
Worker 24 step 219: ACCEPTED twist E=-152.054503 Ha dipole=1.2533 D
Worker 24: 220/300 — accepted=145, rate=65.9%
Worker 15 step 209: ACCEPTED large_displacement E=-152.055166 Ha dipole=0.5925 D
Worker 15: 210/300 — accepted=131, rate=62.4%
Worker 30 step 253: ACCEPTED twist E=-152.053794 Ha dipole=1.3563 D
Worker 17 step 223: ACCEPTED exchange E=-152.057250 Ha dipole=1.1424 D
Worker 38 step 295: roto_reflection — no coordinate change (box rejection?)
Worker 19 step 274: ACCEPTED random_so3 E=-152.054129 Ha dipole=0.8421 D
Worker 20 step 236: ACCEPTED large_displacement E=-152.054223 Ha dipole=0.3952 D
Worker 10 step 247: ACCEPTED exchange E=-152.053710 Ha dipole=1.5028 D
Worker 26 step 206: ACCEPTED large_displacement E=-152.052398 Ha dipole=1.3778 D
Worker 27 step 204: ACCEPTED twist E=-152.056072 Ha dipole=0.6904 D
Worker 23 step 196: ACCEPTED large_displacement E=-152.056408 Ha dipole=1.3308 D
Worker 39 step 206: ACCEPTED principal_axis_rotation E=-152.060200 Ha dipole=1.0377 D
Worker 36 step 292: ACCEPTED principal_axis_rotation E=-152.053945 Ha dipole=0.7304 D
Worker 9 step 227: ACCEPTED principal_axis_rotation E=-152.059959 Ha dipole=1.6664 D
Worker 28: 200/300 — accepted=120, rate=60.0%
Worker 3 step 278: ACCEPTED exchange E=-152.054831 Ha dipole=1.4680 D
Worker 3 step 279: twist — no coordinate change (box rejection?)
Worker 12 step 242: ACCEPTED mirror E=-152.060818 Ha dipole=1.0353 D
Worker 21 step 264: ACCEPTED large_displacement E=-152.053607 Ha dipole=0.6725 D
Worker 34 step 251: ACCEPTED twist E=-152.053952 Ha dipole=1.4913 D
Worker 33 step 214: ACCEPTED random_so3 E=-152.056034 Ha dipole=1.1978 D
Worker 0 step 249: Box stable window 1/3 (acc=60.00%)
Worker 0: 250/300 — accepted=129, rate=51.6%
Worker 17 step 224: ACCEPTED large_displacement E=-152.058247 Ha dipole=1.1650 D
Worker 10 step 248: ACCEPTED principal_axis_rotation E=-152.053895 Ha dipole=1.5041 D
Worker 38 step 296: ACCEPTED random_so3 E=-152.053884 Ha dipole=0.5470 D
Worker 8 step 266: ACCEPTED twist E=-152.056441 Ha dipole=1.1895 D
Worker 39 step 207: ACCEPTED principal_axis_rotation E=-152.059607 Ha dipole=1.0359 D
Worker 4 step 269: ACCEPTED large_displacement E=-152.054414 Ha dipole=0.3290 D
Worker 4: 270/300 — accepted=126, rate=46.7%
Worker 19 step 275: ACCEPTED roto_reflection E=-152.054260 Ha dipole=1.1124 D
Worker 20 step 237: ACCEPTED principal_axis_rotation E=-152.054242 Ha dipole=1.1809 D
Worker 5 step 206: ACCEPTED large_displacement E=-152.053925 Ha dipole=0.3795 D
Worker 20 step 238: mirror — no coordinate change (box rejection?)
Worker 9 step 228: ACCEPTED roto_reflection E=-152.060839 Ha dipole=1.5751 D
Worker 32 step 209: ACCEPTED twist E=-152.057904 Ha dipole=1.4939 D
Worker 32 step 209: Box stable window 1/3 (acc=60.00%)
Worker 32: 210/300 — accepted=107, rate=51.0%
Worker 24 step 220: ACCEPTED twist E=-152.054349 Ha dipole=1.2530 D
Worker 30 step 254: ACCEPTED random_so3 E=-152.053291 Ha dipole=1.2245 D
Worker 15 step 210: ACCEPTED twist E=-152.055277 Ha dipole=0.5910 D
Worker 11 step 209: ACCEPTED random_so3 E=-152.055399 Ha dipole=1.3382 D
Worker 11: 210/300 — accepted=117, rate=55.7%
Worker 27 step 205: ACCEPTED twist E=-152.054402 Ha dipole=0.7659 D
Worker 26 step 207: ACCEPTED random_so3 E=-152.054945 Ha dipole=0.4953 D
Worker 21 step 265: ACCEPTED principal_axis_rotation E=-152.053493 Ha dipole=1.3259 D
Worker 33 step 215: ACCEPTED mirror E=-152.056034 Ha dipole=1.1977 D
Worker 35 step 201: ACCEPTED mirror E=-152.061422 Ha dipole=1.6367 D
Worker 29: 220/300 — accepted=111, rate=50.5%
Worker 0 step 250: ACCEPTED twist E=-152.053097 Ha dipole=1.2891 D
Worker 13 step 254: ACCEPTED mirror E=-152.058423 Ha dipole=1.1661 D
Worker 36 step 293: ACCEPTED large_displacement E=-152.053970 Ha dipole=0.7305 D
Worker 38 step 297: ACCEPTED roto_reflection E=-152.053812 Ha dipole=0.8875 D
Worker 38 step 298: twist — no coordinate change (box rejection?)
Worker 10 step 249: ACCEPTED large_displacement E=-152.054255 Ha dipole=1.5073 D
Worker 10: 250/300 — accepted=139, rate=55.6%
Worker 3 step 281: twist — no coordinate change (box rejection?)
Worker 4 step 270: ACCEPTED principal_axis_rotation E=-152.054517 Ha dipole=1.5147 D
Worker 34 step 252: ACCEPTED large_displacement E=-152.053933 Ha dipole=1.4913 D
Worker 9 step 229: ACCEPTED large_displacement E=-152.059962 Ha dipole=1.5152 D
Worker 9: 230/300 — accepted=103, rate=44.8%
Worker 20 step 239: ACCEPTED exchange E=-152.054055 Ha dipole=1.1786 D
Worker 20: 240/300 — accepted=140, rate=58.3%
Worker 11 step 210: ACCEPTED exchange E=-152.055570 Ha dipole=1.3365 D
Worker 23 step 198: ACCEPTED large_displacement E=-152.055894 Ha dipole=1.3237 D
Worker 28 step 201: ACCEPTED principal_axis_rotation E=-152.056555 Ha dipole=0.9441 D
Worker 21 step 266: ACCEPTED exchange E=-152.053335 Ha dipole=1.3273 D
Worker 21 step 267: roto_reflection — no coordinate change (box rejection?)
Worker 35 step 202: ACCEPTED large_displacement E=-152.061054 Ha dipole=1.6429 D
Worker 33 step 216: ACCEPTED mirror E=-152.056032 Ha dipole=1.1970 D
Worker 15 step 211: ACCEPTED large_displacement E=-152.055375 Ha dipole=0.5908 D
Worker 5 step 207: ACCEPTED random_so3 E=-152.054240 Ha dipole=1.3625 D
Worker 0 step 251: ACCEPTED large_displacement E=-152.052265 Ha dipole=1.3001 D
Worker 10 step 250: ACCEPTED large_displacement E=-152.054569 Ha dipole=1.5115 D
Worker 38 step 299: ACCEPTED random_so3 E=-152.054157 Ha dipole=1.3639 D
Worker 38 step 299: Box stable window 1/3 (acc=60.00%)
Worker 38: 300/300 — accepted=170, rate=56.7%
Worker 38: DONE — 170/300 accepted (56.7%)
Worker 19 step 276: ACCEPTED large_displacement E=-152.054294 Ha dipole=1.1121 D
Worker 19 step 277: large_displacement — no coordinate change (box rejection?)
Worker 24 step 221: ACCEPTED large_displacement E=-152.054076 Ha dipole=1.2534 D
Worker 24 step 222: twist — no coordinate change (box rejection?)
Worker 30 step 255: ACCEPTED large_displacement E=-152.053597 Ha dipole=1.2269 D
Worker 4 step 271: ACCEPTED twist E=-152.055891 Ha dipole=1.4568 D
Worker 4 step 272: exchange — no coordinate change (box rejection?)
Worker 4 step 273: exchange — no coordinate change (box rejection?)
Worker 4 step 274: twist — no coordinate change (box rejection?)
Worker 39: 210/300 — accepted=106, rate=50.5%
Worker 27 step 206: ACCEPTED large_displacement E=-152.054722 Ha dipole=0.7673 D
Worker 9 step 230: ACCEPTED large_displacement E=-152.057426 Ha dipole=1.4641 D
Worker 12 step 244: ACCEPTED twist E=-152.060456 Ha dipole=1.1729 D
Worker 12 step 244: Box stable window 1/3 (acc=60.00%)
Worker 11 step 211: ACCEPTED random_so3 E=-152.054174 Ha dipole=0.4694 D
Worker 36 step 294: ACCEPTED mirror E=-152.054147 Ha dipole=1.4399 D
Worker 36 step 295: twist — no coordinate change (box rejection?)
Worker 36 step 296: large_displacement — no coordinate change (box rejection?)
Worker 20 step 240: ACCEPTED principal_axis_rotation E=-152.053745 Ha dipole=1.5228 D
Worker 13 step 255: ACCEPTED principal_axis_rotation E=-152.058340 Ha dipole=1.6307 D
Worker 8 step 268: ACCEPTED principal_axis_rotation E=-152.058910 Ha dipole=0.9061 D
Worker 21 step 268: ACCEPTED random_so3 E=-152.053394 Ha dipole=1.3177 D
Worker 35 step 203: ACCEPTED twist E=-152.060866 Ha dipole=1.6227 D
Worker 23 step 199: Box stable window 1/3 (acc=60.00%)
Worker 23: 200/300 — accepted=128, rate=64.0%
Worker 5 step 208: ACCEPTED twist E=-152.053829 Ha dipole=0.7188 D
Worker 3 step 282: ACCEPTED random_so3 E=-152.054168 Ha dipole=1.5873 D
Worker 3 step 283: twist — no coordinate change (box rejection?)
Worker 34 step 253: ACCEPTED principal_axis_rotation E=-152.054187 Ha dipole=1.1291 D
Worker 34 step 254: roto_reflection — no coordinate change (box rejection?)
Worker 28 step 202: ACCEPTED large_displacement E=-152.052779 Ha dipole=0.9190 D
Worker 30 step 256: ACCEPTED exchange E=-152.053641 Ha dipole=1.2271 D
Worker 30 step 257: twist — no coordinate change (box rejection?)
Worker 10 step 251: ACCEPTED random_so3 E=-152.053624 Ha dipole=1.0062 D
Worker 10 step 252: roto_reflection — no coordinate change (box rejection?)
Worker 39 step 210: ACCEPTED roto_reflection E=-152.057281 Ha dipole=1.4622 D
Worker 11 step 212: ACCEPTED principal_axis_rotation E=-152.053397 Ha dipole=1.3558 D
Worker 4 step 275: ACCEPTED mirror E=-152.055891 Ha dipole=1.4568 D
Worker 20 step 241: ACCEPTED twist E=-152.053756 Ha dipole=1.5318 D
Worker 20 step 242: roto_reflection — no coordinate change (box rejection?)
Worker 19 step 278: ACCEPTED mirror E=-152.053863 Ha dipole=1.1685 D
Worker 24 step 223: ACCEPTED mirror E=-152.054076 Ha dipole=1.2534 D
Worker 24 step 224: twist — no coordinate change (box rejection?)
Worker 33 step 218: ACCEPTED roto_reflection E=-152.052867 Ha dipole=1.0935 D
Worker 32 step 211: ACCEPTED twist E=-152.057724 Ha dipole=1.4908 D
Worker 13 step 257: large_displacement — no coordinate change (box rejection?)
Worker 5: 210/300 — accepted=107, rate=51.0%
Worker 0 step 253: ACCEPTED mirror E=-152.052266 Ha dipole=1.3006 D
Worker 21 step 269: ACCEPTED mirror E=-152.053394 Ha dipole=1.3177 D
Worker 21: 270/300 — accepted=124, rate=45.9%
Worker 21 step 270: mirror — no coordinate change (box rejection?)
Worker 34 step 255: ACCEPTED large_displacement E=-152.054207 Ha dipole=1.1294 D
Worker 27 step 207: ACCEPTED twist E=-152.054425 Ha dipole=1.2512 D
Worker 15 step 213: ACCEPTED large_displacement E=-152.055368 Ha dipole=0.5876 D
Worker 26 step 209: ACCEPTED roto_reflection E=-152.053190 Ha dipole=1.5258 D
Worker 26 step 209: Box stable window 1/3 (acc=60.00%)
Worker 26: 210/300 — accepted=131, rate=62.4%
Worker 6 step 274: ACCEPTED twist E=-152.061812 Ha dipole=0.9741 D
Worker 36 step 297: ACCEPTED mirror E=-152.054147 Ha dipole=1.4394 D
Worker 36 step 298: twist — no coordinate change (box rejection?)
Worker 36 step 299: mirror — no coordinate change (box rejection?)
Worker 36: DONE — 177/300 accepted (59.0%)
Worker 8 step 269: ACCEPTED roto_reflection E=-152.058385 Ha dipole=0.5222 D
Worker 8 step 269: Box stable window 1/3 (acc=60.00%)
Worker 8: 270/300 — accepted=110, rate=40.7%
Worker 9 step 232: ACCEPTED roto_reflection E=-152.053189 Ha dipole=0.7700 D
Worker 11 step 213: ACCEPTED roto_reflection E=-152.053541 Ha dipole=1.5767 D
Worker 39 step 211: ACCEPTED twist E=-152.059945 Ha dipole=1.6268 D
Worker 20 step 243: ACCEPTED random_so3 E=-152.054242 Ha dipole=0.6985 D
Worker 20 step 244: mirror — no coordinate change (box rejection?)
Worker 3 step 284: ACCEPTED principal_axis_rotation E=-152.053733 Ha dipole=1.1358 D
Worker 3 step 285: roto_reflection — no coordinate change (box rejection?)
Worker 3 step 286: roto_reflection — no coordinate change (box rejection?)
Worker 29 step 222: ACCEPTED twist E=-152.059966 Ha dipole=0.9743 D
Worker 10 step 253: ACCEPTED twist E=-152.053637 Ha dipole=1.0059 D
Worker 10 step 254: mirror — no coordinate change (box rejection?)
Worker 23 step 201: ACCEPTED mirror E=-152.055894 Ha dipole=1.3237 D
Worker 35 step 205: ACCEPTED mirror E=-152.060870 Ha dipole=1.6227 D
Worker 33 step 219: ACCEPTED large_displacement E=-152.052155 Ha dipole=1.0874 D
Worker 33: 220/300 — accepted=112, rate=50.9%
Worker 21 step 271: ACCEPTED twist E=-152.053300 Ha dipole=1.2852 D
Worker 21 step 272: roto_reflection — no coordinate change (box rejection?)
Worker 13 step 258: ACCEPTED large_displacement E=-152.058787 Ha dipole=1.6235 D
Worker 28 step 203: ACCEPTED mirror E=-152.058296 Ha dipole=1.5033 D
Worker 5 step 210: ACCEPTED twist E=-152.055148 Ha dipole=0.9204 D
Worker 13 step 259: principal_axis_rotation — no coordinate change (box rejection?)
Worker 30 step 258: ACCEPTED large_displacement E=-152.053696 Ha dipole=1.2272 D
Worker 30 step 259: twist — no coordinate change (box rejection?)
Worker 30 step 260: twist — no coordinate change (box rejection?)
Worker 0 step 254: ACCEPTED mirror E=-152.052265 Ha dipole=1.3001 D
Worker 15 step 214: ACCEPTED large_displacement E=-152.056233 Ha dipole=0.6008 D
Worker 17 step 227: ACCEPTED mirror E=-152.058247 Ha dipole=1.1650 D
Worker 4 step 277: mirror — no coordinate change (box rejection?)
Worker 4 step 278: mirror — no coordinate change (box rejection?)
Worker 19 step 279: ACCEPTED twist E=-152.053833 Ha dipole=1.0368 D
Worker 19: 280/300 — accepted=179, rate=63.9%
Worker 24 step 225: ACCEPTED random_so3 E=-152.053590 Ha dipole=1.4452 D
Worker 11 step 214: ACCEPTED large_displacement E=-152.053840 Ha dipole=1.5792 D
Worker 9 step 233: ACCEPTED twist E=-152.053577 Ha dipole=0.8747 D
Worker 39 step 212: ACCEPTED large_displacement E=-152.059187 Ha dipole=1.6083 D
Worker 34 step 256: ACCEPTED mirror E=-152.054207 Ha dipole=1.1291 D
Worker 32 step 212: ACCEPTED twist E=-152.057165 Ha dipole=1.5199 D
Worker 32 step 213: roto_reflection — no coordinate change (box rejection?)
Worker 8 step 270: ACCEPTED exchange E=-152.058479 Ha dipole=0.6129 D
Worker 20 step 245: ACCEPTED large_displacement E=-152.054285 Ha dipole=0.6980 D
Worker 10 step 255: ACCEPTED principal_axis_rotation E=-152.053005 Ha dipole=1.3655 D
Worker 12 step 247: ACCEPTED twist E=-152.060676 Ha dipole=1.1261 D
Worker 27 step 208: ACCEPTED principal_axis_rotation E=-152.054411 Ha dipole=1.1985 D
Worker 23 step 202: ACCEPTED principal_axis_rotation E=-152.055976 Ha dipole=1.3260 D
Worker 26 step 210: ACCEPTED twist E=-152.050918 Ha dipole=0.7629 D
Worker 35 step 206: ACCEPTED large_displacement E=-152.060777 Ha dipole=1.5784 D
Worker 28 step 204: ACCEPTED principal_axis_rotation E=-152.058440 Ha dipole=1.3074 D
Worker 13 step 260: ACCEPTED twist E=-152.059517 Ha dipole=1.4025 D
Worker 0 step 255: ACCEPTED mirror E=-152.052265 Ha dipole=1.3001 D
Worker 33 step 220: ACCEPTED exchange E=-152.050558 Ha dipole=1.0820 D
Worker 21 step 273: ACCEPTED large_displacement E=-152.053261 Ha dipole=1.2840 D
Worker 21 step 274: mirror — no coordinate change (box rejection?)
Worker 3 step 287: ACCEPTED twist E=-152.053592 Ha dipole=1.1394 D
Worker 15 step 215: ACCEPTED twist E=-152.055716 Ha dipole=0.6693 D
Worker 11 step 215: ACCEPTED large_displacement E=-152.053870 Ha dipole=1.5795 D
Worker 9 step 234: ACCEPTED twist E=-152.057037 Ha dipole=1.6075 D
Worker 39 step 213: ACCEPTED roto_reflection E=-152.058527 Ha dipole=1.6650 D
Worker 34 step 257: ACCEPTED random_so3 E=-152.053770 Ha dipole=1.4371 D
Worker 34 step 258: roto_reflection — no coordinate change (box rejection?)
Worker 30 step 261: ACCEPTED exchange E=-152.053720 Ha dipole=1.2275 D
Worker 8 step 271: ACCEPTED exchange E=-152.058385 Ha dipole=0.5222 D
Worker 10 step 256: ACCEPTED mirror E=-152.053005 Ha dipole=1.3655 D
Worker 10 step 257: mirror — no coordinate change (box rejection?)
Worker 4 step 279: ACCEPTED twist E=-152.055962 Ha dipole=1.5054 D
Worker 4: 280/300 — accepted=130, rate=46.4%
Worker 17 step 228: ACCEPTED large_displacement E=-152.060099 Ha dipole=1.1682 D
Worker 19 step 280: ACCEPTED large_displacement E=-152.053848 Ha dipole=1.0367 D
Worker 24 step 226: ACCEPTED mirror E=-152.053590 Ha dipole=1.4452 D
Worker 13 step 262: roto_reflection — no coordinate change (box rejection?)
Worker 13 step 263: roto_reflection — no coordinate change (box rejection?)
Worker 21 step 275: ACCEPTED large_displacement E=-152.053547 Ha dipole=1.2853 D
Worker 21 step 276: twist — no coordinate change (box rejection?)
Worker 21 step 277: roto_reflection — no coordinate change (box rejection?)
Worker 21 step 278: roto_reflection — no coordinate change (box rejection?)
Worker 21 step 279: roto_reflection — no coordinate change (box rejection?)
Worker 21 step 280: large_displacement — no coordinate change (box rejection?)
Worker 29 step 224: ACCEPTED random_so3 E=-152.060762 Ha dipole=0.9273 D
Worker 33 step 221: ACCEPTED random_so3 E=-152.053468 Ha dipole=0.5878 D
Worker 32 step 214: ACCEPTED principal_axis_rotation E=-152.058222 Ha dipole=1.5574 D
Worker 32 step 214: Box stable window 2/3 (acc=60.00%)
Worker 20 step 246: ACCEPTED large_displacement E=-152.054357 Ha dipole=0.6993 D
Worker 20 step 247: roto_reflection — no coordinate change (box rejection?)
Worker 27: 210/300 — accepted=107, rate=51.0%
Worker 11 step 216: ACCEPTED large_displacement E=-152.053396 Ha dipole=1.5738 D
Worker 11 step 217: roto_reflection — no coordinate change (box rejection?)
Worker 9 step 235: ACCEPTED mirror E=-152.057037 Ha dipole=1.6078 D
Worker 34 step 259: ACCEPTED large_displacement E=-152.053826 Ha dipole=1.4376 D
Worker 34: 260/300 — accepted=162, rate=62.3%
Worker 34 step 260: twist — no coordinate change (box rejection?)
Worker 34 step 261: roto_reflection — no coordinate change (box rejection?)
Worker 26 step 211: ACCEPTED mirror E=-152.055362 Ha dipole=1.4371 D
Worker 35 step 207: ACCEPTED principal_axis_rotation E=-152.061136 Ha dipole=1.6124 D
Worker 10 step 258: ACCEPTED mirror E=-152.053005 Ha dipole=1.3655 D
Worker 8 step 272: ACCEPTED large_displacement E=-152.057676 Ha dipole=0.5233 D
Worker 23 step 204: ACCEPTED large_displacement E=-152.057431 Ha dipole=1.3478 D
Worker 23 step 204: Box stable window 2/3 (acc=60.00%)
Worker 19 step 281: ACCEPTED exchange E=-152.053813 Ha dipole=1.0371 D
Worker 4 step 280: ACCEPTED exchange E=-152.054717 Ha dipole=1.4914 D
Worker 24 step 227: ACCEPTED roto_reflection E=-152.054134 Ha dipole=1.1986 D
Worker 3 step 288: ACCEPTED mirror E=-152.053592 Ha dipole=1.1394 D
Worker 5 step 213: ACCEPTED roto_reflection E=-152.055127 Ha dipole=0.8433 D
Worker 30 step 262: ACCEPTED exchange E=-152.053696 Ha dipole=1.2272 D
Worker 21 step 281: ACCEPTED large_displacement E=-152.053542 Ha dipole=1.2855 D
Worker 17 step 229: Adaptive box growth — new radius = 12.12 Å (acc=40.00%) 
Worker 17: 230/300 — accepted=129, rate=56.1%
Worker 34 step 262: ACCEPTED twist E=-152.054072 Ha dipole=0.6818 D
Worker 11 step 218: ACCEPTED random_so3 E=-152.052081 Ha dipole=1.0953 D
Worker 34 step 263: roto_reflection — no coordinate change (box rejection?)
Worker 11 step 219: mirror — no coordinate change (box rejection?)
Worker 34 step 264: twist — no coordinate change (box rejection?)
Worker 32 step 215: ACCEPTED exchange E=-152.061276 Ha dipole=1.5931 D
Worker 39 step 215: ACCEPTED principal_axis_rotation E=-152.057822 Ha dipole=1.5222 D
Worker 10 step 259: ACCEPTED mirror E=-152.053005 Ha dipole=1.3655 D
Worker 10: 260/300 — accepted=146, rate=56.2%
Worker 8 step 273: ACCEPTED principal_axis_rotation E=-152.057506 Ha dipole=0.9584 D
Worker 8 step 274: mirror — no coordinate change (box rejection?)
Worker 19 step 282: ACCEPTED principal_axis_rotation E=-152.054040 Ha dipole=1.1265 D
Worker 24 step 228: ACCEPTED random_so3 E=-152.054517 Ha dipole=0.9428 D
Worker 5 step 214: ACCEPTED mirror E=-152.055127 Ha dipole=0.8433 D
Worker 5 step 214: Box stable window 1/3 (acc=60.00%)
Worker 20 step 248: ACCEPTED exchange E=-152.054297 Ha dipole=0.6969 D
Worker 33 step 222: ACCEPTED mirror E=-152.057063 Ha dipole=1.5274 D
Worker 28 step 207: ACCEPTED large_displacement E=-152.053216 Ha dipole=1.3408 D
Worker 28 step 208: roto_reflection — no coordinate change (box rejection?)
Worker 13 step 265: ACCEPTED exchange E=-152.056471 Ha dipole=1.3400 D
Worker 0 step 258: ACCEPTED roto_reflection E=-152.053032 Ha dipole=0.7500 D
Worker 27 step 210: ACCEPTED twist E=-152.054173 Ha dipole=0.9360 D
Worker 9 step 236: ACCEPTED large_displacement E=-152.059076 Ha dipole=1.6376 D
Worker 12 step 249: ACCEPTED twist E=-152.059538 Ha dipole=1.1649 D
Worker 12: 250/300 — accepted=115, rate=46.0%
Worker 26 step 212: ACCEPTED twist E=-152.054946 Ha dipole=1.3828 D
Worker 6 step 277: ACCEPTED large_displacement E=-152.062489 Ha dipole=1.0106 D
Worker 34 step 265: ACCEPTED principal_axis_rotation E=-152.053852 Ha dipole=0.7407 D
Worker 34 step 266: twist — no coordinate change (box rejection?)
Worker 34 step 267: mirror — no coordinate change (box rejection?)
Worker 11 step 220: ACCEPTED principal_axis_rotation E=-152.052317 Ha dipole=1.2256 D
Worker 15 step 217: ACCEPTED large_displacement E=-152.054908 Ha dipole=0.6642 D
Worker 3 step 289: ACCEPTED exchange E=-152.054337 Ha dipole=1.1428 D
Worker 3: 290/300 — accepted=176, rate=60.7%
Worker 4 step 281: ACCEPTED exchange E=-152.055962 Ha dipole=1.5054 D
Worker 10 step 260: ACCEPTED mirror E=-152.054589 Ha dipole=0.8514 D
Worker 35 step 209: ACCEPTED large_displacement E=-152.059373 Ha dipole=1.5794 D
Worker 35: 210/300 — accepted=125, rate=59.5%
Worker 8 step 275: ACCEPTED principal_axis_rotation E=-152.056397 Ha dipole=1.1416 D
Worker 21 step 282: ACCEPTED random_so3 E=-152.053573 Ha dipole=0.9545 D
Worker 19 step 283: ACCEPTED twist E=-152.054329 Ha dipole=1.5424 D
Worker 24 step 229: ACCEPTED roto_reflection E=-152.053652 Ha dipole=1.3083 D
Worker 24: 230/300 — accepted=153, rate=66.5%
Worker 24 step 230: twist — no coordinate change (box rejection?)
Worker 30 step 263: ACCEPTED twist E=-152.053881 Ha dipole=0.9103 D
Worker 23 step 206: ACCEPTED twist E=-152.055921 Ha dipole=0.6536 D
Worker 5 step 215: ACCEPTED twist E=-152.055173 Ha dipole=1.2084 D
Worker 28: 210/300 — accepted=125, rate=59.5%
Worker 13 step 266: ACCEPTED large_displacement E=-152.055906 Ha dipole=1.3379 D
Worker 0 step 259: ACCEPTED principal_axis_rotation E=-152.054175 Ha dipole=0.7649 D
Worker 0 step 259: Box stable window 1/3 (acc=60.00%)
Worker 0: 260/300 — accepted=136, rate=52.3%
Worker 17 step 231: ACCEPTED roto_reflection E=-152.060444 Ha dipole=1.0304 D
Worker 11 step 221: ACCEPTED principal_axis_rotation E=-152.052218 Ha dipole=1.2255 D
Worker 11 step 222: roto_reflection — no coordinate change (box rejection?)
Worker 39 step 217: ACCEPTED exchange E=-152.060444 Ha dipole=1.5807 D
Worker 10 step 261: ACCEPTED exchange E=-152.055353 Ha dipole=0.8654 D
Worker 20 step 249: ACCEPTED large_displacement E=-152.054213 Ha dipole=0.6971 D
Worker 20: 250/300 — accepted=147, rate=58.8%
Worker 20 step 250: twist — no coordinate change (box rejection?)
Worker 33 step 223: ACCEPTED principal_axis_rotation E=-152.056830 Ha dipole=1.2477 D
Worker 9 step 237: ACCEPTED roto_reflection E=-152.059269 Ha dipole=1.6828 D
Worker 27 step 211: ACCEPTED large_displacement E=-152.054071 Ha dipole=0.9371 D
Worker 19 step 284: ACCEPTED mirror E=-152.054329 Ha dipole=1.5424 D
Worker 24 step 231: ACCEPTED exchange E=-152.053692 Ha dipole=1.3078 D
Worker 24 step 232: twist — no coordinate change (box rejection?)
Worker 12 step 250: ACCEPTED roto_reflection E=-152.061270 Ha dipole=1.3269 D
Worker 26 step 213: ACCEPTED large_displacement E=-152.055373 Ha dipole=1.3917 D
Worker 23 step 207: ACCEPTED exchange E=-152.053463 Ha dipole=0.6348 D
Worker 34 step 268: ACCEPTED principal_axis_rotation E=-152.054173 Ha dipole=1.2944 D
Worker 34 step 269: twist — no coordinate change (box rejection?)
Worker 5 step 216: ACCEPTED large_displacement E=-152.054254 Ha dipole=1.2037 D
Worker 13 step 267: ACCEPTED large_displacement E=-152.055551 Ha dipole=1.3276 D
Worker 6 step 278: ACCEPTED exchange E=-152.059498 Ha dipole=0.8382 D
Worker 4 step 282: ACCEPTED mirror E=-152.055962 Ha dipole=1.5054 D
Worker 4 step 283: roto_reflection — no coordinate change (box rejection?)
Worker 4 step 284: roto_reflection — no coordinate change (box rejection?)
Worker 29 step 228: ACCEPTED twist E=-152.060282 Ha dipole=0.5498 D
Worker 15 step 218: ACCEPTED twist E=-152.054623 Ha dipole=0.7053 D
Worker 3 step 290: ACCEPTED random_so3 E=-152.054010 Ha dipole=0.6597 D
Worker 3 step 291: mirror — no coordinate change (box rejection?)
Worker 30 step 264: ACCEPTED large_displacement E=-152.053882 Ha dipole=0.9108 D
Worker 8 step 276: ACCEPTED twist E=-152.056427 Ha dipole=1.1768 D
Worker 11 step 223: ACCEPTED mirror E=-152.056645 Ha dipole=1.0422 D
Worker 21 step 283: ACCEPTED principal_axis_rotation E=-152.053503 Ha dipole=0.9542 D
Worker 10 step 262: ACCEPTED twist E=-152.055239 Ha dipole=1.3814 D
Worker 39 step 218: ACCEPTED large_displacement E=-152.061709 Ha dipole=1.6166 D
Worker 33 step 224: ACCEPTED exchange E=-152.060548 Ha dipole=1.3173 D
Worker 19 step 286: mirror — no coordinate change (box rejection?)
Worker 19 step 287: roto_reflection — no coordinate change (box rejection?)
Worker 19 step 288: mirror — no coordinate change (box rejection?)
Worker 19 step 289: mirror — no coordinate change (box rejection?)
Worker 24 step 233: ACCEPTED random_so3 E=-152.053859 Ha dipole=1.1750 D
Worker 26 step 214: ACCEPTED twist E=-152.056198 Ha dipole=1.2482 D
Worker 5 step 217: ACCEPTED exchange E=-152.053784 Ha dipole=1.2002 D
Worker 4 step 285: ACCEPTED large_displacement E=-152.055088 Ha dipole=1.4931 D
Worker 13 step 268: ACCEPTED exchange E=-152.057474 Ha dipole=1.3614 D
Worker 29: 230/300 — accepted=114, rate=49.6%
Worker 0 step 261: ACCEPTED exchange E=-152.052470 Ha dipole=0.7551 D
Worker 30 step 265: ACCEPTED principal_axis_rotation E=-152.053795 Ha dipole=0.9105 D
Worker 20 step 251: ACCEPTED principal_axis_rotation E=-152.054145 Ha dipole=0.7201 D
Worker 11 step 224: ACCEPTED twist E=-152.055557 Ha dipole=0.6784 D
Worker 34 step 270: ACCEPTED large_displacement E=-152.054138 Ha dipole=1.2940 D
Worker 27 step 212: ACCEPTED mirror E=-152.054071 Ha dipole=0.9371 D
Worker 34 step 271: mirror — no coordinate change (box rejection?)
Worker 10 step 263: ACCEPTED twist E=-152.055289 Ha dipole=1.4182 D
Worker 23 step 208: ACCEPTED twist E=-152.055356 Ha dipole=0.2236 D
Worker 39: 220/300 — accepted=113, rate=51.4%
Worker 12 step 251: ACCEPTED twist E=-152.061523 Ha dipole=1.3336 D
Worker 35 step 212: ACCEPTED random_so3 E=-152.060119 Ha dipole=1.1404 D
Worker 33 step 225: ACCEPTED large_displacement E=-152.059174 Ha dipole=1.2888 D
Worker 6 step 279: ACCEPTED exchange E=-152.062489 Ha dipole=1.0106 D
Worker 6 step 279: Box stable window 1/3 (acc=60.00%)
Worker 6: 280/300 — accepted=115, rate=41.1%
Worker 19 step 290: ACCEPTED large_displacement E=-152.054231 Ha dipole=1.5412 D
Worker 19 step 291: large_displacement — no coordinate change (box rejection?)
Worker 19 step 292: exchange — no coordinate change (box rejection?)
Worker 19 step 293: mirror — no coordinate change (box rejection?)
Worker 19 step 294: twist — no coordinate change (box rejection?)
Worker 15 step 219: ACCEPTED large_displacement E=-152.056415 Ha dipole=0.7135 D
Worker 15: 220/300 — accepted=139, rate=63.2%
Worker 19 step 295: twist — no coordinate change (box rejection?)
Worker 19 step 296: principal_axis_rotation — no coordinate change (box rejection?)
Worker 19 step 297: twist — no coordinate change (box rejection?)
Worker 19 step 298: random_so3 — no coordinate change (box rejection?)
Worker 19 step 299: exchange — no coordinate change (box rejection?)
Worker 19: DONE — 185/300 accepted (61.7%)
Worker 24 step 234: ACCEPTED large_displacement E=-152.053562 Ha dipole=1.1712 D
Worker 3 step 293: twist — no coordinate change (box rejection?)
Worker 28 step 211: ACCEPTED roto_reflection E=-152.054977 Ha dipole=1.4232 D
Worker 26 step 215: ACCEPTED mirror E=-152.056198 Ha dipole=1.2482 D
Worker 5 step 218: ACCEPTED random_so3 E=-152.053885 Ha dipole=1.0675 D
Worker 13 step 269: ACCEPTED mirror E=-152.057475 Ha dipole=1.3607 D
Worker 13: 270/300 — accepted=139, rate=51.5%
Worker 21 step 284: ACCEPTED random_so3 E=-152.053919 Ha dipole=1.2938 D
Worker 21 step 285: twist — no coordinate change (box rejection?)
Worker 0 step 262: ACCEPTED principal_axis_rotation E=-152.054124 Ha dipole=0.7623 D
Worker 4 step 286: ACCEPTED principal_axis_rotation E=-152.055017 Ha dipole=1.4543 D
Worker 8 step 278: ACCEPTED principal_axis_rotation E=-152.054606 Ha dipole=1.4405 D
Worker 30 step 266: ACCEPTED random_so3 E=-152.054034 Ha dipole=0.4707 D
Worker 30 step 267: exchange — no coordinate change (box rejection?)
Worker 30 step 268: large_displacement — no coordinate change (box rejection?)
Worker 30 step 269: roto_reflection — no coordinate change (box rejection?)
Worker 11 step 225: ACCEPTED random_so3 E=-152.054480 Ha dipole=0.2665 D
Worker 17 step 234: ACCEPTED random_so3 E=-152.061031 Ha dipole=0.6418 D
Worker 17 step 234: Adaptive box growth — new radius = 13.21 Å (acc=40.00%) 
Worker 32 step 219: ACCEPTED twist E=-152.061280 Ha dipole=1.5928 D
Worker 32: 220/300 — accepted=112, rate=50.9%
Worker 32 step 220: roto_reflection — no coordinate change (box rejection?)
Worker 10 step 264: ACCEPTED mirror E=-152.053584 Ha dipole=0.7912 D
Worker 35 step 213: ACCEPTED mirror E=-152.060116 Ha dipole=1.1397 D
Worker 33 step 226: ACCEPTED large_displacement E=-152.058858 Ha dipole=1.2822 D
Worker 24 step 235: ACCEPTED twist E=-152.054050 Ha dipole=0.9052 D
Worker 20 step 252: ACCEPTED principal_axis_rotation E=-152.054337 Ha dipole=0.5996 D
Worker 5 step 219: ACCEPTED twist E=-152.053778 Ha dipole=0.6717 D
Worker 5: 220/300 — accepted=115, rate=52.3%
Worker 15 step 220: ACCEPTED twist E=-152.052844 Ha dipole=0.9257 D
Worker 13 step 270: ACCEPTED mirror E=-152.057475 Ha dipole=1.3607 D
Worker 21 step 286: ACCEPTED principal_axis_rotation E=-152.054432 Ha dipole=0.6052 D
Worker 34 step 272: ACCEPTED random_so3 E=-152.054318 Ha dipole=1.3757 D
Worker 34 step 273: roto_reflection — no coordinate change (box rejection?)
Worker 9: 240/300 — accepted=110, rate=45.8%
Worker 27 step 213: ACCEPTED large_displacement E=-152.054109 Ha dipole=0.9371 D
Worker 0 step 263: ACCEPTED mirror E=-152.054124 Ha dipole=0.7623 D
Worker 4 step 287: ACCEPTED twist E=-152.055077 Ha dipole=1.4965 D
Worker 23 step 209: ACCEPTED twist E=-152.055302 Ha dipole=0.1855 D
Worker 23: 210/300 — accepted=135, rate=64.3%
Worker 30 step 270: ACCEPTED principal_axis_rotation E=-152.054163 Ha dipole=0.9330 D
Worker 30 step 271: roto_reflection — no coordinate change (box rejection?)
Worker 12 step 252: ACCEPTED exchange E=-152.060303 Ha dipole=1.3311 D
Worker 11 step 226: ACCEPTED mirror E=-152.056774 Ha dipole=1.6259 D
Worker 8 step 279: ACCEPTED principal_axis_rotation E=-152.054145 Ha dipole=1.3911 D
Worker 8: 280/300 — accepted=118, rate=42.1%
Worker 6 step 280: ACCEPTED large_displacement E=-152.061830 Ha dipole=0.9718 D
Worker 10 step 265: ACCEPTED large_displacement E=-152.053675 Ha dipole=0.7907 D
Worker 3 step 294: ACCEPTED random_so3 E=-152.054121 Ha dipole=0.7085 D
Worker 28 step 212: ACCEPTED large_displacement E=-152.058866 Ha dipole=1.3294 D
Worker 33 step 227: ACCEPTED roto_reflection E=-152.058362 Ha dipole=1.1202 D
Worker 5 step 220: ACCEPTED large_displacement E=-152.054289 Ha dipole=0.6728 D
Worker 15 step 221: ACCEPTED roto_reflection E=-152.053185 Ha dipole=0.9686 D
Worker 21 step 287: ACCEPTED principal_axis_rotation E=-152.053753 Ha dipole=1.5874 D
Worker 21 step 288: mirror — no coordinate change (box rejection?)
Worker 21 step 289: twist — no coordinate change (box rejection?)
Worker 21 step 290: mirror — no coordinate change (box rejection?)
Worker 21 step 291: roto_reflection — no coordinate change (box rejection?)
Worker 32 step 221: ACCEPTED large_displacement E=-152.059271 Ha dipole=1.5350 D
Worker 13 step 271: ACCEPTED principal_axis_rotation E=-152.057030 Ha dipole=1.3575 D
Worker 13 step 272: mirror — no coordinate change (box rejection?)
Worker 13 step 273: roto_reflection — no coordinate change (box rejection?)
Worker 13 step 274: roto_reflection — no coordinate change (box rejection?)
Worker 13 step 275: twist — no coordinate change (box rejection?)
Worker 13 step 276: random_so3 — no coordinate change (box rejection?)
Worker 26 step 217: ACCEPTED principal_axis_rotation E=-152.056337 Ha dipole=1.2159 D
Worker 29 step 233: twist — no coordinate change (box rejection?)
Worker 0 step 264: Box stable window 2/3 (acc=60.00%)
Worker 30 step 272: ACCEPTED random_so3 E=-152.054193 Ha dipole=1.5797 D
Worker 30 step 273: roto_reflection — no coordinate change (box rejection?)
Worker 11 step 227: ACCEPTED large_displacement E=-152.056840 Ha dipole=1.6272 D
Worker 9 step 240: ACCEPTED large_displacement E=-152.058058 Ha dipole=1.6618 D
Worker 17 step 236: ACCEPTED large_displacement E=-152.060173 Ha dipole=0.6487 D
Worker 24 step 236: ACCEPTED roto_reflection E=-152.054383 Ha dipole=0.8773 D
Worker 8 step 280: ACCEPTED random_so3 E=-152.057342 Ha dipole=1.4099 D
Worker 6 step 281: ACCEPTED twist E=-152.061889 Ha dipole=0.7759 D
Worker 20 step 253: ACCEPTED large_displacement E=-152.054401 Ha dipole=0.5996 D
Worker 34 step 274: ACCEPTED principal_axis_rotation E=-152.053984 Ha dipole=1.0244 D
Worker 33 step 228: ACCEPTED roto_reflection E=-152.056661 Ha dipole=1.5595 D
Worker 27 step 214: ACCEPTED exchange E=-152.055762 Ha dipole=0.9579 D
Worker 10 step 266: ACCEPTED principal_axis_rotation E=-152.054056 Ha dipole=0.4462 D
Worker 23 step 210: ACCEPTED twist E=-152.055309 Ha dipole=0.2887 D
Worker 5 step 221: ACCEPTED exchange E=-152.054282 Ha dipole=0.6664 D
Worker 21 step 292: ACCEPTED mirror E=-152.054285 Ha dipole=0.2712 D
Worker 21 step 293: mirror — no coordinate change (box rejection?)
Worker 21 step 294: roto_reflection — no coordinate change (box rejection?)
Worker 21 step 295: twist — no coordinate change (box rejection?)
Worker 15 step 222: ACCEPTED roto_reflection E=-152.055885 Ha dipole=1.2632 D
Worker 3 step 296: twist — no coordinate change (box rejection?)
Worker 12 step 253: ACCEPTED large_displacement E=-152.061010 Ha dipole=1.3018 D
Worker 35 step 215: ACCEPTED mirror E=-152.060116 Ha dipole=1.1397 D
Worker 29 step 234: ACCEPTED mirror E=-152.060282 Ha dipole=0.5498 D
Worker 4: 290/300 — accepted=136, rate=46.9%
Worker 0 step 265: ACCEPTED roto_reflection E=-152.053362 Ha dipole=0.6400 D
Worker 30 step 274: ACCEPTED large_displacement E=-152.054089 Ha dipole=1.5784 D
Worker 13 step 277: ACCEPTED exchange E=-152.055453 Ha dipole=1.3344 D
Worker 30 step 275: mirror — no coordinate change (box rejection?)
Worker 30 step 276: roto_reflection — no coordinate change (box rejection?)
Worker 28 step 213: ACCEPTED large_displacement E=-152.058071 Ha dipole=1.2927 D
Worker 11 step 228: ACCEPTED twist E=-152.056544 Ha dipole=1.5987 D
Worker 34 step 275: ACCEPTED mirror E=-152.053984 Ha dipole=1.0244 D
Worker 33 step 229: ACCEPTED principal_axis_rotation E=-152.056890 Ha dipole=1.5317 D
Worker 33: 230/300 — accepted=122, rate=53.0%
Worker 26 step 218: ACCEPTED large_displacement E=-152.056577 Ha dipole=1.2239 D
Worker 9 step 241: ACCEPTED roto_reflection E=-152.052422 Ha dipole=0.1884 D
Worker 10 step 267: ACCEPTED random_so3 E=-152.055499 Ha dipole=0.9033 D
Worker 21 step 296: ACCEPTED large_displacement E=-152.054477 Ha dipole=0.2738 D
Worker 3 step 297: ACCEPTED principal_axis_rotation E=-152.053844 Ha dipole=0.7043 D
Worker 5 step 222: ACCEPTED twist E=-152.053762 Ha dipole=0.8303 D
Worker 35 step 216: ACCEPTED large_displacement E=-152.060662 Ha dipole=1.1640 D
Worker 15 step 223: ACCEPTED exchange E=-152.053636 Ha dipole=1.2513 D
Worker 24 step 237: ACCEPTED twist E=-152.054686 Ha dipole=1.4330 D
Worker 29 step 235: ACCEPTED principal_axis_rotation E=-152.057491 Ha dipole=0.5521 D
Worker 4 step 290: ACCEPTED principal_axis_rotation E=-152.054990 Ha dipole=1.4957 D
Worker 20 step 254: ACCEPTED twist E=-152.054381 Ha dipole=0.5872 D
Worker 39 step 222: ACCEPTED random_so3 E=-152.057802 Ha dipole=1.2382 D
Worker 0 step 266: ACCEPTED mirror E=-152.053367 Ha dipole=0.6411 D
Worker 30 step 277: ACCEPTED principal_axis_rotation E=-152.054069 Ha dipole=1.5780 D
Worker 11 step 229: ACCEPTED roto_reflection E=-152.057897 Ha dipole=1.5681 D
Worker 11: 230/300 — accepted=134, rate=58.3%
Worker 27 step 215: ACCEPTED random_so3 E=-152.055566 Ha dipole=1.2983 D
Worker 8 step 282: ACCEPTED large_displacement E=-152.057718 Ha dipole=1.4173 D
Worker 17 step 238: ACCEPTED large_displacement E=-152.057298 Ha dipole=0.6455 D
Worker 23 step 211: ACCEPTED mirror E=-152.055309 Ha dipole=0.2887 D
Worker 34 step 276: ACCEPTED large_displacement E=-152.053983 Ha dipole=1.0246 D
Worker 33 step 230: ACCEPTED roto_reflection E=-152.056217 Ha dipole=1.4823 D
Worker 12 step 254: ACCEPTED twist E=-152.061731 Ha dipole=1.1501 D
Worker 10 step 268: ACCEPTED mirror E=-152.055499 Ha dipole=0.9033 D
Worker 28 step 214: ACCEPTED principal_axis_rotation E=-152.058207 Ha dipole=1.2166 D
Worker 13 step 278: ACCEPTED twist E=-152.055867 Ha dipole=1.2376 D
Worker 21 step 297: ACCEPTED exchange E=-152.054504 Ha dipole=0.2694 D
Worker 21 step 298: mirror — no coordinate change (box rejection?)
Worker 21 step 299: mirror — no coordinate change (box rejection?)
Worker 21: DONE — 136/300 accepted (45.3%)
Worker 3 step 298: ACCEPTED exchange E=-152.053472 Ha dipole=0.7016 D
Worker 5 step 223: ACCEPTED mirror E=-152.053762 Ha dipole=0.8303 D
Worker 32 step 225: mirror — no coordinate change (box rejection?)
Worker 15 step 224: ACCEPTED twist E=-152.053682 Ha dipole=1.0051 D
Worker 4 step 291: ACCEPTED large_displacement E=-152.057348 Ha dipole=1.5257 D
Worker 4 step 292: twist — no coordinate change (box rejection?)
Worker 4 step 293: roto_reflection — no coordinate change (box rejection?)
Worker 30 step 278: ACCEPTED random_so3 E=-152.053912 Ha dipole=1.3479 D
Worker 11 step 230: ACCEPTED large_displacement E=-152.056393 Ha dipole=1.5452 D
Worker 11 step 231: mirror — no coordinate change (box rejection?)
Worker 9 step 242: ACCEPTED roto_reflection E=-152.057996 Ha dipole=1.6589 D
Worker 26 step 219: ACCEPTED random_so3 E=-152.057478 Ha dipole=0.6127 D
Worker 26: 220/300 — accepted=140, rate=63.6%
Worker 17 step 239: ACCEPTED twist E=-152.055788 Ha dipole=1.0538 D
Worker 17 step 239: Box stable window 1/3 (acc=60.00%)
Worker 17: 240/300 — accepted=134, rate=55.8%
Worker 8 step 283: ACCEPTED mirror E=-152.054880 Ha dipole=0.8816 D
Worker 6 step 284: ACCEPTED twist E=-152.060096 Ha dipole=1.1350 D
Worker 6 step 284: Box stable window 2/3 (acc=60.00%)
Worker 24 step 238: ACCEPTED mirror E=-152.054686 Ha dipole=1.4330 D
Worker 24 step 239: twist — no coordinate change (box rejection?)
Worker 24 step 240: roto_reflection — no coordinate change (box rejection?)
Worker 24 step 241: mirror — no coordinate change (box rejection?)
Worker 33 step 231: ACCEPTED mirror E=-152.056217 Ha dipole=1.4823 D
Worker 20 step 255: ACCEPTED random_so3 E=-152.054313 Ha dipole=0.5134 D
Worker 28 step 215: ACCEPTED large_displacement E=-152.061506 Ha dipole=1.2761 D
Worker 39 step 223: ACCEPTED principal_axis_rotation E=-152.054572 Ha dipole=0.7209 D
Worker 23 step 213: twist — no coordinate change (box rejection?)
Worker 3 step 299: ACCEPTED mirror E=-152.053472 Ha dipole=0.7016 D
Worker 3: 300/300 — accepted=181, rate=60.3%
Worker 3: DONE — 181/300 accepted (60.3%)
Worker 10 step 269: ACCEPTED large_displacement E=-152.055468 Ha dipole=0.9045 D
Worker 10: 270/300 — accepted=156, rate=57.8%
Worker 5 step 224: ACCEPTED twist E=-152.053763 Ha dipole=0.5238 D
Worker 27 step 216: ACCEPTED mirror E=-152.055566 Ha dipole=1.2982 D
Worker 4 step 294: ACCEPTED mirror E=-152.057348 Ha dipole=1.5257 D
Worker 30 step 279: ACCEPTED principal_axis_rotation E=-152.053912 Ha dipole=1.3479 D
Worker 30: 280/300 — accepted=172, rate=61.4%
Worker 13 step 279: ACCEPTED twist E=-152.056580 Ha dipole=1.4227 D
Worker 13: 280/300 — accepted=144, rate=51.4%
Worker 35 step 218: ACCEPTED mirror E=-152.060662 Ha dipole=1.1640 D
Worker 11 step 232: ACCEPTED principal_axis_rotation E=-152.056123 Ha dipole=1.3182 D
Worker 15 step 225: ACCEPTED twist E=-152.055820 Ha dipole=0.6824 D
Worker 0 step 268: ACCEPTED mirror E=-152.058945 Ha dipole=1.5512 D
Worker 34 step 278: ACCEPTED mirror E=-152.054126 Ha dipole=1.2477 D
Worker 8 step 284: ACCEPTED mirror E=-152.054880 Ha dipole=0.8816 D
Worker 9 step 243: ACCEPTED twist E=-152.058359 Ha dipole=1.5966 D
Worker 24 step 242: ACCEPTED exchange E=-152.053722 Ha dipole=1.4256 D
Worker 24 step 243: mirror — no coordinate change (box rejection?)
Worker 26 step 220: ACCEPTED mirror E=-152.057478 Ha dipole=0.6127 D
Worker 23 step 214: ACCEPTED large_displacement E=-152.054265 Ha dipole=0.2856 D
Worker 23 step 214: Box stable window 1/3 (acc=60.00%)
Worker 17 step 240: ACCEPTED large_displacement E=-152.054709 Ha dipole=1.0598 D
Worker 5 step 225: ACCEPTED twist E=-152.053672 Ha dipole=0.3402 D
Worker 27 step 217: ACCEPTED exchange E=-152.055916 Ha dipole=1.3006 D
Worker 32 step 227: ACCEPTED random_so3 E=-152.059022 Ha dipole=1.1392 D
Worker 29 step 238: ACCEPTED roto_reflection E=-152.054590 Ha dipole=0.9852 D
Worker 30 step 280: ACCEPTED twist E=-152.053941 Ha dipole=1.1974 D
Worker 30 step 281: roto_reflection — no coordinate change (box rejection?)
Worker 13 step 280: ACCEPTED roto_reflection E=-152.053008 Ha dipole=0.5973 D
Worker 35 step 219: ACCEPTED mirror E=-152.060662 Ha dipole=1.1640 D
Worker 35: 220/300 — accepted=131, rate=59.5%
Worker 39 step 224: ACCEPTED random_so3 E=-152.058299 Ha dipole=1.0058 D
Worker 34 step 279: ACCEPTED principal_axis_rotation E=-152.053846 Ha dipole=0.8253 D
Worker 34: 280/300 — accepted=172, rate=61.4%
Worker 34 step 280: roto_reflection — no coordinate change (box rejection?)
Worker 6 step 286: ACCEPTED large_displacement E=-152.058606 Ha dipole=1.0967 D
Worker 9 step 244: ACCEPTED twist E=-152.059755 Ha dipole=1.4400 D
Worker 24 step 244: ACCEPTED mirror E=-152.053722 Ha dipole=1.4256 D
Worker 26 step 221: ACCEPTED mirror E=-152.057478 Ha dipole=0.6127 D
Worker 23 step 215: ACCEPTED mirror E=-152.054265 Ha dipole=0.2856 D
Worker 5 step 226: ACCEPTED exchange E=-152.053108 Ha dipole=0.3418 D
Worker 27 step 218: ACCEPTED principal_axis_rotation E=-152.056135 Ha dipole=1.3011 D
Worker 15 step 226: ACCEPTED twist E=-152.057991 Ha dipole=0.2976 D
Worker 0 step 269: Box stable window 3/3 (acc=60.00%)
Worker 0 step 269: Box growth stabilized after 3 windows. Stopping growth.
Worker 0: 270/300 — accepted=142, rate=52.6%
Worker 32 step 228: ACCEPTED random_so3 E=-152.056757 Ha dipole=1.1120 D
Worker 29 step 239: ACCEPTED mirror E=-152.054590 Ha dipole=0.9851 D
Worker 29: 240/300 — accepted=118, rate=49.2%
Worker 29 step 240: mirror — no coordinate change (box rejection?)
Worker 4 step 296: ACCEPTED random_so3 E=-152.054479 Ha dipole=1.1075 D
Worker 30 step 282: ACCEPTED mirror E=-152.053941 Ha dipole=1.1974 D
Worker 12 step 256: ACCEPTED exchange E=-152.061116 Ha dipole=1.1546 D
Worker 11 step 234: ACCEPTED principal_axis_rotation E=-152.056543 Ha dipole=0.6355 D
Worker 11 step 234: Box stable window 1/3 (acc=60.00%)
Worker 13 step 281: ACCEPTED large_displacement E=-152.053071 Ha dipole=0.5956 D
Worker 39 step 225: ACCEPTED exchange E=-152.059118 Ha dipole=1.0747 D
Worker 34 step 281: ACCEPTED large_displacement E=-152.053926 Ha dipole=0.8258 D
Worker 8 step 286: ACCEPTED large_displacement E=-152.054686 Ha dipole=0.8850 D
Worker 6 step 287: ACCEPTED mirror E=-152.058606 Ha dipole=1.0967 D
Worker 24 step 245: ACCEPTED large_displacement E=-152.053506 Ha dipole=1.4241 D
Worker 23 step 216: ACCEPTED exchange E=-152.055387 Ha dipole=0.2885 D
Worker 23 step 217: mirror — no coordinate change (box rejection?)
Worker 26 step 222: ACCEPTED principal_axis_rotation E=-152.057427 Ha dipole=0.6143 D
Worker 5 step 227: ACCEPTED random_so3 E=-152.053470 Ha dipole=0.2275 D
Worker 27 step 219: ACCEPTED twist E=-152.055919 Ha dipole=1.2288 D
Worker 27: 220/300 — accepted=117, rate=53.2%
Worker 20 step 257: ACCEPTED large_displacement E=-152.054351 Ha dipole=0.5133 D
Worker 29 step 241: ACCEPTED mirror E=-152.054590 Ha dipole=0.9852 D
Worker 32: 230/300 — accepted=115, rate=50.0%
Worker 30 step 283: ACCEPTED principal_axis_rotation E=-152.053890 Ha dipole=1.3424 D
Worker 33 step 233: ACCEPTED large_displacement E=-152.056982 Ha dipole=1.4962 D
Worker 30 step 284: mirror — no coordinate change (box rejection?)
Worker 30 step 285: exchange — no coordinate change (box rejection?)
Worker 30 step 286: exchange — no coordinate change (box rejection?)
Worker 10 step 271: ACCEPTED principal_axis_rotation E=-152.055612 Ha dipole=1.2931 D
Worker 11 step 235: ACCEPTED twist E=-152.056564 Ha dipole=0.5634 D
Worker 11 step 236: twist — no coordinate change (box rejection?)
Worker 35 step 221: ACCEPTED exchange E=-152.058211 Ha dipole=1.0845 D
Worker 39 step 226: ACCEPTED roto_reflection E=-152.058889 Ha dipole=1.1811 D
Worker 13 step 282: ACCEPTED principal_axis_rotation E=-152.053145 Ha dipole=0.6144 D
Worker 34 step 282: ACCEPTED principal_axis_rotation E=-152.054129 Ha dipole=1.4550 D
Worker 34 step 283: mirror — no coordinate change (box rejection?)
Worker 34 step 284: roto_reflection — no coordinate change (box rejection?)
Worker 34 step 285: roto_reflection — no coordinate change (box rejection?)
Worker 8 step 287: ACCEPTED exchange E=-152.051870 Ha dipole=0.8390 D
Worker 6 step 288: ACCEPTED mirror E=-152.058606 Ha dipole=1.0967 D
Worker 9 step 246: ACCEPTED large_displacement E=-152.059062 Ha dipole=1.4237 D
Worker 24 step 246: ACCEPTED mirror E=-152.053660 Ha dipole=0.7512 D
Worker 28: 220/300 — accepted=130, rate=59.1%
Worker 15 step 227: ACCEPTED principal_axis_rotation E=-152.057774 Ha dipole=1.0084 D
Worker 23 step 218: ACCEPTED roto_reflection E=-152.054307 Ha dipole=1.0448 D
Worker 12 step 257: ACCEPTED roto_reflection E=-152.058867 Ha dipole=1.3300 D
Worker 5 step 228: ACCEPTED exchange E=-152.053744 Ha dipole=0.2258 D
Worker 27 step 220: ACCEPTED principal_axis_rotation E=-152.055753 Ha dipole=1.2602 D
Worker 17 step 243: ACCEPTED mirror E=-152.055004 Ha dipole=1.1960 D
Worker 30 step 287: ACCEPTED twist E=-152.053804 Ha dipole=0.5716 D
Worker 30 step 288: mirror — no coordinate change (box rejection?)
Worker 30 step 289: roto_reflection — no coordinate change (box rejection?)
Worker 29 step 242: ACCEPTED principal_axis_rotation E=-152.053425 Ha dipole=0.9757 D
Worker 32 step 230: ACCEPTED twist E=-152.056559 Ha dipole=0.3374 D
Worker 4 step 298: ACCEPTED mirror E=-152.054479 Ha dipole=1.1075 D
Worker 4 step 299: twist — no coordinate change (box rejection?)
Worker 4: DONE — 141/300 accepted (47.0%)
Worker 35 step 222: ACCEPTED exchange E=-152.060662 Ha dipole=1.1640 D
Worker 11 step 237: ACCEPTED twist E=-152.055987 Ha dipole=1.1801 D
Worker 11 step 238: mirror — no coordinate change (box rejection?)
Worker 39 step 227: ACCEPTED twist E=-152.058704 Ha dipole=1.4558 D
Worker 11 step 239: mirror — no coordinate change (box rejection?)
Worker 8 step 288: ACCEPTED twist E=-152.051497 Ha dipole=0.9001 D
Worker 20 step 258: ACCEPTED random_so3 E=-152.054456 Ha dipole=0.5538 D
Worker 6 step 289: Box stable window 3/3 (acc=60.00%)
Worker 6 step 289: Box growth stabilized after 3 windows. Stopping growth.
Worker 6: 290/300 — accepted=121, rate=41.7%
Worker 24 step 247: ACCEPTED principal_axis_rotation E=-152.055025 Ha dipole=0.7634 D
Worker 33 step 234: ACCEPTED large_displacement E=-152.057712 Ha dipole=1.4992 D
Worker 23 step 219: ACCEPTED twist E=-152.054564 Ha dipole=0.1986 D
Worker 23: 220/300 — accepted=142, rate=64.5%
Worker 34 step 286: ACCEPTED twist E=-152.054133 Ha dipole=1.4609 D
Worker 26 step 224: ACCEPTED large_displacement E=-152.055899 Ha dipole=0.6324 D
Worker 13 step 283: ACCEPTED random_so3 E=-152.057324 Ha dipole=1.3953 D
Worker 10 step 272: ACCEPTED mirror E=-152.053474 Ha dipole=0.9754 D
Worker 30 step 290: ACCEPTED mirror E=-152.053804 Ha dipole=0.5716 D
Worker 30 step 291: roto_reflection — no coordinate change (box rejection?)
Worker 30 step 292: roto_reflection — no coordinate change (box rejection?)
Worker 5 step 229: ACCEPTED principal_axis_rotation E=-152.054462 Ha dipole=0.3506 D
Worker 5: 230/300 — accepted=125, rate=54.3%
Worker 32 step 231: ACCEPTED large_displacement E=-152.056442 Ha dipole=0.3376 D
Worker 29 step 243: ACCEPTED large_displacement E=-152.052452 Ha dipole=0.9743 D
Worker 0 step 271: ACCEPTED twist E=-152.059270 Ha dipole=1.5792 D
Worker 17 step 244: ACCEPTED twist E=-152.053263 Ha dipole=1.4735 D
Worker 17 step 244: Box stable window 2/3 (acc=60.00%)
Worker 27 step 221: ACCEPTED mirror E=-152.052814 Ha dipole=1.0225 D
Worker 35 step 223: ACCEPTED principal_axis_rotation E=-152.060467 Ha dipole=0.8034 D
Worker 15 step 228: ACCEPTED large_displacement E=-152.057432 Ha dipole=1.0056 D
Worker 39 step 228: ACCEPTED twist E=-152.058647 Ha dipole=1.6022 D
Worker 11 step 240: ACCEPTED exchange E=-152.055283 Ha dipole=1.1600 D
Worker 11 step 241: mirror — no coordinate change (box rejection?)
Worker 11 step 242: twist — no coordinate change (box rejection?)
Worker 20 step 259: ACCEPTED twist E=-152.054430 Ha dipole=0.4880 D
Worker 20: 260/300 — accepted=155, rate=59.6%
Worker 8 step 289: ACCEPTED twist E=-152.051608 Ha dipole=1.0032 D
Worker 8: 290/300 — accepted=126, rate=43.4%
Worker 34 step 287: ACCEPTED twist E=-152.054290 Ha dipole=1.1357 D
Worker 34 step 288: twist — no coordinate change (box rejection?)
Worker 23 step 220: ACCEPTED roto_reflection E=-152.054485 Ha dipole=0.3687 D
Worker 24 step 248: ACCEPTED mirror E=-152.055025 Ha dipole=0.7634 D
Worker 30 step 293: ACCEPTED exchange E=-152.053827 Ha dipole=0.5716 D
Worker 5 step 230: ACCEPTED twist E=-152.053868 Ha dipole=0.5247 D
Worker 32 step 232: ACCEPTED twist E=-152.056737 Ha dipole=1.0076 D
Worker 29 step 244: ACCEPTED twist E=-152.054899 Ha dipole=1.3633 D
Worker 35 step 224: ACCEPTED mirror E=-152.060467 Ha dipole=0.8034 D
Worker 15 step 229: ACCEPTED twist E=-152.057558 Ha dipole=0.7479 D
Worker 15: 230/300 — accepted=149, rate=64.8%
Worker 15 step 230: exchange — no coordinate change (box rejection?)
Worker 12 step 259: ACCEPTED mirror E=-152.058869 Ha dipole=1.3308 D
Worker 12 step 259: Box stable window 1/3 (acc=60.00%)
Worker 12: 260/300 — accepted=123, rate=47.3%
Worker 27 step 222: ACCEPTED large_displacement E=-152.053025 Ha dipole=1.0209 D
Worker 39 step 229: ACCEPTED exchange E=-152.059256 Ha dipole=1.6117 D
Worker 39: 230/300 — accepted=121, rate=52.6%
Worker 11 step 243: ACCEPTED exchange E=-152.055987 Ha dipole=1.1801 D
Worker 33 step 235: ACCEPTED exchange E=-152.060176 Ha dipole=1.5585 D
Worker 11 step 244: roto_reflection — no coordinate change (box rejection?)
Worker 11 step 245: mirror — no coordinate change (box rejection?)
Worker 10 step 273: ACCEPTED twist E=-152.054215 Ha dipole=1.0460 D
Worker 20 step 260: ACCEPTED mirror E=-152.054430 Ha dipole=0.4880 D
Worker 8 step 290: ACCEPTED roto_reflection E=-152.060150 Ha dipole=1.3445 D
Worker 6 step 291: ACCEPTED roto_reflection E=-152.058472 Ha dipole=1.1637 D
Worker 17 step 245: ACCEPTED random_so3 E=-152.053767 Ha dipole=0.4423 D
Worker 34 step 289: ACCEPTED large_displacement E=-152.054421 Ha dipole=1.1374 D
Worker 34: 290/300 — accepted=177, rate=61.0%
Worker 23 step 221: ACCEPTED exchange E=-152.055378 Ha dipole=0.3750 D
Worker 30 step 294: ACCEPTED exchange E=-152.053804 Ha dipole=0.5716 D
Worker 5 step 231: ACCEPTED twist E=-152.052598 Ha dipole=0.3015 D
Worker 29 step 245: ACCEPTED roto_reflection E=-152.055219 Ha dipole=1.2314 D
Worker 32 step 233: ACCEPTED principal_axis_rotation E=-152.058496 Ha dipole=0.9957 D
Worker 9: 250/300 — accepted=116, rate=46.4%
Worker 35 step 225: ACCEPTED mirror E=-152.060467 Ha dipole=0.8034 D
Worker 27 step 223: ACCEPTED twist E=-152.054977 Ha dipole=1.1145 D
Worker 11 step 246: ACCEPTED large_displacement E=-152.056907 Ha dipole=1.1948 D
Worker 11 step 247: roto_reflection — no coordinate change (box rejection?)
Worker 11 step 248: twist — no coordinate change (box rejection?)
Worker 20 step 261: ACCEPTED mirror E=-152.054430 Ha dipole=0.4880 D
Worker 8 step 291: ACCEPTED mirror E=-152.060145 Ha dipole=1.3452 D
Worker 24 step 249: ACCEPTED random_so3 E=-152.054898 Ha dipole=0.6539 D
Worker 24: 250/300 — accepted=167, rate=66.8%
Worker 34 step 290: ACCEPTED mirror E=-152.054420 Ha dipole=1.1365 D
Worker 34 step 291: roto_reflection — no coordinate change (box rejection?)
Worker 34 step 292: exchange — no coordinate change (box rejection?)
Worker 34 step 293: mirror — no coordinate change (box rejection?)
Worker 17 step 246: ACCEPTED large_displacement E=-152.053981 Ha dipole=0.4423 D
Worker 23 step 222: ACCEPTED exchange E=-152.054485 Ha dipole=0.3687 D
Worker 13 step 286: ACCEPTED mirror E=-152.057325 Ha dipole=1.3958 D
Worker 30 step 295: ACCEPTED random_so3 E=-152.054347 Ha dipole=1.4159 D
Worker 30 step 296: twist — no coordinate change (box rejection?)
Worker 30 step 297: mirror — no coordinate change (box rejection?)
Worker 30 step 298: twist — no coordinate change (box rejection?)
Worker 30 step 299: twist — no coordinate change (box rejection?)
Worker 30: DONE — 180/300 accepted (60.0%)
Worker 5 step 232: ACCEPTED mirror E=-152.052598 Ha dipole=0.3015 D
Worker 9 step 250: ACCEPTED principal_axis_rotation E=-152.057608 Ha dipole=1.6321 D
Worker 10 step 274: ACCEPTED random_so3 E=-152.053710 Ha dipole=1.5214 D
Worker 33 step 236: ACCEPTED mirror E=-152.060180 Ha dipole=1.5580 D
Worker 15 step 232: ACCEPTED mirror E=-152.057558 Ha dipole=0.7486 D
Worker 11 step 249: ACCEPTED random_so3 E=-152.052484 Ha dipole=0.8732 D
Worker 11: 250/300 — accepted=143, rate=57.2%
Worker 39 step 231: ACCEPTED mirror E=-152.059257 Ha dipole=1.6114 D
Worker 20 step 262: ACCEPTED large_displacement E=-152.054268 Ha dipole=0.4875 D
Worker 8 step 292: ACCEPTED twist E=-152.060564 Ha dipole=1.3116 D
Worker 34 step 294: ACCEPTED twist E=-152.054305 Ha dipole=0.9566 D
Worker 6 step 293: ACCEPTED large_displacement E=-152.058775 Ha dipole=1.1862 D
Worker 17 step 247: ACCEPTED exchange E=-152.057470 Ha dipole=0.4712 D
Worker 5 step 233: ACCEPTED mirror E=-152.052598 Ha dipole=0.3015 D
Worker 29 step 247: ACCEPTED exchange E=-152.060190 Ha dipole=1.3126 D
Worker 32 step 235: ACCEPTED mirror E=-152.058496 Ha dipole=0.9957 D
Worker 24 step 250: ACCEPTED roto_reflection E=-152.052951 Ha dipole=1.4672 D
Worker 35 step 227: ACCEPTED twist E=-152.059115 Ha dipole=0.9345 D
Worker 15 step 233: ACCEPTED twist E=-152.052189 Ha dipole=0.7443 D
Worker 11 step 250: ACCEPTED principal_axis_rotation E=-152.052262 Ha dipole=0.8713 D
Worker 11 step 251: roto_reflection — no coordinate change (box rejection?)
Worker 20 step 263: ACCEPTED large_displacement E=-152.054265 Ha dipole=0.4873 D
Worker 34 step 295: ACCEPTED mirror E=-152.054306 Ha dipole=0.9574 D
Worker 6 step 294: ACCEPTED exchange E=-152.054793 Ha dipole=1.1067 D
Worker 23 step 224: ACCEPTED mirror E=-152.054486 Ha dipole=0.3682 D
Worker 10 step 275: ACCEPTED roto_reflection E=-152.055327 Ha dipole=0.5034 D
Worker 13 step 288: ACCEPTED twist E=-152.053273 Ha dipole=0.6893 D
Worker 5 step 234: ACCEPTED twist E=-152.053909 Ha dipole=0.5558 D
Worker 9 step 252: ACCEPTED exchange E=-152.057267 Ha dipole=1.6276 D
Worker 0 step 276: ACCEPTED mirror E=-152.059270 Ha dipole=1.5792 D
Worker 28 step 225: ACCEPTED twist E=-152.061863 Ha dipole=1.3366 D
Worker 24 step 251: ACCEPTED mirror E=-152.054565 Ha dipole=0.6528 D
Worker 26 step 228: ACCEPTED twist E=-152.058566 Ha dipole=0.5357 D
Worker 15 step 234: ACCEPTED random_so3 E=-152.056352 Ha dipole=1.3129 D
Worker 15 step 234: Box stable window 1/3 (acc=60.00%)
Worker 11 step 252: ACCEPTED twist E=-152.054140 Ha dipole=0.9079 D
Worker 20 step 264: ACCEPTED mirror E=-152.054265 Ha dipole=0.4873 D
Worker 39 step 233: ACCEPTED twist E=-152.059458 Ha dipole=1.6445 D
Worker 12 step 263: ACCEPTED large_displacement E=-152.059806 Ha dipole=1.3214 D
Worker 34 step 296: ACCEPTED exchange E=-152.054328 Ha dipole=0.9574 D
Worker 8 step 294: ACCEPTED principal_axis_rotation E=-152.056707 Ha dipole=1.3885 D
Worker 6 step 295: ACCEPTED twist E=-152.055850 Ha dipole=1.0105 D
Worker 33 step 238: ACCEPTED roto_reflection E=-152.060512 Ha dipole=1.5759 D
Worker 23 step 225: ACCEPTED principal_axis_rotation E=-152.053707 Ha dipole=1.2363 D
Worker 17 step 249: ACCEPTED large_displacement E=-152.057192 Ha dipole=0.4680 D
Worker 17: 250/300 — accepted=141, rate=56.4%
Worker 13 step 289: ACCEPTED twist E=-152.054174 Ha dipole=0.4799 D
Worker 13: 290/300 — accepted=151, rate=52.1%
Worker 10 step 276: ACCEPTED principal_axis_rotation E=-152.054727 Ha dipole=0.5102 D
Worker 0 step 277: ACCEPTED twist E=-152.058036 Ha dipole=0.7965 D
Worker 9 step 254: mirror — no coordinate change (box rejection?)
Worker 27 step 226: ACCEPTED large_displacement E=-152.055096 Ha dipole=1.1172 D
Worker 24 step 252: ACCEPTED principal_axis_rotation E=-152.056413 Ha dipole=1.0393 D
Worker 28 step 226: ACCEPTED large_displacement E=-152.057602 Ha dipole=1.4102 D
Worker 32 step 237: ACCEPTED mirror E=-152.058496 Ha dipole=0.9957 D
Worker 29 step 249: ACCEPTED principal_axis_rotation E=-152.060287 Ha dipole=1.3168 D
Worker 29: 250/300 — accepted=125, rate=50.0%
Worker 35 step 229: ACCEPTED principal_axis_rotation E=-152.057994 Ha dipole=1.3653 D
Worker 35: 230/300 — accepted=138, rate=60.0%
Worker 11 step 253: ACCEPTED random_so3 E=-152.055895 Ha dipole=1.3116 D
Worker 15 step 235: ACCEPTED large_displacement E=-152.057589 Ha dipole=1.3199 D
Worker 20 step 265: ACCEPTED principal_axis_rotation E=-152.054345 Ha dipole=0.4893 D
Worker 34 step 297: ACCEPTED mirror E=-152.054328 Ha dipole=0.9574 D
Worker 6 step 296: ACCEPTED twist E=-152.060076 Ha dipole=0.3408 D
Worker 5 step 235: ACCEPTED random_so3 E=-152.054066 Ha dipole=1.3027 D
Worker 23 step 226: ACCEPTED random_so3 E=-152.055342 Ha dipole=0.0253 D
Worker 23 step 227: mirror — no coordinate change (box rejection?)
Worker 23 step 228: twist — no coordinate change (box rejection?)
Worker 17 step 250: ACCEPTED roto_reflection E=-152.056608 Ha dipole=0.5414 D
Worker 13 step 290: ACCEPTED exchange E=-152.056921 Ha dipole=0.4928 D
Worker 26 step 229: Adaptive box growth — new radius = 13.57 Å (acc=20.00%) 
Worker 26: 230/300 — accepted=145, rate=63.0%
Worker 10 step 277: ACCEPTED mirror E=-152.054727 Ha dipole=0.5102 D
Worker 0 step 278: ACCEPTED twist E=-152.058899 Ha dipole=0.6925 D
Worker 9 step 255: ACCEPTED large_displacement E=-152.057683 Ha dipole=1.6335 D
Worker 27 step 227: ACCEPTED principal_axis_rotation E=-152.054261 Ha dipole=1.1285 D
Worker 24 step 253: ACCEPTED mirror E=-152.056413 Ha dipole=1.0393 D
Worker 32 step 238: ACCEPTED exchange E=-152.057624 Ha dipole=1.0033 D
Worker 28 step 227: ACCEPTED principal_axis_rotation E=-152.056040 Ha dipole=0.8661 D
Worker 29 step 250: ACCEPTED roto_reflection E=-152.058775 Ha dipole=1.5254 D
Worker 11 step 254: ACCEPTED twist E=-152.056015 Ha dipole=1.2689 D
Worker 11 step 255: mirror — no coordinate change (box rejection?)
Worker 20 step 266: ACCEPTED mirror E=-152.054345 Ha dipole=0.4893 D
Worker 39 step 235: ACCEPTED roto_reflection E=-152.054732 Ha dipole=0.4071 D
Worker 33 step 239: Box stable window 1/3 (acc=60.00%)
Worker 33: 240/300 — accepted=129, rate=53.8%
Worker 34 step 298: ACCEPTED large_displacement E=-152.054247 Ha dipole=0.9573 D
Worker 34 step 299: mirror — no coordinate change (box rejection?)
Worker 34: DONE — 183/300 accepted (61.0%)
Worker 15 step 236: ACCEPTED twist E=-152.056663 Ha dipole=1.1748 D
Worker 12 step 265: ACCEPTED principal_axis_rotation E=-152.060621 Ha dipole=1.0393 D
Worker 6 step 297: ACCEPTED twist E=-152.059379 Ha dipole=0.2973 D
Worker 23 step 229: ACCEPTED large_displacement E=-152.057286 Ha dipole=0.0486 D
Worker 23 step 229: Box stable window 1/3 (acc=60.00%)
Worker 23: 230/300 — accepted=149, rate=64.8%
Worker 10 step 278: ACCEPTED random_so3 E=-152.055880 Ha dipole=0.8462 D
Worker 13 step 291: ACCEPTED large_displacement E=-152.057427 Ha dipole=0.4918 D
Worker 27 step 228: ACCEPTED roto_reflection E=-152.055100 Ha dipole=1.1271 D
Worker 24 step 254: ACCEPTED large_displacement E=-152.054974 Ha dipole=1.0252 D
Worker 24 step 255: roto_reflection — no coordinate change (box rejection?)
Worker 5 step 236: ACCEPTED twist E=-152.053889 Ha dipole=0.8566 D
Worker 29 step 251: ACCEPTED mirror E=-152.058775 Ha dipole=1.5254 D
Worker 32 step 239: ACCEPTED twist E=-152.056098 Ha dipole=1.3700 D
Worker 32: 240/300 — accepted=123, rate=51.2%
Worker 28 step 228: ACCEPTED twist E=-152.051727 Ha dipole=0.5663 D
Worker 0 step 279: ACCEPTED twist E=-152.058912 Ha dipole=0.6843 D
Worker 0: 280/300 — accepted=147, rate=52.5%
Worker 35 step 231: ACCEPTED large_displacement E=-152.057525 Ha dipole=1.3684 D
Worker 11 step 256: ACCEPTED roto_reflection E=-152.056279 Ha dipole=0.9686 D
Worker 20 step 267: ACCEPTED twist E=-152.054351 Ha dipole=0.4674 D
Worker 20 step 268: roto_reflection — no coordinate change (box rejection?)
Worker 39 step 236: ACCEPTED large_displacement E=-152.054072 Ha dipole=0.4163 D
Worker 8 step 297: ACCEPTED large_displacement E=-152.054742 Ha dipole=1.3694 D
Worker 15 step 237: ACCEPTED large_displacement E=-152.056883 Ha dipole=1.1923 D
Worker 6 step 298: ACCEPTED twist E=-152.055935 Ha dipole=1.0057 D
Worker 23 step 230: ACCEPTED exchange E=-152.058317 Ha dipole=0.0504 D
Worker 10 step 279: ACCEPTED exchange E=-152.055658 Ha dipole=0.8413 D
Worker 10: 280/300 — accepted=165, rate=58.9%
Worker 27 step 229: Box stable window 1/3 (acc=60.00%)
Worker 27: 230/300 — accepted=124, rate=53.9%
Worker 5 step 237: ACCEPTED large_displacement E=-152.054681 Ha dipole=0.8606 D
Worker 9 step 258: twist — no coordinate change (box rejection?)
Worker 24 step 256: ACCEPTED random_so3 E=-152.053232 Ha dipole=0.6370 D
Worker 29 step 252: ACCEPTED mirror E=-152.058775 Ha dipole=1.5254 D
Worker 28: 230/300 — accepted=134, rate=58.3%
Worker 32 step 240: ACCEPTED roto_reflection E=-152.055362 Ha dipole=1.5000 D
Worker 35 step 232: ACCEPTED principal_axis_rotation E=-152.057144 Ha dipole=1.6175 D
Worker 33 step 240: ACCEPTED large_displacement E=-152.057727 Ha dipole=1.5195 D
Worker 11 step 257: ACCEPTED principal_axis_rotation E=-152.056266 Ha dipole=0.9714 D
Worker 20 step 269: ACCEPTED mirror E=-152.053811 Ha dipole=1.5431 D
Worker 20: 270/300 — accepted=164, rate=60.7%
Worker 8 step 298: ACCEPTED roto_reflection E=-152.051984 Ha dipole=0.9126 D
Worker 39 step 237: ACCEPTED twist E=-152.058364 Ha dipole=1.4091 D
Worker 15 step 239: mirror — no coordinate change (box rejection?)
Worker 15 step 240: mirror — no coordinate change (box rejection?)
Worker 6 step 299: ACCEPTED mirror E=-152.055933 Ha dipole=1.0053 D
Worker 6: 300/300 — accepted=129, rate=43.0%
Worker 6: DONE — 129/300 accepted (43.0%)
Worker 10 step 280: ACCEPTED twist E=-152.055756 Ha dipole=1.0756 D
Worker 12 step 267: ACCEPTED mirror E=-152.060621 Ha dipole=1.0393 D
Worker 17 step 253: ACCEPTED principal_axis_rotation E=-152.056720 Ha dipole=0.6925 D
Worker 17 step 254: roto_reflection — no coordinate change (box rejection?)
Worker 9: 260/300 — accepted=119, rate=45.8%
Worker 5 step 238: ACCEPTED twist E=-152.054470 Ha dipole=1.1847 D
Worker 24 step 257: ACCEPTED large_displacement E=-152.052828 Ha dipole=0.6336 D
Worker 13 step 293: ACCEPTED mirror E=-152.057428 Ha dipole=0.4907 D
Worker 24 step 258: twist — no coordinate change (box rejection?)
Worker 32 step 241: ACCEPTED twist E=-152.054589 Ha dipole=1.5872 D
Worker 28 step 230: ACCEPTED principal_axis_rotation E=-152.052948 Ha dipole=1.3665 D
Worker 20 step 270: ACCEPTED large_displacement E=-152.053805 Ha dipole=1.5434 D
Worker 20 step 271: roto_reflection — no coordinate change (box rejection?)
Worker 33 step 241: ACCEPTED twist E=-152.058309 Ha dipole=1.5554 D
Worker 35 step 233: ACCEPTED twist E=-152.058772 Ha dipole=1.6313 D
Worker 8 step 299: ACCEPTED mirror E=-152.054884 Ha dipole=1.3709 D
Worker 8 step 299: Box stable window 1/3 (acc=60.00%)
Worker 8: 300/300 — accepted=133, rate=44.3%
Worker 8: DONE — 133/300 accepted (44.3%)
Worker 39 step 238: ACCEPTED large_displacement E=-152.058594 Ha dipole=1.4155 D
Worker 10 step 281: ACCEPTED exchange E=-152.055409 Ha dipole=1.0684 D
Worker 17 step 255: ACCEPTED exchange E=-152.056379 Ha dipole=0.7060 D
Worker 12 step 268: ACCEPTED exchange E=-152.060680 Ha dipole=1.0475 D
Worker 27 step 231: ACCEPTED large_displacement E=-152.054725 Ha dipole=1.1273 D
Worker 9 step 260: ACCEPTED large_displacement E=-152.056948 Ha dipole=1.6213 D
Worker 5 step 239: ACCEPTED mirror E=-152.054470 Ha dipole=1.1847 D
Worker 5: 240/300 — accepted=135, rate=56.2%
Worker 24 step 259: ACCEPTED twist E=-152.053934 Ha dipole=0.9502 D
Worker 24: 260/300 — accepted=175, rate=67.3%
Worker 13 step 294: ACCEPTED mirror E=-152.057427 Ha dipole=0.4918 D
Worker 29 step 254: ACCEPTED large_displacement E=-152.058824 Ha dipole=1.5130 D
Worker 32 step 242: ACCEPTED twist E=-152.054800 Ha dipole=1.5758 D
Worker 0 step 282: ACCEPTED large_displacement E=-152.056384 Ha dipole=0.6848 D
Worker 11 step 259: ACCEPTED twist E=-152.055931 Ha dipole=0.9625 D
Worker 11 step 259: Box stable window 1/3 (acc=60.00%)
Worker 11: 260/300 — accepted=150, rate=57.7%
Worker 20 step 272: ACCEPTED roto_reflection E=-152.054391 Ha dipole=0.4692 D
Worker 35 step 234: ACCEPTED twist E=-152.058716 Ha dipole=1.6312 D
Worker 33 step 242: ACCEPTED mirror E=-152.058308 Ha dipole=1.5554 D
Worker 39: 240/300 — accepted=127, rate=52.9%
Worker 15 step 242: ACCEPTED random_so3 E=-152.056615 Ha dipole=1.5204 D
Worker 10 step 282: ACCEPTED roto_reflection E=-152.055509 Ha dipole=1.0820 D
Worker 23 step 233: ACCEPTED roto_reflection E=-152.057250 Ha dipole=0.5180 D
Worker 12 step 269: ACCEPTED exchange E=-152.060621 Ha dipole=1.0393 D
Worker 12: 270/300 — accepted=128, rate=47.4%
Worker 27 step 232: ACCEPTED mirror E=-152.054122 Ha dipole=1.1314 D
Worker 17 step 256: ACCEPTED random_so3 E=-152.055826 Ha dipole=1.0252 D
Worker 9 step 261: ACCEPTED large_displacement E=-152.058858 Ha dipole=1.6538 D
Worker 5 step 240: ACCEPTED principal_axis_rotation E=-152.054207 Ha dipole=1.1830 D
Worker 24 step 260: ACCEPTED large_displacement E=-152.054125 Ha dipole=0.9495 D
Worker 13 step 296: mirror — no coordinate change (box rejection?)
Worker 13 step 297: mirror — no coordinate change (box rejection?)
Worker 29 step 255: ACCEPTED roto_reflection E=-152.059941 Ha dipole=1.5290 D
Worker 0 step 283: ACCEPTED large_displacement E=-152.056190 Ha dipole=0.6846 D
Worker 28 step 232: ACCEPTED random_so3 E=-152.052811 Ha dipole=1.4377 D
Worker 32 step 243: ACCEPTED roto_reflection E=-152.053646 Ha dipole=1.5347 D
Worker 11 step 260: ACCEPTED random_so3 E=-152.053703 Ha dipole=0.3840 D
Worker 20 step 273: ACCEPTED twist E=-152.054455 Ha dipole=0.4682 D
Worker 35 step 235: ACCEPTED principal_axis_rotation E=-152.058579 Ha dipole=1.0150 D
Worker 39 step 240: ACCEPTED principal_axis_rotation E=-152.055193 Ha dipole=1.3740 D
Worker 15 step 244: mirror — no coordinate change (box rejection?)
Worker 10 step 283: ACCEPTED large_displacement E=-152.055735 Ha dipole=1.0843 D
Worker 12 step 270: ACCEPTED twist E=-152.059381 Ha dipole=1.3489 D
Worker 27 step 233: ACCEPTED roto_reflection E=-152.052863 Ha dipole=1.5988 D
Worker 5 step 241: ACCEPTED roto_reflection E=-152.054579 Ha dipole=1.0814 D
Worker 9 step 262: ACCEPTED twist E=-152.058616 Ha dipole=1.6319 D
Worker 9 step 263: roto_reflection — no coordinate change (box rejection?)
Worker 9 step 264: exchange — no coordinate change (box rejection?)
Worker 23 step 234: ACCEPTED large_displacement E=-152.058633 Ha dipole=0.5128 D
Worker 23 step 234: Box stable window 2/3 (acc=60.00%)
Worker 24 step 261: ACCEPTED principal_axis_rotation E=-152.054746 Ha dipole=0.8512 D
Worker 13 step 298: ACCEPTED principal_axis_rotation E=-152.057097 Ha dipole=0.2892 D
Worker 17 step 257: ACCEPTED principal_axis_rotation E=-152.056298 Ha dipole=1.0263 D
Worker 32 step 244: ACCEPTED twist E=-152.054907 Ha dipole=1.5470 D
Worker 11 step 261: ACCEPTED mirror E=-152.053703 Ha dipole=0.3840 D
Worker 20 step 274: ACCEPTED twist E=-152.054196 Ha dipole=1.1882 D
Worker 20 step 275: twist — no coordinate change (box rejection?)
Worker 33 step 244: ACCEPTED large_displacement E=-152.059278 Ha dipole=1.5732 D
Worker 39 step 241: ACCEPTED random_so3 E=-152.054591 Ha dipole=1.3553 D
Worker 15 step 245: ACCEPTED large_displacement E=-152.058535 Ha dipole=1.5404 D
Worker 15 step 246: twist — no coordinate change (box rejection?)
Worker 10 step 284: ACCEPTED random_so3 E=-152.053663 Ha dipole=1.3456 D
Worker 27 step 234: ACCEPTED large_displacement E=-152.052889 Ha dipole=1.5991 D
Worker 12 step 271: ACCEPTED large_displacement E=-152.058401 Ha dipole=1.3368 D
Worker 9 step 266: large_displacement — no coordinate change (box rejection?)
Worker 9 step 267: exchange — no coordinate change (box rejection?)
Worker 9 step 268: large_displacement — no coordinate change (box rejection?)
Worker 24 step 262: ACCEPTED twist E=-152.055315 Ha dipole=0.8354 D
Worker 0 step 285: ACCEPTED large_displacement E=-152.055788 Ha dipole=0.6813 D
Worker 13: 300/300 — accepted=156, rate=52.0%
Worker 13: DONE — 156/300 accepted (52.0%)
Worker 28 step 234: ACCEPTED principal_axis_rotation E=-152.055192 Ha dipole=1.0602 D
Worker 28 step 234: Box stable window 1/3 (acc=60.00%)
Worker 11 step 262: ACCEPTED twist E=-152.053788 Ha dipole=0.3546 D
Worker 17 step 258: ACCEPTED large_displacement E=-152.055875 Ha dipole=1.0287 D
Worker 20 step 276: ACCEPTED twist E=-152.054136 Ha dipole=1.2585 D
Worker 26 step 236: ACCEPTED mirror E=-152.058566 Ha dipole=0.5357 D
Worker 35 step 237: ACCEPTED twist E=-152.058887 Ha dipole=0.9885 D
Worker 33 step 245: ACCEPTED mirror E=-152.059278 Ha dipole=1.5732 D
Worker 39 step 242: ACCEPTED mirror E=-152.054591 Ha dipole=1.3553 D
Worker 15 step 247: ACCEPTED exchange E=-152.058528 Ha dipole=1.4652 D
Worker 10 step 285: ACCEPTED mirror E=-152.053663 Ha dipole=1.3456 D
Worker 27 step 235: ACCEPTED large_displacement E=-152.053221 Ha dipole=1.5977 D
Worker 12 step 272: ACCEPTED large_displacement E=-152.059020 Ha dipole=1.3443 D
Worker 9 step 269: ACCEPTED roto_reflection E=-152.058258 Ha dipole=1.6098 D
Worker 9: 270/300 — accepted=123, rate=45.6%
Worker 23 step 236: ACCEPTED mirror E=-152.058633 Ha dipole=0.5128 D
Worker 9 step 270: roto_reflection — no coordinate change (box rejection?)
Worker 24 step 264: twist — no coordinate change (box rejection?)
Worker 29 step 258: ACCEPTED twist E=-152.059912 Ha dipole=1.5255 D
Worker 11 step 263: ACCEPTED mirror E=-152.053788 Ha dipole=0.3546 D
Worker 32 step 246: ACCEPTED random_so3 E=-152.053365 Ha dipole=1.2478 D
Worker 17 step 259: ACCEPTED large_displacement E=-152.055845 Ha dipole=1.0285 D
Worker 17: 260/300 — accepted=148, rate=56.9%
Worker 20 step 277: ACCEPTED principal_axis_rotation E=-152.054369 Ha dipole=1.0595 D
Worker 20 step 278: roto_reflection — no coordinate change (box rejection?)
Worker 26 step 237: ACCEPTED principal_axis_rotation E=-152.058403 Ha dipole=0.5502 D
Worker 33 step 246: ACCEPTED large_displacement E=-152.058227 Ha dipole=1.5549 D
Worker 39 step 243: ACCEPTED large_displacement E=-152.053592 Ha dipole=1.3428 D
Worker 15 step 248: ACCEPTED principal_axis_rotation E=-152.058717 Ha dipole=1.4825 D
Worker 10 step 286: ACCEPTED exchange E=-152.054040 Ha dipole=1.3465 D
Worker 27 step 236: ACCEPTED mirror E=-152.057418 Ha dipole=0.0302 D
Worker 5 step 244: ACCEPTED principal_axis_rotation E=-152.055374 Ha dipole=0.8747 D
Worker 5 step 244: Box stable window 1/3 (acc=60.00%)
Worker 12 step 273: ACCEPTED twist E=-152.059083 Ha dipole=1.4043 D
Worker 23 step 237: ACCEPTED twist E=-152.058144 Ha dipole=0.1638 D
Worker 24 step 265: ACCEPTED roto_reflection E=-152.056666 Ha dipole=0.9916 D
Worker 9 step 271: ACCEPTED large_displacement E=-152.058491 Ha dipole=1.6154 D
Worker 11 step 264: ACCEPTED exchange E=-152.055469 Ha dipole=0.3569 D
Worker 0 step 287: ACCEPTED random_so3 E=-152.054909 Ha dipole=0.7152 D
Worker 29 step 259: ACCEPTED twist E=-152.058605 Ha dipole=1.2983 D
Worker 29: 260/300 — accepted=132, rate=50.8%
Worker 20 step 279: ACCEPTED large_displacement E=-152.054329 Ha dipole=1.0597 D
Worker 20 step 279: Box stable window 1/3 (acc=60.00%)
Worker 20: 280/300 — accepted=171, rate=61.1%
Worker 20 step 280: mirror — no coordinate change (box rejection?)
Worker 17 step 260: ACCEPTED twist E=-152.055828 Ha dipole=1.0636 D
Worker 26 step 238: ACCEPTED roto_reflection E=-152.059049 Ha dipole=0.3807 D
Worker 32 step 247: ACCEPTED large_displacement E=-152.048577 Ha dipole=1.2118 D
Worker 35 step 239: ACCEPTED principal_axis_rotation E=-152.059274 Ha dipole=1.2421 D
Worker 35: 240/300 — accepted=145, rate=60.4%
Worker 15 step 249: Adaptive box growth — new radius = 9.59 Å (acc=46.67%) 
Worker 15: 250/300 — accepted=159, rate=63.6%
Worker 10 step 287: ACCEPTED exchange E=-152.053663 Ha dipole=1.3456 D
Worker 5 step 245: ACCEPTED large_displacement E=-152.055472 Ha dipole=0.8762 D
Worker 27 step 237: ACCEPTED mirror E=-152.053463 Ha dipole=1.5999 D
Worker 9 step 272: ACCEPTED large_displacement E=-152.057443 Ha dipole=1.5972 D
Worker 11 step 265: ACCEPTED random_so3 E=-152.056069 Ha dipole=1.5166 D
Worker 0 step 288: ACCEPTED mirror E=-152.056160 Ha dipole=1.4538 D
Worker 29 step 260: ACCEPTED mirror E=-152.058605 Ha dipole=1.2983 D
Worker 20 step 281: ACCEPTED exchange E=-152.054110 Ha dipole=1.0583 D
Worker 17 step 261: ACCEPTED roto_reflection E=-152.055224 Ha dipole=1.3502 D
Worker 28 step 237: ACCEPTED roto_reflection E=-152.054105 Ha dipole=0.9092 D
Worker 26 step 239: ACCEPTED twist E=-152.057732 Ha dipole=0.8885 D
Worker 26: 240/300 — accepted=149, rate=62.1%
Worker 32 step 248: ACCEPTED roto_reflection E=-152.060249 Ha dipole=0.9967 D
Worker 15 step 250: ACCEPTED mirror E=-152.058717 Ha dipole=1.4825 D
Worker 10 step 288: ACCEPTED roto_reflection E=-152.053623 Ha dipole=1.3611 D
Worker 10 step 289: twist — no coordinate change (box rejection?)
Worker 12 step 275: ACCEPTED roto_reflection E=-152.058838 Ha dipole=1.5033 D
Worker 27 step 238: ACCEPTED large_displacement E=-152.052676 Ha dipole=1.5881 D
Worker 23 step 239: ACCEPTED large_displacement E=-152.056955 Ha dipole=0.1831 D
Worker 23 step 239: Box stable window 3/3 (acc=60.00%)
Worker 23 step 239: Box growth stabilized after 3 windows. Stopping growth.
Worker 23: 240/300 — accepted=155, rate=64.6%
Worker 23 step 240: twist — no coordinate change (box rejection?)
Worker 24 step 267: ACCEPTED large_displacement E=-152.058507 Ha dipole=0.9924 D
Worker 20 step 282: ACCEPTED random_so3 E=-152.054732 Ha dipole=0.2910 D
Worker 0 step 289: ACCEPTED principal_axis_rotation E=-152.055373 Ha dipole=1.4544 D
Worker 0: 290/300 — accepted=153, rate=52.8%
Worker 29 step 261: ACCEPTED mirror E=-152.058605 Ha dipole=1.2983 D
Worker 17 step 262: ACCEPTED large_displacement E=-152.056200 Ha dipole=1.3637 D
Worker 28 step 238: ACCEPTED random_so3 E=-152.058213 Ha dipole=0.8232 D
Worker 28 step 239: roto_reflection — no coordinate change (box rejection?)
Worker 32 step 249: ACCEPTED twist E=-152.060858 Ha dipole=0.9975 D
Worker 32: 250/300 — accepted=132, rate=52.8%
Worker 35 step 241: ACCEPTED mirror E=-152.056360 Ha dipole=1.0092 D
Worker 33 step 249: ACCEPTED twist E=-152.058178 Ha dipole=1.6205 D
Worker 33 step 249: Box stable window 1/3 (acc=60.00%)
Worker 33: 250/300 — accepted=136, rate=54.4%
Worker 15 step 251: ACCEPTED principal_axis_rotation E=-152.058288 Ha dipole=1.5032 D
Worker 10 step 290: ACCEPTED principal_axis_rotation E=-152.053732 Ha dipole=1.3619 D
Worker 39 step 246: ACCEPTED principal_axis_rotation E=-152.053607 Ha dipole=1.3429 D
Worker 5 step 247: ACCEPTED principal_axis_rotation E=-152.055227 Ha dipole=0.4007 D
Worker 27 step 239: ACCEPTED roto_reflection E=-152.057201 Ha dipole=0.0142 D
Worker 27: 240/300 — accepted=133, rate=55.4%
Worker 23 step 241: ACCEPTED principal_axis_rotation E=-152.057327 Ha dipole=0.2104 D
Worker 11 step 267: ACCEPTED principal_axis_rotation E=-152.056344 Ha dipole=1.5164 D
Worker 17 step 263: ACCEPTED principal_axis_rotation E=-152.056043 Ha dipole=1.2016 D
Worker 20 step 283: ACCEPTED large_displacement E=-152.054801 Ha dipole=0.2920 D
Worker 24 step 268: ACCEPTED roto_reflection E=-152.058757 Ha dipole=0.9573 D
Worker 35 step 242: ACCEPTED mirror E=-152.059274 Ha dipole=1.2421 D
Worker 0 step 290: ACCEPTED exchange E=-152.056183 Ha dipole=1.4510 D
Worker 10 step 291: ACCEPTED twist E=-152.054992 Ha dipole=0.9044 D
Worker 15 step 252: ACCEPTED mirror E=-152.058288 Ha dipole=1.5032 D
Worker 39 step 247: ACCEPTED roto_reflection E=-152.054025 Ha dipole=1.2966 D
Worker 5 step 248: ACCEPTED twist E=-152.054981 Ha dipole=0.4014 D
Worker 27 step 240: ACCEPTED twist E=-152.058116 Ha dipole=0.7878 D
Worker 29 step 263: ACCEPTED twist E=-152.058769 Ha dipole=0.8726 D
Worker 17 step 264: ACCEPTED twist E=-152.055464 Ha dipole=1.2037 D
Worker 20 step 284: ACCEPTED large_displacement E=-152.054570 Ha dipole=0.2915 D
Worker 32 step 251: ACCEPTED mirror E=-152.054725 Ha dipole=1.2440 D
Worker 24 step 269: ACCEPTED twist E=-152.059586 Ha dipole=0.0869 D
Worker 24: 270/300 — accepted=182, rate=67.4%
Worker 35 step 243: ACCEPTED twist E=-152.059370 Ha dipole=1.2197 D
Worker 33 step 251: ACCEPTED random_so3 E=-152.055315 Ha dipole=0.4479 D
Worker 10 step 292: ACCEPTED large_displacement E=-152.054995 Ha dipole=0.9072 D
Worker 5 step 249: ACCEPTED principal_axis_rotation E=-152.056197 Ha dipole=0.4096 D
Worker 5: 250/300 — accepted=142, rate=56.8%
Worker 27 step 241: ACCEPTED large_displacement E=-152.057329 Ha dipole=0.7816 D
Worker 12 step 278: ACCEPTED twist E=-152.057147 Ha dipole=1.5293 D
Worker 9 step 276: ACCEPTED large_displacement E=-152.056307 Ha dipole=1.5784 D
Worker 11 step 269: ACCEPTED mirror E=-152.056348 Ha dipole=1.5166 D
Worker 11 step 269: Box stable window 1/3 (acc=60.00%)
Worker 11: 270/300 — accepted=158, rate=58.5%
Worker 23 step 243: ACCEPTED twist E=-152.056816 Ha dipole=0.1426 D
Worker 17 step 265: ACCEPTED random_so3 E=-152.055749 Ha dipole=0.1889 D
Worker 20 step 285: ACCEPTED large_displacement E=-152.054562 Ha dipole=0.2923 D
Worker 32 step 252: ACCEPTED large_displacement E=-152.055132 Ha dipole=1.2368 D
Worker 24 step 270: ACCEPTED random_so3 E=-152.059034 Ha dipole=1.5526 D
Worker 35 step 244: ACCEPTED mirror E=-152.059370 Ha dipole=1.2197 D
Worker 33 step 252: ACCEPTED twist E=-152.055008 Ha dipole=0.7669 D
Worker 0 step 292: ACCEPTED twist E=-152.056722 Ha dipole=1.4458 D
Worker 10 step 293: ACCEPTED large_displacement E=-152.054760 Ha dipole=0.9046 D
Worker 15 step 254: Box stable window 1/3 (acc=60.00%)
Worker 26 step 243: ACCEPTED roto_reflection E=-152.056655 Ha dipole=0.9577 D
Worker 5 step 250: ACCEPTED random_so3 E=-152.055534 Ha dipole=0.8426 D
Worker 39 step 249: ACCEPTED random_so3 E=-152.053451 Ha dipole=1.1676 D
Worker 39: 250/300 — accepted=134, rate=53.6%
Worker 12: 280/300 — accepted=134, rate=47.9%
Worker 11 step 270: ACCEPTED principal_axis_rotation E=-152.056873 Ha dipole=0.8976 D
Worker 9 step 277: ACCEPTED exchange E=-152.056781 Ha dipole=1.5851 D
Worker 23 step 244: ACCEPTED twist E=-152.054862 Ha dipole=0.8139 D
Worker 29 step 265: ACCEPTED large_displacement E=-152.060443 Ha dipole=0.8658 D
Worker 20 step 286: ACCEPTED large_displacement E=-152.054626 Ha dipole=0.2923 D
Worker 20 step 287: twist — no coordinate change (box rejection?)
Worker 17 step 266: ACCEPTED principal_axis_rotation E=-152.055418 Ha dipole=0.3329 D
Worker 28 step 243: ACCEPTED mirror E=-152.058209 Ha dipole=0.8221 D
Worker 32 step 253: ACCEPTED large_displacement E=-152.054767 Ha dipole=1.2328 D
Worker 24 step 271: ACCEPTED exchange E=-152.054874 Ha dipole=1.4737 D
Worker 24 step 272: twist — no coordinate change (box rejection?)
Worker 35 step 245: ACCEPTED mirror E=-152.059370 Ha dipole=1.2197 D
Worker 0 step 293: ACCEPTED random_so3 E=-152.053091 Ha dipole=0.8843 D
Worker 10 step 294: ACCEPTED twist E=-152.055091 Ha dipole=0.7195 D
Worker 10 step 295: twist — no coordinate change (box rejection?)
Worker 15 step 255: ACCEPTED large_displacement E=-152.054926 Ha dipole=1.4575 D
Worker 5 step 251: ACCEPTED exchange E=-152.055533 Ha dipole=0.8486 D
Worker 39 step 250: ACCEPTED twist E=-152.058454 Ha dipole=1.5855 D
Worker 27 step 243: ACCEPTED large_displacement E=-152.057922 Ha dipole=0.7902 D
Worker 12 step 280: ACCEPTED large_displacement E=-152.056772 Ha dipole=1.5245 D
Worker 9 step 278: ACCEPTED exchange E=-152.056307 Ha dipole=1.5784 D
Worker 11 step 271: ACCEPTED large_displacement E=-152.057710 Ha dipole=0.9092 D
Worker 9 step 279: twist — no coordinate change (box rejection?)
Worker 23 step 245: ACCEPTED mirror E=-152.054862 Ha dipole=0.8139 D
Worker 17 step 267: ACCEPTED principal_axis_rotation E=-152.053864 Ha dipole=0.9176 D
Worker 20 step 288: ACCEPTED principal_axis_rotation E=-152.054627 Ha dipole=0.2923 D
Worker 28 step 244: ACCEPTED large_displacement E=-152.058258 Ha dipole=0.7241 D
Worker 32 step 254: ACCEPTED twist E=-152.059853 Ha dipole=0.8632 D
Worker 33 step 254: ACCEPTED mirror E=-152.055008 Ha dipole=0.7669 D
Worker 33 step 254: Box stable window 2/3 (acc=60.00%)
Worker 0 step 294: ACCEPTED mirror E=-152.053091 Ha dipole=0.8843 D
Worker 10 step 296: ACCEPTED principal_axis_rotation E=-152.055030 Ha dipole=0.7191 D
Worker 15 step 256: ACCEPTED twist E=-152.052670 Ha dipole=1.4453 D
Worker 15 step 257: mirror — no coordinate change (box rejection?)
Worker 15 step 258: twist — no coordinate change (box rejection?)
Worker 5 step 252: ACCEPTED large_displacement E=-152.054775 Ha dipole=0.8497 D
Worker 27 step 244: ACCEPTED mirror E=-152.057923 Ha dipole=0.7893 D
Worker 12 step 281: ACCEPTED twist E=-152.053992 Ha dipole=1.2828 D
Worker 11 step 272: ACCEPTED mirror E=-152.053907 Ha dipole=1.3517 D
Worker 9 step 280: ACCEPTED large_displacement E=-152.055295 Ha dipole=1.5652 D
Worker 9 step 281: principal_axis_rotation — no coordinate change (box rejection?)
Worker 17 step 268: ACCEPTED roto_reflection E=-152.055987 Ha dipole=0.4101 D
Worker 20 step 289: ACCEPTED twist E=-152.054617 Ha dipole=0.3802 D
Worker 20: 290/300 — accepted=179, rate=61.7%
Worker 24 step 274: ACCEPTED roto_reflection E=-152.058334 Ha dipole=1.1413 D
Worker 28 step 245: ACCEPTED large_displacement E=-152.059266 Ha dipole=0.7533 D
Worker 0 step 295: ACCEPTED mirror E=-152.056803 Ha dipole=1.3774 D
Worker 15 step 259: ACCEPTED twist E=-152.053675 Ha dipole=1.4800 D
Worker 15 step 259: Box stable window 2/3 (acc=60.00%)
Worker 15: 260/300 — accepted=165, rate=63.5%
Worker 15 step 260: twist — no coordinate change (box rejection?)
Worker 26 step 246: ACCEPTED principal_axis_rotation E=-152.056425 Ha dipole=0.9797 D
Worker 5 step 253: ACCEPTED twist E=-152.054759 Ha dipole=0.8572 D
Worker 27 step 245: ACCEPTED mirror E=-152.053609 Ha dipole=1.3782 D
Worker 12 step 282: ACCEPTED exchange E=-152.057358 Ha dipole=1.3343 D
Worker 12 step 283: mirror — no coordinate change (box rejection?)
Worker 11 step 273: ACCEPTED mirror E=-152.053907 Ha dipole=1.3517 D
Worker 23 step 247: ACCEPTED large_displacement E=-152.055771 Ha dipole=0.8090 D
Worker 29 step 268: ACCEPTED mirror E=-152.060443 Ha dipole=0.8658 D
Worker 20 step 290: ACCEPTED mirror E=-152.054617 Ha dipole=0.3802 D
Worker 17 step 269: ACCEPTED roto_reflection E=-152.056866 Ha dipole=1.1330 D
Worker 17: 270/300 — accepted=158, rate=58.5%
Worker 24 step 275: ACCEPTED twist E=-152.058510 Ha dipole=1.1218 D
Worker 28 step 246: ACCEPTED large_displacement E=-152.058466 Ha dipole=0.7927 D
Worker 33 step 256: ACCEPTED twist E=-152.055120 Ha dipole=0.7445 D
Worker 10 step 298: ACCEPTED large_displacement E=-152.054677 Ha dipole=0.7169 D
Worker 35 step 248: ACCEPTED twist E=-152.059388 Ha dipole=0.4598 D
Worker 15 step 261: ACCEPTED roto_reflection E=-152.051110 Ha dipole=0.9014 D
Worker 15 step 262: principal_axis_rotation — no coordinate change (box rejection?)
Worker 26 step 247: ACCEPTED mirror E=-152.056425 Ha dipole=0.9797 D
Worker 5 step 254: ACCEPTED mirror E=-152.054759 Ha dipole=0.8572 D
Worker 39 step 253: ACCEPTED mirror E=-152.058454 Ha dipole=1.5856 D
Worker 27 step 246: ACCEPTED roto_reflection E=-152.052636 Ha dipole=1.4372 D
Worker 9 step 283: ACCEPTED large_displacement E=-152.055959 Ha dipole=1.5756 D
Worker 12 step 284: ACCEPTED roto_reflection E=-152.057856 Ha dipole=1.6290 D
Worker 23 step 248: ACCEPTED large_displacement E=-152.056110 Ha dipole=0.8053 D
Worker 29 step 269: ACCEPTED large_displacement E=-152.060084 Ha dipole=0.8611 D
Worker 29: 270/300 — accepted=138, rate=51.1%
Worker 20 step 291: ACCEPTED exchange E=-152.054350 Ha dipole=0.3766 D
Worker 24 step 276: ACCEPTED random_so3 E=-152.056263 Ha dipole=0.5249 D
Worker 28 step 247: ACCEPTED twist E=-152.059536 Ha dipole=0.8670 D
Worker 10 step 299: ACCEPTED large_displacement E=-152.054313 Ha dipole=0.7162 D
Worker 10 step 299: Box stable window 1/3 (acc=60.00%)
Worker 10: 300/300 — accepted=182, rate=60.7%
Worker 10: DONE — 182/300 accepted (60.7%)
Worker 33 step 257: ACCEPTED large_displacement E=-152.056841 Ha dipole=0.7546 D
Worker 0 step 297: ACCEPTED principal_axis_rotation E=-152.056135 Ha dipole=1.3413 D
Worker 35 step 249: ACCEPTED random_so3 E=-152.056311 Ha dipole=1.3871 D
Worker 35: 250/300 — accepted=152, rate=60.8%
Worker 15 step 263: ACCEPTED twist E=-152.052271 Ha dipole=0.3599 D
Worker 26 step 248: ACCEPTED mirror E=-152.054615 Ha dipole=1.3657 D
Worker 5 step 255: ACCEPTED exchange E=-152.054744 Ha dipole=0.8537 D
Worker 39 step 254: ACCEPTED twist E=-152.058201 Ha dipole=1.6622 D
Worker 27 step 247: ACCEPTED mirror E=-152.052636 Ha dipole=1.4372 D
Worker 11 step 275: ACCEPTED roto_reflection E=-152.057992 Ha dipole=0.9159 D
Worker 9 step 284: ACCEPTED principal_axis_rotation E=-152.055287 Ha dipole=1.6244 D
Worker 9 step 285: twist — no coordinate change (box rejection?)
Worker 12 step 285: ACCEPTED twist E=-152.055973 Ha dipole=1.4978 D
Worker 23: 250/300 — accepted=161, rate=64.4%
Worker 20 step 292: ACCEPTED principal_axis_rotation E=-152.053684 Ha dipole=1.3920 D
Worker 17 step 271: ACCEPTED large_displacement E=-152.055413 Ha dipole=1.1170 D
Worker 32 step 258: ACCEPTED mirror E=-152.059853 Ha dipole=0.8632 D
Worker 24 step 277: ACCEPTED exchange E=-152.059499 Ha dipole=0.5368 D
Worker 33 step 258: ACCEPTED large_displacement E=-152.055615 Ha dipole=0.7520 D
Worker 0 step 298: ACCEPTED exchange E=-152.055694 Ha dipole=1.3652 D
Worker 35 step 250: ACCEPTED twist E=-152.053885 Ha dipole=1.4757 D
Worker 15 step 264: ACCEPTED twist E=-152.054284 Ha dipole=0.2479 D
Worker 15 step 264: Box stable window 3/3 (acc=60.00%)
Worker 15 step 264: Box growth stabilized after 3 windows. Stopping growth.
Worker 15 step 265: twist — no coordinate change (box rejection?)
Worker 26 step 249: Box stable window 1/3 (acc=60.00%)
Worker 26: 250/300 — accepted=153, rate=61.2%
Worker 39 step 255: ACCEPTED large_displacement E=-152.058796 Ha dipole=1.6697 D
Worker 11 step 276: ACCEPTED twist E=-152.057198 Ha dipole=1.1048 D
Worker 27 step 248: ACCEPTED exchange E=-152.052864 Ha dipole=1.4343 D
Worker 9 step 286: ACCEPTED large_displacement E=-152.055260 Ha dipole=1.6326 D
Worker 12 step 286: ACCEPTED roto_reflection E=-152.056070 Ha dipole=1.5058 D
Worker 20 step 293: ACCEPTED principal_axis_rotation E=-152.053828 Ha dipole=1.2844 D
Worker 17 step 272: ACCEPTED mirror E=-152.053636 Ha dipole=1.1690 D
Worker 29 step 271: ACCEPTED twist E=-152.060754 Ha dipole=0.6525 D
Worker 32: 260/300 — accepted=137, rate=52.7%
Worker 28 step 249: ACCEPTED twist E=-152.058444 Ha dipole=0.9092 D
Worker 28: 250/300 — accepted=145, rate=58.0%
Worker 33 step 259: ACCEPTED twist E=-152.055943 Ha dipole=0.7141 D
Worker 33: 260/300 — accepted=143, rate=55.0%
Worker 0 step 299: ACCEPTED roto_reflection E=-152.057454 Ha dipole=1.3049 D
Worker 0: 300/300 — accepted=161, rate=53.7%
Worker 0: DONE — 161/300 accepted (53.7%)
Worker 15 step 266: ACCEPTED random_so3 E=-152.057128 Ha dipole=1.5476 D
Worker 15 step 267: large_displacement — no coordinate change (box rejection?)
Worker 26 step 250: ACCEPTED principal_axis_rotation E=-152.056998 Ha dipole=1.3257 D
Worker 5 step 257: ACCEPTED large_displacement E=-152.054794 Ha dipole=0.8534 D
Worker 39 step 256: ACCEPTED twist E=-152.059209 Ha dipole=1.6368 D
Worker 11 step 277: ACCEPTED large_displacement E=-152.059086 Ha dipole=1.1290 D
Worker 9 step 287: ACCEPTED twist E=-152.054917 Ha dipole=1.6197 D
Worker 9 step 288: twist — no coordinate change (box rejection?)
Worker 12 step 287: ACCEPTED mirror E=-152.056070 Ha dipole=1.5058 D
Worker 27 step 249: ACCEPTED twist E=-152.052929 Ha dipole=1.4275 D
Worker 27: 250/300 — accepted=142, rate=56.8%
Worker 20 step 294: ACCEPTED random_so3 E=-152.053538 Ha dipole=1.3608 D
Worker 17 step 273: ACCEPTED large_displacement E=-152.053657 Ha dipole=1.1703 D
Worker 32 step 260: ACCEPTED roto_reflection E=-152.059717 Ha dipole=1.1015 D
Worker 24: 280/300 — accepted=188, rate=67.1%
Worker 33 step 260: ACCEPTED principal_axis_rotation E=-152.055936 Ha dipole=0.7035 D
Worker 28 step 250: ACCEPTED twist E=-152.047533 Ha dipole=0.4382 D
Worker 35 step 252: ACCEPTED twist E=-152.054655 Ha dipole=1.4558 D
Worker 15 step 268: ACCEPTED exchange E=-152.056068 Ha dipole=1.5468 D
Worker 26 step 251: ACCEPTED large_displacement E=-152.057389 Ha dipole=1.2769 D
Worker 5 step 258: ACCEPTED large_displacement E=-152.054420 Ha dipole=0.8562 D
Worker 39 step 257: ACCEPTED twist E=-152.059056 Ha dipole=1.6361 D
Worker 11 step 278: ACCEPTED principal_axis_rotation E=-152.054030 Ha dipole=0.1884 D
Worker 9 step 289: ACCEPTED exchange E=-152.056357 Ha dipole=1.6339 D
Worker 9: 290/300 — accepted=134, rate=46.2%
Worker 12 step 288: ACCEPTED principal_axis_rotation E=-152.055989 Ha dipole=1.5020 D
Worker 9 step 290: random_so3 — no coordinate change (box rejection?)
Worker 27 step 250: ACCEPTED mirror E=-152.052929 Ha dipole=1.4275 D
Worker 20 step 295: ACCEPTED mirror E=-152.053537 Ha dipole=1.3613 D
Worker 23 step 252: ACCEPTED principal_axis_rotation E=-152.057778 Ha dipole=0.8041 D
Worker 17 step 274: ACCEPTED twist E=-152.054454 Ha dipole=1.1911 D
Worker 17 step 275: large_displacement — no coordinate change (box rejection?)
Worker 29 step 273: ACCEPTED mirror E=-152.060754 Ha dipole=0.6524 D
Worker 24 step 280: ACCEPTED random_so3 E=-152.060759 Ha dipole=1.1769 D
Worker 24 step 281: twist — no coordinate change (box rejection?)
Worker 32 step 261: ACCEPTED roto_reflection E=-152.061478 Ha dipole=1.1599 D
Worker 28 step 251: ACCEPTED twist E=-152.056908 Ha dipole=0.7824 D
Worker 35 step 253: ACCEPTED roto_reflection E=-152.058602 Ha dipole=0.6822 D
Worker 15 step 269: ACCEPTED roto_reflection E=-152.055283 Ha dipole=0.5484 D
Worker 15: 270/300 — accepted=171, rate=63.3%
Worker 26 step 252: ACCEPTED exchange E=-152.056409 Ha dipole=1.1802 D
Worker 5 step 259: ACCEPTED twist E=-152.054810 Ha dipole=0.4291 D
Worker 5: 260/300 — accepted=151, rate=58.1%
Worker 5 step 260: twist — no coordinate change (box rejection?)
Worker 39 step 258: ACCEPTED large_displacement E=-152.059132 Ha dipole=1.6474 D
Worker 11 step 279: ACCEPTED roto_reflection E=-152.053351 Ha dipole=0.9401 D
Worker 11: 280/300 — accepted=167, rate=59.6%
Worker 12 step 289: ACCEPTED roto_reflection E=-152.056270 Ha dipole=1.4440 D
Worker 12: 290/300 — accepted=143, rate=49.3%
Worker 27 step 251: ACCEPTED twist E=-152.052953 Ha dipole=1.4266 D
Worker 20 step 296: ACCEPTED large_displacement E=-152.053644 Ha dipole=1.3620 D
Worker 23 step 253: ACCEPTED principal_axis_rotation E=-152.055640 Ha dipole=0.4321 D
Worker 23 step 254: mirror — no coordinate change (box rejection?)
Worker 17 step 277: roto_reflection — no coordinate change (box rejection?)
Worker 32 step 262: ACCEPTED large_displacement E=-152.061698 Ha dipole=1.1285 D
Worker 35 step 254: ACCEPTED twist E=-152.057404 Ha dipole=0.7975 D
Worker 15 step 270: ACCEPTED twist E=-152.055338 Ha dipole=0.5467 D
Worker 5 step 261: ACCEPTED twist E=-152.054009 Ha dipole=0.4970 D
Worker 39 step 259: ACCEPTED twist E=-152.061334 Ha dipole=1.6641 D
Worker 39: 260/300 — accepted=142, rate=54.6%
Worker 11 step 280: ACCEPTED exchange E=-152.051583 Ha dipole=0.9158 D
Worker 9 step 292: ACCEPTED exchange E=-152.054917 Ha dipole=1.6197 D
Worker 20 step 297: ACCEPTED mirror E=-152.054064 Ha dipole=0.8597 D
Worker 12 step 290: ACCEPTED twist E=-152.055600 Ha dipole=1.5664 D
Worker 27 step 252: ACCEPTED large_displacement E=-152.053169 Ha dipole=1.4366 D
Worker 17 step 278: ACCEPTED twist E=-152.054487 Ha dipole=1.1825 D
Worker 23 step 255: ACCEPTED random_so3 E=-152.052751 Ha dipole=0.8861 D
Worker 29 step 275: ACCEPTED exchange E=-152.056341 Ha dipole=0.8204 D
Worker 29 step 276: mirror — no coordinate change (box rejection?)
Worker 33 step 263: ACCEPTED roto_reflection E=-152.055117 Ha dipole=0.7877 D
Worker 32 step 263: ACCEPTED large_displacement E=-152.061588 Ha dipole=1.1315 D
Worker 5 step 262: ACCEPTED mirror E=-152.054009 Ha dipole=0.4970 D
Worker 26 step 254: Box stable window 2/3 (acc=60.00%)
Worker 11 step 281: ACCEPTED roto_reflection E=-152.056486 Ha dipole=0.2988 D
Worker 20 step 298: ACCEPTED exchange E=-152.054503 Ha dipole=0.8610 D
Worker 9 step 293: ACCEPTED principal_axis_rotation E=-152.056550 Ha dipole=1.2748 D
Worker 9 step 294: twist — no coordinate change (box rejection?)
Worker 12 step 291: ACCEPTED twist E=-152.056027 Ha dipole=1.4780 D
Worker 27 step 253: ACCEPTED twist E=-152.055258 Ha dipole=1.0051 D
Worker 17 step 279: Adaptive box growth — new radius = 13.57 Å (acc=20.00%) 
Worker 17: 280/300 — accepted=163, rate=58.2%
Worker 17 step 280: roto_reflection — no coordinate change (box rejection?)
Worker 17 step 281: roto_reflection — no coordinate change (box rejection?)
Worker 29 step 277: ACCEPTED random_so3 E=-152.057217 Ha dipole=1.5403 D
Worker 24 step 284: ACCEPTED roto_reflection E=-152.060192 Ha dipole=1.4422 D
Worker 33 step 264: ACCEPTED mirror E=-152.055117 Ha dipole=0.7877 D
Worker 33 step 264: Box stable window 1/3 (acc=60.00%)
Worker 28 step 254: ACCEPTED mirror E=-152.056921 Ha dipole=0.7838 D
Worker 28 step 254: Box stable window 1/3 (acc=60.00%)
Worker 35 step 256: ACCEPTED twist E=-152.058730 Ha dipole=0.6869 D
Worker 15 step 272: ACCEPTED large_displacement E=-152.054691 Ha dipole=0.5374 D
Worker 15 step 273: mirror — no coordinate change (box rejection?)
Worker 5 step 263: ACCEPTED twist E=-152.053642 Ha dipole=0.8564 D
Worker 26 step 255: ACCEPTED roto_reflection E=-152.058140 Ha dipole=0.8991 D
Worker 20 step 299: ACCEPTED exchange E=-152.054064 Ha dipole=0.8597 D
Worker 20: 300/300 — accepted=189, rate=63.0%
Worker 20: DONE — 189/300 accepted (63.0%)
Worker 11 step 282: ACCEPTED twist E=-152.057453 Ha dipole=0.3078 D
Worker 12 step 292: ACCEPTED twist E=-152.056174 Ha dipole=1.4460 D
Worker 27 step 254: ACCEPTED mirror E=-152.054362 Ha dipole=1.2354 D
Worker 17 step 282: ACCEPTED twist E=-152.053891 Ha dipole=0.9223 D
Worker 23 step 257: ACCEPTED random_so3 E=-152.052723 Ha dipole=0.8018 D
Worker 29 step 278: ACCEPTED mirror E=-152.057217 Ha dipole=1.5403 D
Worker 24 step 286: twist — no coordinate change (box rejection?)
Worker 24 step 287: mirror — no coordinate change (box rejection?)
Worker 24 step 288: large_displacement — no coordinate change (box rejection?)
Worker 33 step 265: ACCEPTED mirror E=-152.057028 Ha dipole=1.4426 D
Worker 32 step 265: ACCEPTED large_displacement E=-152.060792 Ha dipole=1.1122 D
Worker 28 step 255: ACCEPTED roto_reflection E=-152.060851 Ha dipole=0.4996 D
Worker 28 step 256: roto_reflection — no coordinate change (box rejection?)
Worker 35 step 257: ACCEPTED mirror E=-152.058730 Ha dipole=0.6869 D
Worker 15 step 274: ACCEPTED exchange E=-152.051863 Ha dipole=0.5440 D
Worker 5 step 264: ACCEPTED large_displacement E=-152.053699 Ha dipole=0.8558 D
Worker 26 step 256: ACCEPTED exchange E=-152.060983 Ha dipole=1.0508 D
Worker 39 step 262: ACCEPTED random_so3 E=-152.056046 Ha dipole=1.1838 D
Worker 11 step 283: ACCEPTED twist E=-152.057485 Ha dipole=0.3168 D
Worker 11 step 284: roto_reflection — no coordinate change (box rejection?)
Worker 9 step 296: ACCEPTED roto_reflection E=-152.058718 Ha dipole=0.9280 D
Worker 27 step 255: ACCEPTED twist E=-152.057149 Ha dipole=1.2077 D
Worker 17 step 283: ACCEPTED large_displacement E=-152.053878 Ha dipole=0.9214 D
Worker 29: 280/300 — accepted=143, rate=51.1%
Worker 24 step 289: ACCEPTED principal_axis_rotation E=-152.059289 Ha dipole=0.8178 D
Worker 24: 290/300 — accepted=191, rate=65.9%
Worker 32 step 266: ACCEPTED roto_reflection E=-152.059799 Ha dipole=1.1700 D
Worker 15 step 275: ACCEPTED mirror E=-152.051863 Ha dipole=0.5440 D
Worker 5 step 265: ACCEPTED twist E=-152.053526 Ha dipole=0.4228 D
Worker 5 step 266: twist — no coordinate change (box rejection?)
Worker 39 step 263: ACCEPTED principal_axis_rotation E=-152.054979 Ha dipole=1.4323 D
Worker 11 step 285: ACCEPTED large_displacement E=-152.055766 Ha dipole=0.3035 D
Worker 17 step 284: ACCEPTED twist E=-152.053527 Ha dipole=1.2821 D
Worker 17 step 284: Box stable window 1/3 (acc=60.00%)
Worker 12 step 294: ACCEPTED random_so3 E=-152.056987 Ha dipole=1.6493 D
Worker 27 step 256: ACCEPTED exchange E=-152.054289 Ha dipole=1.1665 D
Worker 9 step 297: ACCEPTED twist E=-152.060172 Ha dipole=0.7459 D
Worker 23 step 259: ACCEPTED twist E=-152.051673 Ha dipole=0.9587 D
Worker 23: 260/300 — accepted=166, rate=63.8%
Worker 24 step 290: ACCEPTED principal_axis_rotation E=-152.058233 Ha dipole=1.1124 D
Worker 33 step 267: ACCEPTED roto_reflection E=-152.056682 Ha dipole=1.4355 D
Worker 32 step 267: ACCEPTED roto_reflection E=-152.053159 Ha dipole=1.3013 D
Worker 35: 260/300 — accepted=158, rate=60.8%
Worker 5 step 267: ACCEPTED mirror E=-152.053526 Ha dipole=0.4228 D
Worker 15 step 276: ACCEPTED mirror E=-152.051863 Ha dipole=0.5440 D
Worker 39 step 264: ACCEPTED large_displacement E=-152.056047 Ha dipole=1.4390 D
Worker 11 step 286: ACCEPTED twist E=-152.055776 Ha dipole=0.3221 D
Worker 17 step 285: ACCEPTED large_displacement E=-152.053575 Ha dipole=1.2824 D
Worker 27 step 257: ACCEPTED large_displacement E=-152.054144 Ha dipole=1.1721 D
Worker 12 step 295: ACCEPTED mirror E=-152.056987 Ha dipole=1.6493 D
Worker 9 step 298: ACCEPTED large_displacement E=-152.058374 Ha dipole=0.7629 D
Worker 23 step 260: ACCEPTED principal_axis_rotation E=-152.051147 Ha dipole=0.2972 D
Worker 24 step 291: ACCEPTED principal_axis_rotation E=-152.060136 Ha dipole=1.5176 D
Worker 32 step 268: ACCEPTED large_displacement E=-152.053178 Ha dipole=1.2998 D
Worker 28: 260/300 — accepted=149, rate=57.3%
Worker 35 step 260: ACCEPTED principal_axis_rotation E=-152.058690 Ha dipole=0.8186 D
Worker 5 step 268: ACCEPTED roto_reflection E=-152.054727 Ha dipole=1.3994 D
Worker 15 step 277: ACCEPTED twist E=-152.056601 Ha dipole=1.4886 D
Worker 39 step 265: ACCEPTED roto_reflection E=-152.058546 Ha dipole=0.8667 D
Worker 39 step 266: exchange — no coordinate change (box rejection?)
Worker 26: 260/300 — accepted=158, rate=60.8%
Worker 17 step 286: ACCEPTED mirror E=-152.053573 Ha dipole=1.2817 D
Worker 27 step 258: ACCEPTED mirror E=-152.053103 Ha dipole=1.0919 D
Worker 9: 300/300 — accepted=139, rate=46.3%
Worker 9: DONE — 139/300 accepted (46.3%)
Worker 23 step 261: ACCEPTED principal_axis_rotation E=-152.053029 Ha dipole=0.6736 D
Worker 33 step 269: ACCEPTED mirror E=-152.056682 Ha dipole=1.4355 D
Worker 33 step 269: Box stable window 2/3 (acc=60.00%)
Worker 33: 270/300 — accepted=149, rate=55.2%
Worker 24 step 292: ACCEPTED principal_axis_rotation E=-152.057552 Ha dipole=1.5572 D
Worker 32 step 269: ACCEPTED principal_axis_rotation E=-152.054310 Ha dipole=1.2624 D
Worker 32: 270/300 — accepted=146, rate=54.1%
Worker 35 step 261: ACCEPTED principal_axis_rotation E=-152.057174 Ha dipole=0.7855 D
Worker 28 step 260: ACCEPTED twist E=-152.059165 Ha dipole=0.7161 D
Worker 5 step 269: ACCEPTED twist E=-152.054564 Ha dipole=1.4210 D
Worker 5: 270/300 — accepted=159, rate=58.9%
Worker 15 step 278: ACCEPTED random_so3 E=-152.057591 Ha dipole=0.6179 D
Worker 11 step 288: ACCEPTED mirror E=-152.055774 Ha dipole=0.3214 D
Worker 17 step 287: ACCEPTED roto_reflection E=-152.053547 Ha dipole=1.3268 D
Worker 26 step 260: ACCEPTED twist E=-152.059687 Ha dipole=1.1710 D
Worker 27 step 259: ACCEPTED roto_reflection E=-152.052766 Ha dipole=1.0129 D
Worker 27: 260/300 — accepted=152, rate=58.5%
Worker 12 step 297: ACCEPTED large_displacement E=-152.055909 Ha dipole=1.6323 D
Worker 33 step 270: ACCEPTED mirror E=-152.054679 Ha dipole=0.8117 D
Worker 24 step 293: ACCEPTED principal_axis_rotation E=-152.052271 Ha dipole=1.3700 D
Worker 24 step 294: twist — no coordinate change (box rejection?)
Worker 32 step 270: ACCEPTED roto_reflection E=-152.059806 Ha dipole=0.8401 D
Worker 5 step 270: ACCEPTED large_displacement E=-152.054314 Ha dipole=1.4177 D
Worker 15 step 279: ACCEPTED twist E=-152.057172 Ha dipole=0.9451 D
Worker 15: 280/300 — accepted=179, rate=63.9%
Worker 11 step 289: ACCEPTED twist E=-152.056087 Ha dipole=0.7309 D
Worker 11: 290/300 — accepted=175, rate=60.3%
Worker 39 step 268: ACCEPTED mirror E=-152.058544 Ha dipole=0.8677 D
Worker 39 step 269: roto_reflection — no coordinate change (box rejection?)
Worker 17 step 288: ACCEPTED mirror E=-152.053547 Ha dipole=1.3268 D
Worker 27 step 260: ACCEPTED principal_axis_rotation E=-152.052668 Ha dipole=1.0125 D
Worker 26 step 261: ACCEPTED twist E=-152.060031 Ha dipole=1.2480 D
Worker 12 step 298: ACCEPTED roto_reflection E=-152.055465 Ha dipole=1.3346 D
Worker 23 step 263: ACCEPTED twist E=-152.052644 Ha dipole=0.4656 D
Worker 29 step 284: ACCEPTED mirror E=-152.057217 Ha dipole=1.5403 D
Worker 24 step 295: ACCEPTED roto_reflection E=-152.053520 Ha dipole=1.2984 D
Worker 33 step 271: ACCEPTED large_displacement E=-152.055661 Ha dipole=0.8215 D
Worker 32 step 271: ACCEPTED twist E=-152.060196 Ha dipole=0.7430 D
Worker 35 step 263: ACCEPTED random_so3 E=-152.058467 Ha dipole=0.1714 D
Worker 5 step 271: ACCEPTED twist E=-152.055042 Ha dipole=1.5303 D
Worker 15 step 280: ACCEPTED principal_axis_rotation E=-152.054729 Ha dipole=0.9051 D
Worker 11 step 290: ACCEPTED exchange E=-152.052960 Ha dipole=0.7099 D
Worker 17 step 289: ACCEPTED mirror E=-152.053549 Ha dipole=1.3275 D
Worker 17: 290/300 — accepted=171, rate=59.0%
Worker 39 step 270: ACCEPTED large_displacement E=-152.059461 Ha dipole=0.8831 D
Worker 27 step 261: ACCEPTED twist E=-152.053080 Ha dipole=1.5522 D
Worker 12 step 299: Box stable window 1/3 (acc=60.00%)
Worker 12: 300/300 — accepted=150, rate=50.0%
Worker 12: DONE — 150/300 accepted (50.0%)
Worker 26 step 262: ACCEPTED mirror E=-152.057140 Ha dipole=1.1828 D
Worker 23 step 264: ACCEPTED mirror E=-152.052643 Ha dipole=0.4660 D
Worker 29 step 285: ACCEPTED large_displacement E=-152.059571 Ha dipole=1.5842 D
Worker 33 step 272: ACCEPTED large_displacement E=-152.054902 Ha dipole=0.8132 D
Worker 24 step 296: ACCEPTED principal_axis_rotation E=-152.053717 Ha dipole=1.2538 D
Worker 5 step 272: ACCEPTED twist E=-152.054918 Ha dipole=1.5317 D
Worker 28 step 263: ACCEPTED principal_axis_rotation E=-152.058893 Ha dipole=0.9253 D
Worker 15 step 281: ACCEPTED large_displacement E=-152.054818 Ha dipole=0.9028 D
Worker 17 step 290: ACCEPTED roto_reflection E=-152.053735 Ha dipole=1.3858 D
Worker 11 step 291: ACCEPTED principal_axis_rotation E=-152.056309 Ha dipole=1.1186 D
Worker 27 step 262: ACCEPTED exchange E=-152.053400 Ha dipole=1.5580 D
Worker 27 step 263: mirror — no coordinate change (box rejection?)
Worker 39 step 271: ACCEPTED twist E=-152.058423 Ha dipole=1.0345 D
Worker 39 step 272: large_displacement — no coordinate change (box rejection?)
Worker 23 step 265: ACCEPTED exchange E=-152.057654 Ha dipole=0.4889 D
Worker 29 step 286: ACCEPTED large_displacement E=-152.061474 Ha dipole=1.5339 D
Worker 33 step 273: ACCEPTED twist E=-152.056347 Ha dipole=1.5187 D
Worker 24 step 297: ACCEPTED roto_reflection E=-152.054729 Ha dipole=0.3732 D
Worker 32 step 273: ACCEPTED mirror E=-152.060196 Ha dipole=0.7430 D
Worker 35 step 265: ACCEPTED twist E=-152.057211 Ha dipole=1.1906 D
Worker 5 step 273: ACCEPTED roto_reflection E=-152.053114 Ha dipole=0.5430 D
Worker 28 step 264: ACCEPTED large_displacement E=-152.058653 Ha dipole=0.9387 D
Worker 28 step 264: Box stable window 1/3 (acc=60.00%)
Worker 15 step 282: ACCEPTED principal_axis_rotation E=-152.057193 Ha dipole=0.9332 D
Worker 17 step 291: ACCEPTED exchange E=-152.053857 Ha dipole=1.3872 D
Worker 11 step 292: ACCEPTED roto_reflection E=-152.056804 Ha dipole=0.6897 D
Worker 27 step 264: ACCEPTED principal_axis_rotation E=-152.054077 Ha dipole=1.5586 D
Worker 39 step 273: ACCEPTED twist E=-152.057052 Ha dipole=0.9222 D
Worker 26 step 264: ACCEPTED twist E=-152.057927 Ha dipole=1.1978 D
Worker 23 step 266: ACCEPTED principal_axis_rotation E=-152.060007 Ha dipole=1.1081 D
Worker 33 step 274: ACCEPTED twist E=-152.053640 Ha dipole=1.1245 D
Worker 32 step 274: ACCEPTED exchange E=-152.060047 Ha dipole=0.7770 D
Worker 5 step 274: ACCEPTED twist E=-152.052975 Ha dipole=0.6019 D
Worker 28 step 265: ACCEPTED large_displacement E=-152.061016 Ha dipole=0.9117 D
Worker 17 step 292: ACCEPTED principal_axis_rotation E=-152.053773 Ha dipole=1.3884 D
Worker 11 step 293: ACCEPTED large_displacement E=-152.056859 Ha dipole=0.6920 D
Worker 27 step 265: ACCEPTED twist E=-152.054077 Ha dipole=1.5581 D
Worker 39 step 274: ACCEPTED large_displacement E=-152.057038 Ha dipole=0.9266 D
Worker 26 step 265: ACCEPTED mirror E=-152.060292 Ha dipole=1.2596 D
Worker 29 step 288: ACCEPTED large_displacement E=-152.062367 Ha dipole=1.5724 D
Worker 33 step 275: ACCEPTED exchange E=-152.055972 Ha dipole=1.1579 D
Worker 24: 300/300 — accepted=198, rate=66.0%
Worker 24: DONE — 198/300 accepted (66.0%)
Worker 32 step 275: ACCEPTED principal_axis_rotation E=-152.060221 Ha dipole=0.6088 D
Worker 5 step 275: ACCEPTED random_so3 E=-152.053093 Ha dipole=0.6583 D
Worker 35 step 267: ACCEPTED large_displacement E=-152.054945 Ha dipole=1.2242 D
Worker 28 step 266: ACCEPTED mirror E=-152.061016 Ha dipole=0.9117 D
Worker 17 step 293: ACCEPTED twist E=-152.053711 Ha dipole=1.4163 D
Worker 11 step 294: ACCEPTED principal_axis_rotation E=-152.056986 Ha dipole=0.6900 D
Worker 15 step 284: ACCEPTED principal_axis_rotation E=-152.056391 Ha dipole=1.3731 D
Worker 27 step 266: ACCEPTED random_so3 E=-152.053039 Ha dipole=0.6520 D
Worker 39 step 275: ACCEPTED mirror E=-152.057038 Ha dipole=0.9266 D
Worker 23 step 268: ACCEPTED mirror E=-152.060007 Ha dipole=1.1081 D
Worker 29 step 289: ACCEPTED twist E=-152.062102 Ha dipole=1.3678 D
Worker 29: 290/300 — accepted=148, rate=51.0%
Worker 33 step 276: ACCEPTED exchange E=-152.053640 Ha dipole=1.1245 D
Worker 5 step 276: ACCEPTED twist E=-152.053110 Ha dipole=0.5441 D
Worker 28 step 267: ACCEPTED twist E=-152.061405 Ha dipole=1.2449 D
Worker 17 step 294: ACCEPTED random_so3 E=-152.053540 Ha dipole=1.2959 D
Worker 11 step 295: ACCEPTED large_displacement E=-152.055554 Ha dipole=0.6751 D
Worker 27 step 267: ACCEPTED principal_axis_rotation E=-152.054000 Ha dipole=0.8813 D
Worker 39 step 277: roto_reflection — no coordinate change (box rejection?)
Worker 26 step 267: ACCEPTED large_displacement E=-152.060286 Ha dipole=1.2229 D
Worker 23 step 269: ACCEPTED twist E=-152.060936 Ha dipole=1.0280 D
Worker 23: 270/300 — accepted=174, rate=64.4%
Worker 29 step 290: ACCEPTED twist E=-152.061569 Ha dipole=1.3831 D
Worker 33 step 277: ACCEPTED twist E=-152.054817 Ha dipole=1.2517 D
Worker 5 step 277: ACCEPTED roto_reflection E=-152.053795 Ha dipole=0.3340 D
Worker 35: 270/300 — accepted=163, rate=60.4%
Worker 32 step 277: ACCEPTED twist E=-152.056797 Ha dipole=0.6040 D
Worker 28 step 268: ACCEPTED large_displacement E=-152.059916 Ha dipole=1.2583 D
Worker 17 step 295: ACCEPTED twist E=-152.054143 Ha dipole=1.5752 D
Worker 11 step 296: ACCEPTED twist E=-152.055429 Ha dipole=0.7417 D
Worker 15 step 286: ACCEPTED exchange E=-152.056241 Ha dipole=1.3633 D
Worker 27 step 268: ACCEPTED twist E=-152.054954 Ha dipole=0.4938 D
Worker 39 step 278: ACCEPTED large_displacement E=-152.056215 Ha dipole=0.9274 D
Worker 39 step 279: mirror — no coordinate change (box rejection?)
Worker 23 step 270: ACCEPTED mirror E=-152.060935 Ha dipole=1.0280 D
Worker 33 step 278: ACCEPTED principal_axis_rotation E=-152.054702 Ha dipole=1.2520 D
Worker 5 step 278: ACCEPTED roto_reflection E=-152.053748 Ha dipole=0.9267 D
Worker 32 step 278: ACCEPTED mirror E=-152.056797 Ha dipole=0.6040 D
Worker 17 step 296: ACCEPTED mirror E=-152.054144 Ha dipole=1.5750 D
Worker 28: 270/300 — accepted=156, rate=57.8%
Worker 11 step 297: ACCEPTED large_displacement E=-152.055792 Ha dipole=0.7457 D
Worker 15 step 287: ACCEPTED exchange E=-152.056391 Ha dipole=1.3731 D
Worker 27: 270/300 — accepted=160, rate=59.3%
Worker 39 step 281: mirror — no coordinate change (box rejection?)
Worker 26 step 269: ACCEPTED roto_reflection E=-152.059040 Ha dipole=1.3520 D
Worker 26 step 269: Box stable window 1/3 (acc=60.00%)
Worker 26: 270/300 — accepted=165, rate=61.1%
Worker 5 step 279: ACCEPTED principal_axis_rotation E=-152.053936 Ha dipole=0.9242 D
Worker 5: 280/300 — accepted=169, rate=60.4%
Worker 33 step 279: ACCEPTED mirror E=-152.054702 Ha dipole=1.2520 D
Worker 33: 280/300 — accepted=159, rate=56.8%
Worker 35 step 271: ACCEPTED principal_axis_rotation E=-152.061269 Ha dipole=1.2855 D
Worker 32 step 279: Box stable window 1/3 (acc=60.00%)
Worker 32: 280/300 — accepted=153, rate=54.6%
Worker 17 step 297: ACCEPTED large_displacement E=-152.054204 Ha dipole=1.5758 D
Worker 11 step 298: ACCEPTED large_displacement E=-152.056100 Ha dipole=0.7491 D
Worker 15 step 288: ACCEPTED mirror E=-152.056391 Ha dipole=1.3731 D
Worker 27 step 270: ACCEPTED principal_axis_rotation E=-152.055392 Ha dipole=0.7727 D
Worker 39 step 282: ACCEPTED large_displacement E=-152.054944 Ha dipole=0.9459 D
Worker 39 step 283: mirror — no coordinate change (box rejection?)
Worker 39 step 284: principal_axis_rotation — no coordinate change (box rejection?)
Worker 26 step 270: ACCEPTED large_displacement E=-152.057958 Ha dipole=1.3239 D
Worker 5 step 280: ACCEPTED large_displacement E=-152.054084 Ha dipole=0.9237 D
Worker 33 step 280: ACCEPTED exchange E=-152.054893 Ha dipole=1.2571 D
Worker 17 step 298: ACCEPTED large_displacement E=-152.054386 Ha dipole=1.5781 D
Worker 11 step 299: ACCEPTED large_displacement E=-152.057575 Ha dipole=0.7640 D
Worker 11: 300/300 — accepted=185, rate=61.7%
Worker 11: DONE — 185/300 accepted (61.7%)
Worker 28 step 271: ACCEPTED large_displacement E=-152.059944 Ha dipole=1.1953 D
Worker 15: 290/300 — accepted=186, rate=64.1%
Worker 27 step 271: ACCEPTED exchange E=-152.055225 Ha dipole=0.7684 D
Worker 39 step 285: ACCEPTED twist E=-152.055205 Ha dipole=0.5600 D
Worker 26 step 271: ACCEPTED twist E=-152.058316 Ha dipole=1.3002 D
Worker 5 step 281: ACCEPTED large_displacement E=-152.054459 Ha dipole=0.9246 D
Worker 33 step 281: ACCEPTED random_so3 E=-152.055669 Ha dipole=0.1573 D
Worker 35 step 273: ACCEPTED random_so3 E=-152.062662 Ha dipole=1.4702 D
Worker 17 step 299: ACCEPTED exchange E=-152.054578 Ha dipole=1.5793 D
Worker 17: 300/300 — accepted=181, rate=60.3%
Worker 17: DONE — 181/300 accepted (60.3%)
Worker 28 step 272: ACCEPTED mirror E=-152.059944 Ha dipole=1.1953 D
Worker 27 step 272: ACCEPTED large_displacement E=-152.054920 Ha dipole=0.7683 D
Worker 15 step 290: ACCEPTED principal_axis_rotation E=-152.056399 Ha dipole=1.3732 D
Worker 39 step 286: ACCEPTED principal_axis_rotation E=-152.053415 Ha dipole=0.5354 D
Worker 23 step 274: ACCEPTED twist E=-152.061204 Ha dipole=1.3539 D
Worker 5 step 282: ACCEPTED mirror E=-152.054459 Ha dipole=0.9246 D
Worker 33 step 282: ACCEPTED principal_axis_rotation E=-152.055465 Ha dipole=1.1196 D
Worker 33 step 283: roto_reflection — no coordinate change (box rejection?)
Worker 33 step 284: roto_reflection — no coordinate change (box rejection?)
Worker 27 step 273: ACCEPTED large_displacement E=-152.055197 Ha dipole=0.7686 D
Worker 27 step 274: mirror — no coordinate change (box rejection?)
Worker 39 step 287: ACCEPTED principal_axis_rotation E=-152.053394 Ha dipole=0.5533 D
Worker 39 step 288: roto_reflection — no coordinate change (box rejection?)
Worker 26 step 273: ACCEPTED roto_reflection E=-152.059452 Ha dipole=1.6259 D
Worker 5 step 283: ACCEPTED twist E=-152.053597 Ha dipole=0.7849 D
Worker 33 step 285: ACCEPTED mirror E=-152.053739 Ha dipole=1.1590 D
Worker 33 step 286: roto_reflection — no coordinate change (box rejection?)
Worker 32 step 283: ACCEPTED random_so3 E=-152.057465 Ha dipole=1.4302 D
Worker 27 step 275: ACCEPTED twist E=-152.055171 Ha dipole=0.7138 D
Worker 39 step 289: ACCEPTED twist E=-152.056306 Ha dipole=1.3496 D
Worker 39: 290/300 — accepted=158, rate=54.5%
Worker 23 step 276: ACCEPTED large_displacement E=-152.059834 Ha dipole=1.3170 D
Worker 23 step 277: twist — no coordinate change (box rejection?)
Worker 26 step 274: ACCEPTED large_displacement E=-152.058217 Ha dipole=1.6042 D
Worker 5 step 284: ACCEPTED twist E=-152.054622 Ha dipole=1.2923 D
Worker 33 step 287: ACCEPTED twist E=-152.053548 Ha dipole=1.2769 D
Worker 35 step 276: ACCEPTED large_displacement E=-152.062438 Ha dipole=1.4099 D
Worker 32 step 284: ACCEPTED mirror E=-152.057463 Ha dipole=1.4308 D
Worker 27 step 276: ACCEPTED roto_reflection E=-152.054290 Ha dipole=1.1863 D
Worker 26 step 275: ACCEPTED twist E=-152.057351 Ha dipole=1.5722 D
Worker 5 step 285: ACCEPTED mirror E=-152.054181 Ha dipole=0.9637 D
Worker 5 step 286: roto_reflection — no coordinate change (box rejection?)
Worker 33 step 288: ACCEPTED roto_reflection E=-152.053842 Ha dipole=0.3927 D
Worker 33 step 289: twist — no coordinate change (box rejection?)
Worker 27 step 277: ACCEPTED twist E=-152.052999 Ha dipole=1.5491 D
Worker 28 step 276: ACCEPTED large_displacement E=-152.060374 Ha dipole=1.2071 D
Worker 15 step 294: ACCEPTED exchange E=-152.056255 Ha dipole=1.3637 D
Worker 23: 280/300 — accepted=177, rate=63.2%
Worker 26 step 276: ACCEPTED twist E=-152.057380 Ha dipole=1.3994 D
Worker 5 step 287: ACCEPTED twist E=-152.055211 Ha dipole=0.2561 D
Worker 29: 300/300 — accepted=149, rate=49.7%
Worker 29: DONE — 149/300 accepted (49.7%)
Worker 33 step 290: ACCEPTED principal_axis_rotation E=-152.053968 Ha dipole=0.3918 D
Worker 27 step 278: ACCEPTED mirror E=-152.054767 Ha dipole=0.3928 D
Worker 15 step 295: ACCEPTED twist E=-152.056248 Ha dipole=1.4991 D
Worker 15 step 296: twist — no coordinate change (box rejection?)
Worker 39 step 292: ACCEPTED large_displacement E=-152.055773 Ha dipole=1.3428 D
Worker 26 step 277: ACCEPTED exchange E=-152.056289 Ha dipole=1.3922 D
Worker 5 step 288: ACCEPTED exchange E=-152.055022 Ha dipole=0.2711 D
Worker 33 step 291: ACCEPTED twist E=-152.054372 Ha dipole=0.9086 D
Worker 35 step 279: ACCEPTED large_displacement E=-152.057512 Ha dipole=1.5536 D
Worker 35: 280/300 — accepted=167, rate=59.6%
Worker 27 step 279: ACCEPTED large_displacement E=-152.054691 Ha dipole=0.3924 D
Worker 27: 280/300 — accepted=169, rate=60.4%
Worker 32 step 287: ACCEPTED large_displacement E=-152.058976 Ha dipole=1.4587 D
Worker 28 step 278: ACCEPTED large_displacement E=-152.058025 Ha dipole=1.1845 D
Worker 15 step 297: ACCEPTED roto_reflection E=-152.057441 Ha dipole=1.5110 D
Worker 39 step 293: ACCEPTED twist E=-152.055672 Ha dipole=0.5933 D
Worker 26 step 278: ACCEPTED roto_reflection E=-152.055994 Ha dipole=1.4979 D
Worker 5 step 289: ACCEPTED roto_reflection E=-152.055029 Ha dipole=0.2722 D
Worker 5: 290/300 — accepted=178, rate=61.4%
Worker 33 step 292: ACCEPTED large_displacement E=-152.054064 Ha dipole=0.9080 D
Worker 27 step 280: ACCEPTED large_displacement E=-152.054400 Ha dipole=0.3970 D
Worker 32 step 288: ACCEPTED twist E=-152.056128 Ha dipole=1.5634 D
Worker 28: 280/300 — accepted=160, rate=57.1%
Worker 28 step 280: roto_reflection — no coordinate change (box rejection?)
Worker 39 step 294: ACCEPTED principal_axis_rotation E=-152.056177 Ha dipole=0.5948 D
Worker 26 step 279: ACCEPTED exchange E=-152.056728 Ha dipole=1.5022 D
Worker 26: 280/300 — accepted=174, rate=62.1%
Worker 5 step 290: ACCEPTED random_so3 E=-152.054367 Ha dipole=0.6171 D
Worker 33 step 293: ACCEPTED twist E=-152.052987 Ha dipole=0.0637 D
Worker 27 step 281: ACCEPTED large_displacement E=-152.054571 Ha dipole=0.3960 D
Worker 32 step 289: ACCEPTED twist E=-152.059224 Ha dipole=1.5770 D
Worker 32 step 289: Box stable window 1/3 (acc=60.00%)
Worker 32: 290/300 — accepted=158, rate=54.5%
Worker 39 step 295: ACCEPTED random_so3 E=-152.053420 Ha dipole=1.5803 D
Worker 15: 300/300 — accepted=190, rate=63.3%
Worker 15: DONE — 190/300 accepted (63.3%)
Worker 23 step 284: twist — no coordinate change (box rejection?)
Worker 26 step 280: ACCEPTED twist E=-152.055347 Ha dipole=1.1609 D
Worker 5 step 291: ACCEPTED large_displacement E=-152.054105 Ha dipole=0.6169 D
Worker 5 step 292: exchange — no coordinate change (box rejection?)
Worker 5 step 293: twist — no coordinate change (box rejection?)
Worker 33 step 294: ACCEPTED exchange E=-152.053353 Ha dipole=0.0616 D
Worker 27 step 282: ACCEPTED exchange E=-152.054683 Ha dipole=0.4018 D
Worker 28 step 282: ACCEPTED mirror E=-152.058025 Ha dipole=1.1845 D
Worker 39 step 296: ACCEPTED mirror E=-152.056290 Ha dipole=0.2299 D
Worker 23 step 286: twist — no coordinate change (box rejection?)
Worker 26 step 281: ACCEPTED large_displacement E=-152.054486 Ha dipole=1.1504 D
Worker 5 step 294: ACCEPTED mirror E=-152.054105 Ha dipole=0.6169 D
Worker 5 step 294: Box stable window 1/3 (acc=60.00%)
Worker 5 step 295: roto_reflection — no coordinate change (box rejection?)
Worker 33 step 295: ACCEPTED mirror E=-152.053351 Ha dipole=0.0628 D
Worker 27 step 283: ACCEPTED large_displacement E=-152.054527 Ha dipole=0.4016 D
Worker 32 step 291: ACCEPTED large_displacement E=-152.057954 Ha dipole=1.5518 D
Worker 39 step 297: ACCEPTED twist E=-152.056305 Ha dipole=0.2362 D
Worker 5 step 296: ACCEPTED twist E=-152.054508 Ha dipole=0.4490 D
Worker 5 step 297: twist — no coordinate change (box rejection?)
Worker 5 step 298: twist — no coordinate change (box rejection?)
Worker 33 step 296: ACCEPTED exchange E=-152.052985 Ha dipole=0.0649 D
Worker 27 step 284: ACCEPTED roto_reflection E=-152.054633 Ha dipole=0.3741 D
Worker 35 step 284: ACCEPTED twist E=-152.057498 Ha dipole=1.5741 D
Worker 32 step 292: ACCEPTED large_displacement E=-152.057160 Ha dipole=1.5386 D
Worker 28 step 284: ACCEPTED twist E=-152.057165 Ha dipole=1.0425 D
Worker 39 step 298: ACCEPTED large_displacement E=-152.055228 Ha dipole=0.2390 D
Worker 26 step 283: ACCEPTED twist E=-152.054459 Ha dipole=1.1395 D
Worker 5 step 299: ACCEPTED large_displacement E=-152.054575 Ha dipole=0.4487 D
Worker 5: 300/300 — accepted=183, rate=61.0%
Worker 5: DONE — 183/300 accepted (61.0%)
Worker 33 step 297: ACCEPTED large_displacement E=-152.052683 Ha dipole=0.0655 D
Worker 27 step 285: ACCEPTED roto_reflection E=-152.053424 Ha dipole=1.5633 D
Worker 35 step 285: ACCEPTED mirror E=-152.057498 Ha dipole=1.5741 D
Worker 32 step 293: ACCEPTED exchange E=-152.056187 Ha dipole=1.5269 D
Worker 39 step 299: ACCEPTED large_displacement E=-152.055666 Ha dipole=0.2390 D
Worker 39: 300/300 — accepted=166, rate=55.3%
Worker 39: DONE — 166/300 accepted (55.3%)
Worker 23: 290/300 — accepted=177, rate=61.0%
Worker 26 step 284: ACCEPTED principal_axis_rotation E=-152.052797 Ha dipole=1.1971 D
Worker 33 step 298: ACCEPTED twist E=-152.052338 Ha dipole=0.6657 D
Worker 33 step 299: twist — no coordinate change (box rejection?)
Worker 33: DONE — 174/300 accepted (58.0%)
Worker 27 step 286: ACCEPTED roto_reflection E=-152.053449 Ha dipole=1.5135 D
Worker 35 step 286: ACCEPTED mirror E=-152.057498 Ha dipole=1.5741 D
Worker 32 step 294: ACCEPTED twist E=-152.056738 Ha dipole=1.5194 D
Worker 28 step 286: ACCEPTED twist E=-152.058351 Ha dipole=0.2559 D
Worker 23 step 290: ACCEPTED principal_axis_rotation E=-152.058841 Ha dipole=1.2998 D
Worker 26 step 285: ACCEPTED twist E=-152.052748 Ha dipole=1.3261 D
Worker 27 step 287: ACCEPTED large_displacement E=-152.053239 Ha dipole=1.5109 D
Worker 35 step 287: ACCEPTED mirror E=-152.057500 Ha dipole=1.5731 D
Worker 32 step 295: ACCEPTED large_displacement E=-152.057179 Ha dipole=1.5279 D
Worker 28 step 287: ACCEPTED twist E=-152.058343 Ha dipole=0.2567 D
Worker 23 step 291: ACCEPTED random_so3 E=-152.058089 Ha dipole=0.8946 D
Worker 26 step 286: ACCEPTED roto_reflection E=-152.052748 Ha dipole=1.3247 D
Worker 27 step 288: ACCEPTED large_displacement E=-152.053070 Ha dipole=1.5096 D
Worker 35 step 288: ACCEPTED twist E=-152.056724 Ha dipole=1.7811 D
Worker 32 step 296: ACCEPTED exchange E=-152.057647 Ha dipole=1.5292 D
Worker 28 step 288: ACCEPTED large_displacement E=-152.056111 Ha dipole=0.2615 D
Worker 23 step 292: ACCEPTED twist E=-152.056554 Ha dipole=1.0664 D
Worker 23 step 293: mirror — no coordinate change (box rejection?)
Worker 26 step 287: ACCEPTED twist E=-152.052935 Ha dipole=1.2077 D
Worker 27 step 289: ACCEPTED large_displacement E=-152.052608 Ha dipole=1.5041 D
Worker 27: 290/300 — accepted=179, rate=61.7%
Worker 35: 290/300 — accepted=172, rate=59.3%
Worker 28 step 289: ACCEPTED random_so3 E=-152.057105 Ha dipole=0.9930 D
Worker 28: 290/300 — accepted=166, rate=57.2%
Worker 23 step 294: ACCEPTED principal_axis_rotation E=-152.054862 Ha dipole=0.7413 D
Worker 26 step 288: ACCEPTED large_displacement E=-152.053038 Ha dipole=1.2122 D
Worker 27 step 290: ACCEPTED large_displacement E=-152.051924 Ha dipole=1.4988 D
Worker 35 step 290: ACCEPTED mirror E=-152.046608 Ha dipole=0.4859 D
Worker 32 step 298: ACCEPTED large_displacement E=-152.057376 Ha dipole=1.5256 D
Worker 28 step 290: ACCEPTED large_displacement E=-152.057326 Ha dipole=0.9959 D
Worker 23 step 295: ACCEPTED twist E=-152.054895 Ha dipole=0.8988 D
Worker 26 step 289: ACCEPTED roto_reflection E=-152.054174 Ha dipole=1.0246 D
Worker 26: 290/300 — accepted=183, rate=63.1%
Worker 27 step 291: ACCEPTED exchange E=-152.052816 Ha dipole=1.5009 D
Worker 35 step 291: ACCEPTED twist E=-152.050136 Ha dipole=0.5836 D
Worker 32 step 299: Box stable window 1/3 (acc=60.00%)
Worker 32: 300/300 — accepted=165, rate=55.0%
Worker 32: DONE — 165/300 accepted (55.0%)
Worker 28 step 291: ACCEPTED large_displacement E=-152.056383 Ha dipole=0.9823 D
Worker 23 step 296: ACCEPTED large_displacement E=-152.055336 Ha dipole=0.9111 D
Worker 26 step 290: ACCEPTED twist E=-152.054968 Ha dipole=0.8734 D
Worker 27 step 292: ACCEPTED random_so3 E=-152.053213 Ha dipole=1.2836 D
Worker 35 step 292: ACCEPTED roto_reflection E=-152.049738 Ha dipole=0.5714 D
Worker 28 step 292: ACCEPTED twist E=-152.055769 Ha dipole=1.3116 D
Worker 23 step 297: ACCEPTED twist E=-152.054804 Ha dipole=1.2562 D
Worker 26 step 291: ACCEPTED mirror E=-152.053997 Ha dipole=1.3491 D
Worker 35 step 293: ACCEPTED twist E=-152.054426 Ha dipole=1.0551 D
Worker 28 step 293: ACCEPTED mirror E=-152.055769 Ha dipole=1.3116 D
Worker 23 step 298: ACCEPTED principal_axis_rotation E=-152.056549 Ha dipole=1.2653 D
Worker 26 step 292: ACCEPTED roto_reflection E=-152.055070 Ha dipole=0.8691 D
Worker 27 step 294: ACCEPTED large_displacement E=-152.052546 Ha dipole=1.2768 D
Worker 28 step 294: ACCEPTED large_displacement E=-152.055630 Ha dipole=1.3086 D
Worker 23 step 299: ACCEPTED large_displacement E=-152.055951 Ha dipole=1.2663 D
Worker 23: 300/300 — accepted=186, rate=62.0%
Worker 23: DONE — 186/300 accepted (62.0%)
Worker 26 step 293: ACCEPTED mirror E=-152.055070 Ha dipole=0.8691 D
Worker 27 step 295: ACCEPTED large_displacement E=-152.052906 Ha dipole=1.2799 D
Worker 35 step 295: ACCEPTED roto_reflection E=-152.052187 Ha dipole=1.3640 D
Worker 28 step 295: ACCEPTED roto_reflection E=-152.056039 Ha dipole=1.4421 D
Worker 26 step 294: ACCEPTED random_so3 E=-152.053369 Ha dipole=1.4913 D
Worker 27 step 296: ACCEPTED random_so3 E=-152.052516 Ha dipole=0.8112 D
Worker 28 step 296: ACCEPTED large_displacement E=-152.055837 Ha dipole=1.4382 D
Worker 26 step 295: ACCEPTED mirror E=-152.054115 Ha dipole=0.5733 D
Worker 27 step 297: ACCEPTED twist E=-152.053380 Ha dipole=1.0274 D
Worker 35 step 297: ACCEPTED twist E=-152.057430 Ha dipole=0.9097 D
Worker 26 step 296: ACCEPTED principal_axis_rotation E=-152.055265 Ha dipole=0.6775 D
Worker 27 step 298: ACCEPTED principal_axis_rotation E=-152.052349 Ha dipole=1.0184 D
Worker 28 step 298: ACCEPTED mirror E=-152.055837 Ha dipole=1.4382 D
Worker 26 step 297: ACCEPTED twist E=-152.054702 Ha dipole=1.0473 D
Worker 27 step 299: ACCEPTED twist E=-152.053692 Ha dipole=0.9786 D
Worker 27: 300/300 — accepted=188, rate=62.7%
Worker 27: DONE — 188/300 accepted (62.7%)
Worker 28 step 299: Box stable window 1/3 (acc=60.00%)
Worker 28: 300/300 — accepted=174, rate=58.0%
Worker 28: DONE — 174/300 accepted (58.0%)
Worker 35: 300/300 — accepted=178, rate=59.3%
Worker 35: DONE — 178/300 accepted (59.3%)
Worker 26 step 298: ACCEPTED large_displacement E=-152.054707 Ha dipole=1.0475 D
Worker 26 step 299: ACCEPTED twist E=-152.055069 Ha dipole=0.8906 D
Worker 26: 300/300 — accepted=193, rate=64.3%
Worker 26: DONE — 193/300 accepted (64.3%)
Worker 4: Starting energy = -152.052593 Hartree
Worker 1: Starting energy = -152.053241 Hartree
Worker 3: Starting energy = -152.047355 Hartree
Worker 2: Starting energy = -152.050687 Hartree
Worker 0: Starting energy = -152.052771 Hartree
Worker 8: Starting energy = -152.056326 Hartree
Worker 8 step 0: local_twist — no coordinate change (box rejection?)
Worker 8 step 1: random_displacement — no coordinate change (box rejection?)
Worker 8 step 2: local_twist — no coordinate change (box rejection?)
Worker 8 step 3: random_displacement — no coordinate change (box rejection?)
Worker 8 step 4: local_twist — no coordinate change (box rejection?)
Worker 8 step 5: random_displacement — no coordinate change (box rejection?)
Worker 8 step 6: correlated_displacement — no coordinate change (box rejection?)
Worker 8 step 7: random_displacement — no coordinate change (box rejection?)
Worker 8 step 8: random_displacement — no coordinate change (box rejection?)
Worker 8 step 9: random_displacement — no coordinate change (box rejection?)
Worker 8 step 10: random_displacement — no coordinate change (box rejection?)
Worker 8 step 11: local_twist — no coordinate change (box rejection?)
Worker 8 step 12: random_displacement — no coordinate change (box rejection?)
Worker 8 step 13: random_displacement — no coordinate change (box rejection?)
Worker 8 step 14: random_rotation — no coordinate change (box rejection?)
Worker 8 step 15: random_displacement — no coordinate change (box rejection?)
Worker 8 step 16: correlated_displacement — no coordinate change (box rejection?)
Worker 8 step 17: random_displacement — no coordinate change (box rejection?)
Worker 8 step 18: correlated_displacement — no coordinate change (box rejection?)
Worker 6: Starting energy = -152.053698 Hartree
Worker 8 step 19: random_displacement — no coordinate change (box rejection?)
Worker 8 step 20: correlated_displacement — no coordinate change (box rejection?)
Worker 6 step 0: local_twist — no coordinate change (box rejection?)
Worker 8 step 21: random_displacement — no coordinate change (box rejection?)
Worker 6 step 1: small_principal_axis_rotation — no coordinate change (box rejection?)
Worker 8 step 22: local_twist — no coordinate change (box rejection?)
Worker 6 step 2: random_rotation — no coordinate change (box rejection?)
Worker 8 step 23: correlated_displacement — no coordinate change (box rejection?)
Worker 5: Starting energy = -152.055757 Hartree
Worker 6 step 3: random_rotation — no coordinate change (box rejection?)
Worker 8 step 24: random_rotation — no coordinate change (box rejection?)
Worker 5 step 0: random_displacement — no coordinate change (box rejection?)
Worker 6 step 4: local_twist — no coordinate change (box rejection?)
Worker 8 step 25: random_displacement — no coordinate change (box rejection?)
Worker 12: Starting energy = -152.055480 Hartree
Worker 8 step 26: random_displacement — no coordinate change (box rejection?)
Worker 6 step 5: local_twist — no coordinate change (box rejection?)
Worker 12 step 0: random_displacement — no coordinate change (box rejection?)
Worker 6 step 6: local_twist — no coordinate change (box rejection?)
Worker 8 step 27: small_principal_axis_rotation — no coordinate change (box rejection?)
Worker 6 step 7: random_displacement — no coordinate change (box rejection?)
Worker 8 step 28: correlated_displacement — no coordinate change (box rejection?)
Worker 12 step 1: random_rotation — no coordinate change (box rejection?)
Worker 8 step 29: random_displacement — no coordinate change (box rejection?)
Worker 6 step 8: correlated_displacement — no coordinate change (box rejection?)
Worker 12 step 2: small_principal_axis_rotation — no coordinate change (box rejection?)
Worker 6 step 9: random_displacement — no coordinate change (box rejection?)
Worker 8 step 30: small_principal_axis_rotation — no coordinate change (box rejection?)
Worker 12 step 3: random_displacement — no coordinate change (box rejection?)
Worker 6 step 10: correlated_displacement — no coordinate change (box rejection?)
Worker 8 step 31: random_displacement — no coordinate change (box rejection?)
Worker 12 step 4: random_displacement — no coordinate change (box rejection?)
Worker 6 step 11: random_displacement — no coordinate change (box rejection?)
Worker 8 step 32: random_rotation — no coordinate change (box rejection?)
Worker 12 step 5: random_displacement — no coordinate change (box rejection?)
Worker 6 step 12: correlated_displacement — no coordinate change (box rejection?)
Worker 7: Starting energy = -152.053872 Hartree
Worker 8 step 33: random_displacement — no coordinate change (box rejection?)
Worker 12 step 6: random_displacement — no coordinate change (box rejection?)
Worker 6 step 13: random_displacement — no coordinate change (box rejection?)
Worker 8 step 34: small_principal_axis_rotation — no coordinate change (box rejection?)
Worker 7 step 0: random_displacement — no coordinate change (box rejection?)
Worker 12 step 7: local_twist — no coordinate change (box rejection?)
Worker 6 step 14: random_rotation — no coordinate change (box rejection?)
Worker 8 step 35: random_displacement — no coordinate change (box rejection?)
Worker 12 step 8: correlated_displacement — no coordinate change (box rejection?)
Worker 6 step 15: local_twist — no coordinate change (box rejection?)
Worker 11: Starting energy = -152.060744 Hartree
Worker 7 step 1: small_principal_axis_rotation — no coordinate change (box rejection?)
Worker 8 step 36: random_rotation — no coordinate change (box rejection?)
Worker 12 step 9: random_displacement — no coordinate change (box rejection?)
Worker 6 step 16: random_displacement — no coordinate change (box rejection?)
Worker 7 step 2: correlated_displacement — no coordinate change (box rejection?)
Worker 8 step 37: random_displacement — no coordinate change (box rejection?)
Worker 11 step 0: random_rotation — no coordinate change (box rejection?)
Worker 12 step 10: random_displacement — no coordinate change (box rejection?)
Worker 6 step 17: correlated_displacement — no coordinate change (box rejection?)
Worker 7 step 3: small_principal_axis_rotation — no coordinate change (box rejection?)
Worker 8 step 38: local_twist — no coordinate change (box rejection?)
Worker 12 step 11: random_displacement — no coordinate change (box rejection?)
Worker 6 step 18: correlated_displacement — no coordinate change (box rejection?)
Worker 8 step 39: random_rotation — no coordinate change (box rejection?)
Worker 7 step 4: local_twist — no coordinate change (box rejection?)
Worker 12 step 12: random_displacement — no coordinate change (box rejection?)
Worker 6 step 19: local_twist — no coordinate change (box rejection?)
Worker 8 step 40: random_displacement — no coordinate change (box rejection?)
Worker 12 step 13: correlated_displacement — no coordinate change (box rejection?)
Worker 7 step 5: random_rotation — no coordinate change (box rejection?)
Worker 6 step 20: small_principal_axis_rotation — no coordinate change (box rejection?)
Worker 8 step 41: correlated_displacement — no coordinate change (box rejection?)
Worker 7 step 6: local_twist — no coordinate change (box rejection?)
Worker 12 step 14: small_principal_axis_rotation — no coordinate change (box rejection?)
Worker 8 step 42: local_twist — no coordinate change (box rejection?)
Worker 6 step 21: local_twist — no coordinate change (box rejection?)
Worker 7 step 7: random_displacement — no coordinate change (box rejection?)
Worker 10: Starting energy = -152.060274 Hartree
Worker 12 step 15: random_displacement — no coordinate change (box rejection?)
Worker 6 step 22: local_twist — no coordinate change (box rejection?)
Worker 8 step 43: small_principal_axis_rotation — no coordinate change (box rejection?)
Worker 7 step 8: random_displacement — no coordinate change (box rejection?)
Worker 12 step 16: random_displacement — no coordinate change (box rejection?)
Worker 8 step 44: random_displacement — no coordinate change (box rejection?)
Worker 6 step 23: random_rotation — no coordinate change (box rejection?)
Worker 7 step 9: random_rotation — no coordinate change (box rejection?)
Worker 10 step 0: correlated_displacement — no coordinate change (box rejection?)
Worker 12 step 17: random_displacement — no coordinate change (box rejection?)
Worker 8 step 45: random_rotation — no coordinate change (box rejection?)
Worker 6 step 24: random_displacement — no coordinate change (box rejection?)
Worker 12 step 18: correlated_displacement — no coordinate change (box rejection?)
Worker 7 step 10: local_twist — no coordinate change (box rejection?)
Worker 8 step 46: correlated_displacement — no coordinate change (box rejection?)
Worker 10 step 1: local_twist — no coordinate change (box rejection?)
Worker 6 step 25: local_twist — no coordinate change (box rejection?)
Worker 12 step 19: random_rotation — no coordinate change (box rejection?)
Worker 7 step 11: local_twist — no coordinate change (box rejection?)
Worker 8 step 47: correlated_displacement — no coordinate change (box rejection?)
Worker 10 step 2: random_displacement — no coordinate change (box rejection?)
Worker 6 step 26: random_rotation — no coordinate change (box rejection?)
Worker 12 step 20: random_displacement — no coordinate change (box rejection?)
Worker 7 step 12: correlated_displacement — no coordinate change (box rejection?)
Worker 8 step 48: small_principal_axis_rotation — no coordinate change (box rejection?)
Worker 10 step 3: random_rotation — no coordinate change (box rejection?)
Worker 6 step 27: random_displacement — no coordinate change (box rejection?)
Worker 7 step 13: random_displacement — no coordinate change (box rejection?)
Worker 12 step 21: random_rotation — no coordinate change (box rejection?)
Worker 10 step 4: correlated_displacement — no coordinate change (box rejection?)
Worker 8 step 49: small_principal_axis_rotation — no coordinate change (box rejection?)
Worker 8: DONE — 0/50 accepted (0.0%)
Worker 6 step 28: local_twist — no coordinate change (box rejection?)
Worker 7 step 14: local_twist — no coordinate change (box rejection?)
Worker 12 step 22: local_twist — no coordinate change (box rejection?)
Worker 6 step 29: random_displacement — no coordinate change (box rejection?)
Worker 12 step 23: correlated_displacement — no coordinate change (box rejection?)
Worker 7 step 15: random_rotation — no coordinate change (box rejection?)
Worker 6 step 30: random_displacement — no coordinate change (box rejection?)
Worker 12 step 24: local_twist — no coordinate change (box rejection?)
Worker 7 step 16: correlated_displacement — no coordinate change (box rejection?)
Worker 6 step 31: correlated_displacement — no coordinate change (box rejection?)
Worker 12 step 25: correlated_displacement — no coordinate change (box rejection?)
Worker 7 step 17: correlated_displacement — no coordinate change (box rejection?)
Worker 6 step 32: random_displacement — no coordinate change (box rejection?)
Worker 12 step 26: random_rotation — no coordinate change (box rejection?)
Worker 7 step 18: small_principal_axis_rotation — no coordinate change (box rejection?)
Worker 6 step 33: small_principal_axis_rotation — no coordinate change (box rejection?)
Worker 12 step 27: small_principal_axis_rotation — no coordinate change (box rejection?)
Worker 7 step 19: small_principal_axis_rotation — no coordinate change (box rejection?)
Worker 6 step 34: correlated_displacement — no coordinate change (box rejection?)
Worker 12 step 28: random_displacement — no coordinate change (box rejection?)
Worker 6 step 35: random_displacement — no coordinate change (box rejection?)
Worker 7 step 20: random_displacement — no coordinate change (box rejection?)
Worker 12 step 29: random_displacement — no coordinate change (box rejection?)
Worker 6 step 36: random_displacement — no coordinate change (box rejection?)
Worker 7 step 21: small_principal_axis_rotation — no coordinate change (box rejection?)
Worker 12 step 30: random_displacement — no coordinate change (box rejection?)
Worker 6 step 37: random_rotation — no coordinate change (box rejection?)
Worker 7 step 22: random_displacement — no coordinate change (box rejection?)
Worker 12 step 31: random_displacement — no coordinate change (box rejection?)
Worker 6 step 38: random_displacement — no coordinate change (box rejection?)
Worker 7 step 23: random_rotation — no coordinate change (box rejection?)
Worker 12 step 32: random_displacement — no coordinate change (box rejection?)
Worker 6 step 39: correlated_displacement — no coordinate change (box rejection?)
Worker 7 step 24: random_displacement — no coordinate change (box rejection?)
Worker 12 step 33: random_displacement — no coordinate change (box rejection?)
Worker 6 step 40: random_displacement — no coordinate change (box rejection?)
Worker 7 step 25: small_principal_axis_rotation — no coordinate change (box rejection?)
Worker 12 step 34: random_rotation — no coordinate change (box rejection?)
Worker 6 step 41: random_displacement — no coordinate change (box rejection?)
Worker 7 step 26: correlated_displacement — no coordinate change (box rejection?)
Worker 12 step 35: random_displacement — no coordinate change (box rejection?)
Worker 6 step 42: small_principal_axis_rotation — no coordinate change (box rejection?)
Worker 7 step 27: random_rotation — no coordinate change (box rejection?)
Worker 12 step 36: local_twist — no coordinate change (box rejection?)
Worker 6 step 43: random_rotation — no coordinate change (box rejection?)
Worker 7 step 28: local_twist — no coordinate change (box rejection?)
Worker 12 step 37: small_principal_axis_rotation — no coordinate change (box rejection?)
Worker 6 step 44: small_principal_axis_rotation — no coordinate change (box rejection?)
Worker 7 step 29: small_principal_axis_rotation — no coordinate change (box rejection?)
Worker 12 step 38: random_displacement — no coordinate change (box rejection?)
Worker 6 step 45: random_displacement — no coordinate change (box rejection?)
Worker 7 step 30: small_principal_axis_rotation — no coordinate change (box rejection?)
Worker 12 step 39: correlated_displacement — no coordinate change (box rejection?)
Worker 6 step 46: small_principal_axis_rotation — no coordinate change (box rejection?)
Worker 7 step 31: random_displacement — no coordinate change (box rejection?)
Worker 12 step 40: random_rotation — no coordinate change (box rejection?)
Worker 6 step 47: correlated_displacement — no coordinate change (box rejection?)
Worker 7 step 32: small_principal_axis_rotation — no coordinate change (box rejection?)
Worker 12 step 41: random_rotation — no coordinate change (box rejection?)
Worker 6 step 48: local_twist — no coordinate change (box rejection?)
Worker 7 step 33: random_displacement — no coordinate change (box rejection?)
Worker 12 step 42: random_displacement — no coordinate change (box rejection?)
Worker 6 step 49: random_displacement — no coordinate change (box rejection?)
Worker 6: DONE — 0/50 accepted (0.0%)
Worker 7 step 34: random_displacement — no coordinate change (box rejection?)
Worker 12 step 43: small_principal_axis_rotation — no coordinate change (box rejection?)
Worker 7 step 35: local_twist — no coordinate change (box rejection?)
Worker 12 step 44: random_displacement — no coordinate change (box rejection?)
Worker 7 step 36: small_principal_axis_rotation — no coordinate change (box rejection?)
Worker 12 step 45: small_principal_axis_rotation — no coordinate change (box rejection?)
Worker 7 step 37: random_displacement — no coordinate change (box rejection?)
Worker 12 step 46: random_displacement — no coordinate change (box rejection?)
Worker 7 step 38: random_rotation — no coordinate change (box rejection?)
Worker 12 step 47: random_displacement — no coordinate change (box rejection?)
Worker 7 step 39: small_principal_axis_rotation — no coordinate change (box rejection?)
Worker 12 step 48: small_principal_axis_rotation — no coordinate change (box rejection?)
Worker 7 step 40: random_rotation — no coordinate change (box rejection?)
Worker 12 step 49: random_rotation — no coordinate change (box rejection?)
Worker 12: DONE — 0/50 accepted (0.0%)
Worker 7 step 41: random_displacement — no coordinate change (box rejection?)
Worker 7 step 42: small_principal_axis_rotation — no coordinate change (box rejection?)
Worker 7 step 43: random_displacement — no coordinate change (box rejection?)
Worker 7 step 44: random_displacement — no coordinate change (box rejection?)
Worker 7 step 45: correlated_displacement — no coordinate change (box rejection?)
Worker 7 step 46: local_twist — no coordinate change (box rejection?)
Worker 7 step 47: local_twist — no coordinate change (box rejection?)
Worker 7 step 48: random_rotation — no coordinate change (box rejection?)
Worker 7 step 49: random_displacement — no coordinate change (box rejection?)
Worker 7: DONE — 0/50 accepted (0.0%)
Worker 13: Starting energy = -152.054404 Hartree
Worker 13 step 0: local_twist — no coordinate change (box rejection?)
Worker 13 step 1: correlated_displacement — no coordinate change (box rejection?)
Worker 13 step 2: random_displacement — no coordinate change (box rejection?)
Worker 13 step 3: random_displacement — no coordinate change (box rejection?)
Worker 9: Starting energy = -152.045693 Hartree
Worker 13 step 4: small_principal_axis_rotation — no coordinate change (box rejection?)
Worker 13 step 5: random_rotation — no coordinate change (box rejection?)
Worker 9 step 0: random_rotation — no coordinate change (box rejection?)
Worker 13 step 6: random_displacement — no coordinate change (box rejection?)
Worker 9 step 1: local_twist — no coordinate change (box rejection?)
Worker 13 step 7: random_rotation — no coordinate change (box rejection?)
Worker 9 step 2: random_displacement — no coordinate change (box rejection?)
Worker 13 step 8: random_displacement — no coordinate change (box rejection?)
Worker 9 step 3: local_twist — no coordinate change (box rejection?)
Worker 13 step 9: local_twist — no coordinate change (box rejection?)
Worker 9 step 4: small_principal_axis_rotation — no coordinate change (box rejection?)
Worker 13 step 10: small_principal_axis_rotation — no coordinate change (box rejection?)
Worker 9 step 5: correlated_displacement — no coordinate change (box rejection?)
Worker 13 step 11: correlated_displacement — no coordinate change (box rejection?)
Worker 9 step 6: small_principal_axis_rotation — no coordinate change (box rejection?)
Worker 13 step 12: random_rotation — no coordinate change (box rejection?)
Worker 13 step 13: random_displacement — no coordinate change (box rejection?)
Worker 9 step 7: small_principal_axis_rotation — no coordinate change (box rejection?)
Worker 13 step 14: random_rotation — no coordinate change (box rejection?)
Worker 9 step 8: small_principal_axis_rotation — no coordinate change (box rejection?)
Worker 13 step 15: random_displacement — no coordinate change (box rejection?)
Worker 9 step 9: correlated_displacement — no coordinate change (box rejection?)
Worker 13 step 16: random_rotation — no coordinate change (box rejection?)
Worker 9 step 10: random_displacement — no coordinate change (box rejection?)
Worker 13 step 17: random_displacement — no coordinate change (box rejection?)
Worker 9 step 11: correlated_displacement — no coordinate change (box rejection?)
Worker 13 step 18: local_twist — no coordinate change (box rejection?)
Worker 9 step 12: random_displacement — no coordinate change (box rejection?)
Worker 13 step 19: random_rotation — no coordinate change (box rejection?)
Worker 9 step 13: random_rotation — no coordinate change (box rejection?)
Worker 16: Starting energy = -152.055873 Hartree
Worker 13 step 20: random_displacement — no coordinate change (box rejection?)
Worker 9 step 14: random_displacement — no coordinate change (box rejection?)
Worker 13 step 21: local_twist — no coordinate change (box rejection?)
Worker 9 step 15: correlated_displacement — no coordinate change (box rejection?)
Worker 16 step 0: random_rotation — no coordinate change (box rejection?)
Worker 13 step 22: random_displacement — no coordinate change (box rejection?)
Worker 9 step 16: small_principal_axis_rotation — no coordinate change (box rejection?)
Worker 16 step 1: local_twist — no coordinate change (box rejection?)
Worker 13 step 23: small_principal_axis_rotation — no coordinate change (box rejection?)
Worker 9 step 17: local_twist — no coordinate change (box rejection?)
Worker 16 step 2: random_displacement — no coordinate change (box rejection?)
Worker 13 step 24: random_displacement — no coordinate change (box rejection?)
Worker 9 step 18: small_principal_axis_rotation — no coordinate change (box rejection?)
Worker 16 step 3: random_displacement — no coordinate change (box rejection?)
Worker 13 step 25: random_rotation — no coordinate change (box rejection?)
Worker 9 step 19: correlated_displacement — no coordinate change (box rejection?)
Worker 16 step 4: local_twist — no coordinate change (box rejection?)
Worker 13 step 26: random_rotation — no coordinate change (box rejection?)
Worker 9 step 20: local_twist — no coordinate change (box rejection?)
Worker 16 step 5: correlated_displacement — no coordinate change (box rejection?)
Worker 13 step 27: random_rotation — no coordinate change (box rejection?)
Worker 9 step 21: correlated_displacement — no coordinate change (box rejection?)
Worker 13 step 28: correlated_displacement — no coordinate change (box rejection?)
Worker 16 step 6: local_twist — no coordinate change (box rejection?)
Worker 9 step 22: small_principal_axis_rotation — no coordinate change (box rejection?)
Worker 13 step 29: random_rotation — no coordinate change (box rejection?)
Worker 16 step 7: correlated_displacement — no coordinate change (box rejection?)
Worker 9 step 23: random_rotation — no coordinate change (box rejection?)
Worker 13 step 30: random_displacement — no coordinate change (box rejection?)
Worker 16 step 8: random_displacement — no coordinate change (box rejection?)
Worker 13 step 31: correlated_displacement — no coordinate change (box rejection?)
Worker 9 step 24: random_rotation — no coordinate change (box rejection?)
Worker 16 step 9: random_rotation — no coordinate change (box rejection?)
Worker 9 step 25: random_displacement — no coordinate change (box rejection?)
Worker 13 step 32: local_twist — no coordinate change (box rejection?)
Worker 15: Starting energy = -152.055967 Hartree
Worker 16 step 10: random_displacement — no coordinate change (box rejection?)
Worker 9 step 26: local_twist — no coordinate change (box rejection?)
Worker 13 step 33: random_rotation — no coordinate change (box rejection?)
Worker 16 step 11: random_displacement — no coordinate change (box rejection?)
Worker 9 step 27: correlated_displacement — no coordinate change (box rejection?)
Worker 13 step 34: correlated_displacement — no coordinate change (box rejection?)
Worker 16 step 12: correlated_displacement — no coordinate change (box rejection?)
Worker 13 step 35: random_displacement — no coordinate change (box rejection?)
Worker 9 step 28: correlated_displacement — no coordinate change (box rejection?)
Worker 16 step 13: local_twist — no coordinate change (box rejection?)
Worker 9 step 29: random_displacement — no coordinate change (box rejection?)
Worker 13 step 36: local_twist — no coordinate change (box rejection?)
Worker 16 step 14: random_displacement — no coordinate change (box rejection?)
Worker 13 step 37: random_displacement — no coordinate change (box rejection?)
Worker 9 step 30: small_principal_axis_rotation — no coordinate change (box rejection?)
Worker 16 step 15: random_displacement — no coordinate change (box rejection?)
Worker 13 step 38: small_principal_axis_rotation — no coordinate change (box rejection?)
Worker 9 step 31: small_principal_axis_rotation — no coordinate change (box rejection?)
Worker 16 step 16: small_principal_axis_rotation — no coordinate change (box rejection?)
Worker 13 step 39: correlated_displacement — no coordinate change (box rejection?)
Worker 9 step 32: small_principal_axis_rotation — no coordinate change (box rejection?)
Worker 13 step 40: random_displacement — no coordinate change (box rejection?)
Worker 16 step 17: local_twist — no coordinate change (box rejection?)
Worker 9 step 33: random_rotation — no coordinate change (box rejection?)
Worker 13 step 41: random_displacement — no coordinate change (box rejection?)
Worker 16 step 18: random_displacement — no coordinate change (box rejection?)
Worker 9 step 34: small_principal_axis_rotation — no coordinate change (box rejection?)
Worker 13 step 42: correlated_displacement — no coordinate change (box rejection?)
Worker 16 step 19: random_rotation — no coordinate change (box rejection?)
Worker 9 step 35: random_rotation — no coordinate change (box rejection?)
Worker 13 step 43: small_principal_axis_rotation — no coordinate change (box rejection?)
Worker 16 step 20: random_displacement — no coordinate change (box rejection?)
Worker 9 step 36: local_twist — no coordinate change (box rejection?)
Worker 13 step 44: random_displacement — no coordinate change (box rejection?)
Worker 18: Starting energy = -152.055486 Hartree
Worker 16 step 21: small_principal_axis_rotation — no coordinate change (box rejection?)
Worker 9 step 37: local_twist — no coordinate change (box rejection?)
Worker 13 step 45: local_twist — no coordinate change (box rejection?)
Worker 18 step 0: random_displacement — no coordinate change (box rejection?)
Worker 9 step 38: random_displacement — no coordinate change (box rejection?)
Worker 16 step 22: local_twist — no coordinate change (box rejection?)
Worker 13 step 46: random_displacement — no coordinate change (box rejection?)
Worker 18 step 1: random_rotation — no coordinate change (box rejection?)
Worker 9 step 39: random_displacement — no coordinate change (box rejection?)
Worker 16 step 23: random_displacement — no coordinate change (box rejection?)
Worker 13 step 47: random_rotation — no coordinate change (box rejection?)
Worker 9 step 40: correlated_displacement — no coordinate change (box rejection?)
Worker 16 step 24: correlated_displacement — no coordinate change (box rejection?)
Worker 18 step 2: local_twist — no coordinate change (box rejection?)
Worker 13 step 48: small_principal_axis_rotation — no coordinate change (box rejection?)
Worker 9 step 41: random_rotation — no coordinate change (box rejection?)
Worker 16 step 25: correlated_displacement — no coordinate change (box rejection?)
Worker 18 step 3: random_displacement — no coordinate change (box rejection?)
Worker 13 step 49: local_twist — no coordinate change (box rejection?)
Worker 13: DONE — 0/50 accepted (0.0%)
Worker 9 step 42: correlated_displacement — no coordinate change (box rejection?)
Worker 16 step 26: correlated_displacement — no coordinate change (box rejection?)
Worker 18 step 4: local_twist — no coordinate change (box rejection?)
Worker 9 step 43: random_displacement — no coordinate change (box rejection?)
Worker 16 step 27: correlated_displacement — no coordinate change (box rejection?)
Worker 18 step 5: small_principal_axis_rotation — no coordinate change (box rejection?)
Worker 9 step 44: correlated_displacement — no coordinate change (box rejection?)
Worker 16 step 28: random_displacement — no coordinate change (box rejection?)
Worker 18 step 6: correlated_displacement — no coordinate change (box rejection?)
Worker 9 step 45: random_displacement — no coordinate change (box rejection?)
Worker 16 step 29: random_rotation — no coordinate change (box rejection?)
Worker 18 step 7: local_twist — no coordinate change (box rejection?)
Worker 9 step 46: random_rotation — no coordinate change (box rejection?)
Worker 16 step 30: random_rotation — no coordinate change (box rejection?)
Worker 18 step 8: correlated_displacement — no coordinate change (box rejection?)
Worker 9 step 47: small_principal_axis_rotation — no coordinate change (box rejection?)
Worker 16 step 31: random_displacement — no coordinate change (box rejection?)
Worker 18 step 9: correlated_displacement — no coordinate change (box rejection?)
Worker 16 step 32: random_displacement — no coordinate change (box rejection?)
Worker 9 step 48: random_rotation — no coordinate change (box rejection?)
Worker 18 step 10: local_twist — no coordinate change (box rejection?)
Worker 9 step 49: random_displacement — no coordinate change (box rejection?)
Worker 16 step 33: random_displacement — no coordinate change (box rejection?)
Worker 9: DONE — 0/50 accepted (0.0%)
Worker 18 step 11: random_rotation — no coordinate change (box rejection?)
Worker 16 step 34: local_twist — no coordinate change (box rejection?)
Worker 18 step 12: random_rotation — no coordinate change (box rejection?)
Worker 16 step 35: local_twist — no coordinate change (box rejection?)
Worker 18 step 13: random_displacement — no coordinate change (box rejection?)
Worker 16 step 36: random_displacement — no coordinate change (box rejection?)
Worker 18 step 14: random_displacement — no coordinate change (box rejection?)
Worker 16 step 37: random_displacement — no coordinate change (box rejection?)
Worker 18 step 15: random_displacement — no coordinate change (box rejection?)
Worker 14: Starting energy = -152.044564 Hartree
Worker 16 step 38: random_displacement — no coordinate change (box rejection?)
Worker 17: Starting energy = -152.054278 Hartree
Worker 18 step 16: local_twist — no coordinate change (box rejection?)
Worker 16 step 39: small_principal_axis_rotation — no coordinate change (box rejection?)
Worker 17 step 0: random_displacement — no coordinate change (box rejection?)
Worker 18 step 17: correlated_displacement — no coordinate change (box rejection?)
Worker 16 step 40: random_displacement — no coordinate change (box rejection?)
Worker 18 step 18: correlated_displacement — no coordinate change (box rejection?)
Worker 17 step 1: random_rotation — no coordinate change (box rejection?)
Worker 16 step 41: small_principal_axis_rotation — no coordinate change (box rejection?)
Worker 17 step 2: random_displacement — no coordinate change (box rejection?)
Worker 18 step 19: random_rotation — no coordinate change (box rejection?)
Worker 16 step 42: local_twist — no coordinate change (box rejection?)
Worker 17 step 3: random_displacement — no coordinate change (box rejection?)
Worker 18 step 20: local_twist — no coordinate change (box rejection?)
Worker 17 step 4: random_displacement — no coordinate change (box rejection?)
Worker 16 step 43: small_principal_axis_rotation — no coordinate change (box rejection?)
Worker 18 step 21: random_displacement — no coordinate change (box rejection?)
Worker 16 step 44: random_displacement — no coordinate change (box rejection?)
Worker 18 step 22: random_displacement — no coordinate change (box rejection?)
Worker 17 step 5: small_principal_axis_rotation — no coordinate change (box rejection?)
Worker 16 step 45: random_displacement — no coordinate change (box rejection?)
Worker 17 step 6: random_displacement — no coordinate change (box rejection?)
Worker 18 step 23: random_rotation — no coordinate change (box rejection?)
Worker 16 step 46: small_principal_axis_rotation — no coordinate change (box rejection?)
Worker 17 step 7: random_displacement — no coordinate change (box rejection?)
Worker 18 step 24: local_twist — no coordinate change (box rejection?)
Worker 16 step 47: random_rotation — no coordinate change (box rejection?)
Worker 17 step 8: small_principal_axis_rotation — no coordinate change (box rejection?)
Worker 18 step 25: correlated_displacement — no coordinate change (box rejection?)
Worker 16 step 48: random_displacement — no coordinate change (box rejection?)
Worker 17 step 9: random_displacement — no coordinate change (box rejection?)
Worker 18 step 26: local_twist — no coordinate change (box rejection?)
Worker 16 step 49: random_displacement — no coordinate change (box rejection?)
Worker 16: DONE — 0/50 accepted (0.0%)
Worker 17 step 10: random_displacement — no coordinate change (box rejection?)
Worker 18 step 27: local_twist — no coordinate change (box rejection?)
Worker 17 step 11: random_rotation — no coordinate change (box rejection?)
Worker 18 step 28: random_displacement — no coordinate change (box rejection?)
Worker 17 step 12: random_displacement — no coordinate change (box rejection?)
Worker 18 step 29: random_displacement — no coordinate change (box rejection?)
Worker 17 step 13: small_principal_axis_rotation — no coordinate change (box rejection?)
Worker 18 step 30: small_principal_axis_rotation — no coordinate change (box rejection?)
Worker 17 step 14: correlated_displacement — no coordinate change (box rejection?)
Worker 18 step 31: local_twist — no coordinate change (box rejection?)
Worker 17 step 15: random_rotation — no coordinate change (box rejection?)
Worker 18 step 32: small_principal_axis_rotation — no coordinate change (box rejection?)
Worker 17 step 16: local_twist — no coordinate change (box rejection?)
Worker 18 step 33: random_displacement — no coordinate change (box rejection?)
Worker 17 step 17: random_rotation — no coordinate change (box rejection?)
Worker 18 step 34: correlated_displacement — no coordinate change (box rejection?)
Worker 17 step 18: local_twist — no coordinate change (box rejection?)
Worker 18 step 35: random_displacement — no coordinate change (box rejection?)
Worker 17 step 19: random_displacement — no coordinate change (box rejection?)
Worker 18 step 36: local_twist — no coordinate change (box rejection?)
Worker 17 step 20: local_twist — no coordinate change (box rejection?)
Worker 18 step 37: random_displacement — no coordinate change (box rejection?)
Worker 17 step 21: random_rotation — no coordinate change (box rejection?)
Worker 18 step 38: random_displacement — no coordinate change (box rejection?)
Worker 17 step 22: small_principal_axis_rotation — no coordinate change (box rejection?)
Worker 18 step 39: random_rotation — no coordinate change (box rejection?)
Worker 17 step 23: correlated_displacement — no coordinate change (box rejection?)
Worker 18 step 40: random_displacement — no coordinate change (box rejection?)
Worker 18 step 41: correlated_displacement — no coordinate change (box rejection?)
Worker 17 step 24: small_principal_axis_rotation — no coordinate change (box rejection?)
Worker 18 step 42: small_principal_axis_rotation — no coordinate change (box rejection?)
Worker 17 step 25: small_principal_axis_rotation — no coordinate change (box rejection?)
Worker 18 step 43: local_twist — no coordinate change (box rejection?)
Worker 17 step 26: random_rotation — no coordinate change (box rejection?)
Worker 18 step 44: random_displacement — no coordinate change (box rejection?)
Worker 17 step 27: random_displacement — no coordinate change (box rejection?)
Worker 18 step 45: random_rotation — no coordinate change (box rejection?)
Worker 17 step 28: random_rotation — no coordinate change (box rejection?)
Worker 18 step 46: small_principal_axis_rotation — no coordinate change (box rejection?)
Worker 17 step 29: random_rotation — no coordinate change (box rejection?)
Worker 18 step 47: random_displacement — no coordinate change (box rejection?)
Worker 17 step 30: local_twist — no coordinate change (box rejection?)
Worker 18 step 48: random_displacement — no coordinate change (box rejection?)
Worker 17 step 31: random_displacement — no coordinate change (box rejection?)
Worker 18 step 49: local_twist — no coordinate change (box rejection?)
Worker 18: DONE — 0/50 accepted (0.0%)
Worker 17 step 32: random_displacement — no coordinate change (box rejection?)
Worker 17 step 33: random_rotation — no coordinate change (box rejection?)
Worker 17 step 34: correlated_displacement — no coordinate change (box rejection?)
Worker 17 step 35: random_displacement — no coordinate change (box rejection?)
Worker 17 step 36: random_rotation — no coordinate change (box rejection?)
Worker 17 step 37: local_twist — no coordinate change (box rejection?)
Worker 17 step 38: random_displacement — no coordinate change (box rejection?)
Worker 17 step 39: random_rotation — no coordinate change (box rejection?)
Worker 17 step 40: local_twist — no coordinate change (box rejection?)
Worker 17 step 41: random_displacement — no coordinate change (box rejection?)
Worker 17 step 42: local_twist — no coordinate change (box rejection?)
Worker 17 step 43: correlated_displacement — no coordinate change (box rejection?)
Worker 17 step 44: random_displacement — no coordinate change (box rejection?)
Worker 17 step 45: random_displacement — no coordinate change (box rejection?)
Worker 17 step 46: random_displacement — no coordinate change (box rejection?)
Worker 17 step 47: correlated_displacement — no coordinate change (box rejection?)
Worker 17 step 48: correlated_displacement — no coordinate change (box rejection?)
Worker 17 step 49: random_displacement — no coordinate change (box rejection?)
Worker 17: DONE — 0/50 accepted (0.0%)
Worker 19: Starting energy = -152.054291 Hartree
Worker 19 step 0: random_displacement — no coordinate change (box rejection?)
Worker 19 step 1: random_displacement — no coordinate change (box rejection?)
Worker 19 step 2: random_displacement — no coordinate change (box rejection?)
Worker 19 step 3: random_displacement — no coordinate change (box rejection?)
Worker 19 step 4: local_twist — no coordinate change (box rejection?)
Worker 19 step 5: random_displacement — no coordinate change (box rejection?)
Worker 19 step 6: random_displacement — no coordinate change (box rejection?)
Worker 19 step 7: random_rotation — no coordinate change (box rejection?)
Worker 19 step 8: correlated_displacement — no coordinate change (box rejection?)
Worker 19 step 9: small_principal_axis_rotation — no coordinate change (box rejection?)
Worker 19 step 10: random_rotation — no coordinate change (box rejection?)
Worker 19 step 11: random_displacement — no coordinate change (box rejection?)
Worker 19 step 12: random_rotation — no coordinate change (box rejection?)
Worker 19 step 13: small_principal_axis_rotation — no coordinate change (box rejection?)
Worker 19 step 14: small_principal_axis_rotation — no coordinate change (box rejection?)
Worker 19 step 15: local_twist — no coordinate change (box rejection?)
Worker 19 step 16: random_displacement — no coordinate change (box rejection?)
Worker 19 step 17: correlated_displacement — no coordinate change (box rejection?)
Worker 19 step 18: random_displacement — no coordinate change (box rejection?)
Worker 19 step 19: small_principal_axis_rotation — no coordinate change (box rejection?)
Worker 19 step 20: local_twist — no coordinate change (box rejection?)
Worker 19 step 21: random_displacement — no coordinate change (box rejection?)
Worker 19 step 22: random_rotation — no coordinate change (box rejection?)
Worker 19 step 23: random_rotation — no coordinate change (box rejection?)
Worker 19 step 24: correlated_displacement — no coordinate change (box rejection?)
Worker 19 step 25: random_rotation — no coordinate change (box rejection?)
Worker 19 step 26: correlated_displacement — no coordinate change (box rejection?)
Worker 19 step 27: random_displacement — no coordinate change (box rejection?)
Worker 4 step 0: ACCEPTED correlated_displacement E=-152.052593 Ha dipole=0.9860 D
Worker 19 step 28: small_principal_axis_rotation — no coordinate change (box rejection?)
Worker 19 step 29: random_displacement — no coordinate change (box rejection?)
Worker 19 step 30: random_displacement — no coordinate change (box rejection?)
Worker 19 step 31: random_rotation — no coordinate change (box rejection?)
Worker 19 step 32: random_displacement — no coordinate change (box rejection?)
Worker 19 step 33: local_twist — no coordinate change (box rejection?)
Worker 19 step 34: small_principal_axis_rotation — no coordinate change (box rejection?)
Worker 19 step 35: random_displacement — no coordinate change (box rejection?)
Worker 19 step 36: local_twist — no coordinate change (box rejection?)
Worker 19 step 37: small_principal_axis_rotation — no coordinate change (box rejection?)
Worker 19 step 38: random_displacement — no coordinate change (box rejection?)
Worker 19 step 39: random_displacement — no coordinate change (box rejection?)
Worker 19 step 40: small_principal_axis_rotation — no coordinate change (box rejection?)
Worker 19 step 41: random_rotation — no coordinate change (box rejection?)
Worker 19 step 42: random_displacement — no coordinate change (box rejection?)
Worker 19 step 43: local_twist — no coordinate change (box rejection?)
Worker 19 step 44: random_rotation — no coordinate change (box rejection?)
Worker 19 step 45: small_principal_axis_rotation — no coordinate change (box rejection?)
Worker 19 step 46: random_rotation — no coordinate change (box rejection?)
Worker 19 step 47: local_twist — no coordinate change (box rejection?)
Worker 19 step 48: random_displacement — no coordinate change (box rejection?)
Worker 19 step 49: correlated_displacement — no coordinate change (box rejection?)
Worker 19: DONE — 0/50 accepted (0.0%)
Worker 1 step 0: ACCEPTED random_displacement E=-152.053476 Ha dipole=1.4171 D
Worker 3 step 0: ACCEPTED local_twist E=-152.047346 Ha dipole=0.2731 D
Worker 2 step 0: ACCEPTED small_principal_axis_rotation E=-152.051074 Ha dipole=0.8066 D
Worker 0 step 0: ACCEPTED correlated_displacement E=-152.052771 Ha dipole=1.4073 D
Worker 5 step 1: ACCEPTED correlated_displacement E=-152.055757 Ha dipole=0.6480 D
Worker 11 step 1: ACCEPTED random_displacement E=-152.060789 Ha dipole=0.9948 D
Worker 10 step 6: local_twist — no coordinate change (box rejection?)
Worker 10 step 7: correlated_displacement — no coordinate change (box rejection?)
Worker 10 step 8: correlated_displacement — no coordinate change (box rejection?)
Worker 10 step 9: random_displacement — no coordinate change (box rejection?)
Worker 10 step 10: correlated_displacement — no coordinate change (box rejection?)
Worker 10 step 11: correlated_displacement — no coordinate change (box rejection?)
Worker 15 step 0: ACCEPTED random_displacement E=-152.057381 Ha dipole=0.8510 D
Worker 4 step 1: ACCEPTED correlated_displacement E=-152.052593 Ha dipole=0.9860 D
Worker 1 step 1: ACCEPTED random_displacement E=-152.053112 Ha dipole=1.4092 D
Worker 3 step 1: ACCEPTED random_rotation E=-152.048810 Ha dipole=0.1627 D
Worker 0 step 1: ACCEPTED local_twist E=-152.052858 Ha dipole=1.3656 D
Worker 10 step 13: random_displacement — no coordinate change (box rejection?)
Worker 10 step 14: local_twist — no coordinate change (box rejection?)
Worker 10 step 15: small_principal_axis_rotation — no coordinate change (box rejection?)
Worker 10 step 16: random_displacement — no coordinate change (box rejection?)
Worker 10 step 17: random_displacement — no coordinate change (box rejection?)
Worker 14 step 1: ACCEPTED random_displacement E=-152.044816 Ha dipole=0.7506 D
Worker 15 step 1: ACCEPTED small_principal_axis_rotation E=-152.057685 Ha dipole=0.6459 D
Worker 4 step 2: ACCEPTED correlated_displacement E=-152.052593 Ha dipole=0.9860 D
Worker 4 step 3: random_rotation — no coordinate change (box rejection?)
Worker 2 step 2: ACCEPTED local_twist E=-152.051089 Ha dipole=0.8338 D
Worker 1 step 2: ACCEPTED local_twist E=-152.053484 Ha dipole=1.3485 D
Worker 11 step 3: ACCEPTED random_rotation E=-152.061679 Ha dipole=0.7479 D
Worker 10 step 19: correlated_displacement — no coordinate change (box rejection?)
Worker 10 step 20: random_displacement — no coordinate change (box rejection?)
Worker 10 step 21: random_rotation — no coordinate change (box rejection?)
Worker 14 step 2: ACCEPTED small_principal_axis_rotation E=-152.044886 Ha dipole=0.6457 D
Worker 4 step 4: ACCEPTED random_rotation E=-152.052717 Ha dipole=0.9271 D
Worker 2 step 3: ACCEPTED random_displacement E=-152.051040 Ha dipole=0.8334 D
Worker 2 step 4: random_displacement — no coordinate change (box rejection?)
Worker 1 step 3: ACCEPTED random_displacement E=-152.053455 Ha dipole=1.3435 D
Worker 0 step 3: ACCEPTED random_displacement E=-152.053097 Ha dipole=1.3697 D
Worker 0 step 4: random_displacement — no coordinate change (box rejection?)
Worker 5 step 4: ACCEPTED correlated_displacement E=-152.055757 Ha dipole=0.6480 D
Worker 10 step 23: correlated_displacement — no coordinate change (box rejection?)
Worker 10 step 24: local_twist — no coordinate change (box rejection?)
Worker 10 step 25: random_rotation — no coordinate change (box rejection?)
Worker 10 step 26: local_twist — no coordinate change (box rejection?)
Worker 10 step 27: small_principal_axis_rotation — no coordinate change (box rejection?)
Worker 10 step 28: random_displacement — no coordinate change (box rejection?)
Worker 10 step 29: random_displacement — no coordinate change (box rejection?)
Worker 10 step 30: small_principal_axis_rotation — no coordinate change (box rejection?)
Worker 10 step 31: random_displacement — no coordinate change (box rejection?)
Worker 10 step 32: random_rotation — no coordinate change (box rejection?)
Worker 14 step 3: ACCEPTED correlated_displacement E=-152.044886 Ha dipole=0.6457 D
Worker 15 step 3: ACCEPTED small_principal_axis_rotation E=-152.057651 Ha dipole=0.6594 D
Worker 4 step 5: ACCEPTED random_rotation E=-152.052824 Ha dipole=0.6526 D
Worker 0 step 5: ACCEPTED small_principal_axis_rotation E=-152.053168 Ha dipole=1.3706 D
Worker 2 step 5: ACCEPTED correlated_displacement E=-152.051040 Ha dipole=0.8334 D
Worker 1 step 4: ACCEPTED small_principal_axis_rotation E=-152.054205 Ha dipole=1.3622 D
Worker 5 step 5: ACCEPTED random_rotation E=-152.057788 Ha dipole=0.5760 D
Worker 10 step 33: ACCEPTED random_rotation E=-152.060318 Ha dipole=1.4893 D
Worker 14 step 4: ACCEPTED local_twist E=-152.045154 Ha dipole=0.7508 D
Worker 4 step 6: ACCEPTED random_displacement E=-152.052996 Ha dipole=0.6519 D
Worker 0 step 6: ACCEPTED random_rotation E=-152.053145 Ha dipole=1.4142 D
Worker 2 step 6: ACCEPTED random_displacement E=-152.050503 Ha dipole=0.8313 D
Worker 1 step 5: ACCEPTED random_rotation E=-152.056979 Ha dipole=1.0818 D
Worker 5 step 6: ACCEPTED random_displacement E=-152.058120 Ha dipole=0.5743 D
Worker 11 step 6: ACCEPTED correlated_displacement E=-152.061679 Ha dipole=0.7479 D
Worker 10 step 34: ACCEPTED local_twist E=-152.060238 Ha dipole=1.5000 D
Worker 14 step 5: ACCEPTED random_displacement E=-152.046066 Ha dipole=0.7484 D
Worker 4 step 7: ACCEPTED random_displacement E=-152.052979 Ha dipole=0.6525 D
Worker 0 step 7: ACCEPTED random_displacement E=-152.053611 Ha dipole=1.4199 D
Worker 2 step 7: ACCEPTED local_twist E=-152.050495 Ha dipole=0.8239 D
Worker 3 step 6: ACCEPTED correlated_displacement E=-152.048810 Ha dipole=0.1627 D
Worker 1 step 6: ACCEPTED small_principal_axis_rotation E=-152.058137 Ha dipole=0.9887 D
Worker 5 step 7: ACCEPTED local_twist E=-152.058139 Ha dipole=0.5693 D
Worker 11 step 7: ACCEPTED random_displacement E=-152.061682 Ha dipole=0.7479 D
Worker 10 step 35: ACCEPTED random_displacement E=-152.060636 Ha dipole=1.4948 D
Worker 10 step 36: random_displacement — no coordinate change (box rejection?)
Worker 14 step 6: ACCEPTED local_twist E=-152.046013 Ha dipole=0.7051 D
Worker 15 step 6: ACCEPTED local_twist E=-152.057565 Ha dipole=0.6830 D
Worker 4 step 8: ACCEPTED correlated_displacement E=-152.052979 Ha dipole=0.6525 D
Worker 0 step 8: ACCEPTED small_principal_axis_rotation E=-152.053453 Ha dipole=1.4082 D
Worker 2 step 8: ACCEPTED correlated_displacement E=-152.050495 Ha dipole=0.8239 D
Worker 3 step 7: ACCEPTED correlated_displacement E=-152.048810 Ha dipole=0.1627 D
Worker 1 step 7: ACCEPTED small_principal_axis_rotation E=-152.057950 Ha dipole=1.0041 D
Worker 5 step 8: ACCEPTED local_twist E=-152.057807 Ha dipole=0.6487 D
Worker 11 step 8: ACCEPTED correlated_displacement E=-152.061682 Ha dipole=0.7479 D
Worker 15 step 7: ACCEPTED correlated_displacement E=-152.057565 Ha dipole=0.6830 D
Worker 4 step 9: ACCEPTED correlated_displacement E=-152.052979 Ha dipole=0.6525 D
Worker 4: 10/50 — accepted=9, rate=90.0%
Worker 0 step 9: ACCEPTED random_displacement E=-152.053211 Ha dipole=1.4052 D
Worker 0: 10/50 — accepted=8, rate=80.0%
Worker 2 step 9: ACCEPTED correlated_displacement E=-152.050495 Ha dipole=0.8239 D
Worker 2: 10/50 — accepted=8, rate=80.0%
Worker 3 step 8: ACCEPTED local_twist E=-152.048785 Ha dipole=0.1495 D
Worker 1 step 8: ACCEPTED random_rotation E=-152.059911 Ha dipole=1.1039 D
Worker 5 step 9: ACCEPTED small_principal_axis_rotation E=-152.059105 Ha dipole=0.5367 D
Worker 5: 10/50 — accepted=7, rate=70.0%
Worker 11 step 9: ACCEPTED small_principal_axis_rotation E=-152.061222 Ha dipole=0.8470 D
Worker 11: 10/50 — accepted=6, rate=60.0%
Worker 10 step 38: ACCEPTED correlated_displacement E=-152.060636 Ha dipole=1.4948 D
Worker 10 step 39: correlated_displacement — no coordinate change (box rejection?)
Worker 0 step 10: ACCEPTED random_displacement E=-152.053089 Ha dipole=1.4037 D
Worker 2 step 10: ACCEPTED local_twist E=-152.050484 Ha dipole=0.8081 D
Worker 3 step 9: ACCEPTED local_twist E=-152.048807 Ha dipole=0.1782 D
Worker 3: 10/50 — accepted=6, rate=60.0%
Worker 1 step 9: ACCEPTED random_rotation E=-152.060754 Ha dipole=0.8546 D
Worker 1: 10/50 — accepted=10, rate=100.0%
Worker 5 step 10: ACCEPTED random_rotation E=-152.060438 Ha dipole=0.5397 D
Worker 11 step 10: ACCEPTED correlated_displacement E=-152.061222 Ha dipole=0.8470 D
Worker 14: 10/50 — accepted=6, rate=60.0%
Worker 15 step 9: ACCEPTED correlated_displacement E=-152.057565 Ha dipole=0.6830 D
Worker 15: 10/50 — accepted=6, rate=60.0%
Worker 4 step 11: ACCEPTED random_displacement E=-152.052978 Ha dipole=0.6523 D
Worker 2 step 11: ACCEPTED small_principal_axis_rotation E=-152.050990 Ha dipole=0.7005 D
Worker 0 step 11: ACCEPTED local_twist E=-152.053086 Ha dipole=1.4021 D
Worker 1 step 10: ACCEPTED small_principal_axis_rotation E=-152.060806 Ha dipole=0.9541 D
Worker 11 step 12: random_displacement — no coordinate change (box rejection?)
Worker 4 step 12: ACCEPTED local_twist E=-152.053089 Ha dipole=0.6195 D
Worker 15 step 10: ACCEPTED random_displacement E=-152.057497 Ha dipole=0.6722 D
Worker 0 step 12: ACCEPTED small_principal_axis_rotation E=-152.053254 Ha dipole=1.4179 D
Worker 3 step 11: ACCEPTED correlated_displacement E=-152.048807 Ha dipole=0.1782 D
Worker 2 step 12: ACCEPTED random_displacement E=-152.052186 Ha dipole=0.7061 D
Worker 1 step 11: ACCEPTED random_rotation E=-152.060608 Ha dipole=1.0053 D
Worker 11 step 13: ACCEPTED random_rotation E=-152.061155 Ha dipole=0.8484 D
Worker 10 step 42: ACCEPTED random_rotation E=-152.060383 Ha dipole=1.4635 D
Worker 10 step 43: correlated_displacement — no coordinate change (box rejection?)
Worker 10 step 44: random_displacement — no coordinate change (box rejection?)
Worker 4 step 13: ACCEPTED random_displacement E=-152.053121 Ha dipole=0.6202 D
Worker 15 step 11: ACCEPTED random_rotation E=-152.057435 Ha dipole=0.5955 D
Worker 0 step 13: ACCEPTED random_rotation E=-152.053787 Ha dipole=1.4986 D
Worker 3 step 12: ACCEPTED correlated_displacement E=-152.048807 Ha dipole=0.1782 D
Worker 2 step 13: ACCEPTED local_twist E=-152.052194 Ha dipole=0.7229 D
Worker 1 step 12: ACCEPTED small_principal_axis_rotation E=-152.060582 Ha dipole=1.0016 D
Worker 5 step 13: ACCEPTED correlated_displacement E=-152.060438 Ha dipole=0.5397 D
Worker 11 step 14: ACCEPTED local_twist E=-152.061118 Ha dipole=0.8568 D
Worker 14 step 12: ACCEPTED correlated_displacement E=-152.046013 Ha dipole=0.7051 D
Worker 10 step 45: ACCEPTED random_displacement E=-152.060629 Ha dipole=1.4475 D
Worker 4 step 14: ACCEPTED small_principal_axis_rotation E=-152.053102 Ha dipole=0.6194 D
Worker 3 step 13: ACCEPTED random_displacement E=-152.051362 Ha dipole=0.1783 D
Worker 2 step 14: ACCEPTED random_displacement E=-152.051478 Ha dipole=0.7204 D
Worker 1 step 13: ACCEPTED correlated_displacement E=-152.060582 Ha dipole=1.0016 D
Worker 5 step 14: ACCEPTED random_rotation E=-152.060354 Ha dipole=0.5889 D
Worker 11 step 15: ACCEPTED random_rotation E=-152.061094 Ha dipole=0.7673 D
Worker 14 step 13: ACCEPTED random_displacement E=-152.046692 Ha dipole=0.7036 D
Worker 4 step 15: ACCEPTED local_twist E=-152.053199 Ha dipole=0.6009 D
Worker 3 step 14: ACCEPTED small_principal_axis_rotation E=-152.051203 Ha dipole=0.3009 D
Worker 0 step 15: ACCEPTED random_displacement E=-152.053691 Ha dipole=1.4973 D
Worker 2 step 15: ACCEPTED local_twist E=-152.051478 Ha dipole=0.7233 D
Worker 1 step 14: ACCEPTED random_displacement E=-152.060929 Ha dipole=1.0028 D
Worker 5 step 15: ACCEPTED random_displacement E=-152.060374 Ha dipole=0.5884 D
Worker 11 step 16: ACCEPTED correlated_displacement E=-152.061094 Ha dipole=0.7673 D
Worker 10 step 47: ACCEPTED random_displacement E=-152.060685 Ha dipole=1.4419 D
Worker 4 step 16: ACCEPTED random_displacement E=-152.053408 Ha dipole=0.6006 D
Worker 15 step 14: ACCEPTED random_displacement E=-152.058624 Ha dipole=0.5908 D
Worker 0 step 16: ACCEPTED random_displacement E=-152.053766 Ha dipole=1.4988 D
Worker 3 step 15: ACCEPTED small_principal_axis_rotation E=-152.051116 Ha dipole=0.3008 D
Worker 2 step 16: ACCEPTED random_rotation E=-152.051322 Ha dipole=0.7897 D
Worker 14 step 15: ACCEPTED local_twist E=-152.046298 Ha dipole=0.6058 D
Worker 10 step 48: ACCEPTED random_displacement E=-152.060407 Ha dipole=1.4301 D
Worker 4 step 17: ACCEPTED local_twist E=-152.053452 Ha dipole=0.5947 D
Worker 15 step 15: ACCEPTED random_rotation E=-152.058956 Ha dipole=0.7083 D
Worker 0 step 17: ACCEPTED correlated_displacement E=-152.053766 Ha dipole=1.4988 D
Worker 3 step 16: ACCEPTED correlated_displacement E=-152.051116 Ha dipole=0.3008 D
Worker 2 step 17: ACCEPTED small_principal_axis_rotation E=-152.051365 Ha dipole=0.7895 D
Worker 1 step 16: ACCEPTED small_principal_axis_rotation E=-152.061061 Ha dipole=1.0142 D
Worker 5 step 17: ACCEPTED small_principal_axis_rotation E=-152.060349 Ha dipole=0.5875 D
Worker 14 step 16: ACCEPTED small_principal_axis_rotation E=-152.046367 Ha dipole=0.6863 D
Worker 10: 50/50 — accepted=8, rate=16.0%
Worker 10: DONE — 8/50 accepted (16.0%)
Worker 4 step 18: ACCEPTED random_displacement E=-152.053581 Ha dipole=0.5947 D
Worker 0 step 18: ACCEPTED local_twist E=-152.053793 Ha dipole=1.5209 D
Worker 3 step 17: ACCEPTED random_displacement E=-152.051086 Ha dipole=0.3008 D
Worker 5 step 18: ACCEPTED random_displacement E=-152.060366 Ha dipole=0.5877 D
Worker 11 step 19: ACCEPTED local_twist E=-152.061193 Ha dipole=0.7432 D
Worker 11: 20/50 — accepted=12, rate=60.0%
Worker 11 step 20: random_displacement — no coordinate change (box rejection?)
Worker 14 step 17: ACCEPTED random_displacement E=-152.052918 Ha dipole=0.6708 D
Worker 4 step 19: ACCEPTED random_displacement E=-152.053347 Ha dipole=0.5932 D
Worker 4: 20/50 — accepted=18, rate=90.0%
Worker 15 step 17: ACCEPTED random_displacement E=-152.059083 Ha dipole=0.6792 D
Worker 0 step 19: ACCEPTED local_twist E=-152.053801 Ha dipole=1.5242 D
Worker 0: 20/50 — accepted=17, rate=85.0%
Worker 3 step 18: ACCEPTED small_principal_axis_rotation E=-152.051481 Ha dipole=0.3044 D
Worker 2 step 19: ACCEPTED correlated_displacement E=-152.051365 Ha dipole=0.7895 D
Worker 2: 20/50 — accepted=17, rate=85.0%
Worker 5: 20/50 — accepted=13, rate=65.0%
Worker 4 step 20: ACCEPTED small_principal_axis_rotation E=-152.053469 Ha dipole=0.5954 D
Worker 0 step 20: ACCEPTED random_rotation E=-152.053510 Ha dipole=1.5588 D
Worker 15 step 18: ACCEPTED correlated_displacement E=-152.059083 Ha dipole=0.6792 D
Worker 3 step 19: ACCEPTED small_principal_axis_rotation E=-152.052174 Ha dipole=0.3083 D
Worker 3: 20/50 — accepted=15, rate=75.0%
Worker 1: 20/50 — accepted=16, rate=80.0%
Worker 14 step 19: ACCEPTED random_rotation E=-152.053711 Ha dipole=0.5454 D
Worker 14: 20/50 — accepted=12, rate=60.0%
Worker 4 step 21: ACCEPTED random_rotation E=-152.053541 Ha dipole=0.5535 D
Worker 0 step 21: ACCEPTED small_principal_axis_rotation E=-152.053426 Ha dipole=1.5681 D
Worker 15 step 19: ACCEPTED random_displacement E=-152.059387 Ha dipole=0.6611 D
Worker 15: 20/50 — accepted=13, rate=65.0%
Worker 2 step 21: ACCEPTED small_principal_axis_rotation E=-152.052064 Ha dipole=0.8612 D
Worker 1 step 20: ACCEPTED local_twist E=-152.061025 Ha dipole=0.9559 D
Worker 5 step 21: ACCEPTED random_displacement E=-152.060344 Ha dipole=0.5805 D
Worker 11 step 23: ACCEPTED random_displacement E=-152.061062 Ha dipole=0.7411 D
Worker 4 step 22: ACCEPTED small_principal_axis_rotation E=-152.053453 Ha dipole=0.5368 D
Worker 0 step 22: ACCEPTED random_displacement E=-152.053443 Ha dipole=1.5675 D
Worker 15 step 20: ACCEPTED local_twist E=-152.059387 Ha dipole=0.6659 D
Worker 3 step 21: ACCEPTED local_twist E=-152.052149 Ha dipole=0.3376 D
Worker 2 step 22: ACCEPTED random_displacement E=-152.052670 Ha dipole=0.8629 D
Worker 5 step 22: ACCEPTED random_displacement E=-152.060538 Ha dipole=0.5855 D
Worker 11 step 24: ACCEPTED random_displacement E=-152.060959 Ha dipole=0.7438 D
Worker 14 step 21: ACCEPTED local_twist E=-152.053844 Ha dipole=0.5882 D
Worker 0 step 23: ACCEPTED random_displacement E=-152.053458 Ha dipole=1.5678 D
Worker 15 step 21: ACCEPTED local_twist E=-152.059366 Ha dipole=0.6753 D
Worker 3 step 22: ACCEPTED local_twist E=-152.052193 Ha dipole=0.2749 D
Worker 2 step 23: ACCEPTED random_displacement E=-152.052689 Ha dipole=0.8630 D
Worker 5 step 23: ACCEPTED random_displacement E=-152.060622 Ha dipole=0.5876 D
Worker 11 step 25: ACCEPTED local_twist E=-152.060418 Ha dipole=0.8773 D
Worker 4 step 24: ACCEPTED small_principal_axis_rotation E=-152.053558 Ha dipole=0.4907 D
Worker 14 step 22: ACCEPTED random_rotation E=-152.053971 Ha dipole=0.7136 D
Worker 0 step 24: ACCEPTED random_rotation E=-152.054573 Ha dipole=1.5654 D
Worker 15 step 22: ACCEPTED random_rotation E=-152.059344 Ha dipole=0.6753 D
Worker 3 step 23: ACCEPTED random_displacement E=-152.053449 Ha dipole=0.2778 D
Worker 2 step 24: ACCEPTED local_twist E=-152.052682 Ha dipole=0.8651 D
Worker 1 step 23: ACCEPTED random_rotation E=-152.061024 Ha dipole=0.9376 D
Worker 4 step 25: ACCEPTED random_displacement E=-152.053559 Ha dipole=0.4906 D
Worker 0 step 25: ACCEPTED small_principal_axis_rotation E=-152.053851 Ha dipole=1.4933 D
Worker 3 step 24: ACCEPTED random_displacement E=-152.055003 Ha dipole=0.2792 D
Worker 2 step 25: ACCEPTED random_displacement E=-152.052726 Ha dipole=0.8653 D
Worker 1 step 24: ACCEPTED random_displacement E=-152.060268 Ha dipole=0.9294 D
Worker 5 step 25: ACCEPTED random_displacement E=-152.060391 Ha dipole=0.5888 D
Worker 4 step 26: ACCEPTED random_rotation E=-152.054173 Ha dipole=0.6200 D
Worker 14 step 24: ACCEPTED local_twist E=-152.054049 Ha dipole=0.6821 D
Worker 0 step 26: ACCEPTED random_rotation E=-152.053630 Ha dipole=1.4975 D
Worker 3 step 25: ACCEPTED correlated_displacement E=-152.055003 Ha dipole=0.2792 D
Worker 2 step 26: ACCEPTED correlated_displacement E=-152.052726 Ha dipole=0.8653 D
Worker 1 step 25: ACCEPTED small_principal_axis_rotation E=-152.060131 Ha dipole=0.7518 D
Worker 5 step 26: ACCEPTED random_rotation E=-152.060993 Ha dipole=0.3582 D
Worker 4 step 27: ACCEPTED random_displacement E=-152.054261 Ha dipole=0.6208 D
Worker 11 step 29: random_rotation — no coordinate change (box rejection?)
Worker 11 step 30: correlated_displacement — no coordinate change (box rejection?)
Worker 14 step 25: ACCEPTED local_twist E=-152.053799 Ha dipole=0.7629 D
Worker 15 step 25: ACCEPTED correlated_displacement E=-152.059344 Ha dipole=0.6753 D
Worker 3 step 26: ACCEPTED random_displacement E=-152.055338 Ha dipole=0.2797 D
Worker 2 step 27: ACCEPTED random_rotation E=-152.055349 Ha dipole=1.0858 D
Worker 1 step 26: ACCEPTED local_twist E=-152.060116 Ha dipole=0.6771 D
Worker 5 step 27: ACCEPTED random_displacement E=-152.061268 Ha dipole=0.3588 D
Worker 4 step 28: ACCEPTED random_rotation E=-152.053812 Ha dipole=0.7685 D
Worker 11 step 31: ACCEPTED small_principal_axis_rotation E=-152.060544 Ha dipole=0.8552 D
Worker 14 step 26: ACCEPTED local_twist E=-152.054136 Ha dipole=0.6117 D
Worker 0 step 28: ACCEPTED random_displacement E=-152.053645 Ha dipole=1.4978 D
Worker 15 step 26: ACCEPTED random_displacement E=-152.059491 Ha dipole=0.6521 D
Worker 3 step 27: ACCEPTED random_displacement E=-152.055389 Ha dipole=0.2798 D
Worker 1 step 27: ACCEPTED small_principal_axis_rotation E=-152.059466 Ha dipole=0.6464 D
Worker 5 step 28: ACCEPTED random_displacement E=-152.061406 Ha dipole=0.3590 D
Worker 4 step 29: ACCEPTED small_principal_axis_rotation E=-152.053828 Ha dipole=0.7746 D
Worker 4: 30/50 — accepted=27, rate=90.0%
Worker 11 step 32: ACCEPTED random_displacement E=-152.060739 Ha dipole=0.8577 D
Worker 14 step 27: ACCEPTED local_twist E=-152.054138 Ha dipole=0.6046 D
Worker 0 step 29: ACCEPTED small_principal_axis_rotation E=-152.053659 Ha dipole=1.4979 D
Worker 0: 30/50 — accepted=26, rate=86.7%
Worker 2 step 29: ACCEPTED correlated_displacement E=-152.055349 Ha dipole=1.0858 D
Worker 2: 30/50 — accepted=25, rate=83.3%
Worker 1 step 28: ACCEPTED small_principal_axis_rotation E=-152.059845 Ha dipole=0.6413 D
Worker 5: 30/50 — accepted=20, rate=66.7%
Worker 4 step 30: ACCEPTED correlated_displacement E=-152.053828 Ha dipole=0.7746 D
Worker 14 step 28: ACCEPTED correlated_displacement E=-152.054138 Ha dipole=0.6046 D
Worker 0 step 30: ACCEPTED local_twist E=-152.053636 Ha dipole=1.4618 D
Worker 15 step 28: ACCEPTED correlated_displacement E=-152.059491 Ha dipole=0.6521 D
Worker 3 step 29: ACCEPTED correlated_displacement E=-152.055389 Ha dipole=0.2798 D
Worker 3: 30/50 — accepted=23, rate=76.7%
Worker 2 step 30: ACCEPTED small_principal_axis_rotation E=-152.055346 Ha dipole=1.0854 D
Worker 1 step 29: ACCEPTED local_twist E=-152.059852 Ha dipole=0.6326 D
Worker 1: 30/50 — accepted=24, rate=80.0%
Worker 5 step 30: ACCEPTED random_displacement E=-152.061522 Ha dipole=0.3603 D
Worker 4 step 31: ACCEPTED small_principal_axis_rotation E=-152.053811 Ha dipole=0.7682 D
Worker 14 step 29: ACCEPTED random_rotation E=-152.054172 Ha dipole=0.5764 D
Worker 14: 30/50 — accepted=20, rate=66.7%
Worker 0 step 31: ACCEPTED random_rotation E=-152.053831 Ha dipole=1.4602 D
Worker 0 step 32: correlated_displacement — no coordinate change (box rejection?)
Worker 3 step 30: ACCEPTED correlated_displacement E=-152.055389 Ha dipole=0.2798 D
Worker 15 step 29: ACCEPTED correlated_displacement E=-152.059491 Ha dipole=0.6521 D
Worker 15: 30/50 — accepted=20, rate=66.7%
Worker 2 step 31: ACCEPTED random_rotation E=-152.055365 Ha dipole=1.0825 D
Worker 1 step 30: ACCEPTED correlated_displacement E=-152.059852 Ha dipole=0.6326 D
Worker 5 step 31: ACCEPTED correlated_displacement E=-152.061522 Ha dipole=0.3603 D
Worker 4 step 32: ACCEPTED random_rotation E=-152.054033 Ha dipole=0.5771 D
Worker 14 step 30: ACCEPTED correlated_displacement E=-152.054172 Ha dipole=0.5764 D
Worker 0 step 33: ACCEPTED small_principal_axis_rotation E=-152.053823 Ha dipole=1.4594 D
Worker 3 step 31: ACCEPTED random_displacement E=-152.056251 Ha dipole=0.2821 D
Worker 2 step 32: ACCEPTED correlated_displacement E=-152.055365 Ha dipole=1.0825 D
Worker 4 step 33: ACCEPTED random_displacement E=-152.053857 Ha dipole=0.5758 D
Worker 14 step 31: ACCEPTED random_displacement E=-152.061031 Ha dipole=0.5738 D
Worker 0 step 34: ACCEPTED small_principal_axis_rotation E=-152.053571 Ha dipole=1.4791 D
Worker 3 step 32: ACCEPTED small_principal_axis_rotation E=-152.056189 Ha dipole=0.2822 D
Worker 2 step 33: ACCEPTED random_displacement E=-152.055443 Ha dipole=1.0830 D
Worker 4 step 34: ACCEPTED random_rotation E=-152.054210 Ha dipole=0.4198 D
Worker 14 step 32: ACCEPTED small_principal_axis_rotation E=-152.061082 Ha dipole=0.6400 D
Worker 0 step 35: ACCEPTED random_displacement E=-152.053944 Ha dipole=1.4823 D
Worker 11 step 37: ACCEPTED local_twist E=-152.060708 Ha dipole=0.8645 D
Worker 11 step 38: random_rotation — no coordinate change (box rejection?)
Worker 15 step 32: ACCEPTED random_rotation E=-152.060357 Ha dipole=0.7866 D
Worker 2 step 34: ACCEPTED small_principal_axis_rotation E=-152.055832 Ha dipole=1.0881 D
Worker 2 step 35: random_displacement — no coordinate change (box rejection?)
Worker 1 step 33: ACCEPTED correlated_displacement E=-152.059852 Ha dipole=0.6326 D
Worker 4 step 35: ACCEPTED random_displacement E=-152.054248 Ha dipole=0.4190 D
Worker 5 step 34: ACCEPTED random_rotation E=-152.061282 Ha dipole=0.3968 D
Worker 14 step 33: ACCEPTED random_rotation E=-152.060742 Ha dipole=0.7481 D
Worker 0 step 36: ACCEPTED random_displacement E=-152.053950 Ha dipole=1.4823 D
Worker 11: 40/50 — accepted=18, rate=45.0%
Worker 3 step 34: ACCEPTED correlated_displacement E=-152.056189 Ha dipole=0.2822 D
Worker 2 step 36: ACCEPTED local_twist E=-152.055849 Ha dipole=1.0845 D
Worker 1 step 34: ACCEPTED random_displacement E=-152.059350 Ha dipole=0.6281 D
Worker 4 step 36: ACCEPTED random_displacement E=-152.054418 Ha dipole=0.4199 D
Worker 14 step 34: ACCEPTED local_twist E=-152.060759 Ha dipole=0.8061 D
Worker 0 step 37: ACCEPTED local_twist E=-152.053888 Ha dipole=1.4256 D
Worker 11 step 40: ACCEPTED local_twist E=-152.060381 Ha dipole=0.9306 D
Worker 15 step 34: ACCEPTED correlated_displacement E=-152.060357 Ha dipole=0.7866 D
Worker 2 step 37: ACCEPTED small_principal_axis_rotation E=-152.056352 Ha dipole=0.9759 D
Worker 5 step 36: ACCEPTED local_twist E=-152.061027 Ha dipole=0.4486 D
Worker 5 step 37: random_displacement — no coordinate change (box rejection?)
Worker 14 step 35: ACCEPTED correlated_displacement E=-152.060759 Ha dipole=0.8061 D
Worker 14 step 36: random_displacement — no coordinate change (box rejection?)
Worker 15 step 35: ACCEPTED small_principal_axis_rotation E=-152.060385 Ha dipole=0.7756 D
Worker 3 step 36: ACCEPTED small_principal_axis_rotation E=-152.056079 Ha dipole=0.2826 D
Worker 2 step 38: ACCEPTED small_principal_axis_rotation E=-152.056507 Ha dipole=0.9988 D
Worker 1 step 36: ACCEPTED correlated_displacement E=-152.059350 Ha dipole=0.6281 D
Worker 4 step 38: ACCEPTED local_twist E=-152.054458 Ha dipole=0.3821 D
Worker 14 step 37: ACCEPTED random_displacement E=-152.060652 Ha dipole=0.8048 D
Worker 0 step 39: ACCEPTED small_principal_axis_rotation E=-152.054459 Ha dipole=1.4304 D
Worker 0: 40/50 — accepted=34, rate=85.0%
Worker 11 step 42: ACCEPTED correlated_displacement E=-152.060381 Ha dipole=0.9306 D
Worker 3 step 37: ACCEPTED random_displacement E=-152.056924 Ha dipole=0.2838 D
Worker 2 step 39: ACCEPTED local_twist E=-152.056543 Ha dipole=1.0029 D
Worker 2: 40/50 — accepted=34, rate=85.0%
Worker 2 step 40: random_displacement — no coordinate change (box rejection?)
Worker 2 step 41: random_displacement — no coordinate change (box rejection?)
Worker 1 step 37: ACCEPTED correlated_displacement E=-152.059350 Ha dipole=0.6281 D
Worker 4 step 39: ACCEPTED small_principal_axis_rotation E=-152.054452 Ha dipole=0.3895 D
Worker 4: 40/50 — accepted=36, rate=90.0%
Worker 5 step 39: ACCEPTED random_rotation E=-152.061911 Ha dipole=0.1932 D
Worker 5: 40/50 — accepted=25, rate=62.5%
Worker 11 step 43: ACCEPTED correlated_displacement E=-152.060381 Ha dipole=0.9306 D
Worker 15 step 37: ACCEPTED small_principal_axis_rotation E=-152.060457 Ha dipole=0.8149 D
Worker 3 step 38: ACCEPTED random_displacement E=-152.056415 Ha dipole=0.2824 D
Worker 2 step 42: ACCEPTED local_twist E=-152.056517 Ha dipole=0.9991 D
Worker 1 step 38: ACCEPTED small_principal_axis_rotation E=-152.059313 Ha dipole=0.5215 D
Worker 4 step 40: ACCEPTED random_rotation E=-152.054361 Ha dipole=0.3869 D
Worker 5 step 40: ACCEPTED random_displacement E=-152.061920 Ha dipole=0.1933 D
Worker 14 step 39: ACCEPTED small_principal_axis_rotation E=-152.060514 Ha dipole=0.8113 D
Worker 14: 40/50 — accepted=28, rate=70.0%
Worker 11 step 44: ACCEPTED small_principal_axis_rotation E=-152.060406 Ha dipole=0.8963 D
Worker 15 step 38: ACCEPTED small_principal_axis_rotation E=-152.060689 Ha dipole=0.7266 D
Worker 3 step 39: ACCEPTED random_rotation E=-152.056304 Ha dipole=0.2513 D
Worker 3: 40/50 — accepted=31, rate=77.5%
Worker 2 step 43: ACCEPTED random_rotation E=-152.056885 Ha dipole=0.9859 D
Worker 1 step 39: ACCEPTED small_principal_axis_rotation E=-152.059166 Ha dipole=0.4078 D
Worker 1: 40/50 — accepted=31, rate=77.5%
Worker 4 step 41: ACCEPTED local_twist E=-152.054269 Ha dipole=0.4701 D
Worker 0 step 42: ACCEPTED local_twist E=-152.054462 Ha dipole=1.3721 D
Worker 14 step 40: ACCEPTED correlated_displacement E=-152.060514 Ha dipole=0.8113 D
Worker 15: 40/50 — accepted=25, rate=62.5%
Worker 2 step 44: ACCEPTED random_displacement E=-152.057261 Ha dipole=0.9914 D
Worker 3 step 40: ACCEPTED small_principal_axis_rotation E=-152.056328 Ha dipole=0.2473 D
Worker 1 step 40: ACCEPTED random_displacement E=-152.058344 Ha dipole=0.4034 D
Worker 4 step 42: ACCEPTED small_principal_axis_rotation E=-152.054011 Ha dipole=0.4290 D
Worker 5 step 42: ACCEPTED correlated_displacement E=-152.061920 Ha dipole=0.1933 D
Worker 0 step 43: ACCEPTED local_twist E=-152.054462 Ha dipole=1.3706 D
Worker 14 step 41: ACCEPTED random_displacement E=-152.060881 Ha dipole=0.8034 D
Worker 0 step 44: correlated_displacement — no coordinate change (box rejection?)
Worker 11 step 46: ACCEPTED random_displacement E=-152.060507 Ha dipole=0.9006 D
Worker 15 step 40: ACCEPTED random_displacement E=-152.060671 Ha dipole=0.7251 D
Worker 2 step 45: ACCEPTED small_principal_axis_rotation E=-152.057259 Ha dipole=0.9914 D
Worker 3 step 41: ACCEPTED correlated_displacement E=-152.056328 Ha dipole=0.2473 D
Worker 1 step 41: ACCEPTED random_rotation E=-152.058185 Ha dipole=0.2816 D
Worker 4 step 43: ACCEPTED small_principal_axis_rotation E=-152.054251 Ha dipole=0.4309 D
Worker 5 step 43: ACCEPTED random_displacement E=-152.061836 Ha dipole=0.1933 D
Worker 0 step 46: random_displacement — no coordinate change (box rejection?)
Worker 15 step 41: ACCEPTED random_displacement E=-152.060453 Ha dipole=0.7208 D
Worker 2 step 46: ACCEPTED correlated_displacement E=-152.057259 Ha dipole=0.9914 D
Worker 3 step 42: ACCEPTED correlated_displacement E=-152.056328 Ha dipole=0.2473 D
Worker 1 step 42: ACCEPTED random_displacement E=-152.059195 Ha dipole=0.2821 D
Worker 4 step 44: ACCEPTED local_twist E=-152.054300 Ha dipole=0.3410 D
Worker 0 step 47: ACCEPTED random_displacement E=-152.054444 Ha dipole=1.3701 D
Worker 14 step 43: ACCEPTED correlated_displacement E=-152.060881 Ha dipole=0.8034 D
Worker 15 step 42: ACCEPTED local_twist E=-152.060536 Ha dipole=0.7133 D
Worker 2 step 47: ACCEPTED small_principal_axis_rotation E=-152.057261 Ha dipole=0.9915 D
Worker 2 step 48: local_twist — no coordinate change (box rejection?)
Worker 2 step 49: random_displacement — no coordinate change (box rejection?)
Worker 2: DONE — 40/50 accepted (80.0%)
Worker 4 step 45: ACCEPTED random_displacement E=-152.054560 Ha dipole=0.3414 D
Worker 5 step 45: ACCEPTED correlated_displacement E=-152.061836 Ha dipole=0.1933 D
Worker 0 step 48: ACCEPTED random_displacement E=-152.054463 Ha dipole=1.3693 D
Worker 14 step 44: ACCEPTED correlated_displacement E=-152.060881 Ha dipole=0.8034 D
Worker 11: 50/50 — accepted=23, rate=46.0%
Worker 11: DONE — 23/50 accepted (46.0%)
Worker 15 step 43: ACCEPTED random_displacement E=-152.060603 Ha dipole=0.7144 D
Worker 3 step 44: ACCEPTED small_principal_axis_rotation E=-152.056318 Ha dipole=0.2427 D
Worker 1 step 44: ACCEPTED local_twist E=-152.059123 Ha dipole=0.2018 D
Worker 4 step 46: ACCEPTED random_displacement E=-152.055109 Ha dipole=0.3425 D
Worker 5 step 46: ACCEPTED small_principal_axis_rotation E=-152.061895 Ha dipole=0.2249 D
Worker 0 step 49: ACCEPTED random_displacement E=-152.054562 Ha dipole=1.3717 D
Worker 0: 50/50 — accepted=39, rate=78.0%
Worker 14 step 45: ACCEPTED random_displacement E=-152.061450 Ha dipole=0.8075 D
Worker 0: DONE — 39/50 accepted (78.0%)
Worker 15 step 44: ACCEPTED random_rotation E=-152.060694 Ha dipole=0.6721 D
Worker 1 step 45: ACCEPTED small_principal_axis_rotation E=-152.059102 Ha dipole=0.1798 D
Worker 3 step 45: ACCEPTED small_principal_axis_rotation E=-152.056752 Ha dipole=0.3356 D
Worker 4 step 47: ACCEPTED random_displacement E=-152.055203 Ha dipole=0.3420 D
Worker 5 step 47: ACCEPTED random_displacement E=-152.061739 Ha dipole=0.2217 D
Worker 15 step 45: ACCEPTED random_displacement E=-152.060725 Ha dipole=0.6719 D
Worker 1 step 46: ACCEPTED small_principal_axis_rotation E=-152.058849 Ha dipole=0.1627 D
Worker 3 step 46: ACCEPTED correlated_displacement E=-152.056752 Ha dipole=0.3356 D
Worker 4 step 48: ACCEPTED correlated_displacement E=-152.055203 Ha dipole=0.3420 D
Worker 5 step 48: ACCEPTED local_twist E=-152.061726 Ha dipole=0.2332 D
Worker 14 step 47: ACCEPTED local_twist E=-152.061449 Ha dipole=0.8089 D
Worker 1 step 47: ACCEPTED random_rotation E=-152.059162 Ha dipole=0.4715 D
Worker 4 step 49: ACCEPTED random_displacement E=-152.055195 Ha dipole=0.3428 D
Worker 4: 50/50 — accepted=46, rate=92.0%
Worker 4: DONE — 46/50 accepted (92.0%)
Worker 3 step 47: ACCEPTED random_displacement E=-152.056655 Ha dipole=0.3352 D
Worker 5 step 49: ACCEPTED random_displacement E=-152.061779 Ha dipole=0.2336 D
Worker 5: 50/50 — accepted=33, rate=66.0%
Worker 5: DONE — 33/50 accepted (66.0%)
Worker 14 step 48: ACCEPTED local_twist E=-152.061397 Ha dipole=0.7234 D
Worker 15 step 47: ACCEPTED small_principal_axis_rotation E=-152.060704 Ha dipole=0.6921 D
Worker 14 step 49: ACCEPTED correlated_displacement E=-152.061397 Ha dipole=0.7234 D
Worker 14: 50/50 — accepted=36, rate=72.0%
Worker 14: DONE — 36/50 accepted (72.0%)
Worker 15 step 48: ACCEPTED random_displacement E=-152.060933 Ha dipole=0.6974 D
Worker 1 step 49: ACCEPTED correlated_displacement E=-152.059162 Ha dipole=0.4715 D
Worker 1: 50/50 — accepted=39, rate=78.0%
Worker 1: DONE — 39/50 accepted (78.0%)
Worker 3 step 49: ACCEPTED local_twist E=-152.056655 Ha dipole=0.3350 D
Worker 3: 50/50 — accepted=39, rate=78.0%
Worker 3: DONE — 39/50 accepted (78.0%)
Worker 15 step 49: ACCEPTED local_twist E=-152.060937 Ha dipole=0.6961 D
Worker 15: 50/50 — accepted=34, rate=68.0%
Worker 15: DONE — 34/50 accepted (68.0%)
